feature_x,feature_y,x_bin,y_bin,n_events,hit_rate,avg_mr_pts,x_min,x_max,x_median,y_min,y_max,y_median
distance_from_overnight_high,realized_volatility_30s,0,0,57,0.8947368421052632,3.3026315789473686,-87.5,-22.75,-31.0,0.00012216924765269847,0.00025291393940957493,0.00021606924069818444
distance_from_overnight_high,realized_volatility_30s,0,1,92,0.8586956521739131,5.043478260869565,-108.0,-22.5,-32.5,0.0002536136579809338,0.0003256267194381027,0.0002929368132400682
distance_from_overnight_high,realized_volatility_30s,0,2,128,0.8671875,5.5703125,-108.5,-22.5,-34.25,0.00032659300573947543,0.00040305014702593435,0.0003617284335042692
distance_from_overnight_high,realized_volatility_30s,0,3,141,0.9290780141843972,8.042553191489361,-108.5,-22.5,-33.0,0.0004041977860762967,0.0005210198622274172,0.00045920945217241006
distance_from_overnight_high,realized_volatility_30s,0,4,246,0.9552845528455285,15.350609756097562,-385.5,-22.75,-39.625,0.0005252648201307923,0.004670005244221021,0.000675361442809856
distance_from_overnight_high,realized_volatility_30s,1,0,120,0.7833333333333333,3.275,-22.5,-13.25,-17.5,0.00010831302474723443,0.0002527352355645067,0.00020808465925943256
distance_from_overnight_high,realized_volatility_30s,1,1,112,0.875,4.158482142857143,-22.25,-13.25,-16.75,0.00025395077887240783,0.00032552982335793307,0.0002952383644039666
distance_from_overnight_high,realized_volatility_30s,1,2,130,0.8846153846153846,4.957692307692308,-22.25,-13.0,-16.75,0.0003272873342644256,0.0004037320611896578,0.0003643290409302806
distance_from_overnight_high,realized_volatility_30s,1,3,136,0.8970588235294118,6.2224264705882355,-22.5,-13.25,-16.5,0.0004040989788314345,0.0005233819382986487,0.0004595121787642414
distance_from_overnight_high,realized_volatility_30s,1,4,165,0.9333333333333333,7.931818181818182,-22.5,-13.25,-17.0,0.0005282034128623014,0.0027644858921380385,0.0006411025669063799
distance_from_overnight_high,realized_volatility_30s,2,0,146,0.8356164383561644,3.2054794520547945,-13.0,-8.25,-10.5,9.470409099996172e-05,0.0002529485154585421,0.000213039033091957
distance_from_overnight_high,realized_volatility_30s,2,1,146,0.8972602739726028,3.7226027397260273,-13.0,-8.25,-10.5,0.00025349154330418496,0.0003261246157697346,0.00028910707516160517
distance_from_overnight_high,realized_volatility_30s,2,2,153,0.9019607843137255,4.901960784313726,-13.0,-8.25,-10.5,0.00032639544898233384,0.00040144981982451346,0.0003644536246674744
distance_from_overnight_high,realized_volatility_30s,2,3,139,0.8992805755395683,4.6996402877697845,-13.0,-8.25,-10.25,0.0004045567091415168,0.0005240826658308716,0.00044367857034085357
distance_from_overnight_high,realized_volatility_30s,2,4,79,0.9113924050632911,5.689873417721519,-13.0,-8.5,-10.75,0.0005243119185473627,0.0021592626039683366,0.0006131043158884315
distance_from_overnight_high,realized_volatility_30s,3,0,199,0.7437185929648241,2.398241206030151,-8.25,-3.0,-5.75,4.473772509409247e-05,0.00025216546303288904,0.00020571631947485742
distance_from_overnight_high,realized_volatility_30s,3,1,185,0.8540540540540541,3.210810810810811,-8.25,-3.0,-6.0,0.00025359173689547385,0.0003260247112580639,0.00028951852114851773
distance_from_overnight_high,realized_volatility_30s,3,2,124,0.8548387096774194,2.971774193548387,-8.25,-3.0,-6.25,0.0003264410684845112,0.0004039878160876134,0.0003565720057050995
distance_from_overnight_high,realized_volatility_30s,3,3,99,0.9393939393939394,4.295454545454546,-8.25,-3.0,-6.0,0.00040443761330318184,0.0005228861405343847,0.0004550798356118168
distance_from_overnight_high,realized_volatility_30s,3,4,56,0.9285714285714286,5.879464285714286,-8.25,-3.0,-5.75,0.0005264414910243603,0.0012916989164383653,0.0006230612572787759
distance_from_overnight_high,realized_volatility_30s,4,0,142,0.6619718309859155,2.23943661971831,-3.0,96.0,3.75,3.6622658442859016e-05,0.0002534035179803531,0.000202847264378503
distance_from_overnight_high,realized_volatility_30s,4,1,128,0.8046875,3.814453125,-2.75,90.5,8.625,0.00025366283857579353,0.0003261856479016487,0.0002918767851252006
distance_from_overnight_high,realized_volatility_30s,4,2,128,0.8125,4.39453125,-3.0,98.75,10.5,0.00032664518331003905,0.00040346375007550443,0.00036694381297637415
distance_from_overnight_high,realized_volatility_30s,4,3,148,0.9121621621621622,5.680743243243243,-3.0,112.5,10.0,0.0004040627138121511,0.0005236949804430049,0.00044149702783925033
distance_from_overnight_high,realized_volatility_30s,4,4,117,0.8717948717948718,6.230769230769231,-3.0,125.5,11.5,0.0005243958729952329,0.001872060243864998,0.0006350609620043483
distance_from_overnight_high,realized_vol_1m,0,0,53,0.8490566037735849,2.9056603773584904,-87.5,-22.75,-31.0,0.00019924964487649962,0.0003446555716215607,0.00029530461661184945
distance_from_overnight_high,realized_vol_1m,0,1,97,0.9072164948453608,5.662371134020619,-108.0,-22.5,-32.0,0.00034928913190269864,0.0004372194820043741,0.00040093162188500366
distance_from_overnight_high,realized_vol_1m,0,2,120,0.8333333333333334,5.491666666666666,-108.0,-22.5,-32.5,0.000439480189959431,0.0005338254794978439,0.0004808616051390782
distance_from_overnight_high,realized_vol_1m,0,3,141,0.950354609929078,8.157801418439716,-135.25,-22.5,-36.25,0.0005364260267121622,0.0006982859530871163,0.0006096180459001161
distance_from_overnight_high,realized_vol_1m,0,4,253,0.9486166007905138,14.873517786561266,-385.5,-22.75,-39.5,0.0007000290896403391,0.004933883649044672,0.0008921708896244808
distance_from_overnight_high,realized_vol_1m,1,0,123,0.7723577235772358,3.042682926829268,-22.5,-13.25,-17.25,0.00015733810303780214,0.0003465416547399369,0.00029374192885857695
distance_from_overnight_high,realized_vol_1m,1,1,99,0.8787878787878788,4.436868686868687,-22.25,-13.25,-17.0,0.0003472229115368708,0.00043772528680141023,0.00039219740632922087
distance_from_overnight_high,realized_vol_1m,1,2,140,0.8642857142857143,4.753571428571429,-22.5,-13.0,-16.625,0.0004390860011663749,0.0005344618336234467,0.0004893339524305797
distance_from_overnight_high,realized_vol_1m,1,3,139,0.9280575539568345,6.194244604316546,-22.25,-13.25,-16.5,0.0005366202892957582,0.0006984460427341361,0.0006013378175282879
distance_from_overnight_high,realized_vol_1m,1,4,162,0.9320987654320988,8.137345679012345,-22.5,-13.25,-17.0,0.0006989659184403743,0.002837478972101618,0.0008483159520894321
distance_from_overnight_high,realized_vol_1m,2,0,135,0.8296296296296296,3.0185185185185186,-13.0,-8.25,-10.5,0.00017716550931382464,0.00034676677571628296,0.00029513243926714315
distance_from_overnight_high,realized_vol_1m,2,1,162,0.8888888888888888,3.9799382716049383,-13.0,-8.25,-10.5,0.0003469407849636988,0.0004384413888296098,0.00039732164720810326
distance_from_overnight_high,realized_vol_1m,2,2,150,0.9066666666666666,4.701666666666667,-13.0,-8.25,-10.375,0.0004407783022649472,0.0005320322534798161,0.0004920956088069916
distance_from_overnight_high,realized_vol_1m,2,3,134,0.917910447761194,4.893656716417911,-13.0,-8.25,-10.5,0.0005355015267411752,0.0006974626367504423,0.0005989581593867028
distance_from_overnight_high,realized_vol_1m,2,4,82,0.8902439024390244,5.5,-13.0,-8.5,-10.625,0.000698680657659305,0.0026351089424448662,0.0008060090955707879
distance_from_overnight_high,realized_vol_1m,3,0,209,0.7655502392344498,2.4569377990430623,-8.25,-3.0,-5.75,4.473972664774299e-05,0.00034638822024192126,0.000286575310923342
distance_from_overnight_high,realized_vol_1m,3,1,180,0.8611111111111112,3.0625,-8.25,-3.0,-6.0,0.000347008943325392,0.00043883884252191653,0.0003895312932047652
distance_from_overnight_high,realized_vol_1m,3,2,121,0.8429752066115702,3.4132231404958677,-8.25,-3.0,-6.0,0.00043909304232927354,0.0005346692478929422,0.0004858844190519519
distance_from_overnight_high,realized_vol_1m,3,3,96,0.90625,4.046875,-8.25,-3.0,-6.25,0.0005353630369740652,0.0006961597217165676,0.0005900450526491589
distance_from_overnight_high,realized_vol_1m,3,4,57,0.9298245614035088,5.754385964912281,-8.25,-3.0,-6.0,0.0007004357893166586,0.00229868381047086,0.0008306102225496111
distance_from_overnight_high,realized_vol_1m,4,0,144,0.6666666666666666,2.2586805555555554,-3.0,96.0,3.75,5.179131191833218e-05,0.0003466147128388806,0.00028359126727058715
distance_from_overnight_high,realized_vol_1m,4,1,125,0.776,3.856,-3.0,98.75,8.75,0.00034726649164474807,0.0004390035425222551,0.0003964348479817764
distance_from_overnight_high,realized_vol_1m,4,2,132,0.8712121212121212,4.494318181818182,-2.75,107.0,9.125,0.0004395420258175577,0.0005337897235504285,0.00048748728199803906
distance_from_overnight_high,realized_vol_1m,4,3,153,0.8627450980392157,5.318627450980392,-3.0,112.5,12.75,0.0005363490442384584,0.0006965338337710958,0.0006042263221043428
distance_from_overnight_high,realized_vol_1m,4,4,109,0.8990825688073395,6.644495412844036,-3.0,125.5,10.25,0.0006992621155429212,0.001889941493276831,0.0008287018968897752
distance_from_overnight_high,depth_mid_ask,0,0,236,0.9491525423728814,15.18114406779661,-385.5,-22.5,-39.375,5.0,148.0,97.5
distance_from_overnight_high,depth_mid_ask,0,1,144,0.9097222222222222,7.741319444444445,-108.5,-22.25,-37.0,149.0,209.0,178.0
distance_from_overnight_high,depth_mid_ask,0,2,91,0.8901098901098901,6.648351648351649,-108.5,-22.5,-37.0,210.0,267.0,234.0
distance_from_overnight_high,depth_mid_ask,0,3,82,0.8658536585365854,4.283536585365853,-98.5,-22.25,-29.0,271.0,350.0,313.0
distance_from_overnight_high,depth_mid_ask,0,4,56,0.8928571428571429,3.3526785714285716,-94.75,-22.25,-30.5,352.0,1081.0,402.0
distance_from_overnight_high,depth_mid_ask,1,0,157,0.9171974522292994,7.132165605095541,-22.25,-13.0,-17.5,9.0,148.0,111.0
distance_from_overnight_high,depth_mid_ask,1,1,126,0.9047619047619048,5.992063492063492,-22.25,-13.0,-16.5,149.0,209.0,180.0
distance_from_overnight_high,depth_mid_ask,1,2,108,0.9074074074074074,5.641203703703703,-22.0,-13.0,-16.5,210.0,269.0,243.5
distance_from_overnight_high,depth_mid_ask,1,3,114,0.9035087719298246,4.550438596491228,-22.25,-13.0,-16.0,269.0,346.0,307.0
distance_from_overnight_high,depth_mid_ask,1,4,103,0.7961165048543689,3.1019417475728157,-22.0,-13.0,-17.0,351.0,882.0,432.0
distance_from_overnight_high,depth_mid_ask,2,0,76,0.9210526315789473,6.003289473684211,-13.0,-8.25,-11.0,42.0,148.0,127.0
distance_from_overnight_high,depth_mid_ask,2,1,130,0.9153846153846154,4.930769230769231,-13.0,-8.0,-10.5,149.0,209.0,183.5
distance_from_overnight_high,depth_mid_ask,2,2,152,0.9013157894736842,4.53125,-13.0,-8.0,-10.25,211.0,269.0,242.5
distance_from_overnight_high,depth_mid_ask,2,3,131,0.816793893129771,3.433206106870229,-13.0,-8.0,-10.25,269.0,351.0,307.0
distance_from_overnight_high,depth_mid_ask,2,4,120,0.85,3.035416666666667,-12.75,-8.0,-10.125,352.0,777.0,421.0
distance_from_overnight_high,depth_mid_ask,3,0,38,0.868421052631579,5.072368421052632,-8.0,-3.0,-5.75,24.0,149.0,121.0
distance_from_overnight_high,depth_mid_ask,3,1,83,0.8795180722891566,4.774096385542169,-8.0,-2.75,-6.75,149.0,208.0,185.0
distance_from_overnight_high,depth_mid_ask,3,2,129,0.9224806201550387,3.8468992248062017,-8.0,-2.75,-6.0,210.0,268.0,241.0
distance_from_overnight_high,depth_mid_ask,3,3,157,0.8407643312101911,3.050955414012739,-8.0,-2.75,-6.0,269.0,351.0,306.0
distance_from_overnight_high,depth_mid_ask,3,4,201,0.7661691542288557,2.1766169154228856,-7.75,-2.75,-5.5,353.0,873.0,418.0
distance_from_overnight_high,depth_mid_ask,4,0,102,0.7745098039215687,6.784313725490196,-2.75,125.5,10.75,19.0,149.0,118.5
distance_from_overnight_high,depth_mid_ask,4,1,125,0.864,5.378,-2.75,107.0,14.5,150.0,209.0,181.0
distance_from_overnight_high,depth_mid_ask,4,2,129,0.8062015503875969,4.253875968992248,-2.75,105.25,10.25,211.0,269.0,238.0
distance_from_overnight_high,depth_mid_ask,4,3,124,0.7661290322580645,3.401209677419355,-2.75,88.75,9.5,270.0,351.0,296.5
distance_from_overnight_high,depth_mid_ask,4,4,128,0.828125,2.73046875,-2.75,96.0,3.625,352.0,759.0,430.5
distance_from_overnight_high,depth_near_ask,0,0,234,0.9444444444444444,14.90491452991453,-385.5,-22.5,-39.625,3.0,126.0,79.0
distance_from_overnight_high,depth_near_ask,0,1,148,0.9256756756756757,7.984797297297297,-108.5,-22.25,-36.875,126.0,182.0,154.5
distance_from_overnight_high,depth_near_ask,0,2,90,0.8666666666666667,6.341666666666667,-135.25,-22.25,-35.0,183.0,236.0,212.0
distance_from_overnight_high,depth_near_ask,0,3,72,0.8888888888888888,4.420138888888889,-108.0,-22.5,-27.875,236.0,304.0,265.0
distance_from_overnight_high,depth_near_ask,0,4,65,0.8769230769230769,4.3538461538461535,-77.25,-22.25,-31.25,305.0,1305.0,353.0
distance_from_overnight_high,depth_near_ask,1,0,148,0.9256756756756757,7.45777027027027,-22.25,-13.25,-17.5,7.0,126.0,88.0
distance_from_overnight_high,depth_near_ask,1,1,137,0.9124087591240876,6.125912408759124,-22.25,-13.0,-16.25,126.0,182.0,154.0
distance_from_overnight_high,depth_near_ask,1,2,107,0.897196261682243,5.205607476635514,-22.0,-13.0,-16.25,182.0,234.0,204.0
distance_from_overnight_high,depth_near_ask,1,3,108,0.8703703703703703,4.275462962962963,-22.25,-13.0,-16.5,236.0,302.0,263.0
distance_from_overnight_high,depth_near_ask,1,4,108,0.8240740740740741,3.337962962962963,-22.0,-13.0,-16.875,306.0,732.0,373.5
distance_from_overnight_high,depth_near_ask,2,0,73,0.9178082191780822,5.8493150684931505,-13.0,-8.25,-11.0,4.0,126.0,103.0
distance_from_overnight_high,depth_near_ask,2,1,126,0.9365079365079365,4.974206349206349,-13.0,-8.0,-10.5,127.0,182.0,156.0
distance_from_overnight_high,depth_near_ask,2,2,139,0.8920863309352518,4.426258992805756,-13.0,-8.0,-10.0,183.0,236.0,211.0
distance_from_overnight_high,depth_near_ask,2,3,150,0.82,3.5866666666666664,-13.0,-8.0,-10.25,236.0,304.0,262.0
distance_from_overnight_high,depth_near_ask,2,4,121,0.8512396694214877,3.2479338842975207,-12.75,-8.0,-10.25,305.0,1227.0,364.0
distance_from_overnight_high,depth_near_ask,3,0,42,0.8333333333333334,5.303571428571429,-8.0,-3.0,-5.75,16.0,125.0,90.5
distance_from_overnight_high,depth_near_ask,3,1,82,0.9024390243902439,4.484756097560975,-8.0,-2.75,-6.5,126.0,182.0,163.0
distance_from_overnight_high,depth_near_ask,3,2,135,0.8962962962962963,3.6314814814814813,-8.0,-2.75,-6.0,183.0,236.0,213.0
distance_from_overnight_high,depth_near_ask,3,3,153,0.8431372549019608,3.161764705882353,-8.0,-2.75,-6.0,236.0,304.0,265.0
distance_from_overnight_high,depth_near_ask,3,4,196,0.7755102040816326,2.2308673469387754,-8.0,-2.75,-5.5,305.0,1117.0,373.0
distance_from_overnight_high,depth_near_ask,4,0,112,0.7946428571428571,6.658482142857143,-2.75,112.5,11.75,9.0,126.0,95.5
distance_from_overnight_high,depth_near_ask,4,1,115,0.8956521739130435,5.413043478260869,-2.75,125.5,13.75,126.0,181.0,158.0
distance_from_overnight_high,depth_near_ask,4,2,138,0.7898550724637681,4.15036231884058,-2.5,101.75,12.125,182.0,236.0,207.5
distance_from_overnight_high,depth_near_ask,4,3,125,0.8,3.536,-2.75,96.0,8.75,237.0,304.0,265.0
distance_from_overnight_high,depth_near_ask,4,4,118,0.7711864406779662,2.5529661016949152,-2.75,46.5,3.5,304.0,1170.0,369.0
distance_from_overnight_high,queue_imbalance_std_5s,0,0,63,0.8412698412698413,3.2222222222222223,-107.5,-22.5,-31.5,0.027094182321105994,0.07281921783715715,0.05743966391595429
distance_from_overnight_high,queue_imbalance_std_5s,0,1,69,0.9565217391304348,6.688405797101449,-108.0,-22.5,-35.25,0.07442821210817067,0.1043013349990166,0.09236312952728053
distance_from_overnight_high,queue_imbalance_std_5s,0,2,111,0.9009009009009009,6.335585585585585,-108.5,-22.25,-31.5,0.10473000381098435,0.14101159545086236,0.12500071901919937
distance_from_overnight_high,queue_imbalance_std_5s,0,3,150,0.8866666666666667,8.921666666666667,-107.75,-22.5,-38.0,0.14123088037919385,0.1950712922650231,0.16774611247309612
distance_from_overnight_high,queue_imbalance_std_5s,0,4,214,0.9532710280373832,14.644859813084112,-385.5,-22.5,-38.5,0.19692146441988426,0.5284150918131977,0.24878936348183822
distance_from_overnight_high,queue_imbalance_std_5s,1,0,101,0.7722772277227723,3.202970297029703,-22.25,-13.0,-17.5,0.005288752605819299,0.07297382304692308,0.0581472412351745
distance_from_overnight_high,queue_imbalance_std_5s,1,1,112,0.8660714285714286,4.392857142857143,-22.25,-13.0,-16.75,0.07341192675154985,0.1046050187815045,0.08912064736915372
distance_from_overnight_high,queue_imbalance_std_5s,1,2,148,0.9121621621621622,5.640202702702703,-22.25,-13.0,-16.0,0.10470354389480838,0.1412299423164569,0.1232451032872089
distance_from_overnight_high,queue_imbalance_std_5s,1,3,126,0.9206349206349206,6.565476190476191,-22.0,-13.0,-16.375,0.14162196656606316,0.1960569166842755,0.16580991305779708
distance_from_overnight_high,queue_imbalance_std_5s,1,4,120,0.9416666666666667,6.8875,-22.25,-13.0,-17.5,0.19645902788173655,0.49756515381649996,0.2489823994281919
distance_from_overnight_high,queue_imbalance_std_5s,2,0,142,0.8450704225352113,3.4735915492957745,-13.0,-8.0,-10.25,0.015292247671459442,0.07322447054940938,0.0555191530132284
distance_from_overnight_high,queue_imbalance_std_5s,2,1,141,0.8723404255319149,4.083333333333333,-13.0,-8.0,-10.0,0.07356368493699736,0.10456459424597356,0.08822075947962328
distance_from_overnight_high,queue_imbalance_std_5s,2,2,126,0.8968253968253969,4.087301587301587,-13.0,-8.0,-10.25,0.10484306756888032,0.1407968723047292,0.11979845414054513
distance_from_overnight_high,queue_imbalance_std_5s,2,3,108,0.8703703703703703,4.587962962962963,-13.0,-8.0,-10.5,0.141404676441697,0.19563992411360537,0.16250128165679362
distance_from_overnight_high,queue_imbalance_std_5s,2,4,90,0.9222222222222223,5.716666666666667,-13.0,-8.25,-10.5,0.19665347542249445,0.44194616071832665,0.2364530300936182
distance_from_overnight_high,queue_imbalance_std_5s,3,0,192,0.7239583333333334,2.3841145833333335,-8.0,-2.75,-5.75,0.0,0.07321975077728614,0.04896563714521705
distance_from_overnight_high,queue_imbalance_std_5s,3,1,164,0.8719512195121951,3.2484756097560976,-8.0,-2.75,-6.0,0.07343457428384424,0.10428293716068011,0.08824340550056908
distance_from_overnight_high,queue_imbalance_std_5s,3,2,100,0.88,3.3375,-8.0,-2.75,-5.75,0.10619932665993986,0.14052058879391824,0.12049866950472994
distance_from_overnight_high,queue_imbalance_std_5s,3,3,90,0.9222222222222223,4.322222222222222,-8.0,-2.75,-6.0,0.1414411386154494,0.19630514353918388,0.16995265742201726
distance_from_overnight_high,queue_imbalance_std_5s,3,4,61,0.9344262295081968,4.659836065573771,-8.0,-3.0,-5.5,0.19648723484482292,0.42462398532995094,0.2301046679248419
distance_from_overnight_high,queue_imbalance_std_5s,4,0,109,0.6880733944954128,2.371559633027523,-2.75,96.0,4.0,0.0,0.07327252604458291,0.05500551213552604
distance_from_overnight_high,queue_imbalance_std_5s,4,1,121,0.8760330578512396,3.940082644628099,-2.75,109.0,10.25,0.07335128700889335,0.10455608551752815,0.08821179761110493
distance_from_overnight_high,queue_imbalance_std_5s,4,2,122,0.8114754098360656,4.346311475409836,-2.75,109.5,11.125,0.10478100983353891,0.14116085016291519,0.12307970206541975
distance_from_overnight_high,queue_imbalance_std_5s,4,3,133,0.8421052631578947,4.7481203007518795,-2.75,112.5,10.25,0.14129230029401893,0.19632751519693178,0.16418945391947953
distance_from_overnight_high,queue_imbalance_std_5s,4,4,121,0.8264462809917356,6.4958677685950414,-2.75,125.5,11.5,0.1973957511170683,0.4217738802571532,0.23279485363173655
distance_from_overnight_high,cancel_rate_ask,0,0,55,0.8545454545454545,3.4272727272727272,-87.5,-22.25,-31.25,0.0,1.2,0.6
distance_from_overnight_high,cancel_rate_ask,0,1,100,0.89,5.3775,-108.0,-22.75,-32.875,1.2,2.4,1.6
distance_from_overnight_high,cancel_rate_ask,0,2,93,0.9032258064516129,5.524193548387097,-106.25,-22.25,-32.5,2.4,3.8,3.0
distance_from_overnight_high,cancel_rate_ask,0,3,134,0.917910447761194,8.167910447761194,-108.5,-22.5,-32.5,4.0,6.8,5.2
distance_from_overnight_high,cancel_rate_ask,0,4,226,0.9424778761061947,15.513274336283185,-385.5,-22.5,-41.125,6.8,222.2,11.7
distance_from_overnight_high,cancel_rate_ask,1,0,102,0.7843137254901961,3.0833333333333335,-22.25,-13.0,-17.625,0.0,1.2,0.6
distance_from_overnight_high,cancel_rate_ask,1,1,108,0.9074074074074074,4.381944444444445,-22.0,-13.0,-16.5,1.2,2.2,1.6
distance_from_overnight_high,cancel_rate_ask,1,2,126,0.873015873015873,4.787698412698413,-22.25,-13.0,-16.0,2.4,4.0,3.2
distance_from_overnight_high,cancel_rate_ask,1,3,137,0.9124087591240876,6.178832116788321,-22.25,-13.0,-16.5,4.0,6.8,5.0
distance_from_overnight_high,cancel_rate_ask,1,4,134,0.9477611940298507,8.041044776119403,-22.25,-13.0,-17.5,7.0,62.4,10.8
distance_from_overnight_high,cancel_rate_ask,2,0,138,0.8333333333333334,2.994565217391304,-13.0,-8.0,-10.5,0.0,1.2,0.6
distance_from_overnight_high,cancel_rate_ask,2,1,135,0.8962962962962963,4.031481481481482,-13.0,-8.0,-10.25,1.2,2.4,1.6
distance_from_overnight_high,cancel_rate_ask,2,2,136,0.8602941176470589,4.209558823529412,-13.0,-8.0,-10.25,2.4,4.0,3.2
distance_from_overnight_high,cancel_rate_ask,2,3,129,0.9069767441860465,5.255813953488372,-13.0,-8.0,-10.25,4.0,6.8,5.0
distance_from_overnight_high,cancel_rate_ask,2,4,68,0.9117647058823529,5.507352941176471,-13.0,-8.25,-10.125,7.2,35.4,10.3
distance_from_overnight_high,cancel_rate_ask,3,0,204,0.75,2.2904411764705883,-8.0,-2.75,-5.75,0.0,1.2,0.6
distance_from_overnight_high,cancel_rate_ask,3,1,141,0.8439716312056738,3.1595744680851063,-8.0,-2.75,-6.0,1.2,2.2,1.6
distance_from_overnight_high,cancel_rate_ask,3,2,115,0.8869565217391304,3.123913043478261,-8.0,-2.75,-6.0,2.4,4.0,3.0
distance_from_overnight_high,cancel_rate_ask,3,3,97,0.9278350515463918,4.206185567010309,-8.0,-2.75,-6.0,4.0,6.8,4.6
distance_from_overnight_high,cancel_rate_ask,3,4,51,0.9215686274509803,6.264705882352941,-8.0,-3.0,-6.0,6.8,25.4,12.6
distance_from_overnight_high,cancel_rate_ask,4,0,109,0.6788990825688074,2.4128440366972477,-2.75,96.0,3.75,0.0,1.2,0.4
distance_from_overnight_high,cancel_rate_ask,4,1,123,0.8292682926829268,3.1686991869918697,-2.75,90.25,7.75,1.2,2.4,1.8
distance_from_overnight_high,cancel_rate_ask,4,2,136,0.7720588235294118,3.7113970588235294,-2.75,93.5,9.125,2.4,4.0,3.2
distance_from_overnight_high,cancel_rate_ask,4,3,111,0.8558558558558559,6.436936936936937,-2.75,108.5,11.25,4.0,6.8,5.2
distance_from_overnight_high,cancel_rate_ask,4,4,127,0.905511811023622,6.375984251968504,-2.75,125.5,17.5,6.8,86.2,10.2
distance_from_overnight_high,cancel_ratio,0,0,70,0.9142857142857143,4.317857142857143,-83.25,-22.25,-31.5,0.004672897196261682,0.030303030303030304,0.020583250953255187
distance_from_overnight_high,cancel_ratio,0,1,91,0.8791208791208791,4.260989010989011,-108.0,-22.5,-31.0,0.030303030303030304,0.04535637149028078,0.03773584905660377
distance_from_overnight_high,cancel_ratio,0,2,119,0.8991596638655462,6.392857142857143,-108.5,-22.25,-37.5,0.045507584597432905,0.05910390848427073,0.0519159456118665
distance_from_overnight_high,cancel_ratio,0,3,140,0.8857142857142857,9.001785714285715,-108.5,-22.5,-34.625,0.05925925925925926,0.08036890645586298,0.06964500298739922
distance_from_overnight_high,cancel_ratio,0,4,188,0.9627659574468085,16.64627659574468,-385.5,-22.5,-37.75,0.08051341890315053,0.31936284110197155,0.10222249015352464
distance_from_overnight_high,cancel_ratio,1,0,102,0.8333333333333334,3.5294117647058822,-22.0,-13.0,-17.125,0.0,0.030211480362537766,0.020882277590934115
distance_from_overnight_high,cancel_ratio,1,1,130,0.9,4.525,-22.25,-13.0,-15.875,0.030508474576271188,0.045454545454545456,0.03854358864653992
distance_from_overnight_high,cancel_ratio,1,2,136,0.8676470588235294,5.1286764705882355,-22.25,-13.0,-16.5,0.04557405784399649,0.059147180192572216,0.05246470040823829
distance_from_overnight_high,cancel_ratio,1,3,120,0.8833333333333333,6.052083333333333,-22.25,-13.0,-17.0,0.059322033898305086,0.08020304568527918,0.06964718577898743
distance_from_overnight_high,cancel_ratio,1,4,119,0.957983193277311,7.92436974789916,-22.25,-13.25,-17.25,0.0805523590333717,0.2856145251396648,0.10490693739424704
distance_from_overnight_high,cancel_ratio,2,0,148,0.8445945945945946,3.177364864864865,-13.0,-8.0,-10.5,0.0,0.03024193548387097,0.019123518117819156
distance_from_overnight_high,cancel_ratio,2,1,139,0.8848920863309353,4.01978417266187,-13.0,-8.0,-10.25,0.03070175438596491,0.04548789435069699,0.038461538461538464
distance_from_overnight_high,cancel_ratio,2,2,129,0.8992248062015504,4.75968992248062,-13.0,-8.0,-10.25,0.045576407506702415,0.05904761904761905,0.051580698835274545
distance_from_overnight_high,cancel_ratio,2,3,110,0.8818181818181818,4.693181818181818,-13.0,-8.0,-10.5,0.059446254071661236,0.08047493403693931,0.06674504372326603
distance_from_overnight_high,cancel_ratio,2,4,80,0.8875,5.290625,-13.0,-8.0,-10.125,0.08210180623973727,0.3888888888888889,0.10013576099650709
distance_from_overnight_high,cancel_ratio,3,0,189,0.7513227513227513,2.3915343915343916,-8.0,-2.75,-5.75,0.0,0.030303030303030304,0.0182648401826484
distance_from_overnight_high,cancel_ratio,3,1,130,0.8538461538461538,3.1403846153846153,-8.0,-2.75,-6.25,0.030319436924742826,0.04532163742690058,0.03849521756702142
distance_from_overnight_high,cancel_ratio,3,2,105,0.9238095238095239,3.138095238095238,-8.0,-2.75,-5.75,0.04564315352697095,0.0592,0.050980392156862744
distance_from_overnight_high,cancel_ratio,3,3,100,0.86,4.54,-8.0,-2.75,-5.875,0.059371362048894066,0.0802675585284281,0.06727531727531727
distance_from_overnight_high,cancel_ratio,3,4,84,0.8928571428571429,4.2351190476190474,-8.0,-2.75,-5.875,0.08082026537997587,0.4123173277661795,0.0987206541809549
distance_from_overnight_high,cancel_ratio,4,0,99,0.7474747474747475,2.8282828282828283,-2.75,96.0,6.75,0.0,0.03007518796992481,0.018306636155606407
distance_from_overnight_high,cancel_ratio,4,1,117,0.7521367521367521,3.3525641025641026,-2.75,93.5,9.5,0.030303030303030304,0.045454545454545456,0.039711191335740074
distance_from_overnight_high,cancel_ratio,4,2,117,0.8376068376068376,4.438034188034188,-2.25,108.5,11.75,0.04583723105706267,0.059033989266547404,0.052685421994884914
distance_from_overnight_high,cancel_ratio,4,3,138,0.8333333333333334,5.077898550724638,-2.75,125.5,11.5,0.0593607305936073,0.08029197080291971,0.06986314479854532
distance_from_overnight_high,cancel_ratio,4,4,135,0.8592592592592593,5.848148148148148,-2.75,109.5,10.25,0.08064516129032258,0.32696546656869946,0.10106382978723404
distance_from_overnight_high,z_anchor_vwap,0,0,221,0.9276018099547512,9.175339366515837,-385.5,-22.5,-35.75,-547.3154243611832,-10.086451303562711,-26.817252635226733
distance_from_overnight_high,z_anchor_vwap,0,1,116,0.8793103448275862,8.892241379310345,-111.25,-22.5,-32.125,-10.05762484722977,-3.932690872439263,-6.406913597682902
distance_from_overnight_high,z_anchor_vwap,0,2,97,0.9175257731958762,12.012886597938145,-135.25,-22.75,-31.5,-3.910051702632007,-0.3581269568683113,-2.1615938789302387
distance_from_overnight_high,z_anchor_vwap,0,3,112,0.8928571428571429,8.475446428571429,-257.0,-22.5,-30.875,-0.265429113277399,4.030870830801698,1.257652067368301
distance_from_overnight_high,z_anchor_vwap,0,4,118,0.940677966101695,9.336864406779661,-108.5,-22.5,-41.5,4.164626485147594,141.92651070367572,9.2079326942761
distance_from_overnight_high,z_anchor_vwap,1,0,180,0.8888888888888888,5.179166666666666,-22.5,-13.25,-18.0,-269.9587944461216,-10.123267675529272,-17.88610246514656
distance_from_overnight_high,z_anchor_vwap,1,1,138,0.8623188405797102,5.88768115942029,-22.5,-13.25,-15.25,-10.036606093263632,-3.9980879099059177,-6.413189270506163
distance_from_overnight_high,z_anchor_vwap,1,2,145,0.8758620689655172,5.813793103448276,-22.5,-13.25,-17.25,-3.923499063584058,-0.3156818665572495,-1.9966425367437977
distance_from_overnight_high,z_anchor_vwap,1,3,100,0.89,4.4475,-22.25,-13.25,-16.875,-0.30708590044016915,4.003779354149817,1.5115547433420953
distance_from_overnight_high,z_anchor_vwap,1,4,100,0.88,6.2575,-22.0,-13.0,-16.875,4.110068963131274,329.0937737257876,7.769909247373614
distance_from_overnight_high,z_anchor_vwap,2,0,125,0.912,4.42,-13.0,-8.25,-11.25,-116.28817612860756,-10.10566800442233,-13.861913679306195
distance_from_overnight_high,z_anchor_vwap,2,1,168,0.8869047619047619,4.2961309523809526,-13.0,-8.25,-10.75,-10.04048354329272,-3.928458481060537,-6.246782473834108
distance_from_overnight_high,z_anchor_vwap,2,2,154,0.9155844155844156,4.525974025974026,-13.0,-8.25,-10.125,-3.9283492033644962,-0.3342077476221451,-2.116938590113623
distance_from_overnight_high,z_anchor_vwap,2,3,118,0.8559322033898306,3.9110169491525424,-13.0,-8.25,-9.5,-0.3024149780151194,4.076088215414108,1.1890981046535027
distance_from_overnight_high,z_anchor_vwap,2,4,98,0.8469387755102041,4.403061224489796,-13.0,-8.5,-10.625,4.114599038003861,389.14495472491694,12.752872969327843
distance_from_overnight_high,z_anchor_vwap,3,0,84,0.8571428571428571,4.2023809523809526,-8.25,-3.0,-5.5,-95.52051954377455,-10.05881743771155,-17.399536749878585
distance_from_overnight_high,z_anchor_vwap,3,1,130,0.8538461538461538,2.9307692307692306,-8.25,-3.25,-6.25,-9.978105323162522,-3.955914161638755,-5.7606445770998285
distance_from_overnight_high,z_anchor_vwap,3,2,143,0.8181818181818182,3.2517482517482517,-8.25,-3.0,-6.0,-3.8951311102980206,-0.3349414399591134,-2.244697777318655
distance_from_overnight_high,z_anchor_vwap,3,3,179,0.8212290502793296,3.212290502793296,-8.25,-3.0,-6.25,-0.29794357161320056,4.079742365007883,1.7119586511752978
distance_from_overnight_high,z_anchor_vwap,3,4,127,0.8661417322834646,3.309055118110236,-8.25,-3.0,-5.5,4.0823839095142915,500.9351348995934,16.359179744184402
distance_from_overnight_high,z_anchor_vwap,4,0,54,0.7962962962962963,4.587962962962963,-3.0,108.5,3.875,-71.54257066651657,-10.69597665070803,-16.827722531723467
distance_from_overnight_high,z_anchor_vwap,4,1,111,0.8558558558558559,3.59009009009009,-2.75,45.0,9.75,-9.809665624940221,-4.005667635893574,-6.622691193371563
distance_from_overnight_high,z_anchor_vwap,4,2,124,0.782258064516129,4.951612903225806,-3.0,125.5,8.875,-3.8959324843465333,-0.33074544224091074,-2.1011805052359565
distance_from_overnight_high,z_anchor_vwap,4,3,154,0.8506493506493507,4.560064935064935,-2.75,109.5,9.125,-0.17179568111435636,4.057177768139474,1.5557559812764938
distance_from_overnight_high,z_anchor_vwap,4,4,220,0.7818181818181819,4.4363636363636365,-3.0,112.5,9.125,4.101070136626086,542.7765132234626,12.58554529969786
distance_from_overnight_high,distance_from_session_vwap_anchor,0,0,277,0.9314079422382672,11.37725631768953,-385.5,-22.5,-36.25,-131.75,-9.75,-23.75
distance_from_overnight_high,distance_from_session_vwap_anchor,0,1,93,0.8602150537634409,6.760752688172043,-98.5,-22.75,-32.25,-9.5,-3.75,-6.0
distance_from_overnight_high,distance_from_session_vwap_anchor,0,2,66,0.8787878787878788,6.8522727272727275,-257.0,-22.75,-31.0,-3.75,-0.25,-1.75
distance_from_overnight_high,distance_from_session_vwap_anchor,0,3,87,0.8850574712643678,7.672413793103448,-253.0,-22.5,-29.0,-0.25,3.75,1.25
distance_from_overnight_high,distance_from_session_vwap_anchor,0,4,141,0.950354609929078,9.75531914893617,-248.0,-22.5,-41.25,4.5,74.0,13.25
distance_from_overnight_high,distance_from_session_vwap_anchor,1,0,217,0.8755760368663594,5.23963133640553,-22.5,-13.25,-17.25,-41.0,-9.75,-14.75
distance_from_overnight_high,distance_from_session_vwap_anchor,1,1,124,0.9112903225806451,7.215725806451613,-22.5,-13.25,-15.75,-9.5,-3.75,-6.25
distance_from_overnight_high,distance_from_session_vwap_anchor,1,2,127,0.84251968503937,4.606299212598425,-22.5,-13.25,-17.25,-3.75,-0.25,-2.0
distance_from_overnight_high,distance_from_session_vwap_anchor,1,3,92,0.8695652173913043,3.904891304347826,-22.25,-13.25,-16.625,-0.25,4.0,1.5
distance_from_overnight_high,distance_from_session_vwap_anchor,1,4,103,0.9029126213592233,6.62378640776699,-22.0,-13.0,-17.5,4.0,53.0,8.0
distance_from_overnight_high,distance_from_session_vwap_anchor,2,0,59,0.9322033898305084,5.572033898305085,-13.0,-8.75,-12.0,-44.0,-9.5,-11.25
distance_from_overnight_high,distance_from_session_vwap_anchor,2,1,223,0.8834080717488789,4.197309417040358,-13.0,-8.25,-10.5,-9.5,-3.75,-6.75
distance_from_overnight_high,distance_from_session_vwap_anchor,2,2,172,0.9069767441860465,4.200581395348837,-13.0,-8.25,-10.25,-3.75,-0.25,-2.0
distance_from_overnight_high,distance_from_session_vwap_anchor,2,3,104,0.8846153846153846,3.9086538461538463,-13.0,-8.25,-9.5,-0.25,3.75,1.0
distance_from_overnight_high,distance_from_session_vwap_anchor,2,4,105,0.8380952380952381,4.480952380952381,-13.0,-8.5,-10.75,4.0,58.75,9.5
distance_from_overnight_high,distance_from_session_vwap_anchor,3,0,49,0.8775510204081632,5.438775510204081,-7.5,-3.0,-4.5,-34.25,-9.75,-20.0
distance_from_overnight_high,distance_from_session_vwap_anchor,3,1,118,0.864406779661017,3.0021186440677967,-8.25,-3.75,-7.0,-8.75,-3.75,-5.0
distance_from_overnight_high,distance_from_session_vwap_anchor,3,2,188,0.8085106382978723,3.0132978723404253,-8.25,-3.0,-5.875,-3.75,-0.25,-2.25
distance_from_overnight_high,distance_from_session_vwap_anchor,3,3,213,0.8356807511737089,3.1291079812206575,-8.25,-3.0,-6.25,-0.25,4.0,1.5
distance_from_overnight_high,distance_from_session_vwap_anchor,3,4,95,0.8631578947368421,3.5842105263157893,-8.25,-3.0,-5.25,4.0,60.25,12.5
distance_from_overnight_high,distance_from_session_vwap_anchor,4,0,62,0.8709677419354839,4.858870967741935,-3.0,108.5,4.125,-46.5,-10.0,-16.125
distance_from_overnight_high,distance_from_session_vwap_anchor,4,1,105,0.8,3.6904761904761907,-2.75,55.5,9.5,-9.5,-4.0,-6.25
distance_from_overnight_high,distance_from_session_vwap_anchor,4,2,110,0.7909090909090909,3.9136363636363636,-3.0,125.5,5.125,-3.75,-0.25,-1.0
distance_from_overnight_high,distance_from_session_vwap_anchor,4,3,167,0.8203592814371258,4.639221556886228,-2.75,105.25,8.0,-0.25,4.0,0.75
distance_from_overnight_high,distance_from_session_vwap_anchor,4,4,219,0.8036529680365296,4.769406392694064,-3.0,112.5,9.75,4.0,80.0,11.0
distance_from_overnight_high,bid_depth_curvature,0,0,51,0.8823529411764706,4.25,-108.0,-22.75,-31.75,-36.0,-17.75,-22.0
distance_from_overnight_high,bid_depth_curvature,0,1,92,0.8913043478260869,5.692934782608695,-108.5,-22.25,-31.25,-17.5,-13.0,-14.75
distance_from_overnight_high,bid_depth_curvature,0,2,98,0.9183673469387755,6.426020408163265,-108.5,-22.5,-35.625,-13.0,-9.75,-11.125
distance_from_overnight_high,bid_depth_curvature,0,3,148,0.8918918918918919,7.743243243243243,-108.0,-22.25,-35.375,-9.75,-6.75,-8.125
distance_from_overnight_high,bid_depth_curvature,0,4,220,0.9454545454545454,15.114772727272728,-385.5,-22.5,-37.5,-6.75,44.25,-4.5
distance_from_overnight_high,bid_depth_curvature,1,0,91,0.8571428571428571,4.153846153846154,-22.25,-13.0,-16.5,-53.25,-17.5,-21.375
distance_from_overnight_high,bid_depth_curvature,1,1,118,0.8559322033898306,4.22457627118644,-22.25,-13.0,-16.5,-17.5,-13.125,-15.0625
distance_from_overnight_high,bid_depth_curvature,1,2,131,0.8549618320610687,5.190839694656488,-22.25,-13.0,-16.5,-13.0,-9.75,-11.25
distance_from_overnight_high,bid_depth_curvature,1,3,122,0.9262295081967213,5.885245901639344,-22.25,-13.0,-16.5,-9.75,-6.75,-8.25
distance_from_overnight_high,bid_depth_curvature,1,4,146,0.9383561643835616,7.176369863013699,-22.25,-13.0,-17.625,-6.75,10.625,-5.0625
distance_from_overnight_high,bid_depth_curvature,2,0,139,0.8489208633093526,3.634892086330935,-12.75,-8.0,-10.0,-54.75,-17.5,-20.875
distance_from_overnight_high,bid_depth_curvature,2,1,123,0.8292682926829268,3.483739837398374,-13.0,-8.0,-10.5,-17.5,-13.125,-14.875
distance_from_overnight_high,bid_depth_curvature,2,2,121,0.8842975206611571,4.301652892561983,-13.0,-8.25,-10.0,-13.0,-9.75,-11.125
distance_from_overnight_high,bid_depth_curvature,2,3,124,0.9516129032258065,4.872983870967742,-13.0,-8.25,-10.5,-9.75,-6.875,-8.25
distance_from_overnight_high,bid_depth_curvature,2,4,102,0.8823529411764706,5.3088235294117645,-13.0,-8.25,-10.625,-6.75,3.25,-5.625
distance_from_overnight_high,bid_depth_curvature,3,0,199,0.7989949748743719,2.672110552763819,-8.0,-2.75,-5.5,-63.375,-17.5,-21.75
distance_from_overnight_high,bid_depth_curvature,3,1,143,0.8811188811188811,2.9545454545454546,-8.0,-2.75,-6.0,-17.375,-13.0,-15.0
distance_from_overnight_high,bid_depth_curvature,3,2,126,0.8015873015873016,3.0773809523809526,-8.0,-2.75,-6.0,-13.0,-9.75,-11.25
distance_from_overnight_high,bid_depth_curvature,3,3,86,0.9302325581395349,4.575581395348837,-8.0,-2.75,-5.875,-9.75,-6.875,-8.3125
distance_from_overnight_high,bid_depth_curvature,3,4,54,0.8333333333333334,4.930555555555555,-8.0,-3.0,-5.625,-6.75,0.875,-5.0
distance_from_overnight_high,bid_depth_curvature,4,0,129,0.8449612403100775,3.567829457364341,-2.75,96.0,8.75,-66.25,-17.5,-20.5
distance_from_overnight_high,bid_depth_curvature,4,1,132,0.7954545454545454,3.7556818181818183,-2.75,93.5,9.5,-17.5,-13.0,-14.75
distance_from_overnight_high,bid_depth_curvature,4,2,133,0.7744360902255639,4.150375939849624,-2.75,125.5,9.75,-13.0,-9.75,-11.5
distance_from_overnight_high,bid_depth_curvature,4,3,128,0.8125,5.04296875,-2.75,101.75,10.375,-9.75,-6.75,-8.125
distance_from_overnight_high,bid_depth_curvature,4,4,86,0.8255813953488372,6.171511627906977,-2.75,112.5,10.5,-6.625,1.375,-5.0
distance_from_overnight_high,trade_imbalance_60s,0,0,58,0.9482758620689655,12.629310344827585,-135.25,-22.25,-30.875,-0.6004206098843323,-0.17702154230408992,-0.2435229812404991
distance_from_overnight_high,trade_imbalance_60s,0,1,127,0.9448818897637795,9.797244094488189,-257.0,-23.0,-36.25,-0.17591973244147158,-0.060034305317324184,-0.11319681456200227
distance_from_overnight_high,trade_imbalance_60s,0,2,135,0.9185185185185185,11.442592592592593,-385.5,-22.5,-36.25,-0.05911533691608103,0.05304010349288486,0.0013550135501355014
distance_from_overnight_high,trade_imbalance_60s,0,3,155,0.9290322580645162,10.256451612903225,-253.0,-22.25,-36.5,0.05429864253393665,0.1697936210131332,0.11306042884990253
distance_from_overnight_high,trade_imbalance_60s,0,4,134,0.8507462686567164,5.449626865671642,-108.0,-22.25,-32.375,0.17048346055979643,0.46684350132625996,0.23290078803469416
distance_from_overnight_high,trade_imbalance_60s,1,0,107,0.8785046728971962,4.359813084112149,-22.0,-13.0,-16.25,-1.0,-0.17668711656441718,-0.2570093457943925
distance_from_overnight_high,trade_imbalance_60s,1,1,121,0.9173553719008265,6.2727272727272725,-22.25,-13.0,-17.25,-0.17570700046360685,-0.05953827460510328,-0.1119177253478524
distance_from_overnight_high,trade_imbalance_60s,1,2,105,0.9142857142857143,6.5738095238095235,-22.25,-13.0,-16.25,-0.05944055944055944,0.05304740406320542,-0.005477308294209703
distance_from_overnight_high,trade_imbalance_60s,1,3,142,0.9436619718309859,5.934859154929577,-22.25,-13.0,-16.75,0.05388342387314638,0.16978309648466716,0.10715015462778882
distance_from_overnight_high,trade_imbalance_60s,1,4,133,0.7969924812030075,4.238721804511278,-22.25,-13.0,-17.0,0.17050691244239632,0.6480282519128899,0.27466666666666667
distance_from_overnight_high,trade_imbalance_60s,2,0,149,0.87248322147651,3.791946308724832,-13.0,-8.0,-10.25,-1.0,-0.17672183662573412,-0.26515151515151514
distance_from_overnight_high,trade_imbalance_60s,2,1,116,0.9137931034482759,4.728448275862069,-13.0,-8.0,-10.25,-0.17609254498714652,-0.06047819971870605,-0.1188765185458166
distance_from_overnight_high,trade_imbalance_60s,2,2,119,0.8991596638655462,4.65546218487395,-13.0,-8.0,-10.5,-0.05799185238437575,0.049911920140927775,-0.0020435967302452314
distance_from_overnight_high,trade_imbalance_60s,2,3,106,0.8773584905660378,4.474056603773585,-13.0,-8.25,-10.375,0.05362776025236593,0.170018281535649,0.11134682775763008
distance_from_overnight_high,trade_imbalance_60s,2,4,119,0.8319327731092437,3.850840336134454,-13.0,-8.0,-10.25,0.1716012084592145,0.940959409594096,0.2722976963969285
distance_from_overnight_high,trade_imbalance_60s,3,0,171,0.8245614035087719,2.8362573099415203,-8.0,-2.75,-5.75,-1.0,-0.18332022029897718,-0.2956419316843345
distance_from_overnight_high,trade_imbalance_60s,3,1,119,0.865546218487395,3.5504201680672267,-8.0,-2.75,-6.0,-0.17547568710359407,-0.05992217898832685,-0.12033694344163658
distance_from_overnight_high,trade_imbalance_60s,3,2,122,0.8688524590163934,3.82172131147541,-8.0,-2.75,-5.875,-0.05829596412556054,0.053309900410076154,-0.0019432889346576152
distance_from_overnight_high,trade_imbalance_60s,3,3,77,0.8571428571428571,3.477272727272727,-8.0,-2.75,-6.0,0.05434076639965361,0.16982152514872903,0.10702702702702703
distance_from_overnight_high,trade_imbalance_60s,3,4,119,0.7983193277310925,3.027310924369748,-8.0,-3.0,-5.75,0.17234367056431113,0.9130434782608695,0.2604501607717042
distance_from_overnight_high,trade_imbalance_60s,4,0,124,0.7903225806451613,3.461693548387097,-2.75,109.0,7.625,-1.0,-0.17672600955275727,-0.2611064970735376
distance_from_overnight_high,trade_imbalance_60s,4,1,125,0.824,5.49,-2.75,109.5,12.0,-0.1752708731676227,-0.06051191004586477,-0.11448366875618608
distance_from_overnight_high,trade_imbalance_60s,4,2,128,0.875,5.265625,-2.75,112.5,14.25,-0.05822021116138763,0.053621825023518345,0.00133843139492857
distance_from_overnight_high,trade_imbalance_60s,4,3,128,0.7890625,4.36328125,-2.5,125.5,9.5,0.05378020265003897,0.17005545286506468,0.10678212945829128
distance_from_overnight_high,trade_imbalance_60s,4,4,103,0.7572815533980582,3.2645631067961167,-2.75,107.0,3.75,0.17021836358852935,0.6705882352941176,0.2570145903479237
distance_from_overnight_high,wall_persistence_2s,0,0,63,0.8888888888888888,12.948412698412698,-108.0,-22.5,-35.25,0.0,0.0,0.0
distance_from_overnight_high,wall_persistence_2s,0,1,102,0.9019607843137255,6.321078431372549,-257.0,-22.25,-34.875,0.0,0.06015037593984962,0.024318761595547307
distance_from_overnight_high,wall_persistence_2s,0,2,118,0.923728813559322,8.828389830508474,-252.0,-22.75,-39.625,0.06177606177606178,0.15766738660907129,0.11287183695935288
distance_from_overnight_high,wall_persistence_2s,0,3,141,0.9361702127659575,10.586879432624114,-251.5,-22.5,-33.0,0.1591203104786546,0.28879310344827586,0.22289156626506024
distance_from_overnight_high,wall_persistence_2s,0,4,183,0.912568306010929,10.081967213114755,-385.5,-22.5,-34.0,0.2894736842105263,0.6381578947368421,0.36823104693140796
distance_from_overnight_high,wall_persistence_2s,1,0,110,0.8,3.7522727272727274,-22.0,-13.0,-16.75,0.0,0.0,0.0
distance_from_overnight_high,wall_persistence_2s,1,1,121,0.9338842975206612,5.508264462809917,-22.25,-13.0,-16.25,0.0,0.06077348066298342,0.021052631578947368
distance_from_overnight_high,wall_persistence_2s,1,2,123,0.8943089430894309,5.977642276422764,-22.25,-13.0,-16.25,0.06349206349206349,0.1568627450980392,0.1048158640226629
distance_from_overnight_high,wall_persistence_2s,1,3,110,0.8909090909090909,5.638636363636364,-22.25,-13.0,-17.0,0.1588785046728972,0.2892609699769053,0.2123158417920524
distance_from_overnight_high,wall_persistence_2s,1,4,142,0.9084507042253521,6.068661971830986,-22.25,-13.0,-17.0,0.2894736842105263,0.5693160813308688,0.36979388770433547
distance_from_overnight_high,wall_persistence_2s,2,0,160,0.84375,3.575,-13.0,-8.0,-10.25,0.0,0.0,0.0
distance_from_overnight_high,wall_persistence_2s,2,1,113,0.9203539823008849,4.334070796460177,-13.0,-8.0,-10.0,0.0,0.061170212765957445,0.01948051948051948
distance_from_overnight_high,wall_persistence_2s,2,2,135,0.9111111111111111,4.681481481481481,-13.0,-8.0,-10.25,0.061946902654867256,0.15584415584415584,0.10526315789473684
distance_from_overnight_high,wall_persistence_2s,2,3,104,0.8557692307692307,4.805288461538462,-13.0,-8.0,-10.75,0.15822784810126583,0.28837209302325584,0.20821290944123316
distance_from_overnight_high,wall_persistence_2s,2,4,95,0.8631578947368421,4.221052631578948,-13.0,-8.0,-10.5,0.2905027932960894,0.6542056074766355,0.36363636363636365
distance_from_overnight_high,wall_persistence_2s,3,0,164,0.75,2.4878048780487805,-8.0,-2.75,-5.75,0.0,0.0,0.0
distance_from_overnight_high,wall_persistence_2s,3,1,125,0.888,3.57,-8.0,-2.75,-6.0,0.0,0.06130268199233716,0.012048192771084338
distance_from_overnight_high,wall_persistence_2s,3,2,125,0.88,3.588,-8.0,-2.75,-6.0,0.06179775280898876,0.15767634854771784,0.10831234256926953
distance_from_overnight_high,wall_persistence_2s,3,3,121,0.8842975206611571,3.6425619834710745,-8.0,-2.75,-5.5,0.15798922800718132,0.2878787878787879,0.2144638403990025
distance_from_overnight_high,wall_persistence_2s,3,4,71,0.8450704225352113,3.658450704225352,-8.0,-2.75,-6.0,0.29056603773584905,0.5668202764976958,0.3597678916827853
distance_from_overnight_high,wall_persistence_2s,4,0,110,0.6636363636363637,2.4204545454545454,-2.5,96.0,7.75,0.0,0.0,0.0
distance_from_overnight_high,wall_persistence_2s,4,1,145,0.8275862068965517,4.103448275862069,-2.75,109.0,10.5,0.0,0.06134969325153374,0.019704433497536946
distance_from_overnight_high,wall_persistence_2s,4,2,106,0.8207547169811321,4.488207547169812,-2.75,107.0,10.125,0.06204379562043796,0.15643564356435644,0.10643223010244288
distance_from_overnight_high,wall_persistence_2s,4,3,130,0.8538461538461538,5.7384615384615385,-2.75,125.5,9.5,0.15789473684210525,0.28865979381443296,0.2186526620789569
distance_from_overnight_high,wall_persistence_2s,4,4,115,0.8782608695652174,5.219565217391304,-2.75,105.25,11.75,0.2925714285714286,0.6733333333333333,0.37037037037037035
distance_from_overnight_high,convexity_imbalance,0,0,144,0.9027777777777778,12.815972222222221,-257.0,-22.25,-32.25,-4.174016282225238,-0.29167974882260606,-0.5556381761067124
distance_from_overnight_high,convexity_imbalance,0,1,125,0.896,7.318,-345.5,-22.25,-37.75,-0.2887949260042283,-0.0608284213480893,-0.1816211957057028
distance_from_overnight_high,convexity_imbalance,0,2,108,0.9444444444444444,9.444444444444445,-385.5,-22.5,-34.75,-0.05555555555555558,0.13112687155240343,0.03663440059568146
distance_from_overnight_high,convexity_imbalance,0,3,115,0.9217391304347826,7.921739130434783,-108.5,-22.75,-35.0,0.13518609608132492,0.37582730882802173,0.2318761384335155
distance_from_overnight_high,convexity_imbalance,0,4,117,0.9145299145299145,9.831196581196581,-252.0,-22.25,-36.5,0.37974801898038857,10.234359483614698,0.6070519810977825
distance_from_overnight_high,convexity_imbalance,1,0,135,0.8888888888888888,5.042592592592593,-22.25,-13.0,-16.75,-3.793284671532846,-0.2907383136740934,-0.5264654910105969
distance_from_overnight_high,convexity_imbalance,1,1,116,0.9224137931034483,5.396551724137931,-22.25,-13.0,-16.5,-0.2883522727272727,-0.06256814186858906,-0.1794392310585305
distance_from_overnight_high,convexity_imbalance,1,2,119,0.8487394957983193,5.466386554621849,-22.25,-13.0,-16.75,-0.06050543141779685,0.1300034211426615,0.039648307896483104
distance_from_overnight_high,convexity_imbalance,1,3,121,0.8842975206611571,5.5764462809917354,-22.25,-13.0,-16.75,0.13362282878411913,0.3778139542532025,0.2446886446886447
distance_from_overnight_high,convexity_imbalance,1,4,117,0.905982905982906,5.89957264957265,-22.25,-13.0,-16.75,0.380506442912796,2.5,0.5866109472304162
distance_from_overnight_high,convexity_imbalance,2,0,109,0.8715596330275229,4.763761467889908,-13.0,-8.0,-10.0,-8.092609983385104,-0.29864029394292757,-0.5401024983984624
distance_from_overnight_high,convexity_imbalance,2,1,120,0.8833333333333333,4.46875,-13.0,-8.0,-10.25,-0.2851690294438386,-0.061842918985776096,-0.1710518063795502
distance_from_overnight_high,convexity_imbalance,2,2,132,0.8712121212121212,3.981060606060606,-13.0,-8.0,-10.375,-0.05625892970816648,0.13170821114369513,0.04542450280891941
distance_from_overnight_high,convexity_imbalance,2,3,122,0.8770491803278688,3.8135245901639343,-13.0,-8.0,-10.375,0.13447079236552928,0.3776276276276277,0.23895100676950476
distance_from_overnight_high,convexity_imbalance,2,4,126,0.8888888888888888,4.39484126984127,-13.0,-8.0,-10.5,0.38689493118496143,2.619455782312925,0.561474009530653
distance_from_overnight_high,convexity_imbalance,3,0,99,0.797979797979798,3.3535353535353534,-8.0,-3.0,-6.0,-3.649706718805545,-0.29367870314778277,-0.46713947990543736
distance_from_overnight_high,convexity_imbalance,3,1,136,0.8382352941176471,3.1599264705882355,-8.0,-3.0,-6.0,-0.2864616276618175,-0.0615564809994793,-0.17014095513509886
distance_from_overnight_high,convexity_imbalance,3,2,131,0.8396946564885496,3.3435114503816794,-8.0,-2.75,-5.75,-0.0605610910889689,0.13308913308913306,0.0338515228426397
distance_from_overnight_high,convexity_imbalance,3,3,130,0.8307692307692308,3.2634615384615384,-8.0,-2.75,-6.0,0.13594831314878886,0.3760988660975919,0.24611474801564398
distance_from_overnight_high,convexity_imbalance,3,4,112,0.8928571428571429,3.372767857142857,-8.0,-2.75,-5.625,0.3778542950344328,2.5576508115207806,0.5419592724809217
distance_from_overnight_high,convexity_imbalance,4,0,122,0.7704918032786885,4.454918032786885,-2.75,125.5,9.375,-6.870622443762781,-0.2930622009569378,-0.466413446742515
distance_from_overnight_high,convexity_imbalance,4,1,111,0.8108108108108109,3.581081081081081,-2.75,109.5,10.0,-0.2872523014510845,-0.060977269633864184,-0.14565087807785781
distance_from_overnight_high,convexity_imbalance,4,2,119,0.865546218487395,4.743697478991597,-2.75,105.25,9.75,-0.05802076278655521,0.13270862974046982,0.03593671701625012
distance_from_overnight_high,convexity_imbalance,4,3,120,0.7666666666666667,4.704166666666667,-2.75,92.75,9.5,0.13349875930521105,0.3725146198830409,0.26019493541187905
distance_from_overnight_high,convexity_imbalance,4,4,136,0.8308823529411765,4.516544117647059,-2.75,112.5,9.75,0.39304480088495586,3.6824027503660783,0.5846313799226414
distance_from_overnight_high,liquidity_compression,0,0,163,0.9386503067484663,9.923312883435583,-385.5,-22.25,-37.25,0.13793103448275862,0.660574412532637,0.5798611111111112
distance_from_overnight_high,liquidity_compression,0,1,105,0.8952380952380953,8.666666666666666,-251.5,-22.25,-35.5,0.6614906832298136,0.7494279176201373,0.7063829787234043
distance_from_overnight_high,liquidity_compression,0,2,105,0.9047619047619048,8.1,-108.0,-22.5,-35.0,0.75,0.8297413793103449,0.7866004962779156
distance_from_overnight_high,liquidity_compression,0,3,112,0.9196428571428571,7.446428571428571,-257.0,-22.25,-31.625,0.8300653594771242,0.9278688524590164,0.8669845115216368
distance_from_overnight_high,liquidity_compression,0,4,124,0.9032258064516129,13.141129032258064,-252.0,-22.75,-33.625,0.9279778393351801,3.921985815602837,1.0345252607341189
distance_from_overnight_high,liquidity_compression,1,0,127,0.9212598425196851,6.505905511811024,-22.25,-13.0,-16.5,0.21052631578947367,0.6614349775784754,0.575
distance_from_overnight_high,liquidity_compression,1,1,125,0.888,5.338,-22.25,-13.0,-17.25,0.6658227848101266,0.7491749174917491,0.7102199223803364
distance_from_overnight_high,liquidity_compression,1,2,113,0.8938053097345132,5.320796460176991,-22.25,-13.0,-16.0,0.75,0.8297872340425532,0.7881944444444444
distance_from_overnight_high,liquidity_compression,1,3,132,0.8787878787878788,4.8522727272727275,-22.25,-13.0,-16.5,0.8301886792452831,0.9269662921348315,0.869560196689489
distance_from_overnight_high,liquidity_compression,1,4,111,0.8648648648648649,5.288288288288288,-22.0,-13.25,-17.0,0.9318181818181818,2.136150234741784,0.99609375
distance_from_overnight_high,liquidity_compression,2,0,131,0.9007633587786259,4.498091603053435,-13.0,-8.0,-10.0,0.12907268170426064,0.6609642301710731,0.5962343096234309
distance_from_overnight_high,liquidity_compression,2,1,94,0.9042553191489362,4.430851063829787,-13.0,-8.0,-10.25,0.6632124352331606,0.7495881383855024,0.7093525450851825
distance_from_overnight_high,liquidity_compression,2,2,131,0.8396946564885496,3.730916030534351,-13.0,-8.0,-10.5,0.7503607503607503,0.8297029702970297,0.7909090909090909
distance_from_overnight_high,liquidity_compression,2,3,112,0.875,4.214285714285714,-13.0,-8.0,-10.25,0.8303030303030303,0.9273570324574961,0.875176885982387
distance_from_overnight_high,liquidity_compression,2,4,141,0.8794326241134752,4.49290780141844,-13.0,-8.0,-10.25,0.9285714285714286,3.9269662921348316,1.0104529616724738
distance_from_overnight_high,liquidity_compression,3,0,77,0.8311688311688312,3.366883116883117,-8.0,-2.75,-6.0,0.14410480349344978,0.661144578313253,0.6037946428571429
distance_from_overnight_high,liquidity_compression,3,1,147,0.8707482993197279,3.2976190476190474,-8.0,-2.75,-5.75,0.6623931623931624,0.7484276729559748,0.7175572519083969
distance_from_overnight_high,liquidity_compression,3,2,140,0.8142857142857143,3.225,-8.0,-2.75,-5.75,0.75,0.8291956305858987,0.7866388087907075
distance_from_overnight_high,liquidity_compression,3,3,122,0.8278688524590164,2.9610655737704916,-8.0,-2.75,-5.75,0.8305555555555556,0.9274924471299094,0.8753103930821795
distance_from_overnight_high,liquidity_compression,3,4,122,0.8524590163934426,3.6475409836065573,-8.0,-3.0,-6.0,0.9290322580645162,1.672782874617737,0.9951214602464136
distance_from_overnight_high,liquidity_compression,4,0,111,0.8468468468468469,5.412162162162162,-2.5,108.5,9.75,0.23224043715846995,0.6613805970149254,0.5868661679135495
distance_from_overnight_high,liquidity_compression,4,1,137,0.8394160583941606,4.822992700729927,-2.75,109.5,10.0,0.6620879120879121,0.7495395948434622,0.7075892857142857
distance_from_overnight_high,liquidity_compression,4,2,120,0.8333333333333334,4.141666666666667,-2.75,112.5,9.75,0.7518796992481203,0.83,0.7937394703820908
distance_from_overnight_high,liquidity_compression,4,3,130,0.7923076923076923,3.8634615384615385,-2.5,125.5,14.125,0.8312829525483304,0.9271137026239067,0.8748167888074617
distance_from_overnight_high,liquidity_compression,4,4,110,0.7272727272727273,3.85,-2.75,98.75,6.25,0.9291217257318952,2.555093555093555,1.0271004700352526
distance_from_overnight_high,replenishment_rate_near_5s,0,0,77,0.8441558441558441,3.948051948051948,-107.5,-22.5,-31.75,6.6,59.4,41.6
distance_from_overnight_high,replenishment_rate_near_5s,0,1,82,0.926829268292683,6.978658536585366,-108.0,-22.5,-35.125,59.6,96.6,77.2
distance_from_overnight_high,replenishment_rate_near_5s,0,2,101,0.9306930693069307,8.227722772277227,-248.0,-22.75,-31.0,96.6,150.6,118.4
distance_from_overnight_high,replenishment_rate_near_5s,0,3,180,0.9222222222222223,10.241666666666667,-246.75,-22.25,-37.875,151.0,249.2,202.7
distance_from_overnight_high,replenishment_rate_near_5s,0,4,167,0.9281437125748503,13.70808383233533,-385.5,-22.75,-38.5,249.6,5341.2,371.6
distance_from_overnight_high,replenishment_rate_near_5s,1,0,114,0.8070175438596491,3.81359649122807,-22.25,-13.0,-17.625,2.2,59.2,42.1
distance_from_overnight_high,replenishment_rate_near_5s,1,1,109,0.8899082568807339,4.972477064220183,-22.25,-13.0,-17.0,59.6,96.6,79.6
distance_from_overnight_high,replenishment_rate_near_5s,1,2,129,0.875968992248062,5.044573643410852,-22.25,-13.0,-16.25,96.6,151.0,119.2
distance_from_overnight_high,replenishment_rate_near_5s,1,3,128,0.921875,6.13671875,-22.25,-13.0,-16.125,151.4,248.6,186.2
distance_from_overnight_high,replenishment_rate_near_5s,1,4,127,0.937007874015748,7.015748031496063,-22.25,-13.0,-17.0,250.2,5137.0,362.2
distance_from_overnight_high,replenishment_rate_near_5s,2,0,131,0.8320610687022901,3.1755725190839694,-13.0,-8.0,-10.25,8.4,59.4,40.6
distance_from_overnight_high,replenishment_rate_near_5s,2,1,142,0.8732394366197183,4.061619718309859,-13.0,-8.0,-10.5,59.6,96.4,78.4
distance_from_overnight_high,replenishment_rate_near_5s,2,2,131,0.8931297709923665,4.669847328244275,-13.0,-8.0,-10.5,96.6,149.8,123.4
distance_from_overnight_high,replenishment_rate_near_5s,2,3,106,0.8962264150943396,4.464622641509434,-13.0,-8.0,-9.875,151.4,249.6,185.0
distance_from_overnight_high,replenishment_rate_near_5s,2,4,97,0.9072164948453608,5.322164948453608,-13.0,-8.0,-10.25,251.0,1918.0,343.6
distance_from_overnight_high,replenishment_rate_near_5s,3,0,171,0.7017543859649122,2.4371345029239766,-8.0,-2.75,-5.75,0.0,59.2,38.0
distance_from_overnight_high,replenishment_rate_near_5s,3,1,149,0.8859060402684564,3.0906040268456376,-8.0,-2.75,-5.75,59.6,96.6,78.0
distance_from_overnight_high,replenishment_rate_near_5s,3,2,129,0.8992248062015504,3.2713178294573644,-8.0,-2.75,-6.0,97.2,150.8,121.2
distance_from_overnight_high,replenishment_rate_near_5s,3,3,81,0.9135802469135802,3.9012345679012346,-8.0,-2.75,-6.0,151.4,249.2,187.6
distance_from_overnight_high,replenishment_rate_near_5s,3,4,77,0.8831168831168831,4.964285714285714,-7.75,-2.75,-5.75,254.0,1180.6,372.6
distance_from_overnight_high,replenishment_rate_near_5s,4,0,114,0.6754385964912281,2.638157894736842,-2.75,90.5,6.875,0.0,59.4,35.7
distance_from_overnight_high,replenishment_rate_near_5s,4,1,125,0.832,3.526,-2.5,109.0,8.75,59.4,96.6,78.0
distance_from_overnight_high,replenishment_rate_near_5s,4,2,117,0.8290598290598291,4.666666666666667,-2.75,109.5,10.5,97.2,150.6,123.4
distance_from_overnight_high,replenishment_rate_near_5s,4,3,112,0.8392857142857143,4.877232142857143,-2.75,112.5,11.75,151.0,249.0,188.89999999999998
distance_from_overnight_high,replenishment_rate_near_5s,4,4,138,0.8695652173913043,6.153985507246377,-2.75,125.5,11.125,250.2,3268.8,353.3
distance_from_overnight_high,impact_asymmetry_10s,0,0,142,0.9366197183098591,11.910211267605634,-257.0,-22.75,-39.375,-0.03571428571428571,-0.0030864197530864196,-0.005084804191947049
distance_from_overnight_high,impact_asymmetry_10s,0,1,80,0.9375,8.6375,-253.0,-22.5,-36.875,-0.0030148423005565863,-0.0015337423312883436,-0.0023255939729257594
distance_from_overnight_high,impact_asymmetry_10s,0,2,80,0.9125,9.378125,-135.25,-22.25,-35.5,-0.001524390243902439,0.0006218905472636816,-0.00033755504603850495
distance_from_overnight_high,impact_asymmetry_10s,0,3,131,0.8931297709923665,7.192748091603053,-108.5,-22.25,-31.25,0.0007022471910112359,0.002297090352220521,0.001557632398753894
distance_from_overnight_high,impact_asymmetry_10s,0,4,173,0.9017341040462428,10.02456647398844,-385.5,-22.5,-34.5,0.00230566534914361,0.05,0.0037425149700598802
distance_from_overnight_high,impact_asymmetry_10s,1,0,145,0.896551724137931,5.9206896551724135,-22.0,-13.0,-17.25,-0.16176470588235295,-0.003048780487804878,-0.004539951573849879
distance_from_overnight_high,impact_asymmetry_10s,1,1,89,0.9101123595505618,5.522471910112359,-22.25,-13.0,-16.0,-0.003,-0.001524390243902439,-0.0022527726432532346
distance_from_overnight_high,impact_asymmetry_10s,1,2,103,0.9223300970873787,5.62621359223301,-22.0,-13.0,-16.0,-0.001516990291262136,0.0006811989100817438,-0.0005630630630630631
distance_from_overnight_high,impact_asymmetry_10s,1,3,136,0.8382352941176471,4.845588235294118,-22.25,-13.0,-16.625,0.0007088846880907373,0.0023006134969325155,0.0016397932727606462
distance_from_overnight_high,impact_asymmetry_10s,1,4,133,0.9022556390977443,5.428571428571429,-22.25,-13.0,-17.75,0.0023006134969325155,0.022058823529411766,0.0034153005464480873
distance_from_overnight_high,impact_asymmetry_10s,2,0,124,0.9032258064516129,4.042338709677419,-13.0,-8.0,-10.25,-0.016666666666666666,-0.003048780487804878,-0.004126555262918899
distance_from_overnight_high,impact_asymmetry_10s,2,1,146,0.8835616438356164,4.294520547945205,-13.0,-8.0,-10.25,-0.003033980582524272,-0.0015822784810126582,-0.002226526368710448
distance_from_overnight_high,impact_asymmetry_10s,2,2,107,0.9158878504672897,4.441588785046729,-13.0,-8.0,-10.25,-0.0014970059880239522,0.0006811989100817438,-0.0005592841163310962
distance_from_overnight_high,impact_asymmetry_10s,2,3,112,0.8482142857142857,3.828125,-13.0,-8.0,-10.25,0.0006925207756232687,0.0023006134969325155,0.0015071598611641136
distance_from_overnight_high,impact_asymmetry_10s,2,4,116,0.8362068965517241,4.681034482758621,-13.0,-8.0,-10.75,0.0023148148148148147,0.015151515151515152,0.003316356455775397
distance_from_overnight_high,impact_asymmetry_10s,3,0,98,0.8571428571428571,3.5994897959183674,-8.0,-2.75,-5.875,-0.03125,-0.003048780487804878,-0.004126617724967835
distance_from_overnight_high,impact_asymmetry_10s,3,1,157,0.8535031847133758,2.9570063694267517,-8.0,-3.0,-6.0,-0.0030048076923076925,-0.0015290519877675841,-0.002142857142857143
distance_from_overnight_high,impact_asymmetry_10s,3,2,151,0.8344370860927153,3.256622516556291,-8.0,-2.75,-5.5,-0.0015151515151515152,0.0006915629322268327,-0.00041841004184100416
distance_from_overnight_high,impact_asymmetry_10s,3,3,124,0.8064516129032258,3.149193548387097,-8.0,-2.75,-5.75,0.0006931608133086876,0.0022935779816513763,0.0014582136268787614
distance_from_overnight_high,impact_asymmetry_10s,3,4,76,0.868421052631579,3.986842105263158,-8.0,-3.0,-6.125,0.0023148148148148147,0.0125,0.0033634992458521874
distance_from_overnight_high,impact_asymmetry_10s,4,0,97,0.7835051546391752,4.31701030927835,-2.75,109.0,10.25,-0.020833333333333332,-0.0030602636534839923,-0.0045045045045045045
distance_from_overnight_high,impact_asymmetry_10s,4,1,134,0.7985074626865671,4.263059701492537,-2.75,112.5,13.125,-0.0030286343612334803,-0.0015359168241965973,-0.0022869955892777442
distance_from_overnight_high,impact_asymmetry_10s,4,2,164,0.8475609756097561,4.577743902439025,-2.75,109.5,7.375,-0.001483679525222552,0.0006890848952590959,-0.0005855957167856143
distance_from_overnight_high,impact_asymmetry_10s,4,3,103,0.8058252427184466,4.189320388349515,-2.75,125.5,7.75,0.0007062146892655367,0.0022988505747126436,0.0015151515151515152
distance_from_overnight_high,impact_asymmetry_10s,4,4,107,0.7850467289719626,4.61214953271028,-2.75,107.0,11.5,0.0023062730627306273,0.025,0.00348297213622291
distance_from_overnight_high,flow_impact,0,0,86,0.872093023255814,7.953488372093023,-345.5,-22.5,-35.125,-0.375,0.0015690376569037657,-0.001111062540071108
distance_from_overnight_high,flow_impact,0,1,91,0.9120879120879121,6.5989010989010985,-135.25,-22.25,-31.5,0.0015822784810126582,0.0032281205164992827,0.0024671052631578946
distance_from_overnight_high,flow_impact,0,2,107,0.897196261682243,5.572429906542056,-108.5,-22.5,-31.0,0.003236914600550964,0.005184331797235023,0.004125412541254125
distance_from_overnight_high,flow_impact,0,3,141,0.9148936170212766,8.205673758865249,-108.0,-23.0,-37.5,0.005187747035573123,0.009160756501182032,0.007142857142857143
distance_from_overnight_high,flow_impact,0,4,180,0.95,15.393055555555556,-385.5,-22.5,-38.25,0.009259259259259259,0.2916666666666667,0.01758065465677617
distance_from_overnight_high,flow_impact,1,0,88,0.9090909090909091,5.105113636363637,-22.25,-13.25,-16.5,-0.875,0.0015664160401002505,-0.0
distance_from_overnight_high,flow_impact,1,1,123,0.8455284552845529,4.4227642276422765,-22.25,-13.0,-16.5,0.0015822784810126582,0.003232758620689655,0.0024509803921568627
distance_from_overnight_high,flow_impact,1,2,119,0.8487394957983193,4.821428571428571,-22.25,-13.0,-16.25,0.003246753246753247,0.005172413793103448,0.004104477611940298
distance_from_overnight_high,flow_impact,1,3,139,0.9136690647482014,6.487410071942446,-22.25,-13.0,-17.0,0.005208333333333333,0.009159482758620689,0.006896551724137931
distance_from_overnight_high,flow_impact,1,4,136,0.9264705882352942,6.049632352941177,-22.25,-13.0,-17.5,0.009236453201970444,0.5,0.014705882352941176
distance_from_overnight_high,flow_impact,2,0,122,0.860655737704918,4.336065573770492,-13.0,-8.0,-10.25,-0.75,0.0015527950310559005,-0.0
distance_from_overnight_high,flow_impact,2,1,119,0.8487394957983193,3.6029411764705883,-13.0,-8.0,-10.5,0.0015800561797752809,0.0032287822878228783,0.0025167785234899327
distance_from_overnight_high,flow_impact,2,2,136,0.8823529411764706,4.025735294117647,-13.0,-8.0,-10.25,0.0032407407407407406,0.005184331797235023,0.004178305400372439
distance_from_overnight_high,flow_impact,2,3,121,0.9090909090909091,4.464876033057851,-13.0,-8.0,-10.5,0.005208333333333333,0.009191176470588236,0.006690997566909975
distance_from_overnight_high,flow_impact,2,4,106,0.8962264150943396,5.025943396226415,-13.0,-8.0,-10.5,0.009210526315789473,0.5,0.013888888888888888
distance_from_overnight_high,flow_impact,3,0,161,0.8509316770186336,2.922360248447205,-8.0,-2.75,-5.5,-0.125,0.0015527950310559005,0.0
distance_from_overnight_high,flow_impact,3,1,153,0.8104575163398693,2.9166666666666665,-8.0,-2.75,-6.0,0.0015748031496062992,0.003234750462107209,0.0023510971786833857
distance_from_overnight_high,flow_impact,3,2,144,0.8541666666666666,3.4444444444444446,-8.0,-2.75,-6.0,0.003257328990228013,0.005154639175257732,0.004054172510518934
distance_from_overnight_high,flow_impact,3,3,79,0.8227848101265823,3.2848101265822787,-8.0,-3.0,-6.25,0.005208333333333333,0.009146341463414634,0.00646551724137931
distance_from_overnight_high,flow_impact,3,4,68,0.8823529411764706,4.8161764705882355,-8.0,-3.0,-6.25,0.009259259259259259,0.3333333333333333,0.015575190575190575
distance_from_overnight_high,flow_impact,4,0,148,0.7905405405405406,3.7179054054054053,-2.75,109.5,8.0,-0.3125,0.0015723270440251573,-0.0011433033100025098
distance_from_overnight_high,flow_impact,4,1,119,0.7815126050420168,3.7331932773109244,-2.75,105.25,6.75,0.0015737410071942446,0.003232758620689655,0.0023148148148148147
distance_from_overnight_high,flow_impact,4,2,98,0.8367346938775511,4.798469387755102,-2.75,107.0,11.5,0.003246753246753247,0.005169172932330827,0.004111886598495915
distance_from_overnight_high,flow_impact,4,3,125,0.832,5.34,-2.75,112.5,11.75,0.005244755244755245,0.009146341463414634,0.006493506493506494
distance_from_overnight_high,flow_impact,4,4,114,0.8157894736842105,4.583333333333333,-2.75,125.5,10.75,0.009196185286103543,0.4583333333333333,0.015649490595611285
distance_from_overnight_high,absorption_ratio,0,0,166,0.9397590361445783,12.08433734939759,-257.0,-22.75,-35.75,5.777777777777778,87.38461538461539,58.364285714285714
distance_from_overnight_high,absorption_ratio,0,1,125,0.912,9.93,-385.5,-22.75,-37.25,87.66666666666667,132.0,107.28571428571429
distance_from_overnight_high,absorption_ratio,0,2,102,0.8823529411764706,7.1838235294117645,-107.75,-22.75,-32.5,132.1818181818182,189.2,158.41666666666669
distance_from_overnight_high,absorption_ratio,0,3,97,0.9587628865979382,8.981958762886597,-345.5,-22.75,-35.25,189.71428571428572,322.6666666666667,239.11111111111111
distance_from_overnight_high,absorption_ratio,0,4,95,0.8631578947368421,8.136842105263158,-110.0,-22.75,-35.0,324.4,4316.0,510.3333333333333
distance_from_overnight_high,absorption_ratio,1,0,138,0.8913043478260869,5.407608695652174,-22.25,-13.25,-17.5,2.4545454545454546,87.23076923076923,65.52631578947368
distance_from_overnight_high,absorption_ratio,1,1,122,0.860655737704918,5.649590163934426,-22.5,-13.0,-17.0,87.6,129.6,106.33333333333334
distance_from_overnight_high,absorption_ratio,1,2,103,0.8737864077669902,5.390776699029126,-22.5,-13.25,-16.5,132.66666666666666,188.83333333333334,157.7
distance_from_overnight_high,absorption_ratio,1,3,112,0.9107142857142857,5.15625,-22.5,-13.25,-16.75,190.36363636363637,319.1,242.32857142857142
distance_from_overnight_high,absorption_ratio,1,4,109,0.8899082568807339,6.126146788990826,-22.75,-13.25,-16.75,331.2,4618.0,499.625
distance_from_overnight_high,absorption_ratio,2,0,103,0.8932038834951457,4.157766990291262,-13.0,-8.25,-10.75,32.816326530612244,87.14285714285714,67.2
distance_from_overnight_high,absorption_ratio,2,1,116,0.8620689655172413,4.206896551724138,-13.0,-8.25,-10.5,87.8,131.66666666666666,108.77777777777777
distance_from_overnight_high,absorption_ratio,2,2,150,0.9,4.39,-13.0,-8.25,-10.375,132.5,188.75,152.93333333333334
distance_from_overnight_high,absorption_ratio,2,3,123,0.8536585365853658,4.063008130081301,-13.0,-8.0,-10.25,190.375,320.2857142857143,241.5
distance_from_overnight_high,absorption_ratio,2,4,92,0.8804347826086957,4.456521739130435,-13.0,-8.0,-10.25,324.0,2559.5,520.3333333333333
distance_from_overnight_high,absorption_ratio,3,0,88,0.8522727272727273,3.5369318181818183,-8.0,-2.75,-5.75,12.285714285714286,87.23076923076923,66.45
distance_from_overnight_high,absorption_ratio,3,1,107,0.822429906542056,3.2149532710280373,-8.0,-3.0,-6.25,88.0,131.11111111111111,110.28571428571429
distance_from_overnight_high,absorption_ratio,3,2,124,0.8548387096774194,3.3649193548387095,-8.0,-3.0,-6.125,132.33333333333334,189.6,157.55
distance_from_overnight_high,absorption_ratio,3,3,133,0.8045112781954887,3.1466165413533833,-8.0,-3.25,-5.75,190.0,320.5,240.25
distance_from_overnight_high,absorption_ratio,3,4,132,0.9015151515151515,3.481060606060606,-8.0,-2.75,-5.75,324.0,4258.0,520.0
distance_from_overnight_high,absorption_ratio,4,0,90,0.7222222222222222,4.311111111111111,-2.75,109.0,8.75,12.0,86.7741935483871,63.83636363636364
distance_from_overnight_high,absorption_ratio,4,1,114,0.8157894736842105,4.326754385964913,-2.75,105.25,11.375,87.84313725490196,132.0,108.77083333333334
distance_from_overnight_high,absorption_ratio,4,2,105,0.7904761904761904,4.366666666666666,-2.75,112.5,11.75,132.5,189.27272727272728,159.4
distance_from_overnight_high,absorption_ratio,4,3,119,0.8235294117647058,4.107142857142857,-2.75,125.5,9.25,190.0,322.5,250.4
distance_from_overnight_high,absorption_ratio,4,4,156,0.8653846153846154,4.9951923076923075,-2.75,109.5,7.5,327.2,3510.0,537.5833333333333
distance_from_overnight_high,microprice_pressure,0,0,154,0.9090909090909091,11.50487012987013,-385.5,-22.5,-32.625,-0.46666666666715173,-0.06862745098078449,-0.13139231056447898
distance_from_overnight_high,microprice_pressure,0,1,102,0.8627450980392157,7.063725490196078,-108.0,-22.5,-32.625,-0.06818181818137721,-0.014705882353155175,-0.03516139657373667
distance_from_overnight_high,microprice_pressure,0,2,110,0.9636363636363636,9.0,-251.5,-22.5,-31.625,-0.013513513513316866,0.027027027026633732,0.0
distance_from_overnight_high,microprice_pressure,0,3,96,0.8958333333333334,9.880208333333334,-252.0,-22.75,-36.75,0.027777777777373558,0.08041958041940234,0.04788564621776459
distance_from_overnight_high,microprice_pressure,0,4,143,0.9370629370629371,9.634615384615385,-253.0,-22.25,-38.5,0.08139534883775923,0.40875232774730347,0.1302521008401527
distance_from_overnight_high,microprice_pressure,1,0,126,0.8888888888888888,4.650793650793651,-22.25,-13.0,-16.625,-0.4770114942530199,-0.06896551724154658,-0.11014120667520425
distance_from_overnight_high,microprice_pressure,1,1,110,0.8545454545454545,4.747727272727273,-22.25,-13.0,-16.5,-0.06701030927797547,-0.01369863013678696,-0.03846153846097877
distance_from_overnight_high,microprice_pressure,1,2,118,0.8813559322033898,5.004237288135593,-22.25,-13.0,-17.125,-0.013513513513316866,0.026946107784169726,0.007645408858782806
distance_from_overnight_high,microprice_pressure,1,3,118,0.9067796610169492,6.052966101694915,-22.25,-13.0,-16.5,0.027027027026633732,0.0813953488371529,0.04852983157312944
distance_from_overnight_high,microprice_pressure,1,4,132,0.9090909090909091,6.653409090909091,-22.25,-13.0,-16.5,0.08163265306211542,0.4166666666666667,0.12283907932427005
distance_from_overnight_high,microprice_pressure,2,0,115,0.8782608695652174,4.98695652173913,-13.0,-8.0,-10.5,-0.37323943661976955,-0.06923076923158078,-0.12295081967264802
distance_from_overnight_high,microprice_pressure,2,1,134,0.8507462686567164,3.6865671641791047,-13.0,-8.0,-10.25,-0.06756756756840332,-0.013761467889708001,-0.03333333333284827
distance_from_overnight_high,microprice_pressure,2,2,124,0.9112903225806451,4.612903225806452,-13.0,-8.0,-10.0,-0.013089005235087825,0.027027027026633732,0.004609175871034192
distance_from_overnight_high,microprice_pressure,2,3,129,0.8682170542635659,4.01937984496124,-13.0,-8.0,-10.25,0.02739726027357392,0.08064516129040082,0.052941176470388505
distance_from_overnight_high,microprice_pressure,2,4,103,0.883495145631068,4.070388349514563,-13.0,-8.0,-10.5,0.08235294117669885,0.4130434782609882,0.1170212765961575
distance_from_overnight_high,microprice_pressure,3,0,100,0.84,3.55,-7.75,-3.0,-5.75,-0.3695652173907244,-0.06862745098017815,-0.10555128697675778
distance_from_overnight_high,microprice_pressure,3,1,138,0.8333333333333334,3.2409420289855073,-8.0,-2.75,-5.875,-0.06830601092951838,-0.01412429378494077,-0.03894872572830839
distance_from_overnight_high,microprice_pressure,3,2,133,0.8345864661654135,3.3778195488721803,-8.0,-2.75,-6.0,-0.013513513513316866,0.026946107784169726,0.007246376811963273
distance_from_overnight_high,microprice_pressure,3,3,129,0.8372093023255814,3.10077519379845,-8.0,-2.75,-5.75,0.027607361962509458,0.0813953488371529,0.052941176470388505
distance_from_overnight_high,microprice_pressure,3,4,104,0.8653846153846154,3.2788461538461537,-8.0,-2.75,-5.75,0.08181818181765266,0.4160305343514968,0.11537037037063178
distance_from_overnight_high,microprice_pressure,4,0,110,0.7636363636363637,3.715909090909091,-2.75,107.0,6.75,-0.3829337094502989,-0.06923076923097445,-0.11498397435858956
distance_from_overnight_high,microprice_pressure,4,1,120,0.825,4.260416666666667,-2.75,109.5,10.5,-0.06756756756779699,-0.013761467889708001,-0.03726851851812778
distance_from_overnight_high,microprice_pressure,4,2,120,0.7916666666666666,4.216666666666667,-2.75,96.0,8.875,-0.013274336283454128,0.027027027026633732,0.008547632963654905
distance_from_overnight_high,microprice_pressure,4,3,132,0.7954545454545454,4.318181818181818,-2.75,125.5,9.375,0.027131782945313414,0.0813953488371529,0.046718559218182534
distance_from_overnight_high,microprice_pressure,4,4,122,0.860655737704918,5.471311475409836,-2.75,112.5,14.375,0.08139534883775923,0.45890410958903277,0.1299081932569
distance_from_overnight_high,cvd_acceleration,0,0,91,0.978021978021978,15.145604395604396,-257.0,-22.5,-37.25,-383.53333333333336,-28.866666666666667,-42.03333333333334
distance_from_overnight_high,cvd_acceleration,0,1,127,0.905511811023622,7.937007874015748,-345.5,-22.25,-38.25,-28.66666666666667,-9.433333333333332,-18.53333333333333
distance_from_overnight_high,cvd_acceleration,0,2,111,0.918918918918919,9.182432432432432,-385.5,-22.5,-32.75,-9.366666666666667,5.133333333333333,-1.6
distance_from_overnight_high,cvd_acceleration,0,3,130,0.9230769230769231,9.138461538461538,-246.75,-22.25,-32.625,5.433333333333333,24.53333333333333,13.850000000000001
distance_from_overnight_high,cvd_acceleration,0,4,150,0.8733333333333333,8.32,-252.0,-22.25,-34.125,25.233333333333334,737.2666666666667,48.46666666666667
distance_from_overnight_high,cvd_acceleration,1,0,120,0.9083333333333333,5.85,-21.75,-13.0,-16.0,-326.9,-28.833333333333336,-49.400000000000006
distance_from_overnight_high,cvd_acceleration,1,1,107,0.9158878504672897,5.373831775700935,-22.0,-13.0,-17.0,-28.833333333333332,-9.5,-19.166666666666664
distance_from_overnight_high,cvd_acceleration,1,2,111,0.8918918918918919,5.876126126126126,-22.0,-13.25,-17.25,-9.299999999999999,5.066666666666666,-2.5666666666666664
distance_from_overnight_high,cvd_acceleration,1,3,120,0.8916666666666667,5.04375,-22.25,-13.0,-16.625,5.333333333333336,24.566666666666666,14.083333333333332
distance_from_overnight_high,cvd_acceleration,1,4,150,0.8533333333333334,5.251666666666667,-22.25,-13.0,-16.5,24.83333333333333,407.93333333333334,48.28333333333334
distance_from_overnight_high,cvd_acceleration,2,0,138,0.8695652173913043,4.40036231884058,-13.0,-8.0,-10.25,-188.96666666666667,-28.966666666666665,-45.349999999999994
distance_from_overnight_high,cvd_acceleration,2,1,119,0.907563025210084,3.939075630252101,-13.0,-8.0,-10.5,-28.400000000000002,-9.433333333333334,-17.133333333333333
distance_from_overnight_high,cvd_acceleration,2,2,124,0.9032258064516129,4.435483870967742,-13.0,-8.0,-10.5,-9.366666666666665,5.1,-2.266666666666667
distance_from_overnight_high,cvd_acceleration,2,3,131,0.8244274809160306,4.2748091603053435,-13.0,-8.0,-10.0,5.299999999999999,24.53333333333333,13.2
distance_from_overnight_high,cvd_acceleration,2,4,97,0.8969072164948454,4.268041237113402,-13.0,-8.0,-10.75,24.933333333333334,294.4333333333333,44.46666666666667
distance_from_overnight_high,cvd_acceleration,3,0,130,0.8538461538461538,3.3634615384615385,-8.0,-2.75,-5.75,-239.93333333333337,-29.23333333333333,-46.78333333333333
distance_from_overnight_high,cvd_acceleration,3,1,150,0.8266666666666667,2.8533333333333335,-8.0,-2.75,-6.0,-28.13333333333333,-9.433333333333332,-18.433333333333337
distance_from_overnight_high,cvd_acceleration,3,2,131,0.8320610687022901,3.1259541984732824,-8.0,-2.75,-6.0,-9.433333333333332,4.800000000000001,-2.2666666666666675
distance_from_overnight_high,cvd_acceleration,3,3,108,0.8425925925925926,3.912037037037037,-8.0,-2.75,-5.75,5.333333333333333,23.900000000000002,13.566666666666666
distance_from_overnight_high,cvd_acceleration,3,4,89,0.8539325842696629,3.4213483146067416,-8.0,-3.0,-5.5,24.799999999999997,220.1,40.56666666666667
distance_from_overnight_high,cvd_acceleration,4,0,130,0.8692307692307693,4.751923076923077,-2.75,109.0,12.25,-297.23333333333335,-28.89999999999999,-49.91666666666667
distance_from_overnight_high,cvd_acceleration,4,1,105,0.8285714285714286,4.34047619047619,-2.75,112.5,8.5,-28.733333333333327,-9.533333333333333,-18.0
distance_from_overnight_high,cvd_acceleration,4,2,132,0.7424242424242424,3.664772727272727,-2.75,125.5,8.0,-9.4,5.066666666666666,-0.8000000000000007
distance_from_overnight_high,cvd_acceleration,4,3,119,0.8067226890756303,4.315126050420168,-2.75,96.0,10.75,5.166666666666664,24.46666666666667,14.200000000000001
distance_from_overnight_high,cvd_acceleration,4,4,122,0.8032786885245902,5.028688524590164,-2.25,109.5,9.0,25.200000000000003,156.26666666666665,45.45
distance_from_overnight_high,trade_sign_autocorr_60s,0,0,200,0.95,15.8825,-385.5,-22.5,-34.75,0.49843118737158887,0.8779214675254838,0.8431330316691605
distance_from_overnight_high,trade_sign_autocorr_60s,0,1,122,0.9508196721311475,8.239754098360656,-108.0,-22.5,-31.875,0.8781686985011912,0.8993172838399475,0.8890395282924999
distance_from_overnight_high,trade_sign_autocorr_60s,0,2,109,0.908256880733945,6.11697247706422,-108.5,-22.5,-37.0,0.8994633990078229,0.913369032798289,0.9071121900223454
distance_from_overnight_high,trade_sign_autocorr_60s,0,3,109,0.8532110091743119,6.057339449541284,-135.25,-22.75,-38.25,0.9137228490319984,0.927211765302968,0.9195567885278699
distance_from_overnight_high,trade_sign_autocorr_60s,0,4,68,0.8529411764705882,4.8786764705882355,-108.5,-22.25,-31.5,0.9273729156238228,0.9660079051383393,0.9365134000511057
distance_from_overnight_high,trade_sign_autocorr_60s,1,0,128,0.9453125,7.40234375,-22.0,-13.25,-17.75,0.5597464439006082,0.8779666973425182,0.8519799437710691
distance_from_overnight_high,trade_sign_autocorr_60s,1,1,124,0.8870967741935484,5.389112903225806,-22.25,-13.0,-16.5,0.8782127856089823,0.8994328287038339,0.8894079406631747
distance_from_overnight_high,trade_sign_autocorr_60s,1,2,124,0.9032258064516129,5.808467741935484,-21.75,-13.0,-16.5,0.8995254508431983,0.9133628727859178,0.9069022390710637
distance_from_overnight_high,trade_sign_autocorr_60s,1,3,117,0.8547008547008547,4.369658119658119,-22.25,-13.0,-17.0,0.9136639248447409,0.9273024252129685,0.9201966099065914
distance_from_overnight_high,trade_sign_autocorr_60s,1,4,114,0.8508771929824561,4.103070175438597,-22.25,-13.0,-16.0,0.9274865248404601,0.9663420442056408,0.9365276566447306
distance_from_overnight_high,trade_sign_autocorr_60s,2,0,98,0.8469387755102041,5.622448979591836,-13.0,-8.0,-10.5,0.1698806975059769,0.8780213729889738,0.8623223902507983
distance_from_overnight_high,trade_sign_autocorr_60s,2,1,113,0.9026548672566371,4.29424778761062,-13.0,-8.0,-10.5,0.8782587399349803,0.8994203742102921,0.8921493614502807
distance_from_overnight_high,trade_sign_autocorr_60s,2,2,117,0.905982905982906,4.047008547008547,-13.0,-8.0,-10.5,0.8996877067126963,0.9136176117611786,0.9060747839969799
distance_from_overnight_high,trade_sign_autocorr_60s,2,3,125,0.848,4.098,-13.0,-8.0,-10.25,0.9136657084702788,0.9272512077294699,0.9194424141544151
distance_from_overnight_high,trade_sign_autocorr_60s,2,4,154,0.8831168831168831,3.699675324675325,-13.0,-8.0,-9.875,0.927355853483879,0.9971126921000345,0.9382339897241401
distance_from_overnight_high,trade_sign_autocorr_60s,3,0,88,0.8181818181818182,3.409090909090909,-8.0,-2.75,-5.25,-0.09759000729485333,0.8760359659601208,0.8610639575807146
distance_from_overnight_high,trade_sign_autocorr_60s,3,1,111,0.8918918918918919,3.0585585585585586,-8.0,-2.75,-5.5,0.8781634372880706,0.8989601117491843,0.8901470834029847
distance_from_overnight_high,trade_sign_autocorr_60s,3,2,117,0.8803418803418803,3.594017094017094,-8.0,-2.75,-6.0,0.8994699361288289,0.913599604124132,0.9069591642733141
distance_from_overnight_high,trade_sign_autocorr_60s,3,3,136,0.8308823529411765,3.422794117647059,-8.0,-2.75,-6.0,0.913812181126986,0.9272576067652437,0.9202777502432972
distance_from_overnight_high,trade_sign_autocorr_60s,3,4,155,0.8064516129032258,3.111290322580645,-8.0,-2.75,-6.0,0.9274432847667367,0.9737612916075934,0.9384354606043408
distance_from_overnight_high,trade_sign_autocorr_60s,4,0,94,0.7340425531914894,5.3111702127659575,-2.75,109.5,6.25,0.6267696267696271,0.8781145633033103,0.8581782937933995
distance_from_overnight_high,trade_sign_autocorr_60s,4,1,137,0.7883211678832117,4.268248175182482,-2.75,109.0,8.25,0.8781939359049671,0.8994217598252002,0.8894995307274332
distance_from_overnight_high,trade_sign_autocorr_60s,4,2,140,0.8357142857142857,4.610714285714286,-2.75,125.5,14.0,0.8995865833485289,0.9136389099464458,0.9073015381109097
distance_from_overnight_high,trade_sign_autocorr_60s,4,3,120,0.875,4.864583333333333,-2.75,96.0,17.0,0.9136486046634242,0.926807856597426,0.9198269411976129
distance_from_overnight_high,trade_sign_autocorr_60s,4,4,116,0.8017241379310345,3.1918103448275863,-2.75,70.25,6.125,0.927350478421248,0.9860546342602644,0.937611985425468
realized_volatility_30s,realized_vol_1m,0,0,586,0.7610921501706485,2.6497440273037545,3.6622658442859016e-05,0.0002521438689571898,0.0002014465031653265,4.473972664774299e-05,0.00034557747244611485,0.00027931075013640184
realized_volatility_30s,realized_vol_1m,0,1,92,0.782608695652174,3.567934782608696,0.00018690790110100525,0.00025216546303288904,0.00023557500879115546,0.0003457706555593905,0.0004313102251056806,0.0003620625524244634
realized_volatility_30s,realized_vol_1m,0,2,5,1.0,4.65,0.00022214623341243329,0.00024625826730430723,0.00023806220888217288,0.00043923373857645274,0.0004890535831537079,0.00046117009066120126
realized_volatility_30s,realized_vol_1m,1,0,97,0.8144329896907216,2.904639175257732,0.00025349154330418496,0.00031309207214140624,0.0002671246621537828,0.0002797916902497705,0.0003456703405972344,0.00032987919412316377
realized_volatility_30s,realized_vol_1m,1,1,450,0.8644444444444445,3.9272222222222224,0.000252437977842087,0.000325383061780454,0.00028904827569426606,0.00034569564478669396,0.00043772528680141023,0.00039135553058101925
realized_volatility_30s,realized_vol_1m,1,2,131,0.8854961832061069,4.108778625954199,0.00025410090477955173,0.0003251787282660296,0.0003079969810376621,0.0004384413888296098,0.000533037515248015,0.0004631597777933127
realized_volatility_30s,realized_vol_1m,1,3,5,0.8,4.9,0.00028446961967405754,0.00032201990950764833,0.0003048954721181074,0.0005366119847540937,0.0005475856435040255,0.0005424482997209479
realized_volatility_30s,realized_vol_1m,2,1,141,0.8865248226950354,4.593971631205674,0.00032552982335793307,0.00039815385878469597,0.0003426052052634433,0.0003616184183984629,0.0004380130305414587,0.0004191139279498192
realized_volatility_30s,realized_vol_1m,2,2,412,0.8592233009708737,4.504854368932039,0.0003259618883841271,0.0004029685746898381,0.0003623538661916046,0.0004382073299776668,0.0005334384016982451,0.00048657643405263407
realized_volatility_30s,realized_vol_1m,2,3,125,0.848,5.062,0.0003272483584995201,0.0004024861370107296,0.0003806371493375966,0.0005338212095334857,0.0006757246590497601,0.0005662620068566517
realized_volatility_30s,realized_vol_1m,2,4,4,1.0,3.5625,0.00035734792013150576,0.0003973059907525947,0.0003727566503640244,0.0007205717127587474,0.001437402207951882,0.000771349832290131
realized_volatility_30s,realized_vol_1m,3,2,134,0.8805970149253731,5.059701492537314,0.00040299208604073033,0.0004914112294656563,0.0004198536998969958,0.0004430749845593321,0.0005337897235504285,0.0005052494756585333
realized_volatility_30s,realized_vol_1m,3,3,460,0.9282608695652174,6.020108695652174,0.00040305014702593435,0.0005214781928476746,0.00045345420629412344,0.0005338254794978439,0.0006937365790572859,0.0006013808927021174
realized_volatility_30s,realized_vol_1m,3,4,89,0.9101123595505618,6.308988764044944,0.00040619790125315274,0.0005210198622274172,0.0004883382462235261,0.0006957262222691312,0.00101807110704087,0.0007301246132351308
realized_volatility_30s,realized_vol_1m,4,3,93,0.9139784946236559,6.311827956989247,0.0005217563367586145,0.0006539362468530631,0.0005461484617005865,0.0005462715328799172,0.0006943932255379076,0.0006575209302185215
realized_volatility_30s,realized_vol_1m,4,4,589,0.9320882852292021,10.405348047538201,0.0005216288340457071,0.004670005244221021,0.0006611732247513159,0.0006943974042116227,0.004933883649044672,0.0008705199793901408
realized_volatility_30s,depth_mid_ask,0,0,48,0.6041666666666666,2.8385416666666665,3.6622658442859016e-05,0.00024902515740365684,0.00018590169863965525,19.0,149.0,123.5
realized_volatility_30s,depth_mid_ask,0,1,60,0.7666666666666667,3.0,4.473772509409247e-05,0.00025014816960050655,0.00021269966507277518,150.0,208.0,183.0
realized_volatility_30s,depth_mid_ask,0,2,123,0.7886178861788617,3.4695121951219514,8.984322392993064e-05,0.0002504119282761197,0.00021517109948250394,210.0,269.0,244.0
realized_volatility_30s,depth_mid_ask,0,3,188,0.7819148936170213,2.8430851063829787,6.355444740616796e-05,0.00024980038074584246,0.0002093764518027158,269.0,350.0,306.5
realized_volatility_30s,depth_mid_ask,0,4,207,0.7584541062801933,2.1618357487922704,0.00010831302474723443,0.0002506462684227951,0.00020373586482713067,351.0,873.0,429.0
realized_volatility_30s,depth_mid_ask,1,0,42,0.8571428571428571,5.958333333333333,0.0002555504969304694,0.0003229269080509148,0.0002961602440375966,45.0,148.0,131.0
realized_volatility_30s,depth_mid_ask,1,1,125,0.912,5.268,0.0002516249028102679,0.0003236743714316283,0.0002928586167113146,150.0,209.0,183.0
realized_volatility_30s,depth_mid_ask,1,2,160,0.90625,4.159375,0.0002521438689571898,0.0003237438015950257,0.0002885269499580121,210.0,269.0,244.5
realized_volatility_30s,depth_mid_ask,1,3,127,0.84251968503937,3.0413385826771653,0.00025349154330418496,0.0003202586361173766,0.00028790522877478197,269.0,350.0,306.0
realized_volatility_30s,depth_mid_ask,1,4,172,0.7906976744186046,2.4447674418604652,0.0002507645836917911,0.000323317654128825,0.00028242209811182124,350.0,777.0,424.0
realized_volatility_30s,depth_mid_ask,2,0,86,0.9069767441860465,6.642441860465116,0.0003238520337066803,0.0004008968325799062,0.0003617872231903317,36.0,149.0,126.0
realized_volatility_30s,depth_mid_ask,2,1,147,0.9183673469387755,5.149659863945578,0.00032400523426629385,0.0004011620193172924,0.0003576400231705491,150.0,210.0,184.0
realized_volatility_30s,depth_mid_ask,2,2,143,0.8321678321678322,4.506993006993007,0.0003240083201801308,0.00040018103260133645,0.0003592603635647992,211.0,269.0,240.0
realized_volatility_30s,depth_mid_ask,2,3,133,0.8270676691729323,4.171052631578948,0.0003242343888784265,0.000399833844622474,0.0003538237295483215,269.0,348.0,302.0
realized_volatility_30s,depth_mid_ask,2,4,116,0.8879310344827587,3.2564655172413794,0.0003238934502632475,0.000400865911605235,0.00036524959293288346,351.0,803.0,413.0
realized_volatility_30s,depth_mid_ask,3,0,136,0.9117647058823529,7.979779411764706,0.00040135634534447644,0.0005180388021499919,0.00045734086224849253,42.0,149.0,120.5
realized_volatility_30s,depth_mid_ask,3,1,169,0.9230769230769231,6.553254437869822,0.00040144981982451346,0.0005173529389684347,0.00044843914737118613,149.0,209.0,181.0
realized_volatility_30s,depth_mid_ask,3,2,121,0.9504132231404959,5.485537190082645,0.000402271991496176,0.0005143230038428624,0.0004448791179922082,210.0,269.0,238.0
realized_volatility_30s,depth_mid_ask,3,3,123,0.8861788617886179,4.310975609756097,0.0004024861370107296,0.0005158864050187222,0.0004458349293620573,270.0,348.0,301.0
realized_volatility_30s,depth_mid_ask,3,4,77,0.8831168831168831,3.5876623376623376,0.0004017911344471649,0.0005182524381975664,0.00043954157053183743,351.0,759.0,404.0
realized_volatility_30s,depth_mid_ask,4,0,314,0.9522292993630573,13.171974522292993,0.0005217563367586145,0.004670005244221021,0.0006980848043308854,5.0,149.0,96.0
realized_volatility_30s,depth_mid_ask,4,1,125,0.904,7.82,0.0005210198622274172,0.0015432917586897352,0.0006144570383100752,150.0,210.0,175.0
realized_volatility_30s,depth_mid_ask,4,2,78,0.9615384615384616,7.730769230769231,0.0005195687413286635,0.0009614283622172484,0.0006117354103854953,211.0,269.0,230.0
realized_volatility_30s,depth_mid_ask,4,3,55,0.9272727272727272,5.122727272727273,0.0005199511676968355,0.00187063009068406,0.0005724789674558426,271.0,346.0,301.0
realized_volatility_30s,depth_mid_ask,4,4,53,0.8301886792452831,3.608490566037736,0.0005194536761754634,0.0012466586256376744,0.0006116873720704079,353.0,1081.0,430.0
realized_volatility_30s,depth_near_ask,0,0,42,0.6190476190476191,2.8154761904761907,3.6622658442859016e-05,0.00024748104741444864,0.000185642216721047,22.0,126.0,92.0
realized_volatility_30s,depth_near_ask,0,1,59,0.7627118644067796,2.8347457627118646,4.473772509409247e-05,0.0002504119282761197,0.00021606924069818444,127.0,182.0,162.0
realized_volatility_30s,depth_near_ask,0,2,133,0.8120300751879699,3.3590225563909772,4.975000622903202e-05,0.0002504048976732401,0.00020870570006283184,183.0,236.0,214.0
realized_volatility_30s,depth_near_ask,0,3,175,0.7542857142857143,2.8,8.988259093185463e-05,0.0002504675091537839,0.00020780706535018117,236.0,304.0,266.0
realized_volatility_30s,depth_near_ask,0,4,217,0.7603686635944701,2.3168202764976957,7.784089863575679e-05,0.0002506462684227951,0.00020504593489555233,304.0,817.0,369.0
realized_volatility_30s,depth_near_ask,1,0,44,0.8863636363636364,6.448863636363637,0.0002555504969304694,0.0003204083660209837,0.00030054980361069855,16.0,126.0,106.5
realized_volatility_30s,depth_near_ask,1,1,104,0.9038461538461539,5.153846153846154,0.0002516249028102679,0.00032319324081484424,0.00028935157736684355,127.0,182.0,156.5
realized_volatility_30s,depth_near_ask,1,2,154,0.8961038961038961,3.9886363636363638,0.00025216546303288904,0.0003236743714316283,0.0002872777621919123,183.0,236.0,212.0
realized_volatility_30s,depth_near_ask,1,3,161,0.8757763975155279,3.4580745341614905,0.00025195581832730354,0.0003237438015950257,0.0002899701469523952,236.0,303.0,261.0
realized_volatility_30s,depth_near_ask,1,4,163,0.7730061349693251,2.394171779141104,0.0002507645836917911,0.000323317654128825,0.0002794988005166517,306.0,1227.0,364.0
realized_volatility_30s,depth_near_ask,2,0,76,0.8947368421052632,6.467105263157895,0.0003252353256936445,0.0004008968325799062,0.0003672607581532282,31.0,126.0,102.5
realized_volatility_30s,depth_near_ask,2,1,156,0.9230769230769231,5.540064102564102,0.0003238520337066803,0.0004011620193172924,0.0003580222665533238,127.0,182.0,159.0
realized_volatility_30s,depth_near_ask,2,2,153,0.8300653594771242,4.462418300653595,0.0003240083201801308,0.00039970648916349313,0.0003533797295058252,183.0,236.0,210.0
realized_volatility_30s,depth_near_ask,2,3,135,0.8666666666666667,3.912962962962963,0.0003238934502632475,0.000400865911605235,0.0003569108477772986,237.0,304.0,267.0
realized_volatility_30s,depth_near_ask,2,4,105,0.8476190476190476,3.223809523809524,0.00032504386729953537,0.0004003655856871998,0.000362774407522078,306.0,1117.0,362.0
realized_volatility_30s,depth_near_ask,3,0,134,0.8805970149253731,7.473880597014926,0.00040135634534447644,0.0005180035466235428,0.00046304569994979803,4.0,126.0,97.0
realized_volatility_30s,depth_near_ask,3,1,184,0.9565217391304348,6.430706521739131,0.00040144981982451346,0.0005180388021499919,0.0004440111667147307,126.0,182.0,158.0
realized_volatility_30s,depth_near_ask,3,2,119,0.907563025210084,5.527310924369748,0.000402271991496176,0.0005170654248612072,0.00045920945217241006,182.0,236.0,206.0
realized_volatility_30s,depth_near_ask,3,3,104,0.8942307692307693,4.795673076923077,0.0004024271644083449,0.0005182524381975664,0.00044388750436436637,238.0,303.0,259.0
realized_volatility_30s,depth_near_ask,3,4,85,0.9058823529411765,3.7852941176470587,0.0004017911344471649,0.0005044652157506492,0.0004339458275207568,305.0,558.0,364.0
realized_volatility_30s,depth_near_ask,4,0,330,0.9545454545454546,12.881818181818181,0.0005216288340457071,0.004670005244221021,0.0006961437836996092,3.0,126.0,77.0
realized_volatility_30s,depth_near_ask,4,1,123,0.9186991869918699,7.853658536585366,0.0005210198622274172,0.0015432917586897352,0.0006165490035983213,126.0,182.0,152.0
realized_volatility_30s,depth_near_ask,4,2,66,0.9393939393939394,6.8977272727272725,0.0005195687413286635,0.0012196499964129079,0.0005808458385863605,183.0,233.0,207.0
realized_volatility_30s,depth_near_ask,4,3,51,0.8431372549019608,4.911764705882353,0.0005194536761754634,0.0009288120797472307,0.0005810156483664452,238.0,299.0,269.0
realized_volatility_30s,depth_near_ask,4,4,55,0.8909090909090909,4.85,0.000521003657982377,0.00187063009068406,0.0006380465123547465,306.0,1305.0,386.0
realized_volatility_30s,queue_imbalance_std_5s,0,0,311,0.7331189710610932,2.4742765273311895,4.473772509409247e-05,0.0002504675091537839,0.00019685960241002556,0.0,0.07327252604458291,0.04853320302936102
realized_volatility_30s,queue_imbalance_std_5s,0,1,164,0.7865853658536586,2.673780487804878,7.783390269675746e-05,0.00025064050022845,0.00021584451848255545,0.073362966850013,0.10423894833769748,0.08619405479428895
realized_volatility_30s,queue_imbalance_std_5s,0,2,91,0.8681318681318682,3.6346153846153846,7.784089863575679e-05,0.0002506462684227951,0.0002150239549253972,0.10471299170138962,0.13994247255257908,0.11947617883158287
realized_volatility_30s,queue_imbalance_std_5s,0,3,42,0.7142857142857143,3.3035714285714284,0.00013422117283014986,0.00024748104741444864,0.00021715544140337367,0.141404676441697,0.19381062265570256,0.15364793725852138
realized_volatility_30s,queue_imbalance_std_5s,0,4,16,0.625,2.890625,0.00010913561476180515,0.00024929807240136427,0.00021746559116179307,0.20008018137004735,0.44194616071832665,0.24894636375631912
realized_volatility_30s,queue_imbalance_std_5s,1,0,177,0.7966101694915254,3.0155367231638417,0.0002510305561277978,0.00032237453857576287,0.0002857834693667964,0.022441340739420695,0.07335128700889335,0.056235999347978786
realized_volatility_30s,queue_imbalance_std_5s,1,1,181,0.9005524861878453,3.7596685082872927,0.0002516249028102679,0.00032319324081484424,0.00028717701513081344,0.07343408988803643,0.1036452639353513,0.08617011697776333
realized_volatility_30s,queue_imbalance_std_5s,1,2,124,0.8548387096774194,3.7701612903225805,0.0002507645836917911,0.0003229269080509148,0.00028175327254586363,0.10484306756888032,0.13970913889547695,0.12139776652013895
realized_volatility_30s,queue_imbalance_std_5s,1,3,92,0.9021739130434783,4.521739130434782,0.00025349154330418496,0.000323317654128825,0.00030143726423252306,0.14052058879391824,0.19192408851458673,0.15975238320290075
realized_volatility_30s,queue_imbalance_std_5s,1,4,50,0.88,5.635,0.0002639594154250547,0.00032186274590705207,0.0002867060073327941,0.1948138140293511,0.49756515381649996,0.22455401518721566
realized_volatility_30s,queue_imbalance_std_5s,2,0,86,0.813953488372093,3.5290697674418605,0.0003238934502632475,0.0004003655856871998,0.00035482603425005676,0.021611677893386413,0.07300082025518584,0.060425594372692557
realized_volatility_30s,queue_imbalance_std_5s,2,1,137,0.9343065693430657,4.589416058394161,0.00032400523426629385,0.0004008968325799062,0.0003511478672353966,0.07346353334047279,0.10455608551752815,0.0899477515764528
realized_volatility_30s,queue_imbalance_std_5s,2,2,169,0.8520710059171598,4.72189349112426,0.00032607979624654635,0.0003995371920829462,0.0003616513931491476,0.1046050187815045,0.14001902363232738,0.12273605846964314
realized_volatility_30s,queue_imbalance_std_5s,2,3,153,0.8366013071895425,4.815359477124183,0.0003236743714316283,0.000400865911605235,0.0003661134102227909,0.14075738455348627,0.1942874156948891,0.1616409285757916
realized_volatility_30s,queue_imbalance_std_5s,2,4,79,0.9367088607594937,5.487341772151899,0.0003242343888784265,0.0004006742455490303,0.0003589647277538821,0.19543949674037436,0.3875229367386167,0.2212603039920235
realized_volatility_30s,queue_imbalance_std_5s,3,0,45,0.8,3.6666666666666665,0.0004011492165632103,0.0005129678371692804,0.00041980030175915945,0.027094182321105994,0.07323292700009158,0.06073375212224534
realized_volatility_30s,queue_imbalance_std_5s,3,1,99,0.9393939393939394,6.015151515151516,0.0004011620193172924,0.0005170654248612072,0.00043489394891416697,0.07377499483558964,0.10446511573261655,0.0920267728030022
realized_volatility_30s,queue_imbalance_std_5s,3,2,150,0.9066666666666666,5.581666666666667,0.000402271991496176,0.0005147479108857701,0.0004456402817978578,0.10456459424597356,0.13934688611207577,0.12200913371282275
realized_volatility_30s,queue_imbalance_std_5s,3,3,178,0.9382022471910112,5.827247191011236,0.00040226001041768076,0.0005155128435679003,0.00045558048439977054,0.1407190981047491,0.19464679791793146,0.16748040655900914
realized_volatility_30s,queue_imbalance_std_5s,3,4,152,0.9013157894736842,6.6792763157894735,0.00040135634534447644,0.0005180035466235428,0.0004608209919912452,0.1950712922650231,0.43863390027780463,0.23078458685914277
realized_volatility_30s,queue_imbalance_std_5s,4,0,5,0.6,1.8,0.0005264414910243603,0.00060657199873174,0.0005454765677860617,0.0654750202058769,0.07193070413144266,0.07010892783232998
realized_volatility_30s,queue_imbalance_std_5s,4,1,43,0.8837209302325582,6.093023255813954,0.0005182524381975664,0.0010961790013765277,0.0006072702411746196,0.07353356549137247,0.10455507627566861,0.09394960584643666
realized_volatility_30s,queue_imbalance_std_5s,4,2,90,0.9333333333333333,6.552777777777778,0.0005199511676968355,0.001872060243864998,0.0005963064731804113,0.10470354389480838,0.1398734547565807,0.12513521257330756
realized_volatility_30s,queue_imbalance_std_5s,4,3,159,0.9245283018867925,9.080188679245284,0.0005180388021499919,0.0015654248346842526,0.0006213690967853791,0.14007582942596694,0.19425791644394533,0.1721364876695793
realized_volatility_30s,queue_imbalance_std_5s,4,4,327,0.944954128440367,11.84709480122324,0.0005195687413286635,0.004670005244221021,0.0006764346031138795,0.19484012567907769,0.5284150918131977,0.2555282769846679
realized_volatility_30s,cancel_rate_ask,0,0,347,0.7146974063400576,2.4322766570605188,3.6622658442859016e-05,0.0002506462684227951,0.00019834598925400323,0.0,1.2,0.4
realized_volatility_30s,cancel_rate_ask,0,1,190,0.8210526315789474,3.0723684210526314,0.00010130197546662251,0.00025064050022845,0.0002135446927946691,1.2,2.2,1.6
realized_volatility_30s,cancel_rate_ask,0,2,68,0.8088235294117647,3.0551470588235294,0.000149778728786808,0.0002504048976732401,0.0002231762862460993,2.2,3.8,3.0
realized_volatility_30s,cancel_rate_ask,0,3,18,0.8888888888888888,4.722222222222222,0.00018437653234108876,0.00024625826730430723,0.00022372236914531556,3.8,6.6,4.4
realized_volatility_30s,cancel_rate_ask,0,4,2,0.5,2.0,0.00022900185603948878,0.00023029719862202933,0.00022964952733075904,7.2,7.2,7.2
realized_volatility_30s,cancel_rate_ask,1,0,174,0.8390804597701149,2.8491379310344827,0.0002510305561277978,0.000323317654128825,0.00027920905580201973,0.0,1.2,0.6
realized_volatility_30s,cancel_rate_ask,1,1,205,0.8829268292682927,4.040243902439024,0.0002507645836917911,0.00032294762434629935,0.0002873408570480263,1.2,2.2,1.6
realized_volatility_30s,cancel_rate_ask,1,2,158,0.8544303797468354,4.004746835443038,0.0002516249028102679,0.00032319324081484424,0.00029311737725488566,2.4,3.8,2.8
realized_volatility_30s,cancel_rate_ask,1,3,81,0.8518518518518519,4.929012345679013,0.00025291393940957493,0.00032312453336063034,0.0002991555069248485,3.8,6.4,4.6
realized_volatility_30s,cancel_rate_ask,1,4,6,1.0,3.9166666666666665,0.0002831363848651286,0.0003136384038387916,0.0002966406569407644,6.8,13.6,8.899999999999999
realized_volatility_30s,cancel_rate_ask,2,0,74,0.8783783783783784,3.4662162162162162,0.0003259618883841271,0.0004003655856871998,0.00035450546851279396,0.0,1.2,0.8
realized_volatility_30s,cancel_rate_ask,2,1,149,0.87248322147651,4.412751677852349,0.0003240083201801308,0.0003987469432309249,0.00035509452438695977,1.2,2.2,1.8
realized_volatility_30s,cancel_rate_ask,2,2,186,0.8172043010752689,4.032258064516129,0.0003236743714316283,0.0003995371920829462,0.0003595948420146734,2.4,3.8,3.2
realized_volatility_30s,cancel_rate_ask,2,3,152,0.9078947368421053,5.965460526315789,0.0003238934502632475,0.0004008968325799062,0.00036225927008077277,3.8,6.8,4.8
realized_volatility_30s,cancel_rate_ask,2,4,63,0.9365079365079365,5.234126984126984,0.00032664518331003905,0.000399833844622474,0.00037072822244974934,6.8,86.2,8.8
realized_volatility_30s,cancel_rate_ask,3,0,25,0.84,3.2,0.0004039878160876134,0.0004941112961024635,0.0004164793865529992,0.0,1.2,1.0
realized_volatility_30s,cancel_rate_ask,3,1,63,0.9365079365079365,4.654761904761905,0.00040346375007550443,0.0005112364613263585,0.00043610823614338576,1.2,2.2,1.8
realized_volatility_30s,cancel_rate_ask,3,2,158,0.9113924050632911,4.794303797468355,0.0004011492165632103,0.0005158864050187222,0.0004369802662556232,2.4,3.8,3.2
realized_volatility_30s,cancel_rate_ask,3,3,236,0.9152542372881356,6.134533898305085,0.0004011620193172924,0.0005166306344462474,0.000453887006685968,3.8,6.8,5.0
realized_volatility_30s,cancel_rate_ask,3,4,142,0.9084507042253521,7.547535211267606,0.00040226001041768076,0.0005180035466235428,0.0004710808641850853,6.8,31.0,9.2
realized_volatility_30s,cancel_rate_ask,4,0,5,1.0,5.2,0.0005371851747397364,0.0008608816111166394,0.0006258752122590656,0.0,1.2,1.0
realized_volatility_30s,cancel_rate_ask,4,1,17,0.8235294117647058,4.161764705882353,0.0005214781928476746,0.0006479310736877349,0.0005883789214314925,1.4,2.2,1.8
realized_volatility_30s,cancel_rate_ask,4,2,54,0.9074074074074074,5.277777777777778,0.0005182524381975664,0.0012196499964129079,0.0005516414535688575,2.4,3.8,3.3
realized_volatility_30s,cancel_rate_ask,4,3,137,0.9197080291970803,7.147810218978102,0.0005180388021499919,0.0015414107542118696,0.0005916157759067084,4.0,6.8,5.4
realized_volatility_30s,cancel_rate_ask,4,4,411,0.9416058394160584,11.721411192214111,0.0005195687413286635,0.004670005244221021,0.0006816955969243402,6.8,222.2,13.0
realized_volatility_30s,cancel_ratio,0,0,274,0.7262773722627737,2.521897810218978,3.6622658442859016e-05,0.0002506462684227951,0.0002004338092669668,0.0,0.030303030303030304,0.016760299625468163
realized_volatility_30s,cancel_ratio,0,1,161,0.8322981366459627,3.091614906832298,8.984322392993064e-05,0.0002503890798233366,0.00021506334039651069,0.030303030303030304,0.04519774011299435,0.03747072599531616
realized_volatility_30s,cancel_ratio,0,2,87,0.8045977011494253,2.646551724137931,0.00010130197546662251,0.0002504119282761197,0.00021359133911282252,0.045454545454545456,0.05894736842105263,0.05054151624548736
realized_volatility_30s,cancel_ratio,0,3,61,0.6885245901639344,2.5942622950819674,6.642306908100601e-05,0.00025014816960050655,0.00021700938670225504,0.05950095969289827,0.08016877637130802,0.06666666666666667
realized_volatility_30s,cancel_ratio,0,4,42,0.7380952380952381,3.505952380952381,4.473972664774299e-05,0.0002504048976732401,0.0001947958866164517,0.08064516129032258,0.4123173277661795,0.10191431445647672
realized_volatility_30s,cancel_ratio,1,0,192,0.8645833333333334,3.1315104166666665,0.0002510305561277978,0.000323317654128825,0.00028052700175592324,0.004338394793926247,0.03017241379310345,0.01983054483054483
realized_volatility_30s,cancel_ratio,1,1,159,0.8679245283018868,3.8254716981132075,0.0002507645836917911,0.00032201990950764833,0.0002876098751711275,0.030395136778115502,0.045454545454545456,0.03836930455635491
realized_volatility_30s,cancel_ratio,1,2,129,0.8914728682170543,4.151162790697675,0.0002516249028102679,0.00032312453336063034,0.00029486154049667026,0.045714285714285714,0.0584958217270195,0.052083333333333336
realized_volatility_30s,cancel_ratio,1,3,91,0.8021978021978022,4.225274725274725,0.00025107571991845804,0.00032319324081484424,0.0002872146673357983,0.059147180192572216,0.08029197080291971,0.0663265306122449
realized_volatility_30s,cancel_ratio,1,4,53,0.8490566037735849,4.716981132075472,0.0002542379635761689,0.0003204083660209837,0.0002976483111961421,0.08125,0.3888888888888889,0.10606060606060606
realized_volatility_30s,cancel_ratio,2,0,102,0.8921568627450981,3.909313725490196,0.0003242343888784265,0.0004003655856871998,0.00035733426845594926,0.003401360544217687,0.030136986301369864,0.02087484599874026
realized_volatility_30s,cancel_ratio,2,1,138,0.8188405797101449,3.858695652173913,0.0003238520337066803,0.000399833844622474,0.0003549189809950355,0.030303030303030304,0.045454545454545456,0.038838226699212705
realized_volatility_30s,cancel_ratio,2,2,152,0.875,4.84375,0.0003237438015950257,0.00039923529651692994,0.00035600074490270927,0.04559270516717325,0.05904761904761905,0.05183763417928485
realized_volatility_30s,cancel_ratio,2,3,121,0.8429752066115702,4.301652892561983,0.0003238934502632475,0.000400865911605235,0.00036304166543539476,0.0592,0.0802675585284281,0.06715506715506715
realized_volatility_30s,cancel_ratio,2,4,111,0.9459459459459459,6.418918918918919,0.0003236743714316283,0.0004008968325799062,0.0003654729206256001,0.08047493403693931,0.35066079295154184,0.10021786492374728
realized_volatility_30s,cancel_ratio,3,0,43,0.8837209302325582,3.63953488372093,0.0004040989788314345,0.0005155128435679003,0.0004338519220288649,0.004672897196261682,0.03024193548387097,0.023718439173680182
realized_volatility_30s,cancel_ratio,3,1,113,0.9292035398230089,4.493362831858407,0.00040299208604073033,0.0005116283770910642,0.0004335972162909552,0.030319436924742826,0.04532163742690058,0.03862660944206009
realized_volatility_30s,cancel_ratio,3,2,152,0.9078947368421053,5.2582236842105265,0.0004011492165632103,0.0005158864050187222,0.00044723832156887974,0.04557405784399649,0.05913272010512484,0.05189282095817051
realized_volatility_30s,cancel_ratio,3,3,170,0.9176470588235294,6.711764705882353,0.0004023950554423573,0.0005180035466235428,0.00045633228534869546,0.059322033898305086,0.08020304568527918,0.06977970058548877
realized_volatility_30s,cancel_ratio,3,4,146,0.9041095890410958,7.162671232876712,0.0004011620193172924,0.0005166306344462474,0.00045797895792861994,0.08086253369272237,0.3218475073313783,0.0969730012648842
realized_volatility_30s,cancel_ratio,4,0,14,0.8571428571428571,4.946428571428571,0.0005214781928476746,0.001189841682424841,0.0006061939771947146,0.007978723404255319,0.030206677265500796,0.024367911647629685
realized_volatility_30s,cancel_ratio,4,1,53,0.8679245283018868,5.117924528301887,0.0005182524381975664,0.0012466586256376744,0.000587115677967939,0.03111495246326707,0.044902912621359224,0.040123456790123455
realized_volatility_30s,cancel_ratio,4,2,104,0.8846153846153846,6.649038461538462,0.0005194536761754634,0.0012196499964129079,0.0006050704040085611,0.04548789435069699,0.05910390848427073,0.05287332324234041
realized_volatility_30s,cancel_ratio,4,3,181,0.9337016574585635,8.43646408839779,0.0005217563367586145,0.0015432917586897352,0.0006128582707718209,0.059297912713472484,0.08027282266526757,0.07080419580419581
realized_volatility_30s,cancel_ratio,4,4,272,0.9632352941176471,13.306985294117647,0.0005180388021499919,0.004670005244221021,0.0007058269067810674,0.08031674208144797,0.31936284110197155,0.10352136181575435
realized_volatility_30s,z_anchor_vwap,0,0,141,0.7801418439716312,2.723404255319149,0.00010130197546662251,0.00025202131941606836,0.0002118687177293638,-131.75275377959088,-10.25871993967875,-16.069233950636498
realized_volatility_30s,z_anchor_vwap,0,1,164,0.7987804878048781,2.8597560975609757,8.18847561859846e-05,0.00025216546303288904,0.00020858355668086596,-10.10566800442233,-3.9980879099059177,-6.686956519961497
realized_volatility_30s,z_anchor_vwap,0,2,142,0.7535211267605634,2.660211267605634,3.6622658442859016e-05,0.0002504048976732401,0.0002056730277594833,-3.964222925733512,-0.3620328601168605,-2.4030742405299903
realized_volatility_30s,z_anchor_vwap,0,3,146,0.7465753424657534,2.7363013698630136,4.473772509409247e-05,0.0002519051357905407,0.00020269574589017886,-0.29794357161320056,3.9980493070424488,1.3780579820825085
realized_volatility_30s,z_anchor_vwap,0,4,90,0.7333333333333333,3.0444444444444443,8.936051388795423e-05,0.00025107571991845804,0.0002141875323985332,4.0823839095142915,92.21314238661982,9.397283762902852
realized_volatility_30s,z_anchor_vwap,1,0,130,0.8692307692307693,4.55,0.00025291393940957493,0.000325383061780454,0.00029380065328970194,-269.9587944461216,-10.133870273890679,-17.184686367947826
realized_volatility_30s,z_anchor_vwap,1,1,149,0.8657718120805369,3.73993288590604,0.00025261472665430787,0.00032443033572235216,0.0002872146673357983,-9.866093960337325,-4.003742044708784,-6.096459653067656
realized_volatility_30s,z_anchor_vwap,1,2,145,0.8620689655172413,3.6724137931034484,0.000252437977842087,0.000323317654128825,0.0002903148778764793,-3.8743060026659313,-0.3024149780151194,-1.9966425367437977
realized_volatility_30s,z_anchor_vwap,1,3,142,0.8450704225352113,3.408450704225352,0.0002527352355645067,0.0003236743714316283,0.00028978319127726806,-0.25611714710693534,3.934752165846137,1.1885930028897187
realized_volatility_30s,z_anchor_vwap,1,4,117,0.8632478632478633,3.8162393162393164,0.00025349154330418496,0.00032504386729953537,0.00028446961967405754,4.057177768139474,248.88138359560156,11.40624362989545
realized_volatility_30s,z_anchor_vwap,2,0,139,0.9280575539568345,5.440647482014389,0.0003255568638610806,0.00040270194513425124,0.0003641297600331656,-335.9094443166101,-10.224273168138039,-20.32860993720858
realized_volatility_30s,z_anchor_vwap,2,1,140,0.8357142857142857,4.683928571428571,0.00032552982335793307,0.0004024861370107296,0.00036050379046017895,-10.086451303562711,-4.005667635893574,-6.387400511930959
realized_volatility_30s,z_anchor_vwap,2,2,137,0.8905109489051095,4.815693430656935,0.00032607979624654635,0.0004029685746898381,0.00035424218005263345,-3.955914161638755,-0.3156818665572495,-1.9938633884997818
realized_volatility_30s,z_anchor_vwap,2,3,128,0.8515625,4.078125,0.0003256267194381027,0.0004024271644083449,0.0003601464861186571,-0.2937740220465935,4.003779354149817,1.4708729022983151
realized_volatility_30s,z_anchor_vwap,2,4,138,0.8115942028985508,4.036231884057971,0.00032681362257359783,0.0004023950554423573,0.00036323246330130857,4.076088215414108,542.7765132234626,12.422344913849852
realized_volatility_30s,z_anchor_vwap,3,0,147,0.9387755102040817,7.394557823129252,0.0004037320611896578,0.000521003657982377,0.0004486224105738741,-547.3154243611832,-10.123267675529272,-21.59535069082064
realized_volatility_30s,z_anchor_vwap,3,1,119,0.9243697478991597,5.428571428571429,0.00040328402061279355,0.0005147479108857701,0.00044188366538896323,-10.04048354329272,-4.021450861960761,-6.219501450181725
realized_volatility_30s,z_anchor_vwap,3,2,136,0.8676470588235294,5.4099264705882355,0.00040299208604073033,0.0005145261134589761,0.0004433784682772841,-3.991372481745125,-0.30708590044016915,-2.0366849806419913
realized_volatility_30s,z_anchor_vwap,3,3,132,0.946969696969697,4.899621212121212,0.00040305014702593435,0.0005214781928476746,0.00044206814166333357,-0.2685703387510855,4.051740304797976,1.5213408469348138
realized_volatility_30s,z_anchor_vwap,3,4,149,0.9060402684563759,5.99496644295302,0.0004053551094732999,0.0005194536761754634,0.0004652497496186883,4.164626485147594,396.82985171411207,11.618297501747737
realized_volatility_30s,z_anchor_vwap,4,0,126,0.9523809523809523,10.851190476190476,0.0005222157065887126,0.0020092941139682706,0.0006280000251928564,-339.62630337939805,-10.12651633746744,-18.792949283867195
realized_volatility_30s,z_anchor_vwap,4,1,111,0.963963963963964,9.623873873873874,0.0005216288340457071,0.00419905093243615,0.0006501777687660329,-10.05762484722977,-3.9938560375533325,-6.455911321198242
realized_volatility_30s,z_anchor_vwap,4,2,122,0.9508196721311475,13.022540983606557,0.0005230602476490552,0.004670005244221021,0.0006395975065243741,-3.9893700171955455,-0.33051208859100256,-2.2325652521552675
realized_volatility_30s,z_anchor_vwap,4,3,135,0.9185185185185185,9.046296296296296,0.0005230058652524364,0.004510975192658496,0.0006317514770209164,-0.2882392816384838,4.048311447209018,1.3514189903100018
realized_volatility_30s,z_anchor_vwap,4,4,188,0.8882978723404256,7.820478723404255,0.0005217563367586145,0.002744164527331549,0.0006412407197604322,4.114599038003861,500.9351348995934,10.648199644674662
realized_volatility_30s,distance_from_session_vwap_anchor,0,0,98,0.8061224489795918,3.020408163265306,0.00010831302474723443,0.00025202131941606836,0.0002193352393534623,-50.0,-9.75,-15.5
realized_volatility_30s,distance_from_session_vwap_anchor,0,1,173,0.791907514450867,2.8338150289017343,9.91069224359692e-05,0.0002521438689571898,0.00020846141329890008,-9.5,-3.75,-5.75
realized_volatility_30s,distance_from_session_vwap_anchor,0,2,177,0.7401129943502824,2.4929378531073447,3.6622658442859016e-05,0.00025216546303288904,0.00020203257366859095,-3.75,-0.25,-2.25
realized_volatility_30s,distance_from_session_vwap_anchor,0,3,164,0.7439024390243902,2.7332317073170733,4.473772509409247e-05,0.0002519051357905407,0.00020323334809886146,-0.25,4.0,1.25
realized_volatility_30s,distance_from_session_vwap_anchor,0,4,71,0.7605633802816901,3.2183098591549295,8.936051388795423e-05,0.00025107571991845804,0.00021688607030781622,4.0,23.25,9.75
realized_volatility_30s,distance_from_session_vwap_anchor,1,0,105,0.8761904761904762,4.997619047619048,0.00025291393940957493,0.000325383061780454,0.0002943604500043948,-69.5,-9.75,-17.5
realized_volatility_30s,distance_from_session_vwap_anchor,1,1,157,0.8535031847133758,3.5684713375796178,0.00025261472665430787,0.0003251787081675955,0.00028902255070705597,-9.5,-3.75,-6.0
realized_volatility_30s,distance_from_session_vwap_anchor,1,2,157,0.8662420382165605,3.5143312101910826,0.000252437977842087,0.000323317654128825,0.00028964514483490833,-3.75,-0.25,-2.0
realized_volatility_30s,distance_from_session_vwap_anchor,1,3,162,0.8641975308641975,3.427469135802469,0.0002527352355645067,0.00032504386729953537,0.00028978319127726806,-0.25,4.0,1.25
realized_volatility_30s,distance_from_session_vwap_anchor,1,4,102,0.8431372549019608,4.115196078431373,0.00025349154330418496,0.00032503993052697416,0.0002836086760980586,4.0,29.0,10.75
realized_volatility_30s,distance_from_session_vwap_anchor,2,0,140,0.9,5.651785714285714,0.0003255568638610806,0.00040270194513425124,0.00036374661874592664,-47.75,-9.5,-16.75
realized_volatility_30s,distance_from_session_vwap_anchor,2,1,133,0.849624060150376,4.432330827067669,0.0003259618883841271,0.0004024861370107296,0.0003560425326657585,-9.5,-3.75,-6.5
realized_volatility_30s,distance_from_session_vwap_anchor,2,2,138,0.8840579710144928,4.3605072463768115,0.00032552982335793307,0.0004029685746898381,0.0003563552102383786,-3.75,-0.25,-1.75
realized_volatility_30s,distance_from_session_vwap_anchor,2,3,141,0.8723404255319149,4.347517730496454,0.0003256267194381027,0.0004024271644083449,0.0003594517878218794,-0.25,4.0,1.25
realized_volatility_30s,distance_from_session_vwap_anchor,2,4,130,0.8076923076923077,4.2711538461538465,0.00032681362257359783,0.0004023950554423573,0.00036419739378190446,4.0,60.5,11.375
realized_volatility_30s,distance_from_session_vwap_anchor,3,0,150,0.9266666666666666,7.381666666666667,0.0004037320611896578,0.0005195687413286635,0.00044967794389197944,-71.25,-9.5,-17.75
realized_volatility_30s,distance_from_session_vwap_anchor,3,1,118,0.940677966101695,5.463983050847458,0.00040328402061279355,0.000521003657982377,0.0004491611043485876,-9.5,-3.75,-6.25
realized_volatility_30s,distance_from_session_vwap_anchor,3,2,135,0.8666666666666667,4.85,0.00040299208604073033,0.0005145261134589761,0.00043610823614338576,-3.75,-0.25,-1.75
realized_volatility_30s,distance_from_session_vwap_anchor,3,3,126,0.9285714285714286,5.400793650793651,0.00040305014702593435,0.0005214781928476746,0.0004453974304204978,-0.25,4.0,1.0
realized_volatility_30s,distance_from_session_vwap_anchor,3,4,154,0.922077922077922,5.983766233766234,0.00040443761330318184,0.0005194536761754634,0.00046562417663760096,4.0,75.25,11.0
realized_volatility_30s,distance_from_session_vwap_anchor,4,0,190,0.9526315789473684,13.406578947368422,0.0005222157065887126,0.004670005244221021,0.0006515095977338166,-131.75,-9.75,-17.375
realized_volatility_30s,distance_from_session_vwap_anchor,4,1,102,0.9509803921568627,9.365196078431373,0.0005216288340457071,0.0027644858921380385,0.0006322943724886926,-9.5,-4.0,-6.625
realized_volatility_30s,distance_from_session_vwap_anchor,4,2,75,0.96,8.156666666666666,0.0005249088708168462,0.004510975192658496,0.0006073032554254948,-3.75,-0.25,-1.25
realized_volatility_30s,distance_from_session_vwap_anchor,4,3,90,0.9,7.711111111111111,0.0005230058652524364,0.002282555116321346,0.0006107756169339994,-0.25,4.0,1.125
realized_volatility_30s,distance_from_session_vwap_anchor,4,4,225,0.9022222222222223,8.477777777777778,0.0005217563367586145,0.002744164527331549,0.0006479310736877349,4.0,80.0,13.5
realized_volatility_30s,bid_depth_curvature,0,0,191,0.7853403141361257,2.4960732984293195,6.355444740616796e-05,0.0002506462684227951,0.00020634243980784123,-53.25,-17.5,-22.0
realized_volatility_30s,bid_depth_curvature,0,1,147,0.7755102040816326,2.619047619047619,7.784089863575679e-05,0.00024944813021547354,0.0002043747347546767,-17.375,-13.125,-14.875
realized_volatility_30s,bid_depth_curvature,0,2,144,0.7083333333333334,2.6840277777777777,4.975000622903202e-05,0.0002503448346859049,0.00020692630945182464,-13.0,-9.75,-11.375
realized_volatility_30s,bid_depth_curvature,0,3,98,0.8367346938775511,3.4719387755102042,4.473772509409247e-05,0.00025034927705753514,0.00021402009697454107,-9.75,-6.75,-8.4375
realized_volatility_30s,bid_depth_curvature,0,4,46,0.6086956521739131,2.967391304347826,3.6622658442859016e-05,0.0002489003418782528,0.00018867464945904422,-6.75,0.875,-4.9375
realized_volatility_30s,bid_depth_curvature,1,0,162,0.8271604938271605,2.8626543209876543,0.00025202131941606836,0.0003237438015950257,0.00028904827569426606,-66.25,-17.5,-20.625
realized_volatility_30s,bid_depth_curvature,1,1,139,0.8129496402877698,2.9658273381294964,0.00025107571991845804,0.00032186274590705207,0.00028338208495583484,-17.375,-13.0,-15.125
realized_volatility_30s,bid_depth_curvature,1,2,137,0.8759124087591241,4.094890510948905,0.0002507645836917911,0.00032319324081484424,0.00028951852114851773,-13.0,-9.75,-11.25
realized_volatility_30s,bid_depth_curvature,1,3,134,0.9029850746268657,4.8059701492537314,0.00025291393940957493,0.0003236743714316283,0.00028912088203530994,-9.75,-6.875,-8.375
realized_volatility_30s,bid_depth_curvature,1,4,54,0.9259259259259259,5.555555555555555,0.0002516249028102679,0.00032312453336063034,0.00029043711414180955,-6.75,44.25,-5.5625
realized_volatility_30s,bid_depth_curvature,2,0,120,0.8583333333333333,3.68125,0.00032504386729953537,0.0004003655856871998,0.00036083996637379767,-47.875,-17.5,-21.0625
realized_volatility_30s,bid_depth_curvature,2,1,130,0.8692307692307693,3.9384615384615387,0.0003238934502632475,0.000400865911605235,0.00036077413090182856,-17.375,-13.0,-14.9375
realized_volatility_30s,bid_depth_curvature,2,2,137,0.8759124087591241,4.768248175182482,0.0003242343888784265,0.0004006742455490303,0.0003574360863264373,-13.0,-9.75,-11.375
realized_volatility_30s,bid_depth_curvature,2,3,141,0.8723404255319149,5.171985815602837,0.0003238520337066803,0.0004011492165632103,0.00035797296914312536,-9.75,-6.875,-8.125
realized_volatility_30s,bid_depth_curvature,2,4,97,0.8865979381443299,5.865979381443299,0.0003252353256936445,0.0004011620193172924,0.00036136062887743404,-6.75,25.375,-5.375
realized_volatility_30s,bid_depth_curvature,3,0,93,0.9247311827956989,4.693548387096774,0.00040135634534447644,0.0005158864050187222,0.0004430431358530551,-63.375,-17.5,-19.875
realized_volatility_30s,bid_depth_curvature,3,1,130,0.8846153846153846,4.805769230769231,0.0004017911344471649,0.0005182524381975664,0.00044193492399621933,-17.5,-13.0,-14.875
realized_volatility_30s,bid_depth_curvature,3,2,123,0.8780487804878049,5.103658536585366,0.000402271991496176,0.0005180388021499919,0.0004499586604004933,-13.0,-9.75,-11.25
realized_volatility_30s,bid_depth_curvature,3,3,131,0.9618320610687023,6.614503816793893,0.0004024271644083449,0.0005148982208503461,0.00045449592842821687,-9.625,-6.875,-8.25
realized_volatility_30s,bid_depth_curvature,3,4,149,0.9194630872483222,7.432885906040268,0.00040144981982451346,0.0005180035466235428,0.000455121893492123,-6.75,11.5,-5.375
realized_volatility_30s,bid_depth_curvature,4,0,60,0.85,5.25,0.0005199511676968355,0.002500527775860965,0.0006282983289996526,-54.25,-17.5,-21.6875
realized_volatility_30s,bid_depth_curvature,4,1,80,0.925,6.51875,0.0005194536761754634,0.0010733905157141925,0.0005949840467043904,-17.375,-13.0,-14.5
realized_volatility_30s,bid_depth_curvature,4,2,84,0.9285714285714286,7.3601190476190474,0.0005216288340457071,0.0012015022557338648,0.0006032767337729263,-13.0,-9.75,-11.125
realized_volatility_30s,bid_depth_curvature,4,3,122,0.9344262295081968,8.315573770491802,0.0005195687413286635,0.0021239522403109046,0.0006298548616642456,-9.75,-6.75,-7.9375
realized_volatility_30s,bid_depth_curvature,4,4,279,0.9498207885304659,13.334229390681003,0.0005210198622274172,0.004670005244221021,0.0006836836312061124,-6.75,6.75,-4.375
realized_volatility_30s,trade_imbalance_60s,0,0,199,0.7638190954773869,2.4120603015075375,3.6622658442859016e-05,0.00025064050022845,0.00019749185901845066,-1.0,-0.17955439056356487,-0.32242225859247137
realized_volatility_30s,trade_imbalance_60s,0,1,77,0.8571428571428571,3.272727272727273,5.179226025998735e-05,0.0002503890798233366,0.00021578672732945527,-0.1752708731676227,-0.05992217898832685,-0.11633663366336634
realized_volatility_30s,trade_imbalance_60s,0,2,91,0.7142857142857143,2.706043956043956,7.784089863575679e-05,0.0002506462684227951,0.00021892752948401168,-0.05736434108527132,0.05226480836236934,0.0
realized_volatility_30s,trade_imbalance_60s,0,3,93,0.8172043010752689,3.3091397849462365,8.187756017518741e-05,0.00025034927705753514,0.00020931219680602568,0.05698529411764706,0.17005545286506468,0.1111111111111111
realized_volatility_30s,trade_imbalance_60s,0,4,166,0.7048192771084337,2.644578313253012,4.975000622903202e-05,0.0002504119282761197,0.0002062630071801695,0.17048346055979643,0.940959409594096,0.2976369257280508
realized_volatility_30s,trade_imbalance_60s,1,0,160,0.84375,3.540625,0.00025195581832730354,0.000323317654128825,0.00028451388206456306,-0.62882096069869,-0.17672183662573412,-0.27179444454452106
realized_volatility_30s,trade_imbalance_60s,1,1,129,0.8682170542635659,4.655038759689923,0.00025216546303288904,0.00032319324081484424,0.00029467724945149616,-0.17609254498714652,-0.05944055944055944,-0.11066195048004042
realized_volatility_30s,trade_imbalance_60s,1,2,97,0.9175257731958762,4.337628865979381,0.00025202131941606836,0.00032294762434629935,0.0002890631212270924,-0.05829596412556054,0.053621825023518345,0.004492362982929021
realized_volatility_30s,trade_imbalance_60s,1,3,99,0.8686868686868687,3.8484848484848486,0.00025107571991845804,0.0003236743714316283,0.0002895962356021409,0.05378020265003897,0.16622127204703366,0.10378912685337727
realized_volatility_30s,trade_imbalance_60s,1,4,141,0.8226950354609929,2.923758865248227,0.0002507645836917911,0.0003237438015950257,0.0002852022731054457,0.17023096663815226,0.6930091185410334,0.27034611786716556
realized_volatility_30s,trade_imbalance_60s,2,0,112,0.8660714285714286,3.8214285714285716,0.0003261246157697346,0.000400865911605235,0.0003644615051018368,-1.0,-0.1773710482529118,-0.2583794535484524
realized_volatility_30s,trade_imbalance_60s,2,1,123,0.9105691056910569,4.876016260162602,0.0003238520337066803,0.0004011492165632103,0.00035622992625952124,-0.17668711656441718,-0.060884800700832235,-0.11583333333333333
realized_volatility_30s,trade_imbalance_60s,2,2,134,0.917910447761194,5.388059701492537,0.00032400523426629385,0.0004011620193172924,0.00035494555634854786,-0.05822021116138763,0.052507374631268436,-0.004189237992054893
realized_volatility_30s,trade_imbalance_60s,2,3,123,0.8536585365853658,4.908536585365853,0.0003238934502632475,0.00040018103260133645,0.0003608411844154348,0.05362776025236593,0.16913946587537093,0.11280653950953679
realized_volatility_30s,trade_imbalance_60s,2,4,133,0.8120300751879699,4.148496240601504,0.00032504386729953537,0.0004003655856871998,0.00035797296914312536,0.17234367056431113,0.6480282519128899,0.2577565632458234
realized_volatility_30s,trade_imbalance_60s,3,0,84,0.9523809523809523,4.997023809523809,0.0004029685746898381,0.0005157045034435918,0.0004475374664236625,-0.545950864422202,-0.17872117400419288,-0.23839303494107023
realized_volatility_30s,trade_imbalance_60s,3,1,142,0.8802816901408451,6.176056338028169,0.00040226001041768076,0.0005180388021499919,0.00045057485047593764,-0.17498739283913262,-0.0607621009268795,-0.11952824970268627
realized_volatility_30s,trade_imbalance_60s,3,2,152,0.9342105263157895,6.925986842105263,0.00040135634534447644,0.0005155128435679003,0.00045280227818740874,-0.057912209516783476,0.05304740406320542,-0.003079797853593526
realized_volatility_30s,trade_imbalance_60s,3,3,136,0.9191176470588235,5.829044117647059,0.000402271991496176,0.0005182524381975664,0.0004472874409306362,0.05627376425855513,0.16982152514872903,0.11125189877581945
realized_volatility_30s,trade_imbalance_60s,3,4,112,0.8928571428571429,4.649553571428571,0.00040144981982451346,0.0005170654248612072,0.0004430799094911665,0.17048794826572605,0.7106673161227473,0.22408854761795938
realized_volatility_30s,trade_imbalance_60s,4,0,71,0.9577464788732394,11.897887323943662,0.0005217563367586145,0.004670005244221021,0.0006090950719855323,-1.0,-0.17702154230408992,-0.23974763406940064
realized_volatility_30s,trade_imbalance_60s,4,1,155,0.9354838709677419,9.44516129032258,0.0005214781928476746,0.004510975192658496,0.0006501777687660329,-0.17570700046360685,-0.05911533691608103,-0.11026237130521421
realized_volatility_30s,trade_imbalance_60s,4,2,151,0.9337748344370861,10.364238410596027,0.0005194536761754634,0.00419905093243615,0.0006581534333469335,-0.05871854363733714,0.05304010349288486,0.0023370553103090105
realized_volatility_30s,trade_imbalance_60s,4,3,175,0.9314285714285714,9.952857142857143,0.0005210198622274172,0.003157932685021121,0.0006344865394445915,0.05388342387314638,0.1697936210131332,0.10810295519542422
realized_volatility_30s,trade_imbalance_60s,4,4,73,0.8904109589041096,7.863013698630137,0.0005195687413286635,0.0021592626039683366,0.0005916157759067084,0.17021836358852935,0.4644808743169399,0.2095200936402653
realized_volatility_30s,wall_persistence_2s,0,0,249,0.6947791164658634,2.4698795180722892,4.473772509409247e-05,0.0002510305561277978,0.00020481648177805582,0.0,0.0,0.0
realized_volatility_30s,wall_persistence_2s,0,1,171,0.8245614035087719,2.9883040935672516,3.6622658442859016e-05,0.0002504119282761197,0.00019706692577926328,0.0,0.05896805896805897,0.0
realized_volatility_30s,wall_persistence_2s,0,2,85,0.8117647058823529,2.985294117647059,7.784089863575679e-05,0.00024847523167059586,0.0002038170017930292,0.060240963855421686,0.15625,0.1111111111111111
realized_volatility_30s,wall_persistence_2s,0,3,65,0.7538461538461538,3.1423076923076922,0.0001152537197043413,0.0002507645836917911,0.0002195606414156191,0.15789473684210525,0.2882882882882883,0.20242914979757085
realized_volatility_30s,wall_persistence_2s,0,4,54,0.8333333333333334,2.7175925925925926,0.00015968577936156572,0.00025034927705753514,0.0002197869303070519,0.2939189189189189,0.6381578947368421,0.3689503941207847
realized_volatility_30s,wall_persistence_2s,1,0,167,0.8263473053892215,3.354790419161677,0.00025107571991845804,0.00032294762434629935,0.0002839376486410835,0.0,0.0,0.0
realized_volatility_30s,wall_persistence_2s,1,1,148,0.8783783783783784,4.611486486486487,0.0002521438689571898,0.00032319324081484424,0.0002864245204165658,0.0,0.06015037593984962,0.01407234693091957
realized_volatility_30s,wall_persistence_2s,1,2,124,0.8870967741935484,3.905241935483871,0.0002516249028102679,0.000323317654128825,0.0002929627459759033,0.060714285714285714,0.15568862275449102,0.10649098174748893
realized_volatility_30s,wall_persistence_2s,1,3,97,0.865979381443299,3.3943298969072164,0.000252437977842087,0.00032149481372246004,0.00028268131911794996,0.1568627450980392,0.28865979381443296,0.21656050955414013
realized_volatility_30s,wall_persistence_2s,1,4,88,0.8522727272727273,3.5994318181818183,0.0002542379635761689,0.0003237438015950257,0.0002963112226321761,0.2894736842105263,0.5711206896551724,0.35515734265734267
realized_volatility_30s,wall_persistence_2s,2,0,111,0.8288288288288288,4.074324324324325,0.0003240083201801308,0.0004003655856871998,0.0003560122753835315,0.0,0.0,0.0
realized_volatility_30s,wall_persistence_2s,2,1,118,0.8813559322033898,4.444915254237288,0.0003251787282660296,0.0004008968325799062,0.0003518369311292334,0.0,0.058919803600654665,0.026772620306265135
realized_volatility_30s,wall_persistence_2s,2,2,127,0.905511811023622,4.6515748031496065,0.0003238520337066803,0.0004011492165632103,0.00036230472265831625,0.06072874493927125,0.15625,0.10180995475113122
realized_volatility_30s,wall_persistence_2s,2,3,140,0.8857142857142857,5.3464285714285715,0.00032504386729953537,0.00040018103260133645,0.00036386237637103623,0.15644820295983086,0.2878338278931751,0.21584928229665074
realized_volatility_30s,wall_persistence_2s,2,4,127,0.8582677165354331,4.610236220472441,0.0003251787081675955,0.0004006742455490303,0.0003585096364088871,0.2899543378995434,0.6733333333333333,0.35772357723577236
realized_volatility_30s,wall_persistence_2s,3,0,73,0.9041095890410958,4.873287671232877,0.00040299208604073033,0.0005137504891857969,0.0004405650721717882,0.0,0.0,0.0
realized_volatility_30s,wall_persistence_2s,3,1,111,0.954954954954955,6.162162162162162,0.00040144981982451346,0.0005180388021499919,0.00044047777233333465,0.0,0.05925925925925926,0.03466204506065858
realized_volatility_30s,wall_persistence_2s,3,2,138,0.8913043478260869,5.590579710144928,0.00040135634534447644,0.0005180035466235428,0.00044779333111536325,0.0611353711790393,0.15643564356435644,0.10658339210809607
realized_volatility_30s,wall_persistence_2s,3,3,151,0.9006622516556292,5.885761589403973,0.00040226001041768076,0.0005158864050187222,0.0004550089826933832,0.15698924731182795,0.28879310344827586,0.20809248554913296
realized_volatility_30s,wall_persistence_2s,3,4,151,0.9139072847682119,6.296357615894039,0.0004011620193172924,0.0005173529389684347,0.0004578889079612378,0.2905027932960894,0.5693160813308688,0.3681592039800995
realized_volatility_30s,wall_persistence_2s,4,0,24,0.9166666666666666,23.53125,0.0005451856760101865,0.004670005244221021,0.0006082179302646654,0.0,0.0,0.0
realized_volatility_30s,wall_persistence_2s,4,1,76,0.9078947368421053,7.036184210526316,0.0005214781928476746,0.004510975192658496,0.0006239545635598376,0.0,0.05966850828729282,0.03498226251478124
realized_volatility_30s,wall_persistence_2s,4,2,149,0.9395973154362416,8.684563758389261,0.0005194536761754634,0.003157932685021121,0.0006207305360064076,0.060353798126951096,0.155467720685112,0.10576923076923077
realized_volatility_30s,wall_persistence_2s,4,3,171,0.935672514619883,10.105263157894736,0.0005210198622274172,0.00419905093243615,0.0006501777687660329,0.15745192307692307,0.28860294117647056,0.22300884955752212
realized_volatility_30s,wall_persistence_2s,4,4,203,0.9310344827586207,10.118226600985222,0.0005182524381975664,0.002500527775860965,0.0006361944859785352,0.2892609699769053,0.5596971461852067,0.3776102088167053
realized_volatility_30s,convexity_imbalance,0,0,107,0.6915887850467289,2.5233644859813085,3.6622658442859016e-05,0.0002495521205790111,0.00020751727239223577,-3.4033932218933676,-0.2961956521739131,-0.49425508574068
realized_volatility_30s,convexity_imbalance,0,1,146,0.7876712328767124,3.0325342465753424,4.975000622903202e-05,0.0002506462684227951,0.00020784111033612186,-0.28667601683029453,-0.0628871128871128,-0.17137551139605056
realized_volatility_30s,convexity_imbalance,0,2,131,0.7709923664122137,2.599236641221374,6.642306908100601e-05,0.0002504119282761197,0.00020680023312753172,-0.0605610910889689,0.13308913308913306,0.03759852712732292
realized_volatility_30s,convexity_imbalance,0,3,120,0.725,2.722916666666667,4.473972664774299e-05,0.00025034927705753514,0.00020510267876655273,0.13349875930521105,0.37537068830966136,0.23657304628649273
realized_volatility_30s,convexity_imbalance,0,4,122,0.8114754098360656,2.8278688524590163,4.473772509409247e-05,0.00025014816960050655,0.00020700794888225884,0.3834586466165413,2.619455782312925,0.5261318645758365
realized_volatility_30s,convexity_imbalance,1,0,110,0.8727272727272727,3.643181818181818,0.0002516249028102679,0.0003237438015950257,0.00028675889107212865,-8.092609983385104,-0.29367870314778277,-0.48513126699476394
realized_volatility_30s,convexity_imbalance,1,1,129,0.7906976744186046,3.304263565891473,0.0002507645836917911,0.00032244638012896574,0.00028708398095726983,-0.28623493131483035,-0.060977269633864184,-0.17187096774193544
realized_volatility_30s,convexity_imbalance,1,2,137,0.8613138686131386,3.8047445255474455,0.0002521438689571898,0.00032319324081484424,0.0002839376486410835,-0.05802076278655521,0.13270862974046982,0.04048582995951422
realized_volatility_30s,convexity_imbalance,1,3,141,0.8794326241134752,4.289007092198582,0.00025107571991845804,0.000323317654128825,0.00028775122349494693,0.13499677627337214,0.3778139542532025,0.24874515990248092
realized_volatility_30s,convexity_imbalance,1,4,109,0.8990825688073395,3.926605504587156,0.00025195581832730354,0.0003236743714316283,0.00029608565084639785,0.37853461674801614,3.3977564102564104,0.5482142857142858
realized_volatility_30s,convexity_imbalance,2,0,133,0.849624060150376,4.511278195488722,0.0003238934502632475,0.0004003655856871998,0.0003566226814735613,-3.793284671532846,-0.29180343466057745,-0.5060975609756098
realized_volatility_30s,convexity_imbalance,2,1,136,0.9117647058823529,4.488970588235294,0.0003238520337066803,0.0004011620193172924,0.00036631801739488883,-0.2907383136740934,-0.061884816753926764,-0.1677456177995419
realized_volatility_30s,convexity_imbalance,2,2,108,0.8796296296296297,5.173611111111111,0.0003255568638610806,0.0004008968325799062,0.0003560158735438227,-0.05808357312011403,0.13213789452788993,0.030657924418535543
realized_volatility_30s,convexity_imbalance,2,3,125,0.824,4.266,0.00032400523426629385,0.0004011492165632103,0.0003540835164225905,0.13518609608132492,0.37330626296508806,0.2328894616265751
realized_volatility_30s,convexity_imbalance,2,4,123,0.8943089430894309,4.900406504065041,0.0003252353256936445,0.000399833844622474,0.00036178909717380356,0.3778542950344328,2.5576508115207806,0.5815287958115185
realized_volatility_30s,convexity_imbalance,3,0,128,0.9140625,6.376953125,0.00040135634534447644,0.0005173529389684347,0.0004451579799465203,-1.8204456094364354,-0.2930622009569378,-0.526234347040432
realized_volatility_30s,convexity_imbalance,3,1,105,0.9523809523809523,5.7214285714285715,0.00040144981982451346,0.0005182524381975664,0.0004431622286300816,-0.2872523014510845,-0.06261963357943667,-0.16235469448584205
realized_volatility_30s,convexity_imbalance,3,2,133,0.9022556390977443,6.296992481203008,0.00040226001041768076,0.0005180388021499919,0.00044271884879923764,-0.06050543141779685,0.13112687155240343,0.0382072472981565
realized_volatility_30s,convexity_imbalance,3,3,129,0.9069767441860465,5.906976744186046,0.0004017911344471649,0.0005170654248612072,0.00044843914737118613,0.13362282878411913,0.3776276276276277,0.2559169449687819
realized_volatility_30s,convexity_imbalance,3,4,131,0.9007633587786259,4.935114503816794,0.000402271991496176,0.0005180035466235428,0.0004550798356118168,0.37860043736332405,3.6824027503660783,0.5616926050249211
realized_volatility_30s,convexity_imbalance,4,0,148,0.8918918918918919,12.795608108108109,0.0005199511676968355,0.004670005244221021,0.0006629069965580973,-6.870622443762781,-0.2961860465116279,-0.5437226941747573
realized_volatility_30s,convexity_imbalance,4,1,110,0.9545454545454546,8.506818181818181,0.0005217563367586145,0.002744164527331549,0.0006307644939108079,-0.29167974882260606,-0.06894736842105265,-0.17494151832523036
realized_volatility_30s,convexity_imbalance,4,2,116,0.9482758620689655,8.45905172413793,0.0005195687413286635,0.0027644858921380385,0.0006206406344311337,-0.0608284213480893,0.1300034211426615,0.03783516975598744
realized_volatility_30s,convexity_imbalance,4,3,111,0.954954954954955,8.027027027027026,0.0005194536761754634,0.0015432917586897352,0.0006190439670807226,0.1360112755461591,0.37681159420289845,0.22478991596638664
realized_volatility_30s,convexity_imbalance,4,4,140,0.9214285714285714,10.626785714285715,0.0005216288340457071,0.00419905093243615,0.000654341300889556,0.38257516747156883,10.234359483614698,0.6428568804440656
realized_volatility_30s,liquidity_compression,0,0,83,0.7590361445783133,2.7771084337349397,3.6622658442859016e-05,0.00025064050022845,0.0002016596728894347,0.40058997050147493,0.6638418079096046,0.613013698630137
realized_volatility_30s,liquidity_compression,0,1,136,0.8014705882352942,2.6341911764705883,5.178562244102228e-05,0.0002504119282761197,0.00020137932669553278,0.6666666666666666,0.7491039426523297,0.7183630590180646
realized_volatility_30s,liquidity_compression,0,2,135,0.725925925925926,2.8074074074074074,6.355444740616796e-05,0.0002506462684227951,0.00020774233210508932,0.7516973811833172,0.8296943231441049,0.791231732776618
realized_volatility_30s,liquidity_compression,0,3,145,0.8,2.6,4.975000622903202e-05,0.00025034927705753514,0.00021060483672910533,0.8305647840531561,0.925343811394892,0.8764044943820225
realized_volatility_30s,liquidity_compression,0,4,127,0.7086614173228346,2.9940944881889764,4.473772509409247e-05,0.0002503448346859049,0.00021343554271218687,0.9273570324574961,2.29247311827957,0.9895104895104895
realized_volatility_30s,liquidity_compression,1,0,98,0.8775510204081632,4.086734693877551,0.00025107571991845804,0.00032294762434629935,0.00029207038897359326,0.31666666666666665,0.6620879120879121,0.5886088104287227
realized_volatility_30s,liquidity_compression,1,1,111,0.8828828828828829,3.810810810810811,0.00025195581832730354,0.0003236743714316283,0.0002836060006604304,0.6647727272727273,0.7510593220338984,0.7032136105860114
realized_volatility_30s,liquidity_compression,1,2,137,0.8540145985401459,3.687956204379562,0.0002507645836917911,0.0003237438015950257,0.00028591341891486146,0.7526881720430108,0.8303571428571429,0.7915194346289752
realized_volatility_30s,liquidity_compression,1,3,141,0.8439716312056738,3.5390070921985815,0.0002510305561277978,0.00032312453336063034,0.00028704231300261655,0.8308580858085809,0.9271137026239067,0.8793706293706294
realized_volatility_30s,liquidity_compression,1,4,139,0.8489208633093526,3.9802158273381294,0.0002521438689571898,0.0003229269080509148,0.00028970267511789114,0.9274924471299094,3.9269662921348316,1.0
realized_volatility_30s,liquidity_compression,2,0,124,0.8709677419354839,4.798387096774194,0.0003238934502632475,0.00040001833001692593,0.00035873601427602244,0.12907268170426064,0.660574412532637,0.592188964778358
realized_volatility_30s,liquidity_compression,2,1,133,0.924812030075188,4.682330827067669,0.0003260247112580639,0.0004011492165632103,0.00036221145122656786,0.6638655462184874,0.7507788161993769,0.7096774193548387
realized_volatility_30s,liquidity_compression,2,2,115,0.8608695652173913,4.508695652173913,0.0003238520337066803,0.0004008968325799062,0.0003632684956879402,0.7513368983957219,0.8297413793103449,0.7915151515151515
realized_volatility_30s,liquidity_compression,2,3,130,0.823076923076923,4.421153846153846,0.00032443033572235216,0.0004011620193172924,0.00035267239450802374,0.8312829525483304,0.9272727272727272,0.8691772748703441
realized_volatility_30s,liquidity_compression,2,4,123,0.8780487804878049,4.83130081300813,0.0003240083201801308,0.0004006742455490303,0.000359019287340474,0.9291217257318952,3.921985815602837,1.0085227272727273
realized_volatility_30s,liquidity_compression,3,0,131,0.9312977099236641,5.866412213740458,0.00040135634534447644,0.0005182524381975664,0.00045920945217241006,0.303862660944206,0.6623931623931624,0.5961538461538461
realized_volatility_30s,liquidity_compression,3,1,127,0.889763779527559,5.6358267716535435,0.0004023950554423573,0.0005180388021499919,0.0004557455264168064,0.6640625,0.751219512195122,0.7121212121212122
realized_volatility_30s,liquidity_compression,3,2,132,0.9090909090909091,5.3977272727272725,0.0004017911344471649,0.0005173529389684347,0.00044178613164741536,0.75177304964539,0.8305555555555556,0.7884444631374308
realized_volatility_30s,liquidity_compression,3,3,114,0.9122807017543859,5.758771929824562,0.00040144981982451346,0.000515460428869004,0.00044166454260178905,0.8315789473684211,0.9269521410579346,0.8685170956588553
realized_volatility_30s,liquidity_compression,3,4,122,0.9262295081967213,6.637295081967213,0.00040226001041768076,0.0005147479108857701,0.0004398748451432408,0.9288702928870293,2.119463087248322,1.0114225191461625
realized_volatility_30s,liquidity_compression,4,0,190,0.9578947368421052,10.594736842105263,0.0005195687413286635,0.003157932685021121,0.0006686403399704956,0.13793103448275862,0.6632124352331606,0.567501626545218
realized_volatility_30s,liquidity_compression,4,1,119,0.8991596638655462,9.268907563025211,0.0005199511676968355,0.002279287086989213,0.0006259881895439033,0.6641509433962264,0.7511520737327189,0.7112970711297071
realized_volatility_30s,liquidity_compression,4,2,106,0.9245283018867925,7.9174528301886795,0.0005194536761754634,0.0015432917586897352,0.0006190501392651351,0.7512437810945274,0.8305369127516778,0.7894736842105263
realized_volatility_30s,liquidity_compression,4,3,96,0.9479166666666666,7.877604166666667,0.0005224261086901424,0.004510975192658496,0.0006135849398539489,0.8312182741116751,0.9242902208201893,0.8639029509816027
realized_volatility_30s,liquidity_compression,4,4,114,0.9122807017543859,12.964912280701755,0.0005210198622274172,0.004670005244221021,0.0006353357208059404,0.9278688524590164,3.1091891891891894,1.0527991019878185
realized_volatility_30s,replenishment_rate_near_5s,0,0,366,0.7076502732240437,2.5184426229508197,4.473772509409247e-05,0.0002506462684227951,0.00019390445522052217,0.0,58.8,33.7
realized_volatility_30s,replenishment_rate_near_5s,0,1,163,0.8588957055214724,3.188650306748466,0.00010913561476180515,0.0002504675091537839,0.00022087534009456047,59.0,95.8,72.2
realized_volatility_30s,replenishment_rate_near_5s,0,2,66,0.8636363636363636,3.0265151515151514,0.00011241451835625969,0.00025034927705753514,0.00021984896272081496,96.4,147.6,117.4
realized_volatility_30s,replenishment_rate_near_5s,0,3,22,0.7727272727272727,3.227272727272727,0.0001544923564059805,0.00024400973316344703,0.00022078271385756064,155.0,245.6,194.8
realized_volatility_30s,replenishment_rate_near_5s,0,4,7,0.42857142857142855,1.6428571428571428,0.00016852207881487056,0.00023535422868283166,0.00023196150492185366,268.6,638.8,309.6
realized_volatility_30s,replenishment_rate_near_5s,1,0,163,0.8343558282208589,3.3404907975460123,0.00025195581832730354,0.00032319324081484424,0.0002821628771056926,5.6,58.8,44.2
realized_volatility_30s,replenishment_rate_near_5s,1,1,217,0.880184331797235,3.935483870967742,0.00025107571991845804,0.00032294762434629935,0.0002863446618906527,59.0,96.0,77.0
realized_volatility_30s,replenishment_rate_near_5s,1,2,154,0.8506493506493507,3.8912337662337664,0.0002507645836917911,0.000323317654128825,0.0002925700981082141,96.4,150.0,117.6
realized_volatility_30s,replenishment_rate_near_5s,1,3,66,0.8636363636363636,4.284090909090909,0.00025366283857579353,0.00032312453336063034,0.000299541608049436,150.8,244.2,177.5
realized_volatility_30s,replenishment_rate_near_5s,1,4,24,0.9166666666666666,4.125,0.0002643011159369888,0.0003177414424837634,0.00028991357515053493,251.6,976.2,332.9
realized_volatility_30s,replenishment_rate_near_5s,2,0,64,0.859375,4.828125,0.00032443033572235216,0.00039680619572039164,0.00034630833880115253,8.4,58.6,49.6
realized_volatility_30s,replenishment_rate_near_5s,2,1,153,0.9019607843137255,4.746732026143791,0.0003240083201801308,0.0004008968325799062,0.0003541290362707703,59.2,96.2,78.2
realized_volatility_30s,replenishment_rate_near_5s,2,2,176,0.8636363636363636,4.480113636363637,0.0003236743714316283,0.0003995371920829462,0.0003564153806910543,96.2,150.0,119.5
realized_volatility_30s,replenishment_rate_near_5s,2,3,162,0.8641975308641975,4.844135802469136,0.0003238520337066803,0.000400865911605235,0.00036512856698027994,150.6,246.2,185.5
realized_volatility_30s,replenishment_rate_near_5s,2,4,69,0.855072463768116,4.231884057971015,0.00032920264094907047,0.00040018103260133645,0.00037018994385744494,248.6,984.8,327.0
realized_volatility_30s,replenishment_rate_near_5s,3,0,25,0.8,4.11,0.00040144981982451346,0.0005120836043069729,0.0004235676632349318,21.2,58.8,54.2
realized_volatility_30s,replenishment_rate_near_5s,3,1,68,0.8382352941176471,5.8713235294117645,0.0004011492165632103,0.000510890470677892,0.00043429125612879824,59.0,96.0,82.9
realized_volatility_30s,replenishment_rate_near_5s,3,2,148,0.9527027027027027,6.329391891891892,0.00040270194513425124,0.0005166306344462474,0.00043811625266572526,96.6,150.2,124.2
realized_volatility_30s,replenishment_rate_near_5s,3,3,214,0.9299065420560748,5.863317757009346,0.000402271991496176,0.0005170654248612072,0.00044967794389197944,150.2,246.8,187.9
realized_volatility_30s,replenishment_rate_near_5s,3,4,169,0.8994082840236687,5.661242603550296,0.00040135634534447644,0.0005180035466235428,0.0004632145809046681,247.6,1216.2,329.8
realized_volatility_30s,replenishment_rate_near_5s,4,0,6,1.0,7.541666666666667,0.0005338062670610216,0.0011450405917616175,0.0006174851421222989,22.0,57.0,49.0
realized_volatility_30s,replenishment_rate_near_5s,4,1,23,1.0,7.804347826086956,0.0005217563367586145,0.0014992807968308387,0.0005993352184367957,65.8,95.2,83.8
realized_volatility_30s,replenishment_rate_near_5s,4,2,80,0.8875,7.6125,0.0005210198622274172,0.001943679532853386,0.0006029268382146405,96.6,150.0,121.69999999999999
realized_volatility_30s,replenishment_rate_near_5s,4,3,160,0.93125,10.259375,0.0005180388021499919,0.0021239522403109046,0.0006123958439794197,150.2,247.2,194.2
realized_volatility_30s,replenishment_rate_near_5s,4,4,355,0.9352112676056338,10.43169014084507,0.0005195687413286635,0.004670005244221021,0.0006641844182777826,247.2,5341.2,388.2
realized_volatility_30s,impact_asymmetry_10s,0,0,170,0.8,2.876470588235294,3.6622658442859016e-05,0.0002504675091537839,0.00019659314116583464,-0.03571428571428571,-0.003048780487804878,-0.004464285714285714
realized_volatility_30s,impact_asymmetry_10s,0,1,123,0.8048780487804879,2.6971544715447155,7.033089138527883e-05,0.0002503890798233366,0.00021051339278821093,-0.0030120481927710845,-0.0015337423312883436,-0.0021929824561403508
realized_volatility_30s,impact_asymmetry_10s,0,2,87,0.7241379310344828,2.5775862068965516,4.473772509409247e-05,0.0002504048976732401,0.00021003388369508086,-0.0015151515151515152,0.0006821282401091405,-0.0008012820512820513
realized_volatility_30s,impact_asymmetry_10s,0,3,96,0.7083333333333334,2.65625,7.784089863575679e-05,0.00025064050022845,0.00020943536070574577,0.0006915629322268327,0.0023006134969325155,0.001620749800361451
realized_volatility_30s,impact_asymmetry_10s,0,4,147,0.7346938775510204,2.857142857142857,8.615810822620261e-05,0.0002495521205790111,0.00020796508627902454,0.0023148148148148147,0.025,0.003472222222222222
realized_volatility_30s,impact_asymmetry_10s,1,0,135,0.9037037037037037,4.7407407407407405,0.0002506462684227951,0.00032294762434629935,0.0002863446618906527,-0.017857142857142856,-0.0030594405594405595,-0.00410958904109589
realized_volatility_30s,impact_asymmetry_10s,1,1,148,0.831081081081081,3.2533783783783785,0.00025202131941606836,0.00032319324081484424,0.0002863609473453801,-0.0030241935483870967,-0.0015290519877675841,-0.0023400992990654204
realized_volatility_30s,impact_asymmetry_10s,1,2,108,0.8796296296296297,4.289351851851852,0.00025107571991845804,0.00032237453857576287,0.00028929082118780503,-0.0015060240963855422,0.0006793478260869565,-0.0005681935577181347
realized_volatility_30s,impact_asymmetry_10s,1,3,126,0.7936507936507936,3.2142857142857144,0.0002507645836917911,0.00032201990950764833,0.0002905566177574372,0.0007239382239382239,0.0023006134969325155,0.0015657893016383583
realized_volatility_30s,impact_asymmetry_10s,1,4,106,0.9056603773584906,3.6580188679245285,0.0002516249028102679,0.0003229269080509148,0.0002843566169283305,0.0023148148148148147,0.008333333333333333,0.0033186490455212924
realized_volatility_30s,impact_asymmetry_10s,2,0,96,0.90625,4.950520833333333,0.0003238520337066803,0.00039913402246984574,0.00035354550667953896,-0.16176470588235295,-0.003048780487804878,-0.004468564308989841
realized_volatility_30s,impact_asymmetry_10s,2,1,130,0.9,4.234615384615385,0.000323317654128825,0.00039923529651692994,0.0003544813429305129,-0.003043478260869565,-0.001532399299474606,-0.0021749642586830374
realized_volatility_30s,impact_asymmetry_10s,2,2,132,0.8787878787878788,4.791666666666667,0.0003236743714316283,0.000400865911605235,0.00036225808694244203,-0.001524390243902439,0.0006855575868372943,-0.0005703397325841527
realized_volatility_30s,impact_asymmetry_10s,2,3,144,0.8402777777777778,4.274305555555555,0.0003242343888784265,0.0004006742455490303,0.00036299977049422357,0.0006925207756232687,0.002297090352220521,0.0014925373134328358
realized_volatility_30s,impact_asymmetry_10s,2,4,121,0.8429752066115702,4.853305785123967,0.0003237438015950257,0.00040020585927053786,0.00035975916462985355,0.0023148148148148147,0.05,0.0033632286995515697
realized_volatility_30s,impact_asymmetry_10s,3,0,101,0.900990099009901,5.707920792079208,0.0004011492165632103,0.0005137504891857969,0.00044857283690119423,-0.015202702702702704,-0.0030602636534839923,-0.004347826086956522
realized_volatility_30s,impact_asymmetry_10s,3,1,120,0.9166666666666666,5.814583333333333,0.0004008968325799062,0.0005157045034435918,0.0004465833014604567,-0.0030286343612334803,-0.0015337423312883436,-0.002232746205826964
realized_volatility_30s,impact_asymmetry_10s,3,2,156,0.9230769230769231,5.727564102564102,0.00040226001041768076,0.000515460428869004,0.00044251465922826526,-0.001516990291262136,0.0006890848952590959,-0.00033755504603850495
realized_volatility_30s,impact_asymmetry_10s,3,3,144,0.8958333333333334,5.4375,0.0004017911344471649,0.0005158864050187222,0.0004568472667855259,0.0007048872180451127,0.0022988505747126436,0.0014734830940250116
realized_volatility_30s,impact_asymmetry_10s,3,4,102,0.9215686274509803,6.8504901960784315,0.0004011620193172924,0.0005166306344462474,0.0004456885388120674,0.002305327868852459,0.010074013157894737,0.0033773597113168482
realized_volatility_30s,impact_asymmetry_10s,4,0,121,0.9421487603305785,14.287190082644628,0.0005243119185473627,0.004670005244221021,0.0006501777687660329,-0.0189873417721519,-0.0031201248049922,-0.004868421052631579
realized_volatility_30s,impact_asymmetry_10s,4,1,102,0.9215686274509803,8.502450980392156,0.0005180035466235428,0.002282555116321346,0.0006020526858539292,-0.0030232558139534882,-0.001524390243902439,-0.0022748122193225325
realized_volatility_30s,impact_asymmetry_10s,4,2,140,0.9071428571428571,6.616071428571429,0.0005180388021499919,0.002500527775860965,0.000651579895690507,-0.0015114873035066505,0.0006875214850464077,-0.00036181463825291505
realized_volatility_30s,impact_asymmetry_10s,4,3,113,0.9469026548672567,7.741150442477876,0.0005182524381975664,0.0015414107542118696,0.0006055528181657946,0.0007088846880907373,0.0022893772893772895,0.001454898157129001
realized_volatility_30s,impact_asymmetry_10s,4,4,146,0.9452054794520548,12.13527397260274,0.0005170654248612072,0.00419905093243615,0.0006515160902579625,0.0023006134969325155,0.020350564468211527,0.003876274929642475
realized_volatility_30s,flow_impact,0,0,125,0.736,2.628,4.473772509409247e-05,0.00024944924594952795,0.00020608036051455596,-0.1,0.0015625,-0.0
realized_volatility_30s,flow_impact,0,1,161,0.7453416149068323,2.7950310559006213,7.033089138527883e-05,0.0002503448346859049,0.00020425070123154031,0.0015822784810126582,0.003232758620689655,0.0024429967426710096
realized_volatility_30s,flow_impact,0,2,143,0.7692307692307693,2.5489510489510487,7.783390269675746e-05,0.0002506462684227951,0.00020780706535018117,0.003232758620689655,0.005154639175257732,0.004151291512915129
realized_volatility_30s,flow_impact,0,3,92,0.782608695652174,3.0625,8.18847561859846e-05,0.0002495521205790111,0.00020742777282988978,0.005208333333333333,0.008928571428571428,0.006944444444444444
realized_volatility_30s,flow_impact,0,4,101,0.801980198019802,2.9207920792079207,3.6622658442859016e-05,0.0002504675091537839,0.0002118687177293638,0.009259259259259259,0.5,0.015625
realized_volatility_30s,flow_impact,1,0,137,0.8613138686131386,3.673357664233577,0.00025107571991845804,0.000323317654128825,0.0002890631212270924,-0.5,0.0015664160401002505,-0.0006038647342995169
realized_volatility_30s,flow_impact,1,1,141,0.8014184397163121,2.9468085106382977,0.0002510305561277978,0.00032201990950764833,0.000284506282599348,0.0015723270440251573,0.0032216494845360823,0.002380952380952381
realized_volatility_30s,flow_impact,1,2,141,0.9078014184397163,4.24822695035461,0.0002507645836917911,0.00032319324081484424,0.00028790522877478197,0.003234750462107209,0.00516795865633075,0.004166666666666667
realized_volatility_30s,flow_impact,1,3,107,0.8411214953271028,3.939252336448598,0.0002516249028102679,0.00032244638012896574,0.00028636970166297167,0.005208333333333333,0.009146341463414634,0.006172839506172839
realized_volatility_30s,flow_impact,1,4,96,0.8958333333333334,4.486979166666667,0.00025216546303288904,0.00032294762434629935,0.00028938852629450474,0.009196185286103543,0.4375,0.01456447963800905
realized_volatility_30s,flow_impact,2,0,122,0.8688524590163934,4.737704918032787,0.0003238934502632475,0.000400865911605235,0.0003591606338832871,-0.875,0.0015690376569037657,-0.0006395911850921273
realized_volatility_30s,flow_impact,2,1,134,0.8059701492537313,3.587686567164179,0.0003236743714316283,0.00040018103260133645,0.0003616352760168315,0.0015782828282828283,0.003218884120171674,0.0023564713104161283
realized_volatility_30s,flow_impact,2,2,138,0.855072463768116,4.588768115942029,0.0003237438015950257,0.0003970311140007769,0.00035756235763034696,0.003246753246753247,0.005160550458715597,0.004054172510518934
realized_volatility_30s,flow_impact,2,3,132,0.9166666666666666,4.988636363636363,0.0003238520337066803,0.0004006742455490303,0.00035616173184552604,0.005208333333333333,0.009146341463414634,0.0064795118674429025
realized_volatility_30s,flow_impact,2,4,96,0.9270833333333334,5.302083333333333,0.0003251787282660296,0.0004003655856871998,0.00036200964568131,0.009191176470588236,0.4166666666666667,0.014918879845791391
realized_volatility_30s,flow_impact,3,0,127,0.8740157480314961,4.681102362204724,0.0004017911344471649,0.0005142623730918369,0.0004474034171218777,-0.75,0.0015527950310559005,-0.0
realized_volatility_30s,flow_impact,3,1,113,0.9469026548672567,5.292035398230088,0.00040226001041768076,0.000515460428869004,0.0004365997704971622,0.0015737410071942446,0.0032245827010622154,0.002435064935064935
realized_volatility_30s,flow_impact,3,2,126,0.9126984126984127,5.345238095238095,0.0004011492165632103,0.0005158864050187222,0.0004457003941447193,0.0032407407407407406,0.005169172932330827,0.004068861177333578
realized_volatility_30s,flow_impact,3,3,144,0.9305555555555556,6.845486111111111,0.0004008968325799062,0.0005166306344462474,0.00045332593780525075,0.005187747035573123,0.00909090909090909,0.006871565934065934
realized_volatility_30s,flow_impact,3,4,112,0.8928571428571429,7.051339285714286,0.0004011620193172924,0.0005145261134589761,0.00045558048439977054,0.009159482758620689,0.4583333333333333,0.01295371563573883
realized_volatility_30s,flow_impact,4,0,111,0.9099099099099099,6.628378378378378,0.0005194536761754634,0.0020092941139682706,0.0006263043936491281,-0.375,0.0015625,-0.0012531328320802004
realized_volatility_30s,flow_impact,4,1,73,0.9726027397260274,7.914383561643835,0.0005180388021499919,0.0016221946336629303,0.0005918372215335694,0.0015822784810126582,0.0032281205164992827,0.0025830258302583027
realized_volatility_30s,flow_impact,4,2,74,0.918918918918919,6.483108108108108,0.0005180035466235428,0.0013990773786344592,0.0006089140263427727,0.003236914600550964,0.005154639175257732,0.0042572878510378515
realized_volatility_30s,flow_impact,4,3,147,0.9251700680272109,9.005102040816327,0.0005170654248612072,0.002500527775860965,0.0006344865394445915,0.005172413793103448,0.009157509157509158,0.006944444444444444
realized_volatility_30s,flow_impact,4,4,216,0.9398148148148148,14.069444444444445,0.0005249088708168462,0.004670005244221021,0.0006624965337428748,0.009160756501182032,0.375,0.017647108670598603
realized_volatility_30s,absorption_ratio,0,0,201,0.7761194029850746,2.834577114427861,3.6622658442859016e-05,0.0002516249028102679,0.0001908686863393085,12.0,87.6,62.166666666666664
realized_volatility_30s,absorption_ratio,0,1,144,0.7638888888888888,2.6822916666666665,8.615810822620261e-05,0.0002504675091537839,0.0002126487841267131,87.8,132.0,105.675
realized_volatility_30s,absorption_ratio,0,2,112,0.7678571428571429,2.7276785714285716,7.784089863575679e-05,0.0002510305561277978,0.00021495384138625948,133.0,188.5,156.66666666666669
realized_volatility_30s,absorption_ratio,0,3,91,0.7692307692307693,2.923076923076923,0.00011532347102004379,0.00025064050022845,0.0002150239549253972,190.0,319.0,242.0
realized_volatility_30s,absorption_ratio,0,4,53,0.7924528301886793,2.919811320754717,0.0001336725270150891,0.00025107571991845804,0.00021953614353104796,324.0,1863.0,407.0
realized_volatility_30s,absorption_ratio,1,0,99,0.898989898989899,4.411616161616162,0.0002534035179803531,0.0003229269080509148,0.0002818522208664578,20.428571428571427,87.66666666666667,70.4
realized_volatility_30s,absorption_ratio,1,1,139,0.8489208633093526,3.8219424460431655,0.00025266254566946715,0.00032244638012896574,0.0002847933857402393,88.0,131.65217391304347,110.5
realized_volatility_30s,absorption_ratio,1,2,137,0.8905109489051095,3.509124087591241,0.00025195581832730354,0.0003237438015950257,0.0002863521930277885,132.5,188.66666666666666,157.0
realized_volatility_30s,absorption_ratio,1,3,126,0.8253968253968254,3.3253968253968256,0.0002521438689571898,0.000323317654128825,0.0002937971116002081,189.2,322.6666666666667,237.75
realized_volatility_30s,absorption_ratio,1,4,100,0.83,4.1025,0.000252437977842087,0.0003236743714316283,0.00029324960499832594,328.0,3288.0,491.66666666666663
realized_volatility_30s,absorption_ratio,2,0,84,0.9404761904761905,5.916666666666667,0.0003238520337066803,0.0003944786078524889,0.00035925802235905926,2.4545454545454546,87.06666666666666,68.0
realized_volatility_30s,absorption_ratio,2,1,125,0.864,4.458,0.00032503993052697416,0.00039913402246984574,0.0003533797295058252,87.73333333333333,132.1818181818182,108.22222222222223
realized_volatility_30s,absorption_ratio,2,2,120,0.8333333333333334,3.8854166666666665,0.00032400523426629385,0.00040018103260133645,0.00035305437538069284,132.2,188.0,157.83333333333331
realized_volatility_30s,absorption_ratio,2,3,140,0.8571428571428571,4.110714285714286,0.0003242343888784265,0.00039923529651692994,0.000360272973508987,189.6,322.0,241.86666666666667
realized_volatility_30s,absorption_ratio,2,4,132,0.8863636363636364,5.087121212121212,0.0003238934502632475,0.00039970648916349313,0.0003670971856036078,324.0,2604.0,543.25
realized_volatility_30s,absorption_ratio,3,0,88,0.9090909090909091,6.082386363636363,0.00040020585927053786,0.0005170654248612072,0.0004510138040898248,25.555555555555557,87.71428571428571,69.39545454545456
realized_volatility_30s,absorption_ratio,3,1,90,0.9222222222222223,6.638888888888889,0.00040144981982451346,0.0005173529389684347,0.0004452426180087964,87.8,132.0,110.63865546218487
realized_volatility_30s,absorption_ratio,3,2,128,0.9140625,6.189453125,0.0004008968325799062,0.0005166306344462474,0.0004433483014249631,132.66666666666666,188.28571428571428,153.89444444444445
realized_volatility_30s,absorption_ratio,3,3,127,0.8976377952755905,5.163385826771654,0.0004006742455490303,0.0005180035466235428,0.0004459630161200748,188.75,322.0,247.0
realized_volatility_30s,absorption_ratio,3,4,168,0.9107142857142857,5.648809523809524,0.0004003655856871998,0.000515460428869004,0.00045257831280548846,326.0,4258.0,588.9333333333334
realized_volatility_30s,absorption_ratio,4,0,129,0.9457364341085271,14.833333333333334,0.0005267605046945647,0.004670005244221021,0.0006758810413936447,19.197080291970803,87.38461538461539,58.833333333333336
realized_volatility_30s,absorption_ratio,4,1,103,0.9223300970873787,12.262135922330097,0.0005210198622274172,0.002279287086989213,0.0006292256177432135,87.83333333333333,132.0,111.9
realized_volatility_30s,absorption_ratio,4,2,104,0.9423076923076923,8.432692307692308,0.0005199511676968355,0.0021592626039683366,0.0006074661156634006,132.33333333333334,188.58823529411765,159.1470588235294
realized_volatility_30s,absorption_ratio,4,3,117,0.9401709401709402,8.613247863247864,0.0005182524381975664,0.002500527775860965,0.0006210729460322082,190.36363636363637,321.0,246.85714285714286
realized_volatility_30s,absorption_ratio,4,4,148,0.9054054054054054,6.731418918918919,0.0005180388021499919,0.00187063009068406,0.000638728190752362,328.8888888888889,4618.0,644.9166666666667
realized_volatility_30s,microprice_pressure,0,0,128,0.6796875,2.517578125,7.749263538870673e-05,0.00025034927705753514,0.0002059456581096644,-0.3829337094502989,-0.06756756756840332,-0.09866183315443777
realized_volatility_30s,microprice_pressure,0,1,143,0.7482517482517482,2.979020979020979,6.644647556242292e-05,0.00024902515740365684,0.00020797012149012547,-0.0671641791050206,-0.013274336283454128,-0.03658536585377684
realized_volatility_30s,microprice_pressure,0,2,137,0.8029197080291971,2.7554744525547443,3.6622658442859016e-05,0.0002504675091537839,0.00020870570006283184,-0.012605042017336624,0.027027027026633732,0.007772020725193822
realized_volatility_30s,microprice_pressure,0,3,135,0.7925925925925926,2.8777777777777778,4.473772509409247e-05,0.0002504048976732401,0.00020425070123154031,0.027272727272550885,0.08064516129040082,0.04854368932016465
realized_volatility_30s,microprice_pressure,0,4,79,0.7848101265822784,2.560126582278481,4.473972664774299e-05,0.0002504119282761197,0.00020780706535018117,0.0813953488371529,0.35279187817286584,0.1067415730334081
realized_volatility_30s,microprice_pressure,1,0,97,0.8865979381443299,3.832474226804124,0.0002507645836917911,0.0003229269080509148,0.0002911271171961555,-0.46666666666715173,-0.06953642384056972,-0.11194029850715499
realized_volatility_30s,microprice_pressure,1,1,160,0.85625,3.625,0.00025064050022845,0.00032201990950764833,0.00028612995928633644,-0.06756756756779699,-0.013513513513316866,-0.03646456588163953
realized_volatility_30s,microprice_pressure,1,2,146,0.863013698630137,3.868150684931507,0.0002516249028102679,0.00032237453857576287,0.00028714932414653405,-0.013274336283454128,0.027027027026633732,0.0058954085173657704
realized_volatility_30s,microprice_pressure,1,3,130,0.8692307692307693,3.832692307692308,0.0002506462684227951,0.00032294762434629935,0.0002859178493714279,0.027272727272550885,0.08088235294174713,0.05019379844998184
realized_volatility_30s,microprice_pressure,1,4,89,0.8202247191011236,4.058988764044944,0.00025195581832730354,0.00032233372536730155,0.0002876098751711275,0.08181818181765266,0.4166666666666667,0.12436548223377031
realized_volatility_30s,microprice_pressure,2,0,132,0.8636363636363636,4.706439393939394,0.0003237438015950257,0.00040020585927053786,0.00035999996036733975,-0.44915254237275803,-0.06962025316412716,-0.10801513587891046
realized_volatility_30s,microprice_pressure,2,1,119,0.8319327731092437,3.9978991596638656,0.000323317654128825,0.000399833844622474,0.00035660083512258734,-0.0666666666669092,-0.01369863013678696,-0.03846153846097877
realized_volatility_30s,microprice_pressure,2,2,120,0.9333333333333333,4.80625,0.00032312453336063034,0.00040018103260133645,0.00035833615725095966,-0.013227513227320742,0.027027027026633732,0.003472055936072138
realized_volatility_30s,microprice_pressure,2,3,129,0.875968992248062,4.728682170542636,0.0003236743714316283,0.00039970648916349313,0.00035384176862869805,0.027472527472127695,0.07894736842172279,0.050000000000485066
realized_volatility_30s,microprice_pressure,2,4,121,0.859504132231405,4.677685950413223,0.00032319324081484424,0.00039923529651692994,0.0003589647277538821,0.08163265306211542,0.37804878048804574,0.132258064515554
realized_volatility_30s,microprice_pressure,3,0,133,0.9323308270676691,5.684210526315789,0.0004003655856871998,0.0005142623730918369,0.00044314833223127925,-0.32608695652137004,-0.06818181818137721,-0.11864406779689791
realized_volatility_30s,microprice_pressure,3,1,116,0.8879310344827587,5.6594827586206895,0.00040144981982451346,0.0005148982208503461,0.00043775016336223204,-0.06692913385813881,-0.013513513513316866,-0.037304645686162985
realized_volatility_30s,microprice_pressure,3,2,106,0.9150943396226415,6.002358490566038,0.000400865911605235,0.0005157045034435918,0.0004584783304293266,-0.013274336283454128,0.027027027026633732,0.0078144078142941
realized_volatility_30s,microprice_pressure,3,3,124,0.8709677419354839,5.649193548387097,0.0004008968325799062,0.0005137504891857969,0.0004406702357729244,0.028089887640817324,0.08064516129040082,0.05056818181825899
realized_volatility_30s,microprice_pressure,3,4,143,0.9370629370629371,6.25,0.000402271991496176,0.0005155128435679003,0.0004499586604004933,0.0813953488371529,0.4565217391306457,0.11363636363603291
realized_volatility_30s,microprice_pressure,4,0,132,0.9393939393939394,12.797348484848484,0.0005226047746047728,0.004670005244221021,0.0006507814705920627,-0.4770114942530199,-0.06862745098017815,-0.13702239789199666
realized_volatility_30s,microprice_pressure,4,1,84,0.9285714285714286,7.630952380952381,0.0005170654248612072,0.0018658773261710448,0.0006148862959631327,-0.0666666666669092,-0.013513513513316866,-0.03333333333284827
realized_volatility_30s,microprice_pressure,4,2,112,0.9017857142857143,9.455357142857142,0.0005158864050187222,0.003157932685021121,0.0006197999643393227,-0.013157894736650633,0.027131782945313414,0.011766334440835635
realized_volatility_30s,microprice_pressure,4,3,104,0.9230769230769231,9.608173076923077,0.0005199511676968355,0.0021592626039683366,0.0006305902211971273,0.027777777777373558,0.08041958041940234,0.050822960297409736
realized_volatility_30s,microprice_pressure,4,4,189,0.9523809523809523,9.382275132275133,0.0005180035466235428,0.00419905093243615,0.0006350609620043483,0.08088235294174713,0.45890410958903277,0.14705882352936897
realized_volatility_30s,cvd_acceleration,0,0,81,0.8271604938271605,2.617283950617284,0.00015260870493624424,0.0002504048976732401,0.00022087534009456047,-297.23333333333335,-28.933333333333337,-41.83333333333333
realized_volatility_30s,cvd_acceleration,0,1,150,0.78,2.6866666666666665,7.033089138527883e-05,0.0002506462684227951,0.00020692630945182464,-28.833333333333336,-9.433333333333334,-16.816666666666666
realized_volatility_30s,cvd_acceleration,0,2,190,0.7315789473684211,2.5276315789473682,3.6622658442859016e-05,0.00025064050022845,0.00019347499072914817,-9.433333333333332,4.800000000000001,-2.333333333333333
realized_volatility_30s,cvd_acceleration,0,3,143,0.7692307692307693,3.050699300699301,6.644647556242292e-05,0.0002504675091537839,0.00020723774939544935,5.066666666666666,24.433333333333337,13.600000000000001
realized_volatility_30s,cvd_acceleration,0,4,62,0.6935483870967742,3.120967741935484,0.0001398140143315897,0.00025034927705753514,0.0002131466328320224,24.800000000000004,89.73333333333333,34.56666666666666
realized_volatility_30s,cvd_acceleration,1,0,122,0.8770491803278688,3.862704918032787,0.00025366283857579353,0.00032244638012896574,0.0002867834301817934,-312.6666666666667,-28.966666666666665,-46.983333333333334
realized_volatility_30s,cvd_acceleration,1,1,149,0.8657718120805369,3.73993288590604,0.00025202131941606836,0.00032237453857576287,0.00028285544868922243,-28.433333333333337,-9.533333333333333,-17.9
realized_volatility_30s,cvd_acceleration,1,2,120,0.8833333333333333,4.258333333333334,0.000252437977842087,0.0003236743714316283,0.00029343277809017036,-9.433333333333332,4.933333333333334,-1.4333333333333331
realized_volatility_30s,cvd_acceleration,1,3,125,0.824,4.126,0.00025107571991845804,0.00032319324081484424,0.0002838352672402824,5.066666666666666,24.53333333333333,12.433333333333334
realized_volatility_30s,cvd_acceleration,1,4,110,0.8454545454545455,2.9613636363636364,0.0002507645836917911,0.0003237438015950257,0.0002902067536571845,24.9,172.9,40.61666666666667
realized_volatility_30s,cvd_acceleration,2,0,133,0.849624060150376,4.253759398496241,0.0003238520337066803,0.0004011492165632103,0.0003592603635647992,-246.4666666666667,-28.966666666666665,-44.46666666666667
realized_volatility_30s,cvd_acceleration,2,1,111,0.918918918918919,4.781531531531532,0.0003240083201801308,0.0004008968325799062,0.0003541290362707703,-28.53333333333333,-10.066666666666666,-18.53333333333333
realized_volatility_30s,cvd_acceleration,2,2,114,0.9035087719298246,4.690789473684211,0.0003238934502632475,0.0004003655856871998,0.00035439367306977433,-9.2,5.0,-2.1833333333333336
realized_volatility_30s,cvd_acceleration,2,3,122,0.8770491803278688,4.694672131147541,0.0003260247112580639,0.0004011620193172924,0.00036313625392845694,5.0,24.53333333333333,14.516666666666666
realized_volatility_30s,cvd_acceleration,2,4,145,0.8275862068965517,4.836206896551724,0.0003242343888784265,0.0004006742455490303,0.0003645283218273955,24.83333333333333,195.76666666666668,45.4
realized_volatility_30s,cvd_acceleration,3,0,139,0.9136690647482014,5.670863309352518,0.00040135634534447644,0.0005158864050187222,0.0004457655783915581,-188.96666666666667,-29.366666666666667,-50.5
realized_volatility_30s,cvd_acceleration,3,1,123,0.9105691056910569,5.296747967479675,0.0004024861370107296,0.0005180035466235428,0.00044184810309604993,-28.66666666666667,-9.633333333333333,-19.03333333333333
realized_volatility_30s,cvd_acceleration,3,2,91,0.945054945054945,6.950549450549451,0.00040144981982451346,0.0005157045034435918,0.000455121893492123,-9.433333333333334,4.800000000000001,-2.2333333333333334
realized_volatility_30s,cvd_acceleration,3,3,128,0.90625,5.912109375,0.0004037320611896578,0.0005182524381975664,0.00045200146467033216,5.366666666666666,24.566666666666666,14.533333333333335
realized_volatility_30s,cvd_acceleration,3,4,145,0.903448275862069,5.751724137931035,0.0004017911344471649,0.0005180388021499919,0.0004538424011008582,24.866666666666664,407.93333333333334,50.733333333333334
realized_volatility_30s,cvd_acceleration,4,0,151,0.9403973509933775,11.711920529801324,0.0005194536761754634,0.004670005244221021,0.000625887544310375,-383.53333333333336,-29.099999999999998,-53.36666666666667
realized_volatility_30s,cvd_acceleration,4,1,93,0.946236559139785,9.424731182795698,0.0005217563367586145,0.002282555116321346,0.0006304841055852776,-28.89999999999999,-9.666666666666666,-19.06666666666667
realized_volatility_30s,cvd_acceleration,4,2,110,0.9090909090909091,9.172727272727272,0.0005199511676968355,0.0021592626039683366,0.0006254114920374203,-9.299999999999997,4.866666666666667,-2.283333333333334
realized_volatility_30s,cvd_acceleration,4,3,108,0.9444444444444444,10.449074074074074,0.0005222157065887126,0.0021239522403109046,0.0006500203940631778,5.033333333333333,24.066666666666663,13.066666666666666
realized_volatility_30s,cvd_acceleration,4,4,163,0.9202453987730062,8.631901840490798,0.0005195687413286635,0.00419905093243615,0.0006292256177432135,24.799999999999997,737.2666666666667,56.9
realized_volatility_30s,trade_sign_autocorr_60s,0,0,71,0.6338028169014085,2.1901408450704225,4.975000622903202e-05,0.00024944924594952795,0.0001867399320491846,-0.09759000729485333,0.8782260770211459,0.843269242164221
realized_volatility_30s,trade_sign_autocorr_60s,0,1,72,0.8055555555555556,3.0972222222222223,7.784089863575679e-05,0.0002506462684227951,0.00020784111033612186,0.8782695350366768,0.8994834566522417,0.889863812684232
realized_volatility_30s,trade_sign_autocorr_60s,0,2,86,0.7209302325581395,2.7906976744186047,9.688278862514611e-05,0.0002510305561277978,0.00021221671477373596,0.8995596561123912,0.9137557144531679,0.906369490115862
realized_volatility_30s,trade_sign_autocorr_60s,0,3,135,0.8,2.7814814814814817,0.00012211640840312392,0.0002504675091537839,0.00020979288260964521,0.913812181126986,0.9271812466426873,0.9212336957574214
realized_volatility_30s,trade_sign_autocorr_60s,0,4,261,0.7816091954022989,2.824712643678161,5.178562244102228e-05,0.0002507645836917911,0.00020723774939544935,0.9274411317995743,0.9860546342602644,0.9412072596237036
realized_volatility_30s,trade_sign_autocorr_60s,1,0,61,0.7868852459016393,3.7581967213114753,0.000252437977842087,0.000323317654128825,0.0002911271171961555,0.7004599759224238,0.8781634372880706,0.8666689886958192
realized_volatility_30s,trade_sign_autocorr_60s,1,1,110,0.8818181818181818,3.643181818181818,0.0002527352355645067,0.0003236743714316283,0.000293015672203873,0.8784734102573452,0.8995392838771802,0.890928915105335
realized_volatility_30s,trade_sign_autocorr_60s,1,2,129,0.8604651162790697,3.7267441860465116,0.00025107571991845804,0.00032312453336063034,0.0002839940739809136,0.8996343090191873,0.9137228490319984,0.9073726012530301
realized_volatility_30s,trade_sign_autocorr_60s,1,3,168,0.875,4.178571428571429,0.00025202131941606836,0.0003237438015950257,0.00028904827569426606,0.9138299110827609,0.9272787943844172,0.9202414607751919
realized_volatility_30s,trade_sign_autocorr_60s,1,4,156,0.8589743589743589,3.5913461538461537,0.00025195581832730354,0.00032294762434629935,0.00028442315132369057,0.927350478421248,0.9653502755367306,0.9366641201071042
realized_volatility_30s,trade_sign_autocorr_60s,2,0,83,0.927710843373494,6.442771084337349,0.0003259618883841271,0.00040135634534447644,0.0003622138175032293,0.6080051376822609,0.8782587399349803,0.8658473309636078
realized_volatility_30s,trade_sign_autocorr_60s,2,1,148,0.8378378378378378,4.217905405405405,0.0003252353256936445,0.00040020585927053786,0.0003639720001394332,0.8784471500567768,0.8995254508431983,0.8911827097492073
realized_volatility_30s,trade_sign_autocorr_60s,2,2,135,0.9111111111111111,4.622222222222222,0.0003240083201801308,0.0004011492165632103,0.00036221145122656786,0.8995865833485289,0.913599604124132,0.9072289758472026
realized_volatility_30s,trade_sign_autocorr_60s,2,3,137,0.8540145985401459,4.319343065693431,0.0003238520337066803,0.0004011620193172924,0.0003527320507415664,0.914009831092574,0.9273024252129685,0.9196739206067546
realized_volatility_30s,trade_sign_autocorr_60s,2,4,122,0.8524590163934426,4.383196721311475,0.0003238934502632475,0.00039970648916349313,0.0003549518932052548,0.9274331268268172,0.9614547997236542,0.9354746503557501
realized_volatility_30s,trade_sign_autocorr_60s,3,0,116,0.896551724137931,6.469827586206897,0.0004024271644083449,0.0005145261134589761,0.00045992760174377824,0.7790821558860838,0.878218035380426,0.8624761869887643
realized_volatility_30s,trade_sign_autocorr_60s,3,1,161,0.9192546583850931,6.108695652173913,0.000402271991496176,0.0005180388021499919,0.0004578889079612378,0.878381968350633,0.8994328287038339,0.8893737110604579
realized_volatility_30s,trade_sign_autocorr_60s,3,2,168,0.9345238095238095,5.802083333333333,0.00040144981982451346,0.0005180035466235428,0.0004406907534561654,0.8996040157377252,0.913700488364312,0.9071493409817721
realized_volatility_30s,trade_sign_autocorr_60s,3,3,114,0.8771929824561403,5.49780701754386,0.0004017911344471649,0.0005170654248612072,0.00044053775421811105,0.9138020069026008,0.927045260779289,0.9188113812286074
realized_volatility_30s,trade_sign_autocorr_60s,3,4,65,0.9384615384615385,4.907692307692308,0.0004024861370107296,0.0005134861309282993,0.00043849649755490117,0.927355853483879,0.9704345027891362,0.9352318233012175
realized_volatility_30s,trade_sign_autocorr_60s,4,0,294,0.9455782312925171,13.262755102040817,0.0005194536761754634,0.004670005244221021,0.0006994722359963091,0.49843118737158887,0.8782127856089823,0.8411508147833755
realized_volatility_30s,trade_sign_autocorr_60s,4,1,133,0.924812030075188,6.870300751879699,0.0005216288340457071,0.00187063009068406,0.0006098638617975908,0.8782916874076097,0.8994699361288289,0.8886804001743285
realized_volatility_30s,trade_sign_autocorr_60s,4,2,107,0.9252336448598131,6.72196261682243,0.0005228861405343847,0.0015059053235032727,0.0006122682938101506,0.8996063132379154,0.9136639248447409,0.9071493336391823
realized_volatility_30s,trade_sign_autocorr_60s,4,3,70,0.8857142857142857,7.325,0.0005182524381975664,0.0010733905157141925,0.0005891345529406083,0.9137684913004381,0.9267876413113509,0.9200895566906063
realized_volatility_30s,trade_sign_autocorr_60s,4,4,20,0.95,6.9625,0.0005199511676968355,0.0008010278505811413,0.0006002139703520999,0.9281847667296497,0.9971126921000345,0.9352582053955718
realized_vol_1m,depth_mid_ask,0,0,48,0.5625,2.2708333333333335,5.179131191833218e-05,0.0003371288780787876,0.00024250515773027828,19.0,149.0,123.0
realized_vol_1m,depth_mid_ask,0,1,58,0.7586206896551724,3.3836206896551726,4.473972664774299e-05,0.0003444149912367652,0.00028527605564707505,150.0,205.0,179.0
realized_vol_1m,depth_mid_ask,0,2,127,0.7952755905511811,3.1653543307086616,0.000142049504998247,0.0003443480269920685,0.0002960101239875513,210.0,269.0,244.0
realized_vol_1m,depth_mid_ask,0,3,177,0.7909604519774012,2.730225988700565,7.783740050899455e-05,0.0003440914222480029,0.0002840584358230393,269.0,350.0,308.0
realized_vol_1m,depth_mid_ask,0,4,216,0.7685185185185185,2.1944444444444446,0.00014211845161698643,0.00034423735513994274,0.00028961006728916007,352.0,747.0,428.0
realized_vol_1m,depth_mid_ask,1,0,43,0.8837209302325582,7.1104651162790695,0.0003445362636257217,0.0004361051754555996,0.00040367627969897703,45.0,148.0,135.0
realized_vol_1m,depth_mid_ask,1,1,119,0.9243697478991597,5.027310924369748,0.00034678492289360566,0.00043651107913660037,0.0003927186220279306,150.0,209.0,189.0
realized_vol_1m,depth_mid_ask,1,2,160,0.8875,4.515625,0.0003447224777711013,0.0004361794495331376,0.00039407653694371956,210.0,269.0,242.5
realized_vol_1m,depth_mid_ask,1,3,151,0.8145695364238411,3.384105960264901,0.00034508556135594504,0.0004356302081878897,0.000392614689506512,269.0,350.0,307.0
realized_vol_1m,depth_mid_ask,1,4,153,0.803921568627451,2.5212418300653594,0.0003446241080103964,0.0004363074599907393,0.00038476296730158933,350.0,873.0,425.0
realized_vol_1m,depth_mid_ask,2,0,75,0.88,6.036666666666667,0.00043715793969359684,0.0005314332006258013,0.00048503464394732414,43.0,149.0,126.0
realized_vol_1m,depth_mid_ask,2,1,145,0.896551724137931,5.067241379310345,0.0004371895018007863,0.0005314643803030012,0.0004852032480464423,150.0,210.0,184.0
realized_vol_1m,depth_mid_ask,2,2,148,0.8783783783783784,4.625,0.0004373241628790517,0.0005324581156710539,0.00048190172881578167,211.0,269.0,240.5
realized_vol_1m,depth_mid_ask,2,3,135,0.8592592592592593,4.207407407407407,0.0004367469038247047,0.000532112628136125,0.0004870093469887335,269.0,348.0,302.0
realized_vol_1m,depth_mid_ask,2,4,122,0.8770491803278688,3.278688524590164,0.00043673536318053946,0.0005324578285209281,0.00048021420834916243,351.0,803.0,411.0
realized_vol_1m,depth_mid_ask,3,0,149,0.9261744966442953,7.939597315436242,0.0005334384016982451,0.0006930537857855986,0.0006153910346691649,24.0,149.0,124.0
realized_vol_1m,depth_mid_ask,3,1,169,0.9230769230769231,6.544378698224852,0.0005338212095334857,0.000692972676587881,0.0005928261556286725,149.0,210.0,179.0
realized_vol_1m,depth_mid_ask,3,2,112,0.9285714285714286,5.408482142857143,0.0005337897235504285,0.0006860783774414546,0.0006038224914039227,210.0,269.0,234.5
realized_vol_1m,depth_mid_ask,3,3,112,0.9017857142857143,4.419642857142857,0.0005327834559003809,0.0006855375960872002,0.0005984773495300585,270.0,348.0,301.0
realized_vol_1m,depth_mid_ask,3,4,84,0.8452380952380952,3.175595238095238,0.0005325086475523631,0.0006900895203633251,0.0005832889430380703,353.0,759.0,402.5
realized_vol_1m,depth_mid_ask,4,0,311,0.954983922829582,13.27491961414791,0.0006943974042116227,0.004933883649044672,0.0009112795203409528,5.0,149.0,94.0
realized_vol_1m,depth_mid_ask,4,1,135,0.9185185185185185,7.742592592592593,0.0006960151753016365,0.00229868381047086,0.0008127307536103666,150.0,210.0,177.0
realized_vol_1m,depth_mid_ask,4,2,78,0.9487179487179487,7.548076923076923,0.0006943932255379076,0.0012713578929040561,0.0007857879587542239,211.0,269.0,235.0
realized_vol_1m,depth_mid_ask,4,3,51,0.8627450980392157,4.514705882352941,0.0006937365790572859,0.0022787496392278764,0.0007674317816896672,271.0,346.0,301.0
realized_vol_1m,depth_mid_ask,4,4,50,0.82,3.735,0.0006934456206829453,0.0015048929637238638,0.0007899497848178063,352.0,1081.0,428.0
realized_vol_1m,depth_near_ask,0,0,43,0.5813953488372093,2.505813953488372,4.473972664774299e-05,0.0003362071950244997,0.00024200901865985728,16.0,123.0,92.0
realized_vol_1m,depth_near_ask,0,1,55,0.7818181818181819,2.8772727272727274,6.326728240816818e-05,0.0003444149912367652,0.0003094286997853372,127.0,182.0,164.0
realized_vol_1m,depth_near_ask,0,2,134,0.8059701492537313,3.1791044776119404,7.783740050899455e-05,0.0003443334234067262,0.00029798589950422313,183.0,236.0,214.0
realized_vol_1m,depth_near_ask,0,3,178,0.7752808988764045,2.845505617977528,0.00014211461932977287,0.0003443480269920685,0.0002853620230271331,236.0,304.0,268.0
realized_vol_1m,depth_near_ask,0,4,216,0.7592592592592593,2.1574074074074074,0.00014988781870369744,0.00034423735513994274,0.00028719848763691523,304.0,817.0,373.0
realized_vol_1m,depth_near_ask,1,0,39,0.8974358974358975,6.756410256410256,0.0003449196690507357,0.0004361051754555996,0.00040703349836084603,24.0,126.0,109.0
realized_vol_1m,depth_near_ask,1,1,110,0.9090909090909091,5.306818181818182,0.0003445362636257217,0.00043651107913660037,0.00039565769929875096,127.0,182.0,162.0
realized_vol_1m,depth_near_ask,1,2,152,0.881578947368421,4.4243421052631575,0.00034585431678973186,0.0004361794495331376,0.0003958349361212807,183.0,236.0,213.0
realized_vol_1m,depth_near_ask,1,3,163,0.8466257668711656,3.48159509202454,0.00034508556135594504,0.0004363074599907393,0.0003897308131569577,236.0,304.0,260.0
realized_vol_1m,depth_near_ask,1,4,162,0.7962962962962963,2.691358024691358,0.0003446241080103964,0.00043610737796706057,0.0003817890540668101,304.0,1227.0,362.0
realized_vol_1m,depth_near_ask,2,0,70,0.8714285714285714,6.1535714285714285,0.00043715793969359684,0.0005314332006258013,0.0004896077315546194,31.0,126.0,103.5
realized_vol_1m,depth_near_ask,2,1,151,0.9006622516556292,5.2218543046357615,0.0004371895018007863,0.0005324581156710539,0.00048704052413133344,126.0,182.0,155.0
realized_vol_1m,depth_near_ask,2,2,160,0.86875,4.328125,0.000436996804365345,0.0005324578285209281,0.00048437456910822006,183.0,236.0,209.5
realized_vol_1m,depth_near_ask,2,3,132,0.8939393939393939,4.232954545454546,0.0004367469038247047,0.000532112628136125,0.00047656334410135684,238.0,304.0,263.5
realized_vol_1m,depth_near_ask,2,4,112,0.8482142857142857,3.299107142857143,0.00043673536318053946,0.0005313726434574726,0.00048513628598331727,306.0,1117.0,363.0
realized_vol_1m,depth_near_ask,3,0,145,0.896551724137931,7.379310344827586,0.0005334384016982451,0.0006930537857855986,0.0006287109645193549,4.0,126.0,96.0
realized_vol_1m,depth_near_ask,3,1,179,0.9608938547486033,6.677374301675978,0.0005338212095334857,0.0006902706455182389,0.0005921125470605709,127.0,182.0,158.0
realized_vol_1m,depth_near_ask,3,2,111,0.8918918918918919,5.527027027027027,0.0005327834559003809,0.000692972676587881,0.0005949431953160846,183.0,236.0,203.0
realized_vol_1m,depth_near_ask,3,3,106,0.9056603773584906,4.589622641509434,0.0005325086475523631,0.0006881362050937499,0.0005996835389215371,238.0,304.0,264.0
realized_vol_1m,depth_near_ask,3,4,85,0.8588235294117647,3.426470588235294,0.000533859289015178,0.0006900895203633251,0.0005806405107153731,305.0,706.0,360.0
realized_vol_1m,depth_near_ask,4,0,329,0.9574468085106383,12.990881458966566,0.0006943974042116227,0.004933883649044672,0.0008921708896244808,3.0,126.0,77.0
realized_vol_1m,depth_near_ask,4,1,131,0.9236641221374046,7.564885496183206,0.0006960151753016365,0.00229868381047086,0.0008219030339285705,126.0,182.0,154.0
realized_vol_1m,depth_near_ask,4,2,68,0.9264705882352942,6.650735294117647,0.0006943932255379076,0.0013630063899738082,0.0007689306538451716,182.0,236.0,207.5
realized_vol_1m,depth_near_ask,4,3,47,0.7659574468085106,4.361702127659575,0.0006934456206829453,0.0010568894124922362,0.0007674317816896672,238.0,299.0,270.0
realized_vol_1m,depth_near_ask,4,4,50,0.9,5.145,0.0007000742484514706,0.0022787496392278764,0.0007993490892878039,306.0,1305.0,382.5
realized_vol_1m,queue_imbalance_std_5s,0,0,305,0.7245901639344262,2.398360655737705,4.473972664774299e-05,0.0003444149912367652,0.0002740126652549628,0.0,0.07327252604458291,0.04757563918546487
realized_vol_1m,queue_imbalance_std_5s,0,1,159,0.8113207547169812,2.709119496855346,9.688937762677223e-05,0.0003437861001838091,0.00029525151492550345,0.07341192675154985,0.10423894833769748,0.0866459379482795
realized_vol_1m,queue_imbalance_std_5s,0,2,92,0.8478260869565217,3.1739130434782608,0.00015568529559476454,0.0003443480269920685,0.000299544509689631,0.10471299170138962,0.13994247255257908,0.11936402561428988
realized_vol_1m,queue_imbalance_std_5s,0,3,46,0.7608695652173914,3.141304347826087,0.0001986550266131263,0.00033935359508216554,0.0002996222268905654,0.141404676441697,0.19381062265570256,0.1583748479601238
realized_vol_1m,queue_imbalance_std_5s,0,4,22,0.6818181818181818,2.9318181818181817,0.0001597600641841921,0.0003403805820045546,0.0003141463878440753,0.20008018137004735,0.44194616071832665,0.2529771052025279
realized_vol_1m,queue_imbalance_std_5s,1,0,168,0.7976190476190477,3.0982142857142856,0.00034526940477289575,0.00043610737796706057,0.0003849098678629136,0.02294382833276216,0.07335128700889335,0.05618655678478804
realized_vol_1m,queue_imbalance_std_5s,1,1,180,0.8833333333333333,3.888888888888889,0.0003447594815669674,0.0004361794495331376,0.0003887926060658173,0.073362966850013,0.10455608551752815,0.08795710959643115
realized_vol_1m,queue_imbalance_std_5s,1,2,125,0.888,4.16,0.0003446555716215607,0.00043584464037524676,0.0003897308131569577,0.10497095377017931,0.13970913889547695,0.12032704293079291
realized_vol_1m,queue_imbalance_std_5s,1,3,94,0.851063829787234,4.763297872340425,0.0003445362636257217,0.00043617491240793214,0.00040314408406138885,0.1407968723047292,0.19192408851458673,0.15806019620129635
realized_vol_1m,queue_imbalance_std_5s,1,4,57,0.8771929824561403,5.767543859649122,0.0003446241080103964,0.0004361051754555996,0.0004025625932180103,0.1948138140293511,0.49756515381649996,0.22413562438358908
realized_vol_1m,queue_imbalance_std_5s,2,0,97,0.8247422680412371,3.2371134020618557,0.0004363074599907393,0.0005305138658602602,0.0004795293763611646,0.01727437467040872,0.07323292700009158,0.05824080554500263
realized_vol_1m,queue_imbalance_std_5s,2,1,144,0.9166666666666666,4.230902777777778,0.00043651107913660037,0.0005299720604239528,0.00048663123697840436,0.07346353334047279,0.10446511573261655,0.08973553757481392
realized_vol_1m,queue_imbalance_std_5s,2,2,142,0.8802816901408451,4.883802816901408,0.0004367469038247047,0.0005294865562099854,0.0004806519133949708,0.1046050187815045,0.14001902363232738,0.12240677167867708
realized_vol_1m,queue_imbalance_std_5s,2,3,161,0.8695652173913043,5.035714285714286,0.00043673536318053946,0.0005320322534798161,0.00048451511988306325,0.14052058879391824,0.1943514628969582,0.16266597572963543
realized_vol_1m,queue_imbalance_std_5s,2,4,80,0.8875,4.853125,0.0004372194820043741,0.0005313726434574726,0.00048631475281680814,0.19543949674037436,0.43863390027780463,0.22353544170156142
realized_vol_1m,queue_imbalance_std_5s,3,0,46,0.8260869565217391,4.2771739130434785,0.0005338254794978439,0.0006762666574429043,0.0005698444106366406,0.033521581514458075,0.07322447054940938,0.06135159233639829
realized_vol_1m,queue_imbalance_std_5s,3,1,93,0.956989247311828,5.849462365591398,0.0005324581156710539,0.000692639274416374,0.0006018403064285484,0.07377499483558964,0.10437633499959362,0.08979066359426364
realized_vol_1m,queue_imbalance_std_5s,3,2,164,0.8658536585365854,5.184451219512195,0.0005324578285209281,0.0006900895203633251,0.0005933001626722719,0.10456459424597356,0.13922178839596164,0.12370187050274024
realized_vol_1m,queue_imbalance_std_5s,3,3,163,0.9263803680981595,5.733128834355829,0.0005346692478929422,0.0006923799334224483,0.0006028844633960077,0.14007582942596694,0.19374944655374737,0.1648334998269338
realized_vol_1m,queue_imbalance_std_5s,3,4,158,0.9367088607594937,7.1424050632911396,0.000532112628136125,0.0006892806278675236,0.000603811494405969,0.1950712922650231,0.42927600834273744,0.23202092846928865
realized_vol_1m,queue_imbalance_std_5s,4,0,8,0.625,2.25,0.0006934456206829453,0.0008418487023261348,0.0007509617465695014,0.060667664996475454,0.07235945843466557,0.06779197401910345
realized_vol_1m,queue_imbalance_std_5s,4,1,48,0.875,6.692708333333333,0.0007000290896403391,0.00229868381047086,0.0007582439761982045,0.07353356549137247,0.10455507627566861,0.09398382860411372
realized_vol_1m,queue_imbalance_std_5s,4,2,101,0.9207920792079208,6.608910891089109,0.000692972676587881,0.001889941493276831,0.000805336033381082,0.10470354389480838,0.1398734547565807,0.12327276734330589
realized_vol_1m,queue_imbalance_std_5s,4,3,160,0.93125,8.96875,0.0006937365790572859,0.0019824800609664606,0.0008414881477590691,0.14123656700157222,0.19464679791793146,0.17227501413399957
realized_vol_1m,queue_imbalance_std_5s,4,4,307,0.9446254071661238,12.18485342019544,0.0006930537857855986,0.004933883649044672,0.0008837630206917167,0.19484012567907769,0.5284150918131977,0.2543398986523321
realized_vol_1m,cancel_rate_ask,0,0,341,0.7214076246334311,2.4200879765395893,4.473972664774299e-05,0.0003444149912367652,0.00027397513133885367,0.0,1.2,0.4
realized_vol_1m,cancel_rate_ask,0,1,184,0.7989130434782609,2.885869565217391,0.00012807636497876932,0.0003443334234067262,0.0002963381006002118,1.2,2.2,1.6
realized_vol_1m,cancel_rate_ask,0,2,76,0.8421052631578947,2.950657894736842,0.00017855694373741877,0.0003443480269920685,0.0003035920353386954,2.2,3.8,2.8
realized_vol_1m,cancel_rate_ask,0,3,20,0.9,3.7625,0.00022504850123608082,0.0003403805820045546,0.00030653532124191483,4.0,6.6,4.6
realized_vol_1m,cancel_rate_ask,0,4,4,0.75,2.0625,0.00029657061549481485,0.00033554533717029204,0.00032500096332892454,7.2,13.6,8.4
realized_vol_1m,cancel_rate_ask,1,0,162,0.8333333333333334,2.939814814814815,0.0003447594815669674,0.0004355196244146723,0.00037613055516402897,0.0,1.2,0.6
realized_vol_1m,cancel_rate_ask,1,1,206,0.8980582524271845,4.231796116504855,0.0003446555716215607,0.0004361794495331376,0.0003949030531104008,1.2,2.2,1.6
realized_vol_1m,cancel_rate_ask,1,2,158,0.8227848101265823,4.07120253164557,0.0003445362636257217,0.00043617491240793214,0.0003962166816734884,2.4,3.8,3.0
realized_vol_1m,cancel_rate_ask,1,3,87,0.8620689655172413,5.545977011494253,0.0003446241080103964,0.0004345744663873313,0.00039924430806294504,3.8,6.4,4.6
realized_vol_1m,cancel_rate_ask,1,4,11,0.8181818181818182,3.9318181818181817,0.00038003117446028175,0.00042547008968766176,0.00041584520369773774,7.0,12.8,8.0
realized_vol_1m,cancel_rate_ask,2,0,82,0.8414634146341463,3.1280487804878048,0.0004367469038247047,0.0005305138658602602,0.0004674843380522517,0.0,1.2,0.7
realized_vol_1m,cancel_rate_ask,2,1,153,0.8954248366013072,4.251633986928105,0.0004373241628790517,0.0005299720604239528,0.00047996105078758084,1.2,2.2,1.8
realized_vol_1m,cancel_rate_ask,2,2,180,0.8555555555555555,4.075,0.0004390860011663749,0.0005314643803030012,0.0004846357399882221,2.4,3.8,3.2
realized_vol_1m,cancel_rate_ask,2,3,148,0.8918918918918919,5.95945945945946,0.0004363074599907393,0.0005296599713271589,0.0004927767417042129,3.8,6.6,4.9
realized_vol_1m,cancel_rate_ask,2,4,61,0.9180327868852459,4.807377049180328,0.0004371895018007863,0.0005320322534798161,0.0004850928617768591,6.8,86.2,9.0
realized_vol_1m,cancel_rate_ask,3,0,34,0.8529411764705882,3.4044117647058822,0.0005324578285209281,0.0006750602006065646,0.0005721716955240967,0.2,1.2,0.8
realized_vol_1m,cancel_rate_ask,3,1,62,0.9032258064516129,4.75,0.0005324581156710539,0.0006802835239219016,0.0005787683673886597,1.2,2.2,1.8
realized_vol_1m,cancel_rate_ask,3,2,163,0.8957055214723927,4.822085889570552,0.0005327834559003809,0.0006900895203633251,0.0005979102150754925,2.4,3.8,3.2
realized_vol_1m,cancel_rate_ask,3,3,214,0.9065420560747663,5.961448598130841,0.0005325086475523631,0.000692639274416374,0.0006003758718578152,4.0,6.8,5.0
realized_vol_1m,cancel_rate_ask,3,4,151,0.9470198675496688,7.827814569536423,0.000532112628136125,0.0006917146264753656,0.0006149329160591089,6.8,90.2,10.0
realized_vol_1m,cancel_rate_ask,4,0,6,1.0,4.75,0.0007373636311991799,0.0009847929599831307,0.0007902168792080527,0.0,1.2,1.0
realized_vol_1m,cancel_rate_ask,4,1,19,0.7894736842105263,4.5131578947368425,0.0006965338337710958,0.0009085302006112588,0.0007418061484337305,1.4,2.2,1.8
realized_vol_1m,cancel_rate_ask,4,2,47,0.8723404255319149,5.23404255319149,0.000692972676587881,0.00122750758490104,0.0007488264564806895,2.4,3.8,3.4
realized_vol_1m,cancel_rate_ask,4,3,155,0.9419354838709677,7.112903225806452,0.0006965505139309439,0.001836285013660068,0.0007893044248901611,4.0,6.8,5.4
realized_vol_1m,cancel_rate_ask,4,4,397,0.9345088161209067,11.888539042821158,0.0006930537857855986,0.004933883649044672,0.0008971071359059243,6.8,222.2,12.8
realized_vol_1m,cancel_ratio,0,0,269,0.7360594795539034,2.471189591078067,5.179131191833218e-05,0.0003444149912367652,0.0002781989547232096,0.0,0.030303030303030304,0.016891891891891893
realized_vol_1m,cancel_ratio,0,1,147,0.8299319727891157,2.8979591836734695,0.00012186617195714103,0.0003441297427711693,0.00029894038364084466,0.030303030303030304,0.045454545454545456,0.0375
realized_vol_1m,cancel_ratio,0,2,93,0.8064516129032258,2.4623655913978495,0.00016016933172932943,0.00034411515265533546,0.0002937099053322654,0.045454545454545456,0.05894736842105263,0.05084745762711865
realized_vol_1m,cancel_ratio,0,3,62,0.6612903225806451,2.4879032258064515,9.688684326851186e-05,0.0003440914222480029,0.00029510768612310415,0.0593607305936073,0.08016877637130802,0.06666666666666667
realized_vol_1m,cancel_ratio,0,4,54,0.7777777777777778,3.5185185185185186,4.473972664774299e-05,0.0003443480269920685,0.0002787501201089187,0.08064516129032258,0.4123173277661795,0.10489225282646635
realized_vol_1m,cancel_ratio,1,0,180,0.8611111111111112,3.1944444444444446,0.0003447594815669674,0.00043610737796706057,0.0003851100235211707,0.00390625,0.03017241379310345,0.020349539353369448
realized_vol_1m,cancel_ratio,1,1,170,0.8588235294117647,3.976470588235294,0.00034491280738418035,0.00043617491240793214,0.0003851384226419795,0.030303030303030304,0.04536082474226804,0.0381873417721519
realized_vol_1m,cancel_ratio,1,2,117,0.8461538461538461,4.012820512820513,0.0003446241080103964,0.0004361794495331376,0.00040274307229452665,0.045576407506702415,0.05904761904761905,0.05223880597014925
realized_vol_1m,cancel_ratio,1,3,89,0.8202247191011236,4.367977528089888,0.0003445362636257217,0.0004361051754555996,0.0003910342439601717,0.05927051671732523,0.08029197080291971,0.06656580937972768
realized_vol_1m,cancel_ratio,1,4,68,0.8970588235294118,5.9963235294117645,0.0003514702057224644,0.00043375598537983813,0.0003978603508239316,0.08088235294117647,0.3888888888888889,0.10465174164734664
realized_vol_1m,cancel_ratio,2,0,107,0.8878504672897196,3.6658878504672896,0.0004367469038247047,0.0005305138658602602,0.00047440752595091795,0.003401360544217687,0.030136986301369864,0.01907356948228883
realized_vol_1m,cancel_ratio,2,1,143,0.8391608391608392,3.729020979020979,0.0004373241628790517,0.0005299720604239528,0.0004816917971916613,0.03051643192488263,0.045454545454545456,0.038883349950149554
realized_vol_1m,cancel_ratio,2,2,156,0.8974358974358975,4.746794871794871,0.0004363074599907393,0.0005314643803030012,0.0004824975976242521,0.04559270516717325,0.05913272010512484,0.05277079843662758
realized_vol_1m,cancel_ratio,2,3,124,0.8709677419354839,4.612903225806452,0.00043651107913660037,0.0005314332006258013,0.0004910484434436939,0.059147180192572216,0.08020050125313283,0.06737448776105012
realized_vol_1m,cancel_ratio,2,4,94,0.9042553191489362,6.1462765957446805,0.00043831065638293967,0.0005320322534798161,0.0004846581160305045,0.08047493403693931,0.35066079295154184,0.09980997879969128
realized_vol_1m,cancel_ratio,3,0,53,0.8301886792452831,3.910377358490566,0.0005324578285209281,0.0006802835239219016,0.0005801017956211219,0.010714285714285714,0.03024193548387097,0.023121387283236993
realized_vol_1m,cancel_ratio,3,1,107,0.9158878504672897,4.663551401869159,0.0005341976177990124,0.0006900895203633251,0.0005860721986631706,0.030319436924742826,0.04532163742690058,0.03862660944206009
realized_vol_1m,cancel_ratio,3,2,153,0.9084967320261438,5.705882352941177,0.0005324581156710539,0.0006883912795355012,0.0005994396772593109,0.04557405784399649,0.05902383654937571,0.051233396584440226
realized_vol_1m,cancel_ratio,3,3,164,0.9085365853658537,5.989329268292683,0.0005325086475523631,0.0006923799334224483,0.000613344226670447,0.059322033898305086,0.08027282266526757,0.06789381629429023
realized_vol_1m,cancel_ratio,3,4,147,0.9387755102040817,7.431972789115647,0.000532112628136125,0.000692639274416374,0.0005977505672457313,0.0805523590333717,0.32696546656869946,0.09822646657571624
realized_vol_1m,cancel_ratio,4,0,16,0.875,4.84375,0.0007142992149653506,0.0013991548435519103,0.000761633359412857,0.007978723404255319,0.028894472361809045,0.024367911647629685
realized_vol_1m,cancel_ratio,4,1,57,0.8771929824561403,4.969298245614035,0.0006937365790572859,0.0015048929637238638,0.0007905853771049727,0.03111495246326707,0.044902912621359224,0.040478380864765406
realized_vol_1m,cancel_ratio,4,2,105,0.9047619047619048,6.483333333333333,0.0006934456206829453,0.00122750758490104,0.0008063605394794949,0.04548789435069699,0.05910735826296743,0.053061224489795916
realized_vol_1m,cancel_ratio,4,3,185,0.9243243243243243,8.832432432432432,0.000692972676587881,0.0020983888356415443,0.0008281774975749371,0.059297912713472484,0.07996768982229402,0.07056798623063683
realized_vol_1m,cancel_ratio,4,4,261,0.9540229885057471,13.436781609195402,0.0006930537857855986,0.004933883649044672,0.0009311649705541765,0.08031674208144797,0.31936284110197155,0.10285714285714286
realized_vol_1m,z_anchor_vwap,0,0,150,0.8,2.745,0.00012807636497876932,0.000345610394910188,0.0002948580851580006,-269.9587944461216,-10.25871993967875,-16.067305243672095
realized_vol_1m,z_anchor_vwap,0,1,155,0.7935483870967742,2.674193548387097,9.688684326851186e-05,0.0003445362636257217,0.0002914466857779349,-10.10566800442233,-3.9980879099059177,-6.753270544814454
realized_vol_1m,z_anchor_vwap,0,2,141,0.7375886524822695,2.469858156028369,5.179131191833218e-05,0.0003456703405972344,0.0002830947141912614,-3.964222925733512,-0.3620328601168605,-2.370199003803154
realized_vol_1m,z_anchor_vwap,0,3,146,0.7602739726027398,2.6797945205479454,4.473972664774299e-05,0.0003453546499013409,0.0002843881404865468,-0.29794357161320056,3.9980493070424488,1.3855934006142014
realized_vol_1m,z_anchor_vwap,0,4,91,0.7362637362637363,2.9532967032967035,0.00013403993899925028,0.0003453353444460749,0.000292505804893119,4.057177768139474,248.88138359560156,10.717840469435883
realized_vol_1m,z_anchor_vwap,1,0,131,0.8854961832061069,4.765267175572519,0.00034569564478669396,0.0004372556449089798,0.0003920979911873066,-329.72860769971425,-10.133870273890679,-19.803240909834148
realized_vol_1m,z_anchor_vwap,1,1,163,0.8343558282208589,3.9064417177914113,0.0003457706555593905,0.00043673536318053946,0.0003949410708990559,-9.782774783864186,-4.005667635893574,-6.008928651858461
realized_vol_1m,z_anchor_vwap,1,2,138,0.8840579710144928,4.047101449275362,0.0003469407849636988,0.00043793848478385235,0.0003958580683343614,-3.928458481060537,-0.3024149780151194,-2.164146456292282
realized_vol_1m,z_anchor_vwap,1,3,139,0.841726618705036,3.550359712230216,0.00034585431678973186,0.0004380130305414587,0.00039787148723123246,-0.2930195671276374,3.64392348637383,1.1533076060021794
realized_vol_1m,z_anchor_vwap,1,4,112,0.8482142857142857,3.841517857142857,0.0003464702802214644,0.0004372194820043741,0.000388375816632605,4.079742365007883,542.7765132234626,11.252526182550582
realized_vol_1m,z_anchor_vwap,2,0,148,0.8918918918918919,5.452702702702703,0.0004384413888296098,0.000532112628136125,0.00048712254561848474,-547.3154243611832,-10.173673333280375,-22.96491021780857
realized_vol_1m,z_anchor_vwap,2,1,118,0.8898305084745762,4.38135593220339,0.0004382073299776668,0.0005337897235504285,0.0004889970171754162,-10.036606093263632,-4.021450861960761,-6.2347614283573805
realized_vol_1m,z_anchor_vwap,2,2,166,0.8554216867469879,4.555722891566265,0.0004390035425222551,0.0005334767196501241,0.000484873521757353,-3.955914161638755,-0.3156818665572495,-1.9123615564486816
realized_vol_1m,z_anchor_vwap,2,3,129,0.8914728682170543,4.308139534883721,0.00043883884252191653,0.0005325086475523631,0.00048267554148897585,-0.2937740220465935,3.97705198530673,1.5296437504431168
realized_vol_1m,z_anchor_vwap,2,4,121,0.8181818181818182,3.7975206611570247,0.00043831065638293967,0.0005327834559003809,0.000484539399905107,4.076088215414108,287.93044592528815,12.37728803155503
realized_vol_1m,z_anchor_vwap,3,0,131,0.9465648854961832,7.801526717557252,0.0005366202892957582,0.0006934456206829453,0.0006109075983570271,-383.30024096348507,-10.123267675529272,-21.29198316662832
realized_vol_1m,z_anchor_vwap,3,1,132,0.9242424242424242,5.541666666666667,0.0005338254794978439,0.0006937365790572859,0.0005944166393642557,-10.086451303562711,-4.011744628675111,-6.338990030837799
realized_vol_1m,z_anchor_vwap,3,2,128,0.921875,5.78515625,0.0005353630369740652,0.0006884783147597732,0.0006009136154403996,-3.991372481745125,-0.30708590044016915,-2.1538186652776377
realized_vol_1m,z_anchor_vwap,3,3,127,0.889763779527559,4.7637795275590555,0.0005338212095334857,0.0006943932255379076,0.0005899959237261702,-0.2882392816384838,4.051740304797976,1.5282505824638764
realized_vol_1m,z_anchor_vwap,3,4,165,0.8787878787878788,5.542424242424242,0.0005341976177990124,0.000692639274416374,0.0006034420014425471,4.110068963131274,343.88927693416946,11.969116788370892
realized_vol_1m,z_anchor_vwap,4,0,123,0.959349593495935,10.739837398373984,0.0006953557323108336,0.0025940885158507515,0.0008308351945044085,-224.35994100035097,-10.12651633746744,-17.133865601830802
realized_vol_1m,z_anchor_vwap,4,1,115,0.9391304347826087,9.534782608695652,0.0006960151753016365,0.004933883649044672,0.0008391501762209117,-10.05762484722977,-3.9938560375533325,-6.557535932110502
realized_vol_1m,z_anchor_vwap,4,2,109,0.9357798165137615,13.678899082568808,0.0006943974042116227,0.004755761960048168,0.000868341909828075,-3.9893700171955455,-0.33051208859100256,-2.2613453811466684
realized_vol_1m,z_anchor_vwap,4,3,142,0.9225352112676056,8.647887323943662,0.000698680657659305,0.0047678037435617045,0.0008288452836723731,-0.283272819129197,4.048311447209018,1.4932640748028079
realized_vol_1m,z_anchor_vwap,4,4,193,0.9067357512953368,8.124352331606218,0.0006957262222691312,0.0031573078001438043,0.0008485238529956537,4.114599038003861,500.9351348995934,10.264285412760643
realized_vol_1m,distance_from_session_vwap_anchor,0,0,102,0.8235294117647058,3.036764705882353,0.00015733810303780214,0.000345610394910188,0.0003017808868454368,-50.0,-9.75,-15.5
realized_vol_1m,distance_from_session_vwap_anchor,0,1,164,0.7926829268292683,2.5945121951219514,0.00012807636497876932,0.0003445362636257217,0.00028681071010208323,-9.5,-3.75,-5.75
realized_vol_1m,distance_from_session_vwap_anchor,0,2,178,0.7303370786516854,2.3876404494382024,5.179131191833218e-05,0.0003456703405972344,0.00028406931944531023,-3.75,-0.25,-2.0
realized_vol_1m,distance_from_session_vwap_anchor,0,3,167,0.7604790419161677,2.7320359281437128,4.473972664774299e-05,0.0003453546499013409,0.0002846987839158329,-0.25,4.0,1.0
realized_vol_1m,distance_from_session_vwap_anchor,0,4,72,0.75,3.0277777777777777,0.00013403993899925028,0.0003443480269920685,0.00029310785511269216,4.0,25.5,9.625
realized_vol_1m,distance_from_session_vwap_anchor,1,0,106,0.8867924528301887,5.188679245283019,0.00034569564478669396,0.0004372556449089798,0.00039668470306959377,-50.5,-9.75,-17.625
realized_vol_1m,distance_from_session_vwap_anchor,1,1,163,0.8220858895705522,3.6150306748466257,0.0003457706555593905,0.0004371895018007863,0.00039486503532174563,-9.5,-3.75,-6.0
realized_vol_1m,distance_from_session_vwap_anchor,1,2,159,0.8867924528301887,3.9874213836477987,0.0003466147128388806,0.00043793848478385235,0.00039497983495433153,-3.75,-0.25,-2.0
realized_vol_1m,distance_from_session_vwap_anchor,1,3,157,0.8662420382165605,3.68312101910828,0.00034585431678973186,0.0004380130305414587,0.00039435874030938403,-0.25,3.75,1.0
realized_vol_1m,distance_from_session_vwap_anchor,1,4,98,0.826530612244898,3.997448979591837,0.0003464702802214644,0.0004372194820043741,0.0003912056599209955,4.0,60.5,10.5
realized_vol_1m,distance_from_session_vwap_anchor,2,0,127,0.8661417322834646,5.488188976377953,0.00043949969506886806,0.000532112628136125,0.0004870476281299449,-69.5,-9.75,-17.75
realized_vol_1m,distance_from_session_vwap_anchor,2,1,135,0.8962962962962963,4.598148148148148,0.0004384413888296098,0.0005334384016982451,0.0004908798268657347,-9.5,-3.75,-6.5
realized_vol_1m,distance_from_session_vwap_anchor,2,2,167,0.8562874251497006,3.8817365269461077,0.0004382073299776668,0.0005337897235504285,0.0004847320800713372,-3.75,-0.25,-1.75
realized_vol_1m,distance_from_session_vwap_anchor,2,3,145,0.903448275862069,4.746551724137931,0.00043883884252191653,0.0005327834559003809,0.00048315937962967995,-0.25,4.0,1.5
realized_vol_1m,distance_from_session_vwap_anchor,2,4,108,0.8148148148148148,4.085648148148148,0.00043831065638293967,0.0005281360865360082,0.00048428521594165436,4.0,54.75,11.75
realized_vol_1m,distance_from_session_vwap_anchor,3,0,157,0.9299363057324841,7.372611464968153,0.0005366202892957582,0.0006934456206829453,0.0006055979654890502,-71.25,-9.5,-16.75
realized_vol_1m,distance_from_session_vwap_anchor,3,1,123,0.959349593495935,5.739837398373984,0.0005338254794978439,0.0006937365790572859,0.0005975797223407105,-9.5,-3.75,-6.25
realized_vol_1m,distance_from_session_vwap_anchor,3,2,111,0.9099099099099099,5.4842342342342345,0.0005353630369740652,0.0006930537857855986,0.0005977505672457313,-3.75,-0.25,-2.0
realized_vol_1m,distance_from_session_vwap_anchor,3,3,124,0.8629032258064516,4.780241935483871,0.0005338212095334857,0.0006943932255379076,0.0005907458589452564,-0.25,4.0,1.0
realized_vol_1m,distance_from_session_vwap_anchor,3,4,168,0.8928571428571429,5.645833333333333,0.0005344618336234467,0.000692639274416374,0.0006031795954829259,4.0,58.75,11.25
realized_vol_1m,distance_from_session_vwap_anchor,4,0,191,0.9581151832460733,13.362565445026178,0.0006953557323108336,0.004933883649044672,0.0008708936205800176,-131.75,-9.75,-17.0
realized_vol_1m,distance_from_session_vwap_anchor,4,1,98,0.9081632653061225,9.168367346938776,0.0006961822034352242,0.002837478972101618,0.0008495650916575956,-9.5,-4.0,-6.5
realized_vol_1m,distance_from_session_vwap_anchor,4,2,67,0.9402985074626866,8.138059701492537,0.0006943974042116227,0.0047678037435617045,0.0008054695616729099,-3.75,-0.25,-1.0
realized_vol_1m,distance_from_session_vwap_anchor,4,3,90,0.9111111111111111,7.5055555555555555,0.000698680657659305,0.0033256805403016868,0.0007982449693881657,-0.25,3.75,1.125
realized_vol_1m,distance_from_session_vwap_anchor,4,4,236,0.9194915254237288,8.614406779661017,0.0006957262222691312,0.0031573078001438043,0.000852839980751657,4.0,80.0,12.5
realized_vol_1m,bid_depth_curvature,0,0,192,0.7708333333333334,2.4205729166666665,7.783740050899455e-05,0.00034423735513994274,0.0002922635268896717,-53.25,-17.5,-22.0
realized_vol_1m,bid_depth_curvature,0,1,155,0.8064516129032258,2.643548387096774,0.00015568529559476454,0.0003443480269920685,0.0002866134339392329,-17.375,-13.125,-14.875
realized_vol_1m,bid_depth_curvature,0,2,141,0.723404255319149,2.6773049645390072,0.00011889223255215424,0.0003444149912367652,0.0002846987839158329,-13.0,-9.75,-11.375
realized_vol_1m,bid_depth_curvature,0,3,90,0.8111111111111111,3.172222222222222,6.326728240816818e-05,0.0003406155727903267,0.00028458367015557614,-9.75,-6.75,-8.5
realized_vol_1m,bid_depth_curvature,0,4,48,0.625,2.6458333333333335,4.473972664774299e-05,0.00033823963345381837,0.00026335528589220027,-6.75,44.25,-5.0625
realized_vol_1m,bid_depth_curvature,1,0,153,0.8562091503267973,3.019607843137255,0.0003446555716215607,0.0004363074599907393,0.00038545707974075205,-66.25,-17.5,-20.875
realized_vol_1m,bid_depth_curvature,1,1,125,0.776,3.04,0.0003446241080103964,0.00043651107913660037,0.00038750641499846856,-17.375,-13.0,-15.0
realized_vol_1m,bid_depth_curvature,1,2,139,0.8489208633093526,4.309352517985611,0.00034526940477289575,0.00043617491240793214,0.0003951621641416758,-13.0,-9.75,-11.25
realized_vol_1m,bid_depth_curvature,1,3,154,0.9155844155844156,4.849025974025974,0.0003445362636257217,0.00043371837026238795,0.00039485264712333626,-9.75,-6.875,-8.25
realized_vol_1m,bid_depth_curvature,1,4,55,0.8909090909090909,6.1,0.0003447224777711013,0.0004361051754555996,0.00040024130363038604,-6.75,1.75,-5.625
realized_vol_1m,bid_depth_curvature,2,0,127,0.8976377952755905,3.8011811023622046,0.000436996804365345,0.0005294353122961661,0.0004766466382247952,-63.375,-17.5,-21.125
realized_vol_1m,bid_depth_curvature,2,1,140,0.8642857142857143,3.8214285714285716,0.00043673536318053946,0.0005324578285209281,0.00048592587968305265,-17.375,-13.0,-15.0
realized_vol_1m,bid_depth_curvature,2,2,138,0.8478260869565217,4.313405797101449,0.0004373241628790517,0.0005313726434574726,0.00048228857188543933,-13.0,-9.75,-11.25
realized_vol_1m,bid_depth_curvature,2,3,124,0.8951612903225806,5.229838709677419,0.0004372556449089798,0.0005314332006258013,0.00048762819373278983,-9.75,-6.875,-8.125
realized_vol_1m,bid_depth_curvature,2,4,96,0.8958333333333334,6.026041666666667,0.00043715793969359684,0.0005324581156710539,0.00047900238910768126,-6.75,25.375,-5.4375
realized_vol_1m,bid_depth_curvature,3,0,97,0.865979381443299,4.373711340206185,0.0005338254794978439,0.0006900895203633251,0.0005976451168146149,-54.75,-17.625,-19.875
realized_vol_1m,bid_depth_curvature,3,1,125,0.888,4.712,0.0005325086475523631,0.0006860783774414546,0.0005908561708358105,-17.5,-13.0,-15.125
realized_vol_1m,bid_depth_curvature,3,2,124,0.9193548387096774,5.409274193548387,0.0005337897235504285,0.0006884783147597732,0.0006006448316673496,-13.0,-9.75,-11.125
realized_vol_1m,bid_depth_curvature,3,3,129,0.9302325581395349,6.75,0.0005364822350632283,0.000692972676587881,0.0005937291704774233,-9.75,-6.875,-8.125
realized_vol_1m,bid_depth_curvature,3,4,151,0.9337748344370861,7.296357615894039,0.0005334384016982451,0.0006930537857855986,0.0006069982489317752,-6.75,11.5,-5.25
realized_vol_1m,bid_depth_curvature,4,0,57,0.8245614035087719,5.2631578947368425,0.0007000742484514706,0.002748901007334877,0.0008239365227560853,-54.25,-17.5,-21.25
realized_vol_1m,bid_depth_curvature,4,1,81,0.9259259259259259,6.688271604938271,0.0006937365790572859,0.0011830851697086262,0.0007822303029452097,-17.375,-13.0,-14.25
realized_vol_1m,bid_depth_curvature,4,2,83,0.927710843373494,7.280120481927711,0.0006974626367504423,0.0015069013432755481,0.0008015997264079651,-13.0,-9.75,-11.0
realized_vol_1m,bid_depth_curvature,4,3,129,0.937984496124031,8.085271317829458,0.0006934456206829453,0.00229868381047086,0.0008146712127252529,-9.75,-6.75,-8.125
realized_vol_1m,bid_depth_curvature,4,4,275,0.9454545454545454,13.42,0.0006943974042116227,0.004933883649044672,0.0009014695221024044,-6.75,6.75,-4.5
realized_vol_1m,trade_imbalance_60s,0,0,215,0.7627906976744186,2.3813953488372093,4.473972664774299e-05,0.0003443480269920685,0.0002811842671614512,-1.0,-0.17955439056356487,-0.3378684807256236
realized_vol_1m,trade_imbalance_60s,0,1,68,0.8382352941176471,3.0955882352941178,9.688684326851186e-05,0.00034306479530352076,0.0003013202481106606,-0.1752708731676227,-0.05992217898832685,-0.10900159526435017
realized_vol_1m,trade_imbalance_60s,0,2,85,0.7294117647058823,2.6941176470588237,0.00012807636497876932,0.0003444149912367652,0.00029986728677186384,-0.05829596412556054,0.053621825023518345,0.0012121212121212121
realized_vol_1m,trade_imbalance_60s,0,3,83,0.8192771084337349,3.0542168674698793,0.00012186617195714103,0.0003425991653333711,0.00028408020306758123,0.05698529411764706,0.17005545286506468,0.11405835543766578
realized_vol_1m,trade_imbalance_60s,0,4,175,0.7257142857142858,2.625714285714286,8.948145505053041e-05,0.00034423735513994274,0.0002840584358230393,0.17048346055979643,0.940959409594096,0.2977461447212337
realized_vol_1m,trade_imbalance_60s,1,0,144,0.8541666666666666,3.486111111111111,0.0003453353444460749,0.0004363074599907393,0.00039275862445186315,-0.62882096069869,-0.17672183662573412,-0.2615119990052638
realized_vol_1m,trade_imbalance_60s,1,1,132,0.8863636363636364,4.545454545454546,0.0003445362636257217,0.00043584464037524676,0.0003985654159681301,-0.17668711656441718,-0.05944055944055944,-0.11187669124045016
realized_vol_1m,trade_imbalance_60s,1,2,96,0.875,4.924479166666667,0.0003449196690507357,0.0004349950546776006,0.0003879695773769051,-0.052315093205051115,0.053309900410076154,-0.001092896174863388
realized_vol_1m,trade_imbalance_60s,1,3,107,0.8411214953271028,4.525700934579439,0.0003457706555593905,0.00043651107913660037,0.0003883060731873519,0.05378020265003897,0.16513264753654575,0.10318225650916105
realized_vol_1m,trade_imbalance_60s,1,4,147,0.8299319727891157,3.1581632653061225,0.0003446241080103964,0.00043449732335100276,0.00038594332338540155,0.17023096663815226,0.6930091185410334,0.27538970240906946
realized_vol_1m,trade_imbalance_60s,2,0,116,0.896551724137931,3.9913793103448274,0.000436996804365345,0.0005305138658602602,0.00047198856971690116,-0.545950864422202,-0.17781402936378465,-0.2572155309695834
realized_vol_1m,trade_imbalance_60s,2,1,123,0.9024390243902439,4.845528455284553,0.00043766180254242986,0.0005314332006258013,0.0004736277103234869,-0.17456896551724138,-0.0607621009268795,-0.11759799833194329
realized_vol_1m,trade_imbalance_60s,2,2,143,0.9370629370629371,5.603146853146853,0.00043715793969359684,0.0005324581156710539,0.0004917038913229333,-0.05822021116138763,0.05279187817258883,-0.0029850746268656717
realized_vol_1m,trade_imbalance_60s,2,3,113,0.8584070796460177,4.022123893805309,0.0004367469038247047,0.0005320322534798161,0.00048810857200387423,0.05362776025236593,0.16913946587537093,0.10848126232741617
realized_vol_1m,trade_imbalance_60s,2,4,130,0.7923076923076923,4.040384615384616,0.00043673536318053946,0.0005324578285209281,0.00048278044403409664,0.17050691244239632,0.6476476476476476,0.2515678847755519
realized_vol_1m,trade_imbalance_60s,3,0,93,0.9354838709677419,5.645161290322581,0.0005353630369740652,0.0006923799334224483,0.0006009022930741816,-1.0,-0.1773710482529118,-0.236999147485081
realized_vol_1m,trade_imbalance_60s,3,1,146,0.8835616438356164,6.375,0.0005338212095334857,0.000692639274416374,0.0006041059746730528,-0.17498739283913262,-0.06168080185042406,-0.11991017114386776
realized_vol_1m,trade_imbalance_60s,3,2,132,0.9318181818181818,6.100378787878788,0.0005327834559003809,0.0006930537857855986,0.0005972996760804549,-0.05760709010339734,0.05304740406320542,-0.004785796530847231
realized_vol_1m,trade_imbalance_60s,3,3,148,0.9121621621621622,5.864864864864865,0.0005325086475523631,0.0006881362050937499,0.0005964366483081092,0.05627376425855513,0.16982152514872903,0.11580146879257708
realized_vol_1m,trade_imbalance_60s,3,4,107,0.897196261682243,4.929906542056075,0.000533859289015178,0.0006900895203633251,0.00059592640335696,0.17048794826572605,0.7106673161227473,0.22343244038857815
realized_vol_1m,trade_imbalance_60s,4,0,58,0.9310344827586207,12.706896551724139,0.0006943974042116227,0.004755761960048168,0.0008116809845597826,-1.0,-0.17702154230408992,-0.23639205797636254
realized_vol_1m,trade_imbalance_60s,4,1,157,0.9299363057324841,9.273885350318471,0.0006934456206829453,0.0047678037435617045,0.000857827166506137,-0.17570700046360685,-0.05911533691608103,-0.11026237130521421
realized_vol_1m,trade_imbalance_60s,4,2,169,0.9289940828402367,10.050295857988166,0.0006943932255379076,0.004933883649044672,0.0008409531639910687,-0.05871854363733714,0.05304010349288486,0.003036996134732192
realized_vol_1m,trade_imbalance_60s,4,3,175,0.9428571428571428,10.095714285714285,0.0006974486454624533,0.003440220551412364,0.0008399835699544873,0.05388342387314638,0.1697936210131332,0.10295956648603585
realized_vol_1m,trade_imbalance_60s,4,4,66,0.8787878787878788,7.8977272727272725,0.0006974626367504423,0.0026351089424448662,0.0007932589429731855,0.17021836358852935,0.37701508060322414,0.2132879619640501
realized_vol_1m,wall_persistence_2s,0,0,236,0.673728813559322,2.2966101694915255,6.326728240816818e-05,0.0003441297427711693,0.0002820730137372343,0.0,0.0,0.0
realized_vol_1m,wall_persistence_2s,0,1,170,0.8117647058823529,2.8411764705882354,5.179131191833218e-05,0.0003444149912367652,0.0002788787355708749,0.0,0.06015037593984962,0.0
realized_vol_1m,wall_persistence_2s,0,2,93,0.8279569892473119,2.7876344086021505,0.00015568529559476454,0.0003445362636257217,0.0002921699860576429,0.060240963855421686,0.15625,0.1111111111111111
realized_vol_1m,wall_persistence_2s,0,3,70,0.8285714285714286,3.017857142857143,0.00019239466545415397,0.0003443480269920685,0.0003003764359192602,0.15789473684210525,0.2878787878787879,0.20761494252873564
realized_vol_1m,wall_persistence_2s,0,4,55,0.8727272727272727,3.090909090909091,0.00021946641915224932,0.0003446241080103964,0.0003039696346193843,0.2925170068027211,0.6381578947368421,0.3673469387755102
realized_vol_1m,wall_persistence_2s,1,0,174,0.8448275862068966,3.6235632183908044,0.0003446555716215607,0.0004355196244146723,0.0003853688322900193,0.0,0.0,0.0
realized_vol_1m,wall_persistence_2s,1,1,144,0.8611111111111112,4.253472222222222,0.0003447224777711013,0.0004363074599907393,0.00039507046534908367,0.0,0.058919803600654665,0.01269956458635704
realized_vol_1m,wall_persistence_2s,1,2,105,0.8857142857142857,4.502380952380952,0.00034491280738418035,0.00043651107913660037,0.00040024130363038604,0.060714285714285714,0.15584415584415584,0.10396039603960396
realized_vol_1m,wall_persistence_2s,1,3,104,0.8557692307692307,3.9038461538461537,0.00034526940477289575,0.00043617491240793214,0.0003956021839746864,0.15644820295983086,0.28865979381443296,0.21572839704465147
realized_vol_1m,wall_persistence_2s,1,4,97,0.8350515463917526,4.105670103092783,0.0003447594815669674,0.00043449732335100276,0.0003928586892563553,0.2894736842105263,0.5711206896551724,0.3558282208588957
realized_vol_1m,wall_persistence_2s,2,0,113,0.8495575221238938,3.8849557522123894,0.0004367469038247047,0.0005297021441135251,0.0004824439378293298,0.0,0.0,0.0
realized_vol_1m,wall_persistence_2s,2,1,127,0.9212598425196851,5.001968503937008,0.0004372194820043741,0.0005313726434574726,0.0004793630086945534,0.0,0.05907172995780591,0.025
realized_vol_1m,wall_persistence_2s,2,2,140,0.8857142857142857,3.9803571428571427,0.00043715793969359684,0.0005314643803030012,0.00048293123976450017,0.06103286384976526,0.15625,0.10312719959778784
realized_vol_1m,wall_persistence_2s,2,3,128,0.875,4.857421875,0.0004371895018007863,0.000532112628136125,0.0004883217248564521,0.15767634854771784,0.28879310344827586,0.21480569239189928
realized_vol_1m,wall_persistence_2s,2,4,115,0.8521739130434782,4.958695652173913,0.00043673536318053946,0.0005320322534798161,0.00048267554148897585,0.2899543378995434,0.6733333333333333,0.35751295336787564
realized_vol_1m,wall_persistence_2s,3,0,72,0.875,4.736111111111111,0.0005324578285209281,0.0006886962348696588,0.0005805867922211029,0.0,0.0,0.0
realized_vol_1m,wall_persistence_2s,3,1,101,0.9603960396039604,6.46039603960396,0.0005368069436825427,0.0006917146264753656,0.0006013378175282879,0.0,0.05925925925925926,0.03380281690140845
realized_vol_1m,wall_persistence_2s,3,2,137,0.9124087591240876,5.317518248175182,0.0005337897235504285,0.000692639274416374,0.0006073975669365983,0.06072874493927125,0.15643564356435644,0.1048158640226629
realized_vol_1m,wall_persistence_2s,3,3,149,0.8859060402684564,6.276845637583893,0.0005325086475523631,0.0006882676686833364,0.0005885407092444611,0.1566265060240964,0.28862478777589134,0.21091445427728614
realized_vol_1m,wall_persistence_2s,3,4,165,0.9151515151515152,6.016666666666667,0.0005324581156710539,0.000692972676587881,0.0006055979654890502,0.2901960784313726,0.5887850467289719,0.3681592039800995
realized_vol_1m,wall_persistence_2s,4,0,29,0.896551724137931,20.53448275862069,0.0006937365790572859,0.004755761960048168,0.0008015997264079651,0.0,0.0,0.0
realized_vol_1m,wall_persistence_2s,4,1,82,0.9024390243902439,6.75,0.0006965505139309439,0.0047678037435617045,0.0008248361305788181,0.0,0.05966850828729282,0.03602072633200064
realized_vol_1m,wall_persistence_2s,4,2,148,0.9324324324324325,9.300675675675675,0.0006960151753016365,0.003440220551412364,0.0008351926197129095,0.060353798126951096,0.155467720685112,0.10606380613606048
realized_vol_1m,wall_persistence_2s,4,3,173,0.9364161849710982,9.968208092485549,0.0006943974042116227,0.004933883649044672,0.0008511969804603933,0.15745192307692307,0.28860294117647056,0.21568627450980393
realized_vol_1m,wall_persistence_2s,4,4,191,0.9319371727748691,10.065445026178011,0.0006930537857855986,0.0030726932037933984,0.0008437783631380234,0.2892609699769053,0.5473515248796148,0.3776470588235294
realized_vol_1m,convexity_imbalance,0,0,103,0.6699029126213593,2.2815533980582523,5.179131191833218e-05,0.00034371478613611596,0.0002740126652549628,-3.4033932218933676,-0.2961956521739131,-0.5053763440860215
realized_vol_1m,convexity_imbalance,0,1,156,0.7756410256410257,2.860576923076923,6.342301433874901e-05,0.0003444149912367652,0.0002953826889726078,-0.2864616276618175,-0.061842918985776096,-0.1719758338549714
realized_vol_1m,convexity_imbalance,0,2,131,0.7862595419847328,2.6125954198473282,9.688937762677223e-05,0.00034423735513994274,0.0002858058088829433,-0.058706496352469606,0.13308913308913306,0.03593671701625012
realized_vol_1m,convexity_imbalance,0,3,115,0.7565217391304347,2.739130434782609,4.473972664774299e-05,0.0003443480269920685,0.00028226775827351017,0.13349875930521105,0.3778139542532025,0.24577547264513977
realized_vol_1m,convexity_imbalance,0,4,121,0.8099173553719008,2.6942148760330578,6.326728240816818e-05,0.0003425991653333711,0.0002875616572701204,0.3834586466165413,3.3977564102564104,0.5204752374224944
realized_vol_1m,convexity_imbalance,1,0,130,0.8846153846153846,4.173076923076923,0.0003447224777711013,0.00043651107913660037,0.0003857002015630768,-8.092609983385104,-0.29367870314778277,-0.4926963042759832
realized_vol_1m,convexity_imbalance,1,1,120,0.8416666666666667,3.7041666666666666,0.0003446555716215607,0.0004361794495331376,0.00038775322579595063,-0.28667601683029453,-0.0615564809994793,-0.16405091104278852
realized_vol_1m,convexity_imbalance,1,2,140,0.85,3.6875,0.0003445362636257217,0.0004363074599907393,0.000395060126194995,-0.0605610910889689,0.13270862974046982,0.04367388729179611
realized_vol_1m,convexity_imbalance,1,3,131,0.8015267175572519,4.330152671755725,0.00034557747244611485,0.00043617491240793214,0.00039497876655649155,0.13563320064868056,0.3760988660975919,0.24874515990248092
realized_vol_1m,convexity_imbalance,1,4,105,0.9142857142857143,4.311904761904762,0.0003446241080103964,0.0004361051754555996,0.0003930232607139815,0.37853461674801614,1.5161290322580643,0.5434272300469483
realized_vol_1m,convexity_imbalance,2,0,124,0.8387096774193549,4.627016129032258,0.0004372194820043741,0.0005320322534798161,0.00048725218964361383,-3.7849942726231394,-0.29180343466057745,-0.5069890919747011
realized_vol_1m,convexity_imbalance,2,1,126,0.8968253968253969,4.619047619047619,0.0004372556449089798,0.0005305138658602602,0.000484629007115737,-0.2907383136740934,-0.060977269633864184,-0.1790955217812802
realized_vol_1m,convexity_imbalance,2,2,109,0.8807339449541285,5.089449541284404,0.0004367469038247047,0.0005314643803030012,0.0004824439378293298,-0.06050543141779685,0.13213789452788993,0.030334987593052087
realized_vol_1m,convexity_imbalance,2,3,134,0.8880597014925373,4.022388059701493,0.00043673536318053946,0.0005324581156710539,0.00047892829846906695,0.13362282878411913,0.3749805265617697,0.23676195733525207
realized_vol_1m,convexity_imbalance,2,4,132,0.8863636363636364,4.473484848484849,0.00043715793969359684,0.0005324578285209281,0.00048726045938751945,0.3778542950344328,2.5576508115207806,0.5633278756091831
realized_vol_1m,convexity_imbalance,3,0,116,0.9310344827586207,6.588362068965517,0.000533859289015178,0.000692972676587881,0.0005969485449556675,-3.793284671532846,-0.2930622009569378,-0.5132284608070244
realized_vol_1m,convexity_imbalance,3,1,117,0.9401709401709402,5.173076923076923,0.0005325086475523631,0.0006923799334224483,0.0006019268689472702,-0.2872523014510845,-0.06196022333009499,-0.1674311926605505
realized_vol_1m,convexity_imbalance,3,2,135,0.8962962962962963,6.3277777777777775,0.0005354710188679399,0.0006930537857855986,0.0006018403064285484,-0.057376004080071485,0.13112687155240343,0.03255258743063616
realized_vol_1m,convexity_imbalance,3,3,133,0.8947368421052632,5.889097744360902,0.0005327834559003809,0.000692639274416374,0.0005903496211693796,0.13362686606049556,0.3768996960486324,0.24441907661085738
realized_vol_1m,convexity_imbalance,3,4,125,0.896,5.196,0.0005346692478929422,0.0006849937893290055,0.0005949431953160846,0.37860043736332405,3.6824027503660783,0.603841536614646
realized_vol_1m,convexity_imbalance,4,0,153,0.8888888888888888,12.191176470588236,0.0006934456206829453,0.0047678037435617045,0.0008485238529956537,-6.870622443762781,-0.2961860465116279,-0.5464380565536635
realized_vol_1m,convexity_imbalance,4,1,107,0.9439252336448598,8.766355140186915,0.0006953557323108336,0.002800372686007896,0.0008377025699713683,-0.29167974882260606,-0.06894736842105265,-0.17147619047619056
realized_vol_1m,convexity_imbalance,4,2,110,0.9545454545454546,8.834090909090909,0.0006961597217165676,0.002837478972101618,0.0008051169622803312,-0.0608284213480893,0.1300034211426615,0.04765551706718629
realized_vol_1m,convexity_imbalance,4,3,113,0.9469026548672567,8.081858407079647,0.0006937365790572859,0.0025805205923678056,0.000828689741434223,0.1360112755461591,0.3776276276276277,0.23910903273443262
realized_vol_1m,convexity_imbalance,4,4,142,0.9225352112676056,10.501760563380282,0.0006943974042116227,0.004933883649044672,0.0008686773295855214,0.38257516747156883,10.234359483614698,0.6423402834178794
realized_vol_1m,liquidity_compression,0,0,83,0.7710843373493976,2.8825301204819276,4.473972664774299e-05,0.00034423735513994274,0.0002954607613333662,0.40058997050147493,0.6638418079096046,0.6098562628336756
realized_vol_1m,liquidity_compression,0,1,127,0.7952755905511811,2.645669291338583,6.342301433874901e-05,0.00034205840534610657,0.0002788958991361152,0.6666666666666666,0.7491039426523297,0.7163841807909604
realized_vol_1m,liquidity_compression,0,2,138,0.717391304347826,2.552536231884058,7.783740050899455e-05,0.0003444149912367652,0.00028379901430014196,0.7516973811833172,0.8291956305858987,0.79136485424256
realized_vol_1m,liquidity_compression,0,3,141,0.8085106382978723,2.404255319148936,0.00012186415097605612,0.00034337384292950854,0.00028503857930571043,0.8305647840531561,0.9265175718849841,0.8793103448275862
realized_vol_1m,liquidity_compression,0,4,137,0.7299270072992701,2.9051094890510947,6.326728240816818e-05,0.0003443480269920685,0.0002924975265606628,0.9273570324574961,2.29247311827957,0.988527724665392
realized_vol_1m,liquidity_compression,1,0,90,0.8444444444444444,4.175,0.0003446241080103964,0.0004361794495331376,0.00040428758756132373,0.14410480349344978,0.6620879120879121,0.605062504415713
realized_vol_1m,liquidity_compression,1,1,120,0.8833333333333333,3.76875,0.0003446555716215607,0.00043651107913660037,0.00039521884926568785,0.6647727272727273,0.7510593220338984,0.7102104567688492
realized_vol_1m,liquidity_compression,1,2,134,0.8656716417910447,4.009328358208955,0.0003445362636257217,0.00043617491240793214,0.0003892298275545781,0.7527272727272727,0.8303571428571429,0.7918440546638852
realized_vol_1m,liquidity_compression,1,3,149,0.8590604026845637,3.7298657718120807,0.0003447594815669674,0.00043584464037524676,0.00038940189632845394,0.8313953488372093,0.9272727272727272,0.879154078549849
realized_vol_1m,liquidity_compression,1,4,133,0.8270676691729323,4.5281954887218046,0.0003447224777711013,0.00043449732335100276,0.00038594332338540155,0.9274924471299094,3.9269662921348316,1.0077519379844961
realized_vol_1m,liquidity_compression,2,0,122,0.8688524590163934,4.407786885245901,0.0004373241628790517,0.0005288791904198316,0.0004761898085731764,0.12907268170426064,0.6614349775784754,0.6111776675834097
realized_vol_1m,liquidity_compression,2,1,127,0.9448818897637795,4.663385826771654,0.00043673536318053946,0.0005324581156710539,0.00048737189711035053,0.6638655462184874,0.7507788161993769,0.7137745974955277
realized_vol_1m,liquidity_compression,2,2,115,0.8695652173913043,4.578260869565217,0.0004371895018007863,0.0005324578285209281,0.00048501496344336884,0.7518796992481203,0.8305555555555556,0.7907949790794979
realized_vol_1m,liquidity_compression,2,3,129,0.8217054263565892,4.3895348837209305,0.0004390035425222551,0.0005304900929737908,0.00048663782771557023,0.8312829525483304,0.9271137026239067,0.8693069306930693
realized_vol_1m,liquidity_compression,2,4,132,0.8863636363636364,4.676136363636363,0.00043715793969359684,0.000532112628136125,0.00048497454597344614,0.9279778393351801,3.921985815602837,1.0085897095357885
realized_vol_1m,liquidity_compression,3,0,139,0.9424460431654677,6.169064748201439,0.0005325086475523631,0.000692972676587881,0.0006064324919234825,0.2242152466367713,0.6627906976744186,0.581573896353167
realized_vol_1m,liquidity_compression,3,1,126,0.8968253968253969,5.492063492063492,0.0005338212095334857,0.0006902706455182389,0.0006011391289121176,0.6640625,0.751219512195122,0.704678523009673
realized_vol_1m,liquidity_compression,3,2,131,0.9007633587786259,5.215648854961832,0.0005337897235504285,0.0006930537857855986,0.0005952281798016036,0.7513368983957219,0.8303030303030303,0.7896825396825397
realized_vol_1m,liquidity_compression,3,3,117,0.8888888888888888,5.831196581196581,0.0005363490442384584,0.0006917146264753656,0.0005995478394958725,0.8315789473684211,0.9269521410579346,0.8683473389355743
realized_vol_1m,liquidity_compression,3,4,113,0.9203539823008849,6.561946902654867,0.000533859289015178,0.000692639274416374,0.0005897772591292106,0.9278688524590164,2.136150234741784,1.0085227272727273
realized_vol_1m,liquidity_compression,4,0,192,0.9583333333333334,10.40234375,0.0006965338337710958,0.003440220551412364,0.0008805169755972608,0.13793103448275862,0.6632124352331606,0.567501626545218
realized_vol_1m,liquidity_compression,4,1,126,0.873015873015873,9.128968253968255,0.0006960151753016365,0.0033256805403016868,0.0008143514134412834,0.6641509433962264,0.7511520737327189,0.7142125837676843
realized_vol_1m,liquidity_compression,4,2,107,0.9252336448598131,7.992990654205608,0.0006937365790572859,0.0025805205923678056,0.0008132532195450917,0.7512437810945274,0.8305369127516778,0.7894736842105263
realized_vol_1m,liquidity_compression,4,3,90,0.9444444444444444,8.002777777777778,0.0006934456206829453,0.0047678037435617045,0.0008355232155488467,0.8312182741116751,0.9242902208201893,0.8622277722277722
realized_vol_1m,liquidity_compression,4,4,110,0.9272727272727272,13.24090909090909,0.0006943932255379076,0.004933883649044672,0.0008404888193096633,0.9285714285714286,3.1091891891891894,1.0413889058773163
realized_vol_1m,replenishment_rate_near_5s,0,0,351,0.7094017094017094,2.4301994301994303,4.473972664774299e-05,0.0003444149912367652,0.0002703055282352677,0.0,58.8,33.6
realized_vol_1m,replenishment_rate_near_5s,0,1,162,0.8518518518518519,3.1604938271604937,0.0001597600641841921,0.0003443334234067262,0.00030366024627462393,59.0,96.0,74.69999999999999
realized_vol_1m,replenishment_rate_near_5s,0,2,76,0.8421052631578947,2.8157894736842106,0.00014988781870369744,0.0003443480269920685,0.0003063128229962943,96.4,150.0,117.8
realized_vol_1m,replenishment_rate_near_5s,0,3,23,0.8260869565217391,2.619565217391304,0.00025904820620392145,0.00034087214587486453,0.00029657061549481485,154.4,245.6,196.0
realized_vol_1m,replenishment_rate_near_5s,0,4,12,0.6666666666666666,2.0,0.0002692269272260682,0.0003403805820045546,0.0003260189102625835,267.4,638.8,308.70000000000005
realized_vol_1m,replenishment_rate_near_5s,1,0,158,0.810126582278481,3.4335443037974684,0.0003446555716215607,0.0004355196244146723,0.000378763655460561,10.2,58.8,43.4
realized_vol_1m,replenishment_rate_near_5s,1,1,220,0.8818181818181818,4.027272727272727,0.0003445362636257217,0.0004361794495331376,0.00039640458784011116,59.0,96.0,75.9
realized_vol_1m,replenishment_rate_near_5s,1,2,144,0.8680555555555556,4.229166666666667,0.0003447594815669674,0.00043610737796706057,0.00039039024722999083,96.6,149.8,120.9
realized_vol_1m,replenishment_rate_near_5s,1,3,74,0.8648648648648649,4.841216216216216,0.0003446241080103964,0.0004361051754555996,0.00040265147287636796,150.8,244.2,180.5
realized_vol_1m,replenishment_rate_near_5s,1,4,28,0.8214285714285714,4.330357142857143,0.0003523524225087777,0.0004338367408196847,0.0004080491192177941,251.6,976.2,332.9
realized_vol_1m,replenishment_rate_near_5s,2,0,77,0.8571428571428571,4.1103896103896105,0.0004367469038247047,0.0005304900929737908,0.0004670828212431822,8.4,58.4,46.8
realized_vol_1m,replenishment_rate_near_5s,2,1,137,0.9051094890510949,4.476277372262774,0.00043651107913660037,0.0005305138658602602,0.00048751157178630547,59.0,96.2,78.0
realized_vol_1m,replenishment_rate_near_5s,2,2,171,0.8830409356725146,4.353801169590644,0.0004363074599907393,0.0005296599713271589,0.00048168550260500024,96.2,150.0,119.2
realized_vol_1m,replenishment_rate_near_5s,2,3,160,0.85625,5.0484375,0.00043715793969359684,0.0005314643803030012,0.0004835984930602371,150.8,246.8,187.39999999999998
realized_vol_1m,replenishment_rate_near_5s,2,4,79,0.8860759493670886,4.224683544303797,0.00043673536318053946,0.0005320322534798161,0.0005000529606190611,247.6,885.4,321.6
realized_vol_1m,replenishment_rate_near_5s,3,0,31,0.8387096774193549,5.024193548387097,0.0005338254794978439,0.0006886962348696588,0.0005746630468105434,30.6,58.8,53.2
realized_vol_1m,replenishment_rate_near_5s,3,1,79,0.8734177215189873,5.936708860759493,0.0005324578285209281,0.0006843770348616083,0.0005921125470605709,59.0,96.0,81.2
realized_vol_1m,replenishment_rate_near_5s,3,2,141,0.9148936170212766,5.941489361702128,0.0005341976177990124,0.000692639274416374,0.0005949431953160846,96.2,149.6,122.6
realized_vol_1m,replenishment_rate_near_5s,3,3,196,0.9387755102040817,5.713010204081633,0.0005338212095334857,0.0006923799334224483,0.0005998081431680568,150.2,247.2,184.8
realized_vol_1m,replenishment_rate_near_5s,3,4,177,0.903954802259887,6.055084745762712,0.000532112628136125,0.0006884783147597732,0.0006096180459001161,247.6,1404.4,337.6
realized_vol_1m,replenishment_rate_near_5s,4,0,7,1.0,7.928571428571429,0.0007016127207628123,0.001204960525079707,0.000792398831531536,22.0,57.0,52.8
realized_vol_1m,replenishment_rate_near_5s,4,1,26,0.9230769230769231,7.634615384615385,0.000692972676587881,0.001904420004712796,0.0007594718319775529,65.8,96.0,84.3
realized_vol_1m,replenishment_rate_near_5s,4,2,92,0.9021739130434783,7.913043478260869,0.0006930537857855986,0.002849084873557432,0.0008110546924123427,96.6,150.2,121.69999999999999
realized_vol_1m,replenishment_rate_near_5s,4,3,171,0.9239766081871345,9.875730994152047,0.0006937365790572859,0.002431026045730076,0.0008262319920467325,150.2,246.8,193.6
realized_vol_1m,replenishment_rate_near_5s,4,4,328,0.9359756097560976,10.706554878048781,0.0006943932255379076,0.004933883649044672,0.0008734563428484435,247.2,5341.2,396.0
realized_vol_1m,impact_asymmetry_10s,0,0,166,0.7831325301204819,2.8117469879518073,5.179131191833218e-05,0.0003443334234067262,0.0002802565692760239,-0.03571428571428571,-0.003048780487804878,-0.004421578083048772
realized_vol_1m,impact_asymmetry_10s,0,1,118,0.788135593220339,2.440677966101695,0.00014065653670868438,0.0003437861001838091,0.00029293994569495413,-0.0030120481927710845,-0.0015337423312883436,-0.0023057013706620005
realized_vol_1m,impact_asymmetry_10s,0,2,99,0.7575757575757576,2.573232323232323,4.473972664774299e-05,0.0003441297427711693,0.00029666607721287234,-0.0015151515151515152,0.0006821282401091405,-0.0007886435331230284
realized_vol_1m,impact_asymmetry_10s,0,3,102,0.7450980392156863,2.5955882352941178,0.00015568529559476454,0.00034423735513994274,0.00029853964352748457,0.0007530120481927711,0.0023006134969325155,0.0015649490595611285
realized_vol_1m,impact_asymmetry_10s,0,4,138,0.7391304347826086,2.7934782608695654,0.00014988781870369744,0.00034081058460779136,0.0002792065276763364,0.0023148148148148147,0.025,0.003472222222222222
realized_vol_1m,impact_asymmetry_10s,1,0,119,0.9243697478991597,4.67436974789916,0.0003444149912367652,0.0004349950546776006,0.0003915086158311299,-0.011904761904761904,-0.0030594405594405595,-0.004191321499013806
realized_vol_1m,impact_asymmetry_10s,1,1,143,0.8321678321678322,3.534965034965035,0.0003447224777711013,0.0004363074599907393,0.000395861487939561,-0.0030241935483870967,-0.0015290519877675841,-0.002257336343115124
realized_vol_1m,impact_asymmetry_10s,1,2,112,0.8660714285714286,4.506696428571429,0.0003443480269920685,0.00043617491240793214,0.0003920627763253796,-0.0015060240963855422,0.0006793478260869565,-0.0004913886314488724
realized_vol_1m,impact_asymmetry_10s,1,3,136,0.8161764705882353,3.8161764705882355,0.0003446241080103964,0.00043449732335100276,0.00038709261103508994,0.0006915629322268327,0.0023006134969325155,0.0015969529725167486
realized_vol_1m,impact_asymmetry_10s,1,4,113,0.8495575221238938,3.7057522123893807,0.00034526940477289575,0.000434288192746529,0.00039219740632922087,0.0023148148148148147,0.007530120481927711,0.0031847133757961785
realized_vol_1m,impact_asymmetry_10s,2,0,102,0.9117647058823529,4.448529411764706,0.00043651107913660037,0.0005297021441135251,0.00048057261591166126,-0.16176470588235295,-0.003048780487804878,-0.004209274071074213
realized_vol_1m,impact_asymmetry_10s,2,1,138,0.8913043478260869,3.9855072463768115,0.0004367469038247047,0.0005314332006258013,0.0004808498691244034,-0.003043478260869565,-0.001532399299474606,-0.002242168697957555
realized_vol_1m,impact_asymmetry_10s,2,2,147,0.9183673469387755,5.085034013605442,0.00043766180254242986,0.000532112628136125,0.00048440207661728135,-0.001524390243902439,0.0006855575868372943,-0.0005208333333333333
realized_vol_1m,impact_asymmetry_10s,2,3,131,0.816793893129771,4.1316793893129775,0.00043673536318053946,0.0005320322534798161,0.00048737189711035053,0.0007022471910112359,0.002259036144578313,0.0015060240963855422
realized_vol_1m,impact_asymmetry_10s,2,4,105,0.8476190476190476,4.95952380952381,0.0004372556449089798,0.0005314643803030012,0.0004819270499935385,0.0023062730627306273,0.008152173913043478,0.0033783783783783786
realized_vol_1m,impact_asymmetry_10s,3,0,104,0.8942307692307693,6.060096153846154,0.0005324578285209281,0.0006886962348696588,0.0006033028280214622,-0.10185185185185185,-0.003048780487804878,-0.004359227728792946
realized_vol_1m,impact_asymmetry_10s,3,1,120,0.9416666666666667,5.875,0.0005327834559003809,0.0006923799334224483,0.0005992590341342286,-0.0030048076923076925,-0.0015337423312883436,-0.002271608373646132
realized_vol_1m,impact_asymmetry_10s,3,2,137,0.8832116788321168,5.706204379562044,0.0005337897235504285,0.0006902706455182389,0.0005997956524731674,-0.001516990291262136,0.0006890848952590959,-0.0004098360655737705
realized_vol_1m,impact_asymmetry_10s,3,3,140,0.9,5.089285714285714,0.0005325086475523631,0.0006917146264753656,0.0005878634970979049,0.0007048872180451127,0.0022988505747126436,0.0014618791608206698
realized_vol_1m,impact_asymmetry_10s,3,4,122,0.9344262295081968,6.653688524590164,0.0005324581156710539,0.0006881362050937499,0.0005986812290423375,0.002305327868852459,0.05,0.0036115662874103387
realized_vol_1m,impact_asymmetry_10s,4,0,132,0.9393939393939394,13.655303030303031,0.0006943974042116227,0.0047678037435617045,0.0008621451994347359,-0.0189873417721519,-0.0031201248049922,-0.004856691146470828
realized_vol_1m,impact_asymmetry_10s,4,1,104,0.9134615384615384,8.463942307692308,0.000692639274416374,0.0030726932037933984,0.0008238144551303572,-0.0030232558139534882,-0.001524390243902439,-0.00225610455660801
realized_vol_1m,impact_asymmetry_10s,4,2,128,0.9140625,6.6484375,0.0006937365790572859,0.002748901007334877,0.0008482453869084982,-0.0015114873035066505,0.0006875214850464077,-0.00042206688609129243
realized_vol_1m,impact_asymmetry_10s,4,3,114,0.9210526315789473,7.857456140350878,0.0006930537857855986,0.0018821063343107505,0.000788752017543342,0.0007075471698113207,0.0022893772893772895,0.0014940298329781789
realized_vol_1m,impact_asymmetry_10s,4,4,144,0.9513888888888888,12.005208333333334,0.000692972676587881,0.004933883649044672,0.0008769475760321481,0.0023006134969325155,0.020350564468211527,0.004040882888349515
realized_vol_1m,flow_impact,0,0,139,0.7482014388489209,2.5215827338129495,4.473972664774299e-05,0.0003441297427711693,0.000296339969342805,-0.09375,0.0015625,0.0
realized_vol_1m,flow_impact,0,1,159,0.7547169811320755,2.6949685534591197,0.00014065653670868438,0.00034423735513994274,0.00028950977733078884,0.0015748031496062992,0.003232758620689655,0.0023885350318471337
realized_vol_1m,flow_impact,0,2,134,0.7835820895522388,2.4477611940298507,0.00011889223255215424,0.0003443480269920685,0.0002805818287048127,0.003232758620689655,0.005154639175257732,0.004087223806129722
realized_vol_1m,flow_impact,0,3,94,0.776595744680851,2.765957446808511,9.688684326851186e-05,0.00034337384292950854,0.0002866558967765661,0.005208333333333333,0.009146341463414634,0.006944444444444444
realized_vol_1m,flow_impact,0,4,96,0.78125,3.0572916666666665,5.179131191833218e-05,0.0003443334234067262,0.00028399164617314693,0.009259259259259259,0.5,0.015767045454545454
realized_vol_1m,flow_impact,1,0,136,0.8529411764705882,3.7371323529411766,0.0003445362636257217,0.00043651107913660037,0.00039111834464554017,-0.875,0.0015664160401002505,0.0
realized_vol_1m,flow_impact,1,1,144,0.8055555555555556,3.248263888888889,0.0003446555716215607,0.00043617491240793214,0.00038804035170008266,0.0015723270440251573,0.0032216494845360823,0.002431915819754348
realized_vol_1m,flow_impact,1,2,158,0.8860759493670886,4.2784810126582276,0.00034526940477289575,0.0004363074599907393,0.0003903445652729628,0.003234750462107209,0.00516795865633075,0.0042017136400728135
realized_vol_1m,flow_impact,1,3,101,0.8415841584158416,4.507425742574258,0.000345610394910188,0.0004361794495331376,0.00039855079707326965,0.005208333333333333,0.009146341463414634,0.006622516556291391
realized_vol_1m,flow_impact,1,4,83,0.9036144578313253,4.704819277108434,0.0003444149912367652,0.0004349950546776006,0.0003933634924356307,0.009259259259259259,0.5,0.014705882352941176
realized_vol_1m,flow_impact,2,0,122,0.9098360655737705,4.934426229508197,0.00043831065638293967,0.000532112628136125,0.0004813849749581589,-0.75,0.0015368852459016393,-0.0
realized_vol_1m,flow_impact,2,1,140,0.8142857142857143,3.525,0.00043673536318053946,0.0005313726434574726,0.00048397790560371454,0.0015782828282828283,0.0031847133757961785,0.00245848089949455
realized_vol_1m,flow_impact,2,2,123,0.8455284552845529,4.489837398373984,0.000436996804365345,0.0005320322534798161,0.00048451511988306325,0.003246753246753247,0.005160550458715597,0.00390625
realized_vol_1m,flow_impact,2,3,125,0.912,4.636,0.0004371895018007863,0.0005314643803030012,0.00048529310884124177,0.005208333333333333,0.009146341463414634,0.00646551724137931
realized_vol_1m,flow_impact,2,4,112,0.9196428571428571,5.200892857142857,0.00043715793969359684,0.0005297021441135251,0.00048663123697840436,0.009159482758620689,0.4375,0.01456447963800905
realized_vol_1m,flow_impact,3,0,121,0.859504132231405,4.731404958677686,0.0005324578285209281,0.0006902706455182389,0.0005902769056485524,-0.28125,0.0015690376569037657,-0.0013020833333333333
realized_vol_1m,flow_impact,3,1,118,0.923728813559322,5.434322033898305,0.0005325086475523631,0.0006869498914090053,0.0005938701891282582,0.0015737410071942446,0.0032245827010622154,0.0024104683195592287
realized_vol_1m,flow_impact,3,2,126,0.9206349206349206,5.396825396825397,0.0005327834559003809,0.0006917146264753656,0.0005856483468430784,0.0032407407407407406,0.005169172932330827,0.004116803370534714
realized_vol_1m,flow_impact,3,3,149,0.9395973154362416,7.050335570469799,0.00053404730542214,0.0006923799334224483,0.0006047653496143759,0.005172413793103448,0.009057971014492754,0.006793478260869565
realized_vol_1m,flow_impact,3,4,108,0.8981481481481481,6.37962962962963,0.0005324581156710539,0.0006882676686833364,0.00062497298502896,0.009308510638297872,0.4583333333333333,0.01456447963800905
realized_vol_1m,flow_impact,4,0,104,0.8942307692307693,6.795673076923077,0.0006934456206829453,0.0025940885158507515,0.0008289907978300246,-0.75,0.0015625,-0.001542215483748697
realized_vol_1m,flow_impact,4,1,61,0.9836065573770492,8.049180327868852,0.0006937365790572859,0.002146035942759906,0.0007810284234755599,0.0015822784810126582,0.0032281205164992827,0.002638522427440633
realized_vol_1m,flow_impact,4,2,81,0.9135802469135802,6.342592592592593,0.000692639274416374,0.0015490972660829334,0.0007941190544148348,0.003236914600550964,0.005154639175257732,0.004241071428571428
realized_vol_1m,flow_impact,4,3,153,0.9215686274509803,8.666666666666666,0.000692972676587881,0.002748901007334877,0.000843857074964199,0.005184331797235023,0.009157509157509158,0.006944444444444444
realized_vol_1m,flow_impact,4,4,222,0.9414414414414415,14.0,0.0006943932255379076,0.004933883649044672,0.0008739879119989411,0.009160756501182032,0.375,0.01634784735812133
realized_vol_1m,absorption_ratio,0,0,189,0.7671957671957672,2.738095238095238,5.179131191833218e-05,0.0003444149912367652,0.0002703055282352677,12.0,87.6,63.111111111111114
realized_vol_1m,absorption_ratio,0,1,141,0.7588652482269503,2.5868794326241136,0.0001567898127453231,0.0003443334234067262,0.00028940058953043184,88.0,132.0,106.0
realized_vol_1m,absorption_ratio,0,2,106,0.7830188679245284,2.6556603773584904,0.00015568529559476454,0.0003445362636257217,0.0002996222268905654,133.0,188.0,155.55
realized_vol_1m,absorption_ratio,0,3,94,0.7872340425531915,2.625,0.00015899170765836632,0.0003441297427711693,0.00029345372355565056,190.5,319.0,240.66666666666666
realized_vol_1m,absorption_ratio,0,4,71,0.8028169014084507,2.816901408450704,0.00018656009942834403,0.0003443480269920685,0.0003063352426953948,324.0,1863.0,441.5
realized_vol_1m,absorption_ratio,1,0,92,0.8913043478260869,4.445652173913044,0.0003449196690507357,0.000436996804365345,0.00038762444700457657,29.5,87.66666666666667,68.44385026737967
realized_vol_1m,absorption_ratio,1,1,136,0.8455882352941176,3.854779411764706,0.00034526940477289575,0.0004355196244146723,0.00038929120552162483,87.8,131.6,109.25490196078431
realized_vol_1m,absorption_ratio,1,2,136,0.8676470588235294,3.693014705882353,0.0003447224777711013,0.0004367469038247047,0.0003953740056453246,132.5,188.66666666666666,156.33333333333331
realized_vol_1m,absorption_ratio,1,3,136,0.8235294117647058,3.676470588235294,0.0003446241080103964,0.0004361794495331376,0.00040256503891172786,189.2,322.6666666666667,236.83333333333331
realized_vol_1m,absorption_ratio,1,4,101,0.8712871287128713,4.96039603960396,0.0003453353444460749,0.00043673536318053946,0.0003929231073198506,324.4,3288.0,502.0
realized_vol_1m,absorption_ratio,2,0,86,0.9302325581395349,5.174418604651163,0.00043715793969359684,0.0005334384016982451,0.0004817708131176485,2.4545454545454546,87.16666666666667,66.57843137254902
realized_vol_1m,absorption_ratio,2,1,119,0.8487394957983193,3.9516806722689077,0.0004372194820043741,0.0005327834559003809,0.000489222697148975,87.73333333333333,132.1818181818182,109.75
realized_vol_1m,absorption_ratio,2,2,126,0.8492063492063492,4.196428571428571,0.0004382073299776668,0.0005338212095334857,0.000481566317092601,132.2,188.0,157.2
realized_vol_1m,absorption_ratio,2,3,133,0.8571428571428571,4.223684210526316,0.0004373241628790517,0.0005299720604239528,0.00048529310884124177,188.75,322.0,246.33333333333334
realized_vol_1m,absorption_ratio,2,4,137,0.9051094890510949,4.9726277372262775,0.00043766180254242986,0.0005337897235504285,0.0004870476281299449,324.0,3510.0,534.5
realized_vol_1m,absorption_ratio,3,0,96,0.9166666666666666,6.346354166666667,0.00053404730542214,0.0006873915681733859,0.0006109721985451603,3.4545454545454546,87.71428571428571,70.11111111111111
realized_vol_1m,absorption_ratio,3,1,100,0.94,7.12,0.0005355015267411752,0.0006923799334224483,0.0005914188489642264,87.83333333333333,132.0,109.28461538461539
realized_vol_1m,absorption_ratio,3,2,131,0.9236641221374046,5.816793893129771,0.0005353630369740652,0.000692639274416374,0.0006025754860588755,132.66666666666666,188.28571428571428,153.2
realized_vol_1m,absorption_ratio,3,3,118,0.8983050847457628,5.286016949152542,0.0005341976177990124,0.0006870489125288779,0.0005959128481138947,188.83333333333334,322.0,250.36666666666667
realized_vol_1m,absorption_ratio,3,4,156,0.8782051282051282,5.201923076923077,0.0005338254794978439,0.0006917146264753656,0.0005987203846438911,331.2,4258.0,613.0
realized_vol_1m,absorption_ratio,4,0,138,0.9492753623188406,14.28623188405797,0.0006943974042116227,0.004933883649044672,0.0009176755071532065,19.197080291970803,87.38461538461539,59.948412698412696
realized_vol_1m,absorption_ratio,4,1,105,0.9238095238095239,12.038095238095238,0.0006974486454624533,0.0033256805403016868,0.000850953047254837,87.8,132.0,112.6896551724138
realized_vol_1m,absorption_ratio,4,2,102,0.9215686274509803,8.306372549019608,0.000692972676587881,0.0026351089424448662,0.0008379665339735101,132.33333333333334,188.58823529411765,162.47619047619048
realized_vol_1m,absorption_ratio,4,3,120,0.9333333333333333,8.264583333333333,0.0006937365790572859,0.0030726932037933984,0.0008060090955707879,190.0,321.0,243.65584415584416
realized_vol_1m,absorption_ratio,4,4,136,0.9044117647058824,7.264705882352941,0.0006930537857855986,0.0024114621464714076,0.000830475672392768,326.0,4618.0,520.2
realized_vol_1m,microprice_pressure,0,0,125,0.704,2.518,8.948145505053041e-05,0.00034423735513994274,0.00028366470900847166,-0.46666666666715173,-0.06756756756840332,-0.09999999999975746
realized_vol_1m,microprice_pressure,0,1,147,0.7551020408163265,2.8843537414965987,9.688684326851186e-05,0.00034411515265533546,0.00028351782553270264,-0.06756756756779699,-0.013274336283454128,-0.03731343283652677
realized_vol_1m,microprice_pressure,0,2,139,0.8057553956834532,2.553956834532374,5.179131191833218e-05,0.0003441297427711693,0.0002846074407318013,-0.013274336283454128,0.027027027026633732,0.008196721311833244
realized_vol_1m,microprice_pressure,0,3,130,0.7692307692307693,2.7673076923076922,6.326728240816818e-05,0.00034306479530352076,0.00028719848763691523,0.027272727272550885,0.08064516129040082,0.04660533867960718
realized_vol_1m,microprice_pressure,0,4,81,0.7901234567901234,2.4722222222222223,4.473972664774299e-05,0.0003437861001838091,0.00029525151492550345,0.0813953488371529,0.40875232774730347,0.1067415730334081
realized_vol_1m,microprice_pressure,1,0,105,0.8476190476190476,4.1,0.0003446555716215607,0.000434288192746529,0.00038940189632845394,-0.4152542372885364,-0.06953642384056972,-0.11068702290018943
realized_vol_1m,microprice_pressure,1,1,155,0.8580645161290322,3.706451612903226,0.0003444149912367652,0.00043449732335100276,0.0003912024453309086,-0.0671641791050206,-0.013513513513316866,-0.03636363636420962
realized_vol_1m,microprice_pressure,1,2,142,0.8380281690140845,4.144366197183099,0.0003445362636257217,0.0004345744663873313,0.00039021816003847966,-0.012747875354155743,0.027027027026633732,0.005617977528042198
realized_vol_1m,microprice_pressure,1,3,130,0.9,4.217307692307692,0.0003443334234067262,0.0004356302081878897,0.0003870161183346558,0.027272727272550885,0.08035714285748934,0.05172413793115993
realized_vol_1m,microprice_pressure,1,4,90,0.8222222222222222,4.016666666666667,0.0003443480269920685,0.00043617491240793214,0.00040337529384537,0.08181818181765266,0.4166666666666667,0.11978260869576238
realized_vol_1m,microprice_pressure,2,0,120,0.8833333333333333,4.904166666666667,0.00043673536318053946,0.0005305138658602602,0.0004839931751383984,-0.2742946708458476,-0.06923076923097445,-0.10655708415227612
realized_vol_1m,microprice_pressure,2,1,126,0.8253968253968254,3.8313492063492065,0.0004373241628790517,0.0005294865562099854,0.0004824778642032371,-0.06756756756779699,-0.014018691588717047,-0.03663297316112828
realized_vol_1m,microprice_pressure,2,2,108,0.9537037037037037,4.625,0.0004363074599907393,0.0005296599713271589,0.0004805151004197466,-0.013227513227320742,0.027027027026633732,0.004427184465991256
realized_vol_1m,microprice_pressure,2,3,155,0.864516129032258,4.501612903225807,0.0004361794495331376,0.0005313726434574726,0.00048503464394732414,0.02760736196311579,0.08088235294174713,0.05172413793115993
realized_vol_1m,microprice_pressure,2,4,112,0.875,4.647321428571429,0.000436996804365345,0.0005278307991035927,0.00048427636318692873,0.0816993464056092,0.3742690058473575,0.1302521008401527
realized_vol_1m,microprice_pressure,3,0,144,0.9236111111111112,5.357638888888889,0.0005320322534798161,0.0006902706455182389,0.0005955772915792818,-0.44915254237275803,-0.06818181818137721,-0.1220831204221516
realized_vol_1m,microprice_pressure,3,1,107,0.9065420560747663,5.808411214953271,0.0005314643803030012,0.0006882676686833364,0.0005863508106444473,-0.06692913385813881,-0.013513513513316866,-0.0375000000003638
realized_vol_1m,microprice_pressure,3,2,120,0.9083333333333333,6.477083333333334,0.0005338254794978439,0.0006900895203633251,0.0005987120737734216,-0.013274336283454128,0.026666666667248744,0.004906204906243753
realized_vol_1m,microprice_pressure,3,3,99,0.8787878787878788,5.106060606060606,0.0005327834559003809,0.0006892806278675236,0.0006047699479035586,0.028089887640817324,0.08064516129040082,0.04838709677399796
realized_vol_1m,microprice_pressure,3,4,152,0.9210526315789473,6.399671052631579,0.0005314332006258013,0.0006884783147597732,0.0005944658661331725,0.0813953488371529,0.4565217391306457,0.11396103896064838
realized_vol_1m,microprice_pressure,4,0,128,0.9296875,12.931640625,0.000692972676587881,0.0047678037435617045,0.000849190514047405,-0.4770114942530199,-0.06862745098078449,-0.13798951588008396
realized_vol_1m,microprice_pressure,4,1,87,0.9080459770114943,7.775862068965517,0.0006917146264753656,0.00229868381047086,0.0008084476566372218,-0.0666666666669092,-0.013513513513316866,-0.03333333333284827
realized_vol_1m,microprice_pressure,4,2,112,0.9196428571428571,8.875,0.0006965505139309439,0.003440220551412364,0.0008136424168512029,-0.012820512820326257,0.027131782945313414,0.012150728059471778
realized_vol_1m,microprice_pressure,4,3,108,0.9166666666666666,10.04861111111111,0.0006953557323108336,0.002849084873557432,0.0008437250783172806,0.027777777777373558,0.0795454545453443,0.05263157894705728
realized_vol_1m,microprice_pressure,4,4,186,0.9516129032258065,9.362903225806452,0.0006930537857855986,0.004933883649044672,0.0008483675578371884,0.08088235294174713,0.45890410958903277,0.14705882352955085
realized_vol_1m,cvd_acceleration,0,0,87,0.8505747126436781,2.4655172413793105,0.00017855694373741877,0.0003441297427711693,0.00030088541900692104,-312.6666666666667,-28.933333333333337,-44.46666666666667
realized_vol_1m,cvd_acceleration,0,1,148,0.7905405405405406,2.5844594594594597,0.00011889223255215424,0.0003443334234067262,0.00028805049481768973,-28.833333333333336,-9.433333333333334,-16.816666666666666
realized_vol_1m,cvd_acceleration,0,2,185,0.7027027027027027,2.377027027027027,4.473972664774299e-05,0.0003444149912367652,0.00026738592586463466,-9.433333333333332,4.8,-2.3333333333333335
realized_vol_1m,cvd_acceleration,0,3,142,0.7746478873239436,3.137323943661972,0.00013289607327953668,0.00034423735513994274,0.00028657343674908366,5.066666666666666,24.333333333333332,13.516666666666666
realized_vol_1m,cvd_acceleration,0,4,64,0.734375,2.84765625,0.0001681244381740236,0.0003432287635750609,0.0003015787814066121,24.800000000000004,89.73333333333333,35.95
realized_vol_1m,cvd_acceleration,1,0,119,0.8403361344537815,3.96218487394958,0.0003447224777711013,0.0004363074599907393,0.0003964662286808405,-239.93333333333337,-28.966666666666665,-44.733333333333334
realized_vol_1m,cvd_acceleration,1,1,134,0.835820895522388,3.6772388059701493,0.0003446555716215607,0.0004361794495331376,0.00038848376186016763,-28.0,-9.466666666666667,-18.46666666666667
realized_vol_1m,cvd_acceleration,1,2,126,0.9206349206349206,4.0773809523809526,0.0003462443201868576,0.00043651107913660037,0.0003971283714093121,-9.233333333333333,4.833333333333336,-1.8999999999999986
realized_vol_1m,cvd_acceleration,1,3,123,0.8617886178861789,4.808943089430894,0.0003445362636257217,0.00043449732335100276,0.00038046097561062506,5.0,24.53333333333333,12.8
realized_vol_1m,cvd_acceleration,1,4,124,0.8225806451612904,3.659274193548387,0.0003446241080103964,0.00043371837026238795,0.00039598339400712655,24.9,195.76666666666668,41.93333333333333
realized_vol_1m,cvd_acceleration,2,0,134,0.8656716417910447,4.042910447761194,0.0004371895018007863,0.000532112628136125,0.0004824100671128066,-246.4666666666667,-29.0,-45.43333333333333
realized_vol_1m,cvd_acceleration,2,1,127,0.9291338582677166,4.716535433070866,0.000436996804365345,0.0005313726434574726,0.0004760326417670774,-28.53333333333333,-9.733333333333333,-17.7
realized_vol_1m,cvd_acceleration,2,2,100,0.93,5.42,0.0004367469038247047,0.0005324578285209281,0.00048215003072981326,-9.433333333333334,4.933333333333334,-2.4333333333333327
realized_vol_1m,cvd_acceleration,2,3,133,0.8571428571428571,4.003759398496241,0.0004372556449089798,0.0005324581156710539,0.0004871974631070246,5.0,24.53333333333333,14.033333333333331
realized_vol_1m,cvd_acceleration,2,4,131,0.8244274809160306,4.769083969465649,0.00043673536318053946,0.0005305138658602602,0.0004870093469887335,24.83333333333333,294.4333333333333,45.4
realized_vol_1m,cvd_acceleration,3,0,140,0.9214285714285714,5.901785714285714,0.0005341976177990124,0.0006917146264753656,0.0006026343715772868,-311.6333333333333,-29.366666666666667,-50.61666666666667
realized_vol_1m,cvd_acceleration,3,1,113,0.9026548672566371,5.196902654867257,0.0005327834559003809,0.000692639274416374,0.0005928261556286725,-28.66666666666667,-9.633333333333333,-19.03333333333333
realized_vol_1m,cvd_acceleration,3,2,104,0.9134615384615384,6.021634615384615,0.000533859289015178,0.0006923799334224483,0.0005918711431116921,-9.333333333333334,5.0,-1.8333333333333335
realized_vol_1m,cvd_acceleration,3,3,115,0.9043478260869565,6.258695652173913,0.0005338254794978439,0.0006930537857855986,0.0006018403064285484,5.366666666666666,24.566666666666666,13.133333333333335
realized_vol_1m,cvd_acceleration,3,4,154,0.9090909090909091,5.824675324675325,0.0005325086475523631,0.0006869498914090053,0.0005995000412525275,24.933333333333334,407.93333333333334,52.833333333333336
realized_vol_1m,cvd_acceleration,4,0,146,0.9383561643835616,11.998287671232877,0.0006937365790572859,0.0047678037435617045,0.0008557096759085759,-383.53333333333336,-29.099999999999998,-49.68333333333334
realized_vol_1m,cvd_acceleration,4,1,104,0.9519230769230769,9.20673076923077,0.0006934456206829453,0.0030726932037933984,0.0008116148680182673,-28.89999999999999,-9.666666666666666,-19.03333333333333
realized_vol_1m,cvd_acceleration,4,2,110,0.9090909090909091,9.506818181818181,0.0006943974042116227,0.0026351089424448662,0.0008403393712442862,-9.299999999999997,4.866666666666667,-2.3333333333333326
realized_vol_1m,cvd_acceleration,4,3,113,0.9203539823008849,9.918141592920353,0.0006961597217165676,0.0022180396287447223,0.0008420582472573982,5.033333333333333,24.066666666666663,15.000000000000002
realized_vol_1m,cvd_acceleration,4,4,152,0.9210526315789473,8.577302631578947,0.0006943932255379076,0.004933883649044672,0.0008374703325051834,24.799999999999997,737.2666666666667,54.25
realized_vol_1m,trade_sign_autocorr_60s,0,0,76,0.618421052631579,2.2532894736842106,7.783740050899455e-05,0.00034411515265533546,0.0002453328427133711,-0.09759000729485333,0.8782260770211459,0.8466946245934585
realized_vol_1m,trade_sign_autocorr_60s,0,1,77,0.7922077922077922,3.24025974025974,9.688937762677223e-05,0.00034371478613611596,0.0003015858738150147,0.8782695350366768,0.8994834566522417,0.8904381887807292
realized_vol_1m,trade_sign_autocorr_60s,0,2,90,0.7666666666666667,2.625,0.00011579617208185997,0.0003445362636257217,0.00029425796444033513,0.8995596561123912,0.9135591153870638,0.9064592034552383
realized_vol_1m,trade_sign_autocorr_60s,0,3,124,0.7903225806451613,2.4475806451612905,0.00012807636497876932,0.0003444149912367652,0.00029233375630915287,0.913812181126986,0.9272787943844172,0.9212743353065278
realized_vol_1m,trade_sign_autocorr_60s,0,4,258,0.7945736434108527,2.7344961240310077,6.342301433874901e-05,0.0003446241080103964,0.000285108654742494,0.9274432847667367,0.9860546342602644,0.9413662278001903
realized_vol_1m,trade_sign_autocorr_60s,1,0,55,0.8727272727272727,4.804545454545455,0.0003449196690507357,0.0004345744663873313,0.0003892262316734294,0.6373964114260562,0.8782161790191165,0.864478226025282
realized_vol_1m,trade_sign_autocorr_60s,1,1,110,0.8909090909090909,3.831818181818182,0.0003447594815669674,0.00043610737796706057,0.0004007033905646739,0.8784734102573452,0.8995392838771802,0.8894010858156955
realized_vol_1m,trade_sign_autocorr_60s,1,2,126,0.8492063492063492,3.9563492063492065,0.00034491280738418035,0.0004361794495331376,0.00039296436078775426,0.8996343090191873,0.9137557144531679,0.9069445047848205
realized_vol_1m,trade_sign_autocorr_60s,1,3,170,0.8588235294117647,4.194117647058824,0.00034526940477289575,0.0004349950546776006,0.000396545905574826,0.9138299110827609,0.9272576067652437,0.9199529038435872
realized_vol_1m,trade_sign_autocorr_60s,1,4,163,0.8282208588957055,3.8205521472392636,0.0003446555716215607,0.00043651107913660037,0.0003787595767572254,0.927350478421248,0.9528674947405902,0.9360639165251744
realized_vol_1m,trade_sign_autocorr_60s,2,0,87,0.9195402298850575,5.724137931034483,0.00043831065638293967,0.0005320322534798161,0.0004839182047166348,0.6080051376822609,0.8779666973425182,0.8666689886958192
realized_vol_1m,trade_sign_autocorr_60s,2,1,155,0.8387096774193549,4.2,0.000436996804365345,0.0005324581156710539,0.00048291304826594556,0.8784471500567768,0.8995254508431983,0.8912993117638995
realized_vol_1m,trade_sign_autocorr_60s,2,2,139,0.920863309352518,4.697841726618705,0.0004372194820043741,0.0005305138658602602,0.00048766764781587517,0.8996056666952182,0.913599604124132,0.9068746328458005
realized_vol_1m,trade_sign_autocorr_60s,2,3,133,0.8646616541353384,4.167293233082707,0.0004367469038247047,0.0005324578285209281,0.0004843470615991588,0.9138020069026008,0.9273024252129685,0.9196923503325902
realized_vol_1m,trade_sign_autocorr_60s,2,4,111,0.8648648648648649,4.358108108108108,0.00043673536318053946,0.0005296599713271589,0.0004793651686646653,0.927355853483879,0.9614547997236542,0.9352318233012175
realized_vol_1m,trade_sign_autocorr_60s,3,0,116,0.8793103448275862,6.795258620689655,0.000533859289015178,0.0006923799334224483,0.0006188487610164185,0.6768056818292991,0.8782587399349803,0.861215259243505
realized_vol_1m,trade_sign_autocorr_60s,3,1,151,0.9271523178807947,5.846026490066225,0.0005334384016982451,0.0006930537857855986,0.0006019268689472702,0.878381968350633,0.8994203742102921,0.8902902328976957
realized_vol_1m,trade_sign_autocorr_60s,3,2,161,0.9192546583850931,5.824534161490683,0.0005337897235504285,0.000692972676587881,0.0005934294400542771,0.8995962525170647,0.913700488364312,0.9078944876820312
realized_vol_1m,trade_sign_autocorr_60s,3,3,129,0.8914728682170543,5.567829457364341,0.0005327834559003809,0.0006866263107793658,0.0005903496211693796,0.9137684913004381,0.927045260779289,0.9195095077565174
realized_vol_1m,trade_sign_autocorr_60s,3,4,67,0.9402985074626866,4.794776119402985,0.0005325086475523631,0.0006900895203633251,0.0005873345496271095,0.9273729156238228,0.9704345027891362,0.9359421897429246
realized_vol_1m,trade_sign_autocorr_60s,4,0,291,0.9450171821305842,13.221649484536082,0.0006943932255379076,0.004933883649044672,0.0009095601245309444,0.49843118737158887,0.8782127856089823,0.8429838839321588
realized_vol_1m,trade_sign_autocorr_60s,4,1,131,0.9236641221374046,7.179389312977099,0.0006937365790572859,0.0022787496392278764,0.0008132532195450917,0.8782916874076097,0.8994699361288289,0.8887938146996405
realized_vol_1m,trade_sign_autocorr_60s,4,2,109,0.9174311926605505,6.543577981651376,0.0006982859530871163,0.0016951703704212791,0.0008094313107371165,0.8995865833485289,0.9133699636294862,0.9063854880034923
realized_vol_1m,trade_sign_autocorr_60s,4,3,68,0.8823529411764706,7.643382352941177,0.0006934456206829453,0.0012096803854459808,0.0007973100964580104,0.9138474778758309,0.9267876413113509,0.9198383787377766
realized_vol_1m,trade_sign_autocorr_60s,4,4,25,0.92,6.29,0.0006957262222691312,0.0010150144582462693,0.0007893456145632382,0.9274017829768296,0.9971126921000345,0.9345742210482191
depth_mid_ask,depth_near_ask,0,0,510,0.907843137254902,10.449019607843137,5.0,149.0,103.0,3.0,126.0,84.0
depth_mid_ask,depth_near_ask,0,1,97,0.8865979381443299,7.237113402061856,56.0,149.0,139.0,127.0,181.0,140.0
depth_mid_ask,depth_near_ask,0,2,16,0.9375,8.328125,57.0,148.0,140.5,189.0,234.0,206.0
depth_mid_ask,depth_near_ask,0,3,2,0.5,5.0,109.0,127.0,118.0,254.0,273.0,263.5
depth_mid_ask,depth_near_ask,0,4,1,1.0,4.75,111.0,111.0,111.0,709.0,709.0,709.0
depth_mid_ask,depth_near_ask,1,0,99,0.8888888888888888,7.196969696969697,149.0,209.0,168.0,45.0,126.0,112.0
depth_mid_ask,depth_near_ask,1,1,372,0.9139784946236559,5.755376344086022,150.0,210.0,179.0,126.0,182.0,155.0
depth_mid_ask,depth_near_ask,1,2,130,0.8769230769230769,5.065384615384615,155.0,210.0,194.0,183.0,235.0,198.0
depth_mid_ask,depth_near_ask,1,3,19,0.9473684210526315,6.526315789473684,155.0,206.0,188.0,236.0,296.0,255.0
depth_mid_ask,depth_near_ask,1,4,6,0.6666666666666666,7.416666666666667,162.0,196.0,189.5,327.0,1227.0,518.5
depth_mid_ask,depth_near_ask,2,0,13,0.9230769230769231,7.3076923076923075,212.0,261.0,227.0,77.0,124.0,110.0
depth_mid_ask,depth_near_ask,2,1,121,0.9338842975206612,5.590909090909091,210.0,268.0,225.0,127.0,182.0,169.0
depth_mid_ask,depth_near_ask,2,2,325,0.8523076923076923,4.451538461538462,210.0,269.0,239.0,182.0,236.0,211.0
depth_mid_ask,depth_near_ask,2,3,141,0.8865248226950354,4.599290780141844,211.0,269.0,251.0,236.0,304.0,252.0
depth_mid_ask,depth_near_ask,2,4,25,0.96,5.47,212.0,269.0,254.0,306.0,706.0,341.0
depth_mid_ask,depth_near_ask,3,0,3,0.6666666666666666,1.25,280.0,314.0,284.0,85.0,122.0,117.0
depth_mid_ask,depth_near_ask,3,1,29,0.9655172413793104,6.232758620689655,270.0,344.0,291.0,128.0,181.0,168.0
depth_mid_ask,depth_near_ask,3,2,132,0.8863636363636364,4.0227272727272725,269.0,350.0,293.0,184.0,236.0,219.0
depth_mid_ask,depth_near_ask,3,3,334,0.8143712574850299,3.3585329341317367,269.0,350.0,306.0,236.0,304.0,267.0
depth_mid_ask,depth_near_ask,3,4,128,0.8203125,3.517578125,271.0,350.0,317.0,304.0,1117.0,337.0
depth_mid_ask,depth_near_ask,4,0,1,1.0,5.75,397.0,397.0,397.0,84.0,84.0,84.0
depth_mid_ask,depth_near_ask,4,1,7,0.7142857142857143,2.357142857142857,361.0,626.0,414.0,130.0,180.0,173.0
depth_mid_ask,depth_near_ask,4,2,22,0.9090909090909091,3.965909090909091,352.0,724.0,406.5,201.0,236.0,221.0
depth_mid_ask,depth_near_ask,4,3,130,0.8461538461538461,3.230769230769231,350.0,803.0,383.0,236.0,304.0,281.0
depth_mid_ask,depth_near_ask,4,4,465,0.8,2.545698924731183,351.0,1081.0,434.0,304.0,1305.0,376.0
depth_mid_ask,queue_imbalance_std_5s,0,0,24,0.5416666666666666,2.7708333333333335,59.0,150.0,121.0,0.0,0.07114807047195956,0.05574123966150793
depth_mid_ask,queue_imbalance_std_5s,0,1,50,0.98,9.72,32.0,149.0,130.5,0.07353356549137247,0.10440754686411796,0.09511307767830035
depth_mid_ask,queue_imbalance_std_5s,0,2,92,0.8913043478260869,6.320652173913044,36.0,150.0,123.0,0.10519906459038068,0.13970913889547695,0.12485685224268467
depth_mid_ask,queue_imbalance_std_5s,0,3,157,0.89171974522293,8.394904458598726,37.0,150.0,113.0,0.14007582942596694,0.19464679791793146,0.16758189801969067
depth_mid_ask,queue_imbalance_std_5s,0,4,301,0.9302325581395349,12.474252491694353,5.0,150.0,98.0,0.19496424942370844,0.5284150918131977,0.25748465461011816
depth_mid_ask,queue_imbalance_std_5s,1,0,77,0.7922077922077922,4.12012987012987,150.0,210.0,191.0,5.99588961666477e-17,0.07298437318605766,0.058686594884249293
depth_mid_ask,queue_imbalance_std_5s,1,1,103,0.941747572815534,4.91747572815534,150.0,209.0,179.0,0.07343408988803643,0.10444214461759116,0.09093259194293844
depth_mid_ask,queue_imbalance_std_5s,1,2,149,0.912751677852349,5.619127516778524,151.0,210.0,182.0,0.10491976609066721,0.13953619169093215,0.1219525645435303
depth_mid_ask,queue_imbalance_std_5s,1,3,162,0.9259259259259259,6.603395061728395,150.0,211.0,183.0,0.14075738455348627,0.19399138204059796,0.16480395261612346
depth_mid_ask,queue_imbalance_std_5s,1,4,133,0.9022556390977443,6.904135338345864,151.0,210.0,179.0,0.19588918566132651,0.39296879009274904,0.2299928065009486
depth_mid_ask,queue_imbalance_std_5s,2,0,117,0.7948717948717948,3.2072649572649574,211.0,269.0,245.0,0.014856146905545537,0.07295319051318594,0.05934921657138161
depth_mid_ask,queue_imbalance_std_5s,2,1,156,0.8974358974358975,4.046474358974359,211.0,269.0,240.5,0.07341192675154985,0.10438067102949233,0.0888056804434281
depth_mid_ask,queue_imbalance_std_5s,2,2,149,0.8791946308724832,5.426174496644295,211.0,269.0,236.0,0.10456459424597356,0.13994247255257908,0.12197307261885985
depth_mid_ask,queue_imbalance_std_5s,2,3,113,0.8938053097345132,5.34070796460177,211.0,267.0,241.0,0.14052058879391824,0.19425791644394533,0.1628827149522796
depth_mid_ask,queue_imbalance_std_5s,2,4,89,0.9325842696629213,6.306179775280899,211.0,269.0,237.0,0.19543949674037436,0.49756515381649996,0.2296382229196085
depth_mid_ask,queue_imbalance_std_5s,3,0,163,0.7668711656441718,2.829754601226994,269.0,350.0,305.0,0.0040626235056318806,0.07327252604458291,0.05370088007969403
depth_mid_ask,queue_imbalance_std_5s,3,1,151,0.8609271523178808,3.4850993377483444,269.0,350.0,308.0,0.07343457428384424,0.10455507627566861,0.0866137948691556
depth_mid_ask,queue_imbalance_std_5s,3,2,129,0.8527131782945736,3.7189922480620154,270.0,349.0,305.0,0.1046050187815045,0.14001902363232738,0.12054845380385296
depth_mid_ask,queue_imbalance_std_5s,3,3,118,0.864406779661017,4.451271186440678,269.0,348.0,304.5,0.14100882762855962,0.1943514628969582,0.16036752074363175
depth_mid_ask,queue_imbalance_std_5s,3,4,63,0.9047619047619048,4.674603174603175,270.0,348.0,293.0,0.19484012567907769,0.3758438482995297,0.23044330591147663
depth_mid_ask,queue_imbalance_std_5s,4,0,243,0.7654320987654321,2.3065843621399176,351.0,873.0,428.0,0.00583982986660394,0.07335128700889335,0.05023842534978267
depth_mid_ask,queue_imbalance_std_5s,4,1,164,0.823170731707317,2.7759146341463414,351.0,1081.0,415.0,0.073362966850013,0.10455608551752815,0.08736244127689284
depth_mid_ask,queue_imbalance_std_5s,4,2,105,0.8571428571428571,3.011904761904762,351.0,882.0,424.0,0.10497095377017931,0.13958203313421522,0.12070131900224881
depth_mid_ask,queue_imbalance_std_5s,4,3,74,0.8378378378378378,3.4594594594594597,351.0,803.0,424.5,0.14040559863710297,0.1942101928439594,0.16838286691928606
depth_mid_ask,queue_imbalance_std_5s,4,4,38,0.8947368421052632,3.210526315789474,351.0,759.0,397.0,0.1948138140293511,0.34315037941691695,0.22789909076838683
depth_mid_ask,cancel_rate_ask,0,0,32,0.53125,2.34375,19.0,149.0,116.5,0.0,1.0,0.4
depth_mid_ask,cancel_rate_ask,0,1,36,0.8333333333333334,5.4375,35.0,148.0,130.5,1.2,2.2,1.6
depth_mid_ask,cancel_rate_ask,0,2,66,0.9090909090909091,5.428030303030303,46.0,150.0,132.0,2.4,3.8,3.2
depth_mid_ask,cancel_rate_ask,0,3,148,0.8783783783783784,7.548986486486487,22.0,150.0,119.5,4.0,6.8,5.4
depth_mid_ask,cancel_rate_ask,0,4,343,0.9533527696793003,13.006559766763848,5.0,150.0,99.0,6.8,222.2,12.4
depth_mid_ask,cancel_rate_ask,1,0,40,0.775,3.24375,150.0,210.0,188.0,0.0,1.0,0.6
depth_mid_ask,cancel_rate_ask,1,1,91,0.9010989010989011,4.596153846153846,150.0,210.0,189.0,1.2,2.2,1.8
depth_mid_ask,cancel_rate_ask,1,2,152,0.8947368421052632,4.807565789473684,151.0,209.0,183.0,2.4,3.8,3.2
depth_mid_ask,cancel_rate_ask,1,3,188,0.925531914893617,6.797872340425532,150.0,211.0,183.0,3.8,6.8,5.0
depth_mid_ask,cancel_rate_ask,1,4,153,0.9215686274509803,7.138888888888889,151.0,210.0,176.0,6.8,85.8,9.6
depth_mid_ask,cancel_rate_ask,2,0,96,0.8125,3.421875,212.0,269.0,249.5,0.0,1.2,0.8
depth_mid_ask,cancel_rate_ask,2,1,166,0.9036144578313253,4.594879518072289,211.0,269.0,238.5,1.2,2.2,1.6
depth_mid_ask,cancel_rate_ask,2,2,175,0.8171428571428572,4.1414285714285715,211.0,268.0,241.0,2.2,3.8,3.0
depth_mid_ask,cancel_rate_ask,2,3,120,0.9416666666666667,6.089583333333334,211.0,269.0,237.0,3.8,6.8,5.0
depth_mid_ask,cancel_rate_ask,2,4,67,0.9552238805970149,6.462686567164179,211.0,269.0,233.0,6.8,95.8,10.0
depth_mid_ask,cancel_rate_ask,3,0,156,0.7948717948717948,2.828525641025641,269.0,350.0,307.0,0.0,1.2,0.6
depth_mid_ask,cancel_rate_ask,3,1,174,0.8160919540229885,3.4626436781609193,269.0,350.0,305.5,1.2,2.2,1.6
depth_mid_ask,cancel_rate_ask,3,2,150,0.8466666666666667,3.6283333333333334,270.0,350.0,305.0,2.4,3.8,3.0
depth_mid_ask,cancel_rate_ask,3,3,106,0.9150943396226415,4.804245283018868,269.0,348.0,301.0,4.0,6.6,4.8
depth_mid_ask,cancel_rate_ask,3,4,38,0.8947368421052632,4.993421052631579,270.0,344.0,295.5,7.0,131.4,10.9
depth_mid_ask,cancel_rate_ask,4,0,301,0.7807308970099668,2.4177740863787376,351.0,873.0,426.0,0.0,1.2,0.6
depth_mid_ask,cancel_rate_ask,4,1,157,0.8662420382165605,2.893312101910828,351.0,882.0,418.0,1.2,2.2,1.6
depth_mid_ask,cancel_rate_ask,4,2,81,0.8518518518518519,3.3950617283950617,351.0,803.0,404.0,2.4,3.8,3.2
depth_mid_ask,cancel_rate_ask,4,3,62,0.8225806451612904,2.9475806451612905,351.0,779.0,401.5,4.0,6.8,4.6
depth_mid_ask,cancel_rate_ask,4,4,23,0.6956521739130435,3.0543478260869565,353.0,1081.0,431.0,6.8,20.6,8.6
depth_mid_ask,cancel_ratio,0,0,18,0.6666666666666666,4.236111111111111,58.0,148.0,127.0,0.0,0.028662420382165606,0.0189086859688196
depth_mid_ask,cancel_ratio,0,1,39,0.7692307692307693,4.467948717948718,59.0,150.0,135.0,0.030379746835443037,0.04452690166975881,0.040106951871657755
depth_mid_ask,cancel_ratio,0,2,71,0.9295774647887324,7.133802816901408,63.0,150.0,130.0,0.04559270516717325,0.058772687986171135,0.053117782909930716
depth_mid_ask,cancel_ratio,0,3,188,0.8882978723404256,7.594414893617022,37.0,150.0,117.0,0.05925925925925926,0.08020304568527918,0.07052239787848044
depth_mid_ask,cancel_ratio,0,4,309,0.9352750809061489,13.018608414239482,5.0,150.0,95.0,0.08036890645586298,0.31936284110197155,0.10449129239230064
depth_mid_ask,cancel_ratio,1,0,33,0.8787878787878788,3.8181818181818183,152.0,210.0,183.0,0.0,0.03015075376884422,0.023718439173680182
depth_mid_ask,cancel_ratio,1,1,109,0.8990825688073395,5.087155963302752,150.0,211.0,188.0,0.030508474576271188,0.04535637149028078,0.04
depth_mid_ask,cancel_ratio,1,2,159,0.9056603773584906,5.784591194968553,150.0,210.0,183.0,0.04567699836867863,0.05913272010512484,0.0530209617755857
depth_mid_ask,cancel_ratio,1,3,172,0.8953488372093024,6.505813953488372,151.0,209.0,183.0,0.059147180192572216,0.08029197080291971,0.06895441989682577
depth_mid_ask,cancel_ratio,1,4,151,0.9205298013245033,6.1572847682119205,150.0,210.0,177.0,0.08031674208144797,0.3218475073313783,0.10087719298245613
depth_mid_ask,cancel_ratio,2,0,97,0.8556701030927835,4.144329896907217,212.0,269.0,247.0,0.004424778761061947,0.03024193548387097,0.021897810218978103
depth_mid_ask,cancel_ratio,2,1,162,0.8703703703703703,4.138888888888889,211.0,269.0,243.0,0.030303030303030304,0.045454545454545456,0.03915516824013556
depth_mid_ask,cancel_ratio,2,2,165,0.9090909090909091,4.806060606060606,211.0,269.0,236.0,0.045454545454545456,0.05910735826296743,0.05162523900573614
depth_mid_ask,cancel_ratio,2,3,118,0.8305084745762712,5.375,211.0,269.0,240.5,0.059297912713472484,0.08020050125313283,0.06736440011962139
depth_mid_ask,cancel_ratio,2,4,82,0.926829268292683,5.853658536585366,211.0,268.0,235.0,0.08064516129032258,0.35066079295154184,0.09676975133774
depth_mid_ask,cancel_ratio,3,0,163,0.8098159509202454,3.0306748466257667,269.0,350.0,306.0,0.0,0.030211480362537766,0.019498607242339833
depth_mid_ask,cancel_ratio,3,1,174,0.8275862068965517,3.5704022988505746,269.0,350.0,307.0,0.030303030303030304,0.04483695652173913,0.037485362997658075
depth_mid_ask,cancel_ratio,3,2,139,0.8273381294964028,3.7661870503597124,270.0,350.0,300.0,0.045454545454545456,0.05910390848427073,0.05128205128205128
depth_mid_ask,cancel_ratio,3,3,91,0.9010989010989011,4.395604395604396,269.0,346.0,305.0,0.0592,0.08027282266526757,0.06612903225806452
depth_mid_ask,cancel_ratio,3,4,57,0.8947368421052632,4.355263157894737,270.0,348.0,310.0,0.08086253369272237,0.32666666666666666,0.09732824427480916
depth_mid_ask,cancel_ratio,4,0,314,0.7961783439490446,2.606687898089172,351.0,1081.0,425.5,0.0,0.030303030303030304,0.01820945012434374
depth_mid_ask,cancel_ratio,4,1,140,0.8785714285714286,2.835714285714286,351.0,777.0,417.5,0.030319436924742826,0.04519774011299435,0.038157538947937684
depth_mid_ask,cancel_ratio,4,2,90,0.8111111111111111,2.7777777777777777,351.0,882.0,421.5,0.04568527918781726,0.0589622641509434,0.05127279994527611
depth_mid_ask,cancel_ratio,4,3,55,0.7454545454545455,2.731818181818182,352.0,760.0,418.0,0.0593607305936073,0.07881773399014778,0.06628787878787878
depth_mid_ask,cancel_ratio,4,4,25,0.8,3.77,351.0,701.0,396.0,0.08047493403693931,0.4123173277661795,0.09132947976878612
depth_mid_ask,z_anchor_vwap,0,0,112,0.9553571428571429,11.078125,22.0,148.0,114.0,-302.76617058905674,-10.123267675529272,-19.621739996582285
depth_mid_ask,z_anchor_vwap,0,1,110,0.9181818181818182,9.236363636363636,9.0,148.0,119.0,-10.05762484722977,-4.004179348370054,-6.57586089493364
depth_mid_ask,z_anchor_vwap,0,2,134,0.8507462686567164,11.414179104477611,19.0,149.0,102.0,-3.9893700171955455,-0.30708590044016915,-2.1800137480529975
depth_mid_ask,z_anchor_vwap,0,3,112,0.9017857142857143,9.65625,5.0,149.0,115.5,-0.283272819129197,4.011941498938436,1.3267623113268159
depth_mid_ask,z_anchor_vwap,0,4,158,0.9050632911392406,8.299050632911392,22.0,149.0,109.5,4.110068963131274,287.93044592528815,9.863617025528121
depth_mid_ask,z_anchor_vwap,1,0,129,0.9224806201550387,7.538759689922481,150.0,210.0,179.0,-339.62630337939805,-10.161231549773355,-21.545320443701282
depth_mid_ask,z_anchor_vwap,1,1,105,0.9333333333333333,5.928571428571429,150.0,209.0,190.0,-10.036606093263632,-4.005667635893574,-6.724042041665568
depth_mid_ask,z_anchor_vwap,1,2,115,0.9130434782608695,5.4,150.0,210.0,184.0,-3.899666369567134,-0.3342077476221451,-2.1929732383708
depth_mid_ask,z_anchor_vwap,1,3,127,0.8661417322834646,4.718503937007874,151.0,209.0,182.0,-0.2882392816384838,3.9583776082295157,1.4641794759725768
depth_mid_ask,z_anchor_vwap,1,4,150,0.88,5.7683333333333335,149.0,209.0,179.5,4.079742365007883,500.9351348995934,11.123329644142043
depth_mid_ask,z_anchor_vwap,2,0,137,0.8905109489051095,5.713503649635037,211.0,269.0,241.0,-226.39293192609574,-10.191770810481135,-17.941937372864423
depth_mid_ask,z_anchor_vwap,2,1,143,0.8951048951048951,4.409090909090909,210.0,269.0,243.0,-9.866093960337325,-4.039600108489689,-6.138702468252053
depth_mid_ask,z_anchor_vwap,2,2,118,0.864406779661017,4.7923728813559325,211.0,269.0,240.0,-3.9938560375533325,-0.3165006858355552,-2.315332916968278
depth_mid_ask,z_anchor_vwap,2,3,117,0.8974358974358975,4.4252136752136755,211.0,269.0,237.0,-0.23270125086836255,4.051740304797976,1.6424373845470026
depth_mid_ask,z_anchor_vwap,2,4,110,0.8545454545454545,4.609090909090909,210.0,269.0,242.5,4.155550058673285,396.82985171411207,10.759590129603037
depth_mid_ask,z_anchor_vwap,3,0,121,0.9090909090909091,4.340909090909091,269.0,350.0,301.0,-335.9094443166101,-10.224273168138039,-18.859769468805396
depth_mid_ask,z_anchor_vwap,3,1,131,0.816793893129771,3.6583969465648853,269.0,350.0,300.0,-10.05881743771155,-4.00900668859568,-6.457199388060768
depth_mid_ask,z_anchor_vwap,3,2,120,0.8833333333333333,3.91875,269.0,350.0,304.0,-3.964222925733512,-0.3718878537911611,-2.170026210661482
depth_mid_ask,z_anchor_vwap,3,3,145,0.8068965517241379,3.1620689655172414,269.0,348.0,311.0,-0.3024149780151194,4.003779354149817,1.0833399561782335
depth_mid_ask,z_anchor_vwap,3,4,109,0.7706422018348624,3.25,269.0,350.0,308.0,4.057177768139474,343.88927693416946,12.62574247247282
depth_mid_ask,z_anchor_vwap,4,0,127,0.8031496062992126,3.0393700787401574,351.0,779.0,408.0,-547.3154243611832,-10.086451303562711,-17.633735357623472
depth_mid_ask,z_anchor_vwap,4,1,137,0.8175182481751825,2.9507299270072993,351.0,760.0,438.0,-9.857903196788747,-4.003742044708784,-6.3052975473551225
depth_mid_ask,z_anchor_vwap,4,2,138,0.8115942028985508,2.4583333333333335,351.0,1081.0,424.5,-3.9205691318763094,-0.3581269568683113,-2.078581489409008
depth_mid_ask,z_anchor_vwap,4,3,125,0.824,2.5,350.0,803.0,419.0,-0.2937740220465935,3.9980493070424488,1.2040542882644636
depth_mid_ask,z_anchor_vwap,4,4,98,0.8061224489795918,2.767857142857143,351.0,882.0,404.5,4.076088215414108,341.2809055571951,12.885198016177828
depth_mid_ask,distance_from_session_vwap_anchor,0,0,172,0.9418604651162791,13.799418604651162,9.0,148.0,109.5,-131.75,-9.75,-17.625
depth_mid_ask,distance_from_session_vwap_anchor,0,1,91,0.9340659340659341,8.557692307692308,19.0,148.0,111.0,-9.5,-4.0,-6.75
depth_mid_ask,distance_from_session_vwap_anchor,0,2,94,0.8085106382978723,6.446808510638298,5.0,149.0,112.5,-3.75,-0.25,-2.375
depth_mid_ask,distance_from_session_vwap_anchor,0,3,82,0.8780487804878049,9.798780487804878,20.0,149.0,123.5,-0.25,3.5,1.25
depth_mid_ask,distance_from_session_vwap_anchor,0,4,187,0.9144385026737968,8.648395721925134,19.0,149.0,109.0,4.0,58.25,13.5
depth_mid_ask,distance_from_session_vwap_anchor,1,0,151,0.9403973509933775,7.395695364238411,150.0,210.0,178.0,-69.5,-9.75,-16.75
depth_mid_ask,distance_from_session_vwap_anchor,1,1,89,0.8876404494382022,5.651685393258427,150.0,210.0,187.0,-9.5,-3.75,-6.5
depth_mid_ask,distance_from_session_vwap_anchor,1,2,102,0.9019607843137255,4.997549019607843,150.0,210.0,185.0,-3.75,-0.25,-1.75
depth_mid_ask,distance_from_session_vwap_anchor,1,3,127,0.8818897637795275,4.687007874015748,151.0,209.0,184.0,-0.25,3.75,1.25
depth_mid_ask,distance_from_session_vwap_anchor,1,4,157,0.8853503184713376,6.087579617834395,149.0,209.0,179.0,4.0,60.25,11.25
depth_mid_ask,distance_from_session_vwap_anchor,2,0,134,0.8955223880597015,6.152985074626866,211.0,269.0,235.0,-71.25,-9.5,-18.375
depth_mid_ask,distance_from_session_vwap_anchor,2,1,138,0.8695652173913043,4.217391304347826,211.0,269.0,245.0,-9.5,-3.75,-5.875
depth_mid_ask,distance_from_session_vwap_anchor,2,2,125,0.888,4.49,210.0,269.0,243.0,-3.75,-0.25,-2.0
depth_mid_ask,distance_from_session_vwap_anchor,2,3,120,0.8833333333333333,4.435416666666667,211.0,269.0,237.5,-0.25,4.0,1.0
depth_mid_ask,distance_from_session_vwap_anchor,2,4,108,0.8703703703703703,4.662037037037037,210.0,269.0,240.5,4.0,80.0,10.75
depth_mid_ask,distance_from_session_vwap_anchor,3,0,94,0.925531914893617,4.925531914893617,269.0,350.0,305.5,-44.0,-9.75,-16.875
depth_mid_ask,distance_from_session_vwap_anchor,3,1,150,0.84,3.5,269.0,350.0,298.0,-9.5,-3.75,-6.0
depth_mid_ask,distance_from_session_vwap_anchor,3,2,134,0.8507462686567164,3.7406716417910446,269.0,350.0,305.0,-3.75,-0.25,-1.75
depth_mid_ask,distance_from_session_vwap_anchor,3,3,154,0.8116883116883117,3.0795454545454546,269.0,350.0,311.0,-0.25,3.75,1.0
depth_mid_ask,distance_from_session_vwap_anchor,3,4,94,0.7659574468085106,3.4468085106382977,269.0,346.0,303.5,4.0,42.5,9.0
depth_mid_ask,distance_from_session_vwap_anchor,4,0,75,0.7866666666666666,2.79,352.0,779.0,413.0,-64.25,-9.75,-15.75
depth_mid_ask,distance_from_session_vwap_anchor,4,1,158,0.8227848101265823,3.1107594936708862,351.0,760.0,418.0,-9.5,-3.75,-5.75
depth_mid_ask,distance_from_session_vwap_anchor,4,2,170,0.8058823529411765,2.536764705882353,351.0,1081.0,432.0,-3.75,-0.25,-1.5
depth_mid_ask,distance_from_session_vwap_anchor,4,3,143,0.8321678321678322,2.550699300699301,350.0,803.0,414.0,-0.25,3.75,1.0
depth_mid_ask,distance_from_session_vwap_anchor,4,4,79,0.7974683544303798,2.740506329113924,352.0,882.0,412.0,4.0,36.5,9.75
depth_mid_ask,bid_depth_curvature,0,0,10,0.9,7.175,50.0,143.0,115.0,-24.375,-17.625,-20.125
depth_mid_ask,bid_depth_curvature,0,1,27,0.8888888888888888,9.75,69.0,148.0,132.0,-17.25,-13.125,-14.375
depth_mid_ask,bid_depth_curvature,0,2,59,0.8813559322033898,6.406779661016949,54.0,149.0,129.0,-13.0,-9.75,-11.0
depth_mid_ask,bid_depth_curvature,0,3,134,0.8805970149253731,7.457089552238806,31.0,149.0,124.5,-9.75,-6.75,-7.875
depth_mid_ask,bid_depth_curvature,0,4,396,0.9166666666666666,11.279671717171718,5.0,149.0,99.0,-6.75,44.25,-4.625
depth_mid_ask,bid_depth_curvature,1,0,18,0.8333333333333334,5.847222222222222,152.0,208.0,170.0,-39.0,-17.75,-20.75
depth_mid_ask,bid_depth_curvature,1,1,82,0.8780487804878049,5.307926829268292,152.0,209.0,190.5,-17.5,-13.0,-14.75
depth_mid_ask,bid_depth_curvature,1,2,145,0.896551724137931,5.686206896551724,150.0,210.0,185.0,-13.0,-9.75,-11.125
depth_mid_ask,bid_depth_curvature,1,3,241,0.91701244813278,5.814315352697095,149.0,209.0,182.0,-9.75,-6.75,-8.125
depth_mid_ask,bid_depth_curvature,1,4,140,0.9,6.5303571428571425,150.0,210.0,172.0,-6.75,11.5,-5.625
depth_mid_ask,bid_depth_curvature,2,0,73,0.821917808219178,5.017123287671233,211.0,269.0,246.0,-63.375,-17.5,-20.125
depth_mid_ask,bid_depth_curvature,2,1,133,0.9022556390977443,4.172932330827067,210.0,269.0,244.0,-17.375,-13.0,-14.375
depth_mid_ask,bid_depth_curvature,2,2,194,0.8762886597938144,4.717783505154639,210.0,269.0,240.5,-13.0,-9.75,-11.25
depth_mid_ask,bid_depth_curvature,2,3,168,0.9107142857142857,5.154761904761905,211.0,269.0,237.0,-9.75,-6.875,-8.5
depth_mid_ask,bid_depth_curvature,2,4,57,0.8421052631578947,5.280701754385965,210.0,268.0,227.0,-6.75,10.625,-5.25
depth_mid_ask,bid_depth_curvature,3,0,160,0.9,3.940625,270.0,349.0,309.0,-43.375,-17.5,-20.375
depth_mid_ask,bid_depth_curvature,3,1,212,0.8207547169811321,3.4068396226415096,269.0,350.0,307.5,-17.375,-13.0,-15.0
depth_mid_ask,bid_depth_curvature,3,2,162,0.7654320987654321,3.2854938271604937,269.0,348.0,301.0,-13.0,-9.75,-11.375
depth_mid_ask,bid_depth_curvature,3,3,65,0.8923076923076924,4.061538461538461,269.0,344.0,297.0,-9.75,-6.875,-8.75
depth_mid_ask,bid_depth_curvature,3,4,27,0.8888888888888888,5.12962962962963,271.0,343.0,297.0,-6.625,3.25,-5.375
depth_mid_ask,bid_depth_curvature,4,0,365,0.810958904109589,2.6301369863013697,351.0,882.0,435.0,-66.25,-17.5,-21.875
depth_mid_ask,bid_depth_curvature,4,1,172,0.8081395348837209,2.7892441860465116,351.0,1081.0,401.5,-17.375,-13.0,-15.375
depth_mid_ask,bid_depth_curvature,4,2,65,0.8,3.026923076923077,350.0,759.0,414.0,-12.875,-9.75,-11.75
depth_mid_ask,bid_depth_curvature,4,3,18,0.8888888888888888,3.5555555555555554,355.0,618.0,374.5,-9.75,-6.875,-8.875
depth_mid_ask,bid_depth_curvature,4,4,5,1.0,2.55,359.0,451.0,403.0,-6.5,-3.5,-5.5
depth_mid_ask,trade_imbalance_60s,0,0,90,0.8555555555555555,10.077777777777778,19.0,149.0,115.5,-1.0,-0.17702154230408992,-0.23875793720637414
depth_mid_ask,trade_imbalance_60s,0,1,191,0.9267015706806283,9.138743455497382,5.0,149.0,110.0,-0.1748768472906404,-0.05911533691608103,-0.10980006555227795
depth_mid_ask,trade_imbalance_60s,0,2,168,0.9166666666666666,10.633928571428571,11.0,148.0,107.5,-0.05871854363733714,0.05304010349288486,-0.0073387208952745905
depth_mid_ask,trade_imbalance_60s,0,3,127,0.9212598425196851,10.966535433070867,9.0,149.0,110.0,0.05388342387314638,0.1697936210131332,0.10817850321236326
depth_mid_ask,trade_imbalance_60s,0,4,50,0.82,6.945,35.0,148.0,124.5,0.17021836358852935,0.7647058823529411,0.22379929080138858
depth_mid_ask,trade_imbalance_60s,1,0,100,0.85,4.5475,150.0,209.0,184.0,-1.0,-0.1769651113913409,-0.2560657020296945
depth_mid_ask,trade_imbalance_60s,1,1,142,0.9295774647887324,6.248239436619718,149.0,209.0,181.0,-0.17570700046360685,-0.05944055944055944,-0.11776292799260216
depth_mid_ask,trade_imbalance_60s,1,2,168,0.9404761904761905,6.261904761904762,150.0,210.0,178.5,-0.05825667980727114,0.053621825023518345,-0.0005245400560804554
depth_mid_ask,trade_imbalance_60s,1,3,137,0.8905109489051095,6.297445255474453,150.0,210.0,181.0,0.05434076639965361,0.16709701217263004,0.10390295358649788
depth_mid_ask,trade_imbalance_60s,1,4,79,0.8481012658227848,5.363924050632911,151.0,208.0,186.0,0.17391304347826086,0.9130434782608695,0.23690773067331672
depth_mid_ask,trade_imbalance_60s,2,0,151,0.8675496688741722,3.736754966887417,211.0,269.0,242.0,-0.7797202797202797,-0.17672600955275727,-0.2621544327931363
depth_mid_ask,trade_imbalance_60s,2,1,107,0.9345794392523364,5.08411214953271,210.0,269.0,239.0,-0.17609254498714652,-0.060759493670886074,-0.1088
depth_mid_ask,trade_imbalance_60s,2,2,94,0.9042553191489362,4.928191489361702,211.0,268.0,241.0,-0.05822021116138763,0.05173807599029911,0.005469978254923036
depth_mid_ask,trade_imbalance_60s,2,3,136,0.9044117647058824,5.707720588235294,210.0,269.0,237.5,0.05362776025236593,0.16903852828878863,0.10844009866157273
depth_mid_ask,trade_imbalance_60s,2,4,137,0.8175182481751825,4.786496350364963,211.0,269.0,242.0,0.17050938337801608,0.5091383812010444,0.23834030234802187
depth_mid_ask,trade_imbalance_60s,3,0,143,0.8111888111888111,3.0052447552447554,269.0,350.0,303.0,-0.9375,-0.1773710482529118,-0.28679245283018867
depth_mid_ask,trade_imbalance_60s,3,1,109,0.8532110091743119,3.8876146788990824,269.0,346.0,305.0,-0.17591973244147158,-0.05992217898832685,-0.12665862484921592
depth_mid_ask,trade_imbalance_60s,3,2,111,0.8468468468468469,3.8716216216216215,269.0,350.0,306.0,-0.05829596412556054,0.053309900410076154,-0.0029850746268656717
depth_mid_ask,trade_imbalance_60s,3,3,117,0.8888888888888888,4.0576923076923075,269.0,350.0,301.0,0.05757406372275014,0.17005545286506468,0.11318929377620122
depth_mid_ask,trade_imbalance_60s,3,4,146,0.8013698630136986,3.6267123287671232,269.0,349.0,309.0,0.17023096663815226,0.6705882352941176,0.25401965570730933
depth_mid_ask,trade_imbalance_60s,4,0,142,0.8661971830985915,2.698943661971831,351.0,1081.0,415.0,-0.6963123644251626,-0.17672183662573412,-0.2954779066025563
depth_mid_ask,trade_imbalance_60s,4,1,77,0.7532467532467533,2.5032467532467533,351.0,679.0,394.0,-0.17668711656441718,-0.061192873741285826,-0.10433715220949263
depth_mid_ask,trade_imbalance_60s,4,2,84,0.8214285714285714,3.2767857142857144,352.0,803.0,409.0,-0.047551454932576294,0.05226480836236934,0.007332150728377144
depth_mid_ask,trade_imbalance_60s,4,3,109,0.8165137614678899,2.9403669724770642,351.0,779.0,435.0,0.056218057921635436,0.170018281535649,0.11116600790513834
depth_mid_ask,trade_imbalance_60s,4,4,213,0.7934272300469484,2.5422535211267605,350.0,882.0,431.0,0.17048794826572605,0.940959409594096,0.2893481717011129
depth_mid_ask,wall_persistence_2s,0,0,58,0.7241379310344828,12.336206896551724,5.0,150.0,120.5,0.0,0.0,0.0
depth_mid_ask,wall_persistence_2s,0,1,105,0.9142857142857143,7.476190476190476,9.0,150.0,116.0,0.0,0.059369202226345084,0.03406813627254509
depth_mid_ask,wall_persistence_2s,0,2,152,0.9276315789473685,8.582236842105264,21.0,150.0,107.5,0.06060606060606061,0.15584415584415584,0.10932633103947845
depth_mid_ask,wall_persistence_2s,0,3,163,0.9325153374233128,11.0920245398773,11.0,149.0,111.0,0.15698924731182795,0.28860294117647056,0.20833333333333334
depth_mid_ask,wall_persistence_2s,0,4,146,0.910958904109589,10.917808219178083,19.0,150.0,109.5,0.2892609699769053,0.5693160813308688,0.3703558346415489
depth_mid_ask,wall_persistence_2s,1,0,77,0.7792207792207793,4.509740259740259,150.0,210.0,189.0,0.0,0.0,0.0
depth_mid_ask,wall_persistence_2s,1,1,132,0.9242424242424242,5.40719696969697,150.0,210.0,181.0,0.0,0.06015037593984962,0.018975088236301958
depth_mid_ask,wall_persistence_2s,1,2,143,0.9230769230769231,5.6276223776223775,152.0,211.0,183.0,0.060353798126951096,0.15632754342431762,0.1048158640226629
depth_mid_ask,wall_persistence_2s,1,3,129,0.9147286821705426,5.89922480620155,151.0,210.0,179.0,0.1566265060240964,0.28862478777589134,0.21142857142857144
depth_mid_ask,wall_persistence_2s,1,4,143,0.9300699300699301,7.1573426573426575,151.0,209.0,183.0,0.2901960784313726,0.5887850467289719,0.3702127659574468
depth_mid_ask,wall_persistence_2s,2,0,108,0.7962962962962963,3.863425925925926,211.0,269.0,239.0,0.0,0.0,0.0
depth_mid_ask,wall_persistence_2s,2,1,148,0.8851351351351351,4.383445945945946,211.0,269.0,245.5,0.0,0.05963302752293578,0.013076923076923076
depth_mid_ask,wall_persistence_2s,2,2,117,0.9230769230769231,4.786324786324786,211.0,269.0,240.0,0.060240963855421686,0.1553784860557769,0.1015625
depth_mid_ask,wall_persistence_2s,2,3,132,0.9015151515151515,5.303030303030303,211.0,269.0,243.0,0.15873015873015872,0.28879310344827586,0.21192156251218275
depth_mid_ask,wall_persistence_2s,2,4,118,0.8728813559322034,5.523305084745763,211.0,269.0,235.5,0.2905027932960894,0.6733333333333333,0.36521849593495936
depth_mid_ask,wall_persistence_2s,3,0,143,0.8181818181818182,3.297202797202797,272.0,350.0,310.0,0.0,0.0,0.0
depth_mid_ask,wall_persistence_2s,3,1,154,0.8571428571428571,3.668831168831169,269.0,351.0,304.5,0.0,0.058919803600654665,0.013046064932857386
depth_mid_ask,wall_persistence_2s,3,2,114,0.8333333333333334,3.81140350877193,270.0,350.0,300.0,0.06134969325153374,0.15643564356435644,0.10554974284914308
depth_mid_ask,wall_persistence_2s,3,3,104,0.8461538461538461,3.706730769230769,270.0,350.0,303.5,0.16225165562913907,0.28865979381443296,0.22814136437365876
depth_mid_ask,wall_persistence_2s,3,4,109,0.8532110091743119,3.9862385321100917,269.0,350.0,306.0,0.2894736842105263,0.5630252100840336,0.3684210526315789
depth_mid_ask,wall_persistence_2s,4,0,238,0.7815126050420168,2.5063025210084033,351.0,873.0,430.0,0.0,0.0,0.0
depth_mid_ask,wall_persistence_2s,4,1,85,0.8117647058823529,2.638235294117647,351.0,1081.0,394.0,0.0,0.05907172995780591,0.02631578947368421
depth_mid_ask,wall_persistence_2s,4,2,97,0.8350515463917526,2.9948453608247423,351.0,803.0,414.0,0.0603448275862069,0.15588235294117647,0.10638297872340426
depth_mid_ask,wall_persistence_2s,4,3,96,0.7916666666666666,2.5442708333333335,352.0,882.0,417.5,0.15644820295983086,0.2882882882882883,0.21443286274887707
depth_mid_ask,wall_persistence_2s,4,4,107,0.8785046728971962,3.2710280373831777,353.0,730.0,435.0,0.2894736842105263,0.6542056074766355,0.35353535353535354
depth_mid_ask,convexity_imbalance,0,0,131,0.8625954198473282,13.087786259541986,14.0,149.0,111.0,-4.174016282225238,-0.2961860465116279,-0.5570881226053641
depth_mid_ask,convexity_imbalance,0,1,102,0.9313725490196079,8.64950980392157,22.0,149.0,112.0,-0.2872523014510845,-0.06422313318865036,-0.1819974368657773
depth_mid_ask,convexity_imbalance,0,2,111,0.8828828828828829,9.704954954954955,24.0,149.0,109.0,-0.05887300252312877,0.1300034211426615,0.03922809237583036
depth_mid_ask,convexity_imbalance,0,3,123,0.9186991869918699,8.010162601626016,19.0,148.0,112.0,0.13362282878411913,0.37681159420289845,0.2413969087197434
depth_mid_ask,convexity_imbalance,0,4,159,0.9245283018867925,9.55817610062893,5.0,149.0,110.0,0.380506442912796,10.234359483614698,0.6364479050797183
depth_mid_ask,convexity_imbalance,1,0,141,0.9078014184397163,6.51063829787234,150.0,209.0,185.0,-8.092609983385104,-0.29180343466057745,-0.5079646017699115
depth_mid_ask,convexity_imbalance,1,1,104,0.8942307692307693,5.75,150.0,210.0,180.5,-0.29167974882260606,-0.061842918985776096,-0.18584431231319082
depth_mid_ask,convexity_imbalance,1,2,110,0.9363636363636364,6.15,150.0,210.0,183.0,-0.0608284213480893,0.13308913308913306,0.053567860045684756
depth_mid_ask,convexity_imbalance,1,3,141,0.9078014184397163,5.870567375886525,149.0,209.0,182.0,0.13349875930521105,0.3776276276276277,0.2464540233861482
depth_mid_ask,convexity_imbalance,1,4,130,0.8615384615384616,5.078846153846154,150.0,209.0,179.0,0.37860043736332405,2.3601456471367097,0.6056662131454761
depth_mid_ask,convexity_imbalance,2,0,116,0.9137931034482759,5.256465517241379,211.0,269.0,240.5,-3.793284671532846,-0.29604301075268824,-0.4975354461272302
depth_mid_ask,convexity_imbalance,2,1,138,0.8768115942028986,4.90036231884058,211.0,269.0,238.5,-0.2847584638030243,-0.061884816753926764,-0.16889072388899729
depth_mid_ask,convexity_imbalance,2,2,128,0.8671875,4.701171875,210.0,268.0,243.5,-0.05734609089764575,0.13170821114369513,0.03117184167340814
depth_mid_ask,convexity_imbalance,2,3,123,0.8699186991869918,4.4105691056910565,211.0,268.0,238.0,0.13662706461895102,0.3760988660975919,0.23893271970195062
depth_mid_ask,convexity_imbalance,2,4,120,0.8833333333333333,4.777083333333334,210.0,269.0,241.0,0.3843754062134408,2.5576508115207806,0.5771226291751326
depth_mid_ask,convexity_imbalance,3,0,126,0.7380952380952381,3.4007936507936507,269.0,348.0,304.5,-3.649706718805545,-0.299874590005788,-0.5281233037239903
depth_mid_ask,convexity_imbalance,3,1,133,0.8872180451127819,3.601503759398496,269.0,350.0,304.0,-0.2907383136740934,-0.06256814186858906,-0.17335858585858577
depth_mid_ask,convexity_imbalance,3,2,120,0.8916666666666667,3.964583333333333,269.0,348.0,305.0,-0.05808357312011403,0.1315715252707581,0.03780685633970393
depth_mid_ask,convexity_imbalance,3,3,126,0.8174603174603174,3.738095238095238,269.0,350.0,304.0,0.13362686606049556,0.3759152537654167,0.23078052361145096
depth_mid_ask,convexity_imbalance,3,4,121,0.8512396694214877,3.580578512396694,269.0,350.0,308.0,0.3778542950344328,3.6824027503660783,0.5389961389961391
depth_mid_ask,convexity_imbalance,4,0,112,0.8214285714285714,2.767857142857143,351.0,1081.0,437.0,-6.870622443762781,-0.2961956521739131,-0.46194344237486407
depth_mid_ask,convexity_imbalance,4,1,149,0.7986577181208053,2.553691275167785,350.0,759.0,427.0,-0.2864616276618175,-0.060977269633864184,-0.16133499515302596
depth_mid_ask,convexity_imbalance,4,2,156,0.8012820512820513,2.6153846153846154,351.0,760.0,409.5,-0.0605610910889689,0.13270862974046982,0.029560584507438037
depth_mid_ask,convexity_imbalance,4,3,113,0.7610619469026548,2.577433628318584,351.0,873.0,408.0,0.13590263691683568,0.3778139542532025,0.24975754172834463
depth_mid_ask,convexity_imbalance,4,4,95,0.9052631578947369,3.405263157894737,351.0,779.0,425.0,0.38398115429917556,1.6106242312423122,0.5015339009341284
depth_mid_ask,liquidity_compression,0,0,184,0.9402173913043478,10.455163043478262,19.0,149.0,95.5,0.13793103448275862,0.6638418079096046,0.551948051948052
depth_mid_ask,liquidity_compression,0,1,112,0.9196428571428571,9.100446428571429,20.0,149.0,108.0,0.664367816091954,0.7511520737327189,0.7122271345675601
depth_mid_ask,liquidity_compression,0,2,95,0.8842105263157894,8.113157894736842,19.0,149.0,118.0,0.7512437810945274,0.8303030303030303,0.7906976744186046
depth_mid_ask,liquidity_compression,0,3,107,0.8598130841121495,7.813084112149533,5.0,148.0,116.0,0.8326848249027238,0.9269662921348315,0.8625429553264605
depth_mid_ask,liquidity_compression,0,4,128,0.890625,12.728515625,9.0,149.0,118.0,0.9285714285714286,3.921985815602837,1.0363853649567936
depth_mid_ask,liquidity_compression,1,0,110,0.9181818181818182,6.286363636363636,150.0,208.0,178.5,0.14410480349344978,0.6632124352331606,0.5907391177329828
depth_mid_ask,liquidity_compression,1,1,119,0.8907563025210085,6.123949579831932,150.0,209.0,182.0,0.6640625,0.751219512195122,0.7096774193548387
depth_mid_ask,liquidity_compression,1,2,117,0.905982905982906,6.017094017094017,150.0,210.0,182.0,0.7525252525252525,0.8305555555555556,0.7942122186495176
depth_mid_ask,liquidity_compression,1,3,123,0.9024390243902439,5.6727642276422765,151.0,210.0,183.0,0.8313953488372093,0.9271137026239067,0.8781094527363185
depth_mid_ask,liquidity_compression,1,4,157,0.89171974522293,5.468152866242038,149.0,210.0,182.0,0.9274924471299094,3.9269662921348316,1.0110803324099722
depth_mid_ask,liquidity_compression,2,0,101,0.8712871287128713,6.126237623762377,211.0,269.0,238.0,0.12907268170426064,0.6627906976744186,0.5935563816604709
depth_mid_ask,liquidity_compression,2,1,115,0.8956521739130435,4.889130434782609,210.0,269.0,240.0,0.664624808575804,0.7508250825082509,0.7026548672566372
depth_mid_ask,liquidity_compression,2,2,119,0.865546218487395,4.71218487394958,211.0,267.0,238.0,0.7513227513227513,0.8305369127516778,0.7913385826771654
depth_mid_ask,liquidity_compression,2,3,144,0.8958333333333334,4.079861111111111,211.0,269.0,242.0,0.8312829525483304,0.9272727272727272,0.8747733747733748
depth_mid_ask,liquidity_compression,2,4,146,0.8767123287671232,4.618150684931507,210.0,269.0,243.0,0.9288702928870293,2.136150234741784,1.0
depth_mid_ask,liquidity_compression,3,0,101,0.8316831683168316,3.6757425742574257,269.0,350.0,309.0,0.303862660944206,0.6614906832298136,0.611439842209073
depth_mid_ask,liquidity_compression,3,1,126,0.9126984126984127,4.224206349206349,269.0,350.0,309.0,0.6638655462184874,0.7503607503607503,0.7100550161352231
depth_mid_ask,liquidity_compression,3,2,142,0.8450704225352113,3.477112676056338,269.0,350.0,305.0,0.7513368983957219,0.83,0.7916542322925302
depth_mid_ask,liquidity_compression,3,3,142,0.8098591549295775,3.3309859154929575,269.0,350.0,299.0,0.8317422434367542,0.926657263751763,0.8795611304095382
depth_mid_ask,liquidity_compression,3,4,115,0.782608695652174,3.628260869565217,269.0,349.0,305.0,0.9273570324574961,2.119463087248322,0.9917898193760263
depth_mid_ask,liquidity_compression,4,0,130,0.8846153846153846,3.0942307692307693,351.0,873.0,425.0,0.23224043715846995,0.6623931623931624,0.6068587534385779
depth_mid_ask,liquidity_compression,4,1,154,0.7987012987012987,2.469155844155844,351.0,777.0,429.0,0.6652601969057665,0.7510593220338984,0.7203458286002777
depth_mid_ask,liquidity_compression,4,2,152,0.7828947368421053,2.7976973684210527,350.0,760.0,409.5,0.7516973811833172,0.8293413173652695,0.7867651513184655
depth_mid_ask,liquidity_compression,4,3,110,0.8181818181818182,2.4477272727272728,351.0,759.0,416.5,0.8305647840531561,0.9240506329113924,0.8689061398860414
depth_mid_ask,liquidity_compression,4,4,79,0.7721518987341772,2.990506329113924,353.0,1081.0,429.0,0.929745889387145,3.1091891891891894,0.9982174688057041
depth_mid_ask,replenishment_rate_near_5s,0,0,76,0.7105263157894737,4.394736842105263,19.0,149.0,111.0,0.0,58.0,30.4
depth_mid_ask,replenishment_rate_near_5s,0,1,80,0.9125,7.70625,5.0,150.0,129.5,59.0,96.0,79.0
depth_mid_ask,replenishment_rate_near_5s,0,2,106,0.9056603773584906,8.48820754716981,19.0,150.0,114.0,96.2,149.6,120.2
depth_mid_ask,replenishment_rate_near_5s,0,3,178,0.9213483146067416,10.008426966292134,9.0,150.0,113.0,150.2,246.2,193.8
depth_mid_ask,replenishment_rate_near_5s,0,4,184,0.9619565217391305,13.994565217391305,11.0,150.0,100.0,247.6,5137.0,368.4
depth_mid_ask,replenishment_rate_near_5s,1,0,89,0.8426966292134831,3.8342696629213484,150.0,210.0,183.0,0.0,58.6,41.0
depth_mid_ask,replenishment_rate_near_5s,1,1,111,0.9009009009009009,5.056306306306307,151.0,208.0,183.0,59.6,96.0,79.8
depth_mid_ask,replenishment_rate_near_5s,1,2,135,0.9185185185185185,5.7444444444444445,151.0,210.0,182.0,96.2,150.0,123.6
depth_mid_ask,replenishment_rate_near_5s,1,3,146,0.9315068493150684,6.226027397260274,150.0,209.0,185.0,150.6,247.2,186.2
depth_mid_ask,replenishment_rate_near_5s,1,4,143,0.9020979020979021,7.426573426573427,151.0,211.0,178.0,247.2,1079.0,360.8
depth_mid_ask,replenishment_rate_near_5s,2,0,121,0.7603305785123967,3.5165289256198347,211.0,269.0,245.0,8.6,57.8,42.2
depth_mid_ask,replenishment_rate_near_5s,2,1,156,0.8910256410256411,4.072115384615385,211.0,269.0,241.5,59.0,96.0,75.30000000000001
depth_mid_ask,replenishment_rate_near_5s,2,2,139,0.920863309352518,4.611510791366906,211.0,269.0,241.0,96.4,150.2,121.0
depth_mid_ask,replenishment_rate_near_5s,2,3,105,0.8857142857142857,5.830952380952381,211.0,269.0,235.0,150.2,241.0,184.4
depth_mid_ask,replenishment_rate_near_5s,2,4,103,0.9320388349514563,6.463592233009709,211.0,269.0,239.0,249.0,1918.0,364.0
depth_mid_ask,replenishment_rate_near_5s,3,0,153,0.7777777777777778,2.727124183006536,269.0,348.0,305.0,0.4,58.8,40.4
depth_mid_ask,replenishment_rate_near_5s,3,1,132,0.8636363636363636,3.5757575757575757,269.0,350.0,305.0,59.0,96.2,79.2
depth_mid_ask,replenishment_rate_near_5s,3,2,125,0.856,3.818,269.0,350.0,308.0,97.0,150.0,119.6
depth_mid_ask,replenishment_rate_near_5s,3,3,108,0.8333333333333334,3.925925925925926,270.0,348.0,309.0,150.8,244.2,187.8
depth_mid_ask,replenishment_rate_near_5s,3,4,106,0.8867924528301887,4.683962264150943,270.0,348.0,298.0,247.8,5341.2,337.7
depth_mid_ask,replenishment_rate_near_5s,4,0,185,0.7351351351351352,2.1905405405405407,351.0,719.0,423.0,4.0,58.8,37.2
depth_mid_ask,replenishment_rate_near_5s,4,1,145,0.8482758620689655,2.7155172413793105,351.0,873.0,419.0,59.2,95.8,75.0
depth_mid_ask,replenishment_rate_near_5s,4,2,119,0.8151260504201681,2.8550420168067228,351.0,748.0,421.0,96.4,150.0,119.2
depth_mid_ask,replenishment_rate_near_5s,4,3,87,0.9080459770114943,3.5402298850574714,351.0,882.0,405.0,150.2,245.6,184.0
depth_mid_ask,replenishment_rate_near_5s,4,4,88,0.8181818181818182,2.991477272727273,351.0,1081.0,436.5,250.2,4126.8,370.79999999999995
depth_mid_ask,impact_asymmetry_10s,0,0,255,0.8980392156862745,9.727450980392156,14.0,150.0,106.0,-0.16176470588235295,-0.003048780487804878,-0.005434782608695652
depth_mid_ask,impact_asymmetry_10s,0,1,89,0.9438202247191011,9.23876404494382,19.0,149.0,124.0,-0.0030286343612334803,-0.001532399299474606,-0.002336448598130841
depth_mid_ask,impact_asymmetry_10s,0,2,93,0.9032258064516129,8.564516129032258,19.0,149.0,125.0,-0.001524390243902439,0.0006868131868131869,-0.00027056277056277056
depth_mid_ask,impact_asymmetry_10s,0,3,51,0.9411764705882353,9.348039215686274,44.0,149.0,115.0,0.0007381889763779527,0.002204585537918871,0.0014838313548915269
depth_mid_ask,impact_asymmetry_10s,0,4,135,0.8814814814814815,11.661111111111111,9.0,149.0,109.0,0.0023006134969325155,0.05,0.004807692307692308
depth_mid_ask,impact_asymmetry_10s,1,0,144,0.9097222222222222,4.553819444444445,150.0,210.0,182.0,-0.013888888888888888,-0.003048780487804878,-0.004202448523268957
depth_mid_ask,impact_asymmetry_10s,1,1,131,0.8854961832061069,5.736641221374046,150.0,209.0,184.0,-0.003043478260869565,-0.0015290519877675841,-0.002329192546583851
depth_mid_ask,impact_asymmetry_10s,1,2,113,0.8672566371681416,6.269911504424779,151.0,210.0,183.0,-0.0015114873035066505,0.0006855575868372943,-0.0003863987635239567
depth_mid_ask,impact_asymmetry_10s,1,3,92,0.8913043478260869,5.959239130434782,151.0,209.0,182.5,0.0007022471910112359,0.0022988505747126436,0.001529091710171915
depth_mid_ask,impact_asymmetry_10s,1,4,143,0.9370629370629371,6.931818181818182,150.0,210.0,179.0,0.0023062730627306273,0.022058823529411766,0.0036842105263157894
depth_mid_ask,impact_asymmetry_10s,2,0,99,0.8484848484848485,3.8585858585858586,211.0,269.0,236.0,-0.016666666666666666,-0.003048780487804878,-0.0038461538461538464
depth_mid_ask,impact_asymmetry_10s,2,1,148,0.8851351351351351,4.047297297297297,210.0,269.0,240.0,-0.0030148423005565863,-0.001524390243902439,-0.0023015234019111387
depth_mid_ask,impact_asymmetry_10s,2,2,104,0.9230769230769231,5.091346153846154,211.0,269.0,242.5,-0.0015060240963855422,0.0006890848952590959,-0.0008860269855863875
depth_mid_ask,impact_asymmetry_10s,2,3,135,0.8814814814814815,6.114814814814815,211.0,269.0,242.0,0.0007075471698113207,0.0022893772893772895,0.0015060240963855422
depth_mid_ask,impact_asymmetry_10s,2,4,137,0.8540145985401459,4.693430656934306,211.0,269.0,243.0,0.002305327868852459,0.010330578512396695,0.0033084004602991946
depth_mid_ask,impact_asymmetry_10s,3,0,81,0.8395061728395061,3.175925925925926,269.0,350.0,306.0,-0.03571428571428571,-0.003048780487804878,-0.0040650406504065045
depth_mid_ask,impact_asymmetry_10s,3,1,137,0.8613138686131386,3.2755474452554743,269.0,350.0,304.0,-0.0030241935483870967,-0.0015350877192982456,-0.0022796352583586625
depth_mid_ask,impact_asymmetry_10s,3,2,158,0.8670886075949367,4.2325949367088604,269.0,350.0,301.5,-0.001516990291262136,0.0006821282401091405,-0.00041412305370738735
depth_mid_ask,impact_asymmetry_10s,3,3,135,0.8148148148148148,3.6907407407407407,271.0,349.0,313.0,0.0006931608133086876,0.0023006134969325155,0.0016687857596948505
depth_mid_ask,impact_asymmetry_10s,3,4,112,0.8035714285714286,3.6674107142857144,269.0,350.0,302.5,0.002336448598130841,0.022058823529411766,0.0030621758326546357
depth_mid_ask,impact_asymmetry_10s,4,0,44,0.8636363636363636,3.0454545454545454,353.0,873.0,406.0,-0.014705882352941176,-0.0030864197530864196,-0.003920437348668281
depth_mid_ask,impact_asymmetry_10s,4,1,118,0.7966101694915254,2.6038135593220337,351.0,724.0,397.5,-0.0030120481927710845,-0.0015337423312883436,-0.0021201932297660146
depth_mid_ask,impact_asymmetry_10s,4,2,155,0.8387096774193549,2.8161290322580643,352.0,1081.0,426.0,-0.0015151515151515152,0.0006875214850464077,-0.0006720430107526882
depth_mid_ask,impact_asymmetry_10s,4,3,210,0.7904761904761904,2.783333333333333,351.0,759.0,433.5,0.0006915629322268327,0.0023006134969325155,0.0015179991642994338
depth_mid_ask,impact_asymmetry_10s,4,4,95,0.8210526315789474,2.5921052631578947,350.0,777.0,414.0,0.0023148148148148147,0.015151515151515152,0.0030120481927710845
depth_mid_ask,flow_impact,0,0,84,0.8809523809523809,7.625,19.0,150.0,117.5,-0.375,0.0015625,-0.0037082649151614668
depth_mid_ask,flow_impact,0,1,45,0.9777777777777777,9.238888888888889,25.0,149.0,129.0,0.0015822784810126582,0.003131524008350731,0.0024271844660194173
depth_mid_ask,flow_impact,0,2,46,0.9130434782608695,7.565217391304348,22.0,149.0,120.0,0.003236914600550964,0.005154639175257732,0.004296344416228666
depth_mid_ask,flow_impact,0,3,160,0.90625,8.0328125,35.0,150.0,119.5,0.005184331797235023,0.009157509157509158,0.0070078535508204115
depth_mid_ask,flow_impact,0,4,287,0.8989547038327527,12.014808362369338,9.0,150.0,99.0,0.009236453201970444,0.5,0.016666666666666666
depth_mid_ask,flow_impact,1,0,110,0.8727272727272727,5.659090909090909,150.0,210.0,181.0,-0.875,0.0015625,-0.0024754901960784316
depth_mid_ask,flow_impact,1,1,73,0.7945205479452054,5.212328767123288,152.0,208.0,185.0,0.0015822784810126582,0.0032281205164992827,0.0026595744680851063
depth_mid_ask,flow_impact,1,2,133,0.9323308270676691,5.614661654135339,150.0,210.0,190.0,0.003246753246753247,0.005169172932330827,0.0041753653444676405
depth_mid_ask,flow_impact,1,3,175,0.9085714285714286,6.12,150.0,210.0,181.0,0.005184331797235023,0.00909090909090909,0.006889763779527559
depth_mid_ask,flow_impact,1,4,131,0.9465648854961832,6.349236641221374,150.0,210.0,178.0,0.009159482758620689,0.5,0.014285714285714285
depth_mid_ask,flow_impact,2,0,95,0.8736842105263158,4.542105263157895,214.0,269.0,245.0,-0.28125,0.0015527950310559005,-0.0029940119760479044
depth_mid_ask,flow_impact,2,1,130,0.8615384615384616,4.825,211.0,269.0,244.0,0.0015782828282828283,0.0032287822878228783,0.0025
depth_mid_ask,flow_impact,2,2,156,0.8717948717948718,4.703525641025641,211.0,269.0,240.0,0.003246753246753247,0.00516795865633075,0.004159745293466224
depth_mid_ask,flow_impact,2,3,147,0.8979591836734694,5.26530612244898,211.0,269.0,235.0,0.005208333333333333,0.009146341463414634,0.00646551724137931
depth_mid_ask,flow_impact,2,4,94,0.8829787234042553,4.324468085106383,211.0,268.0,241.0,0.009191176470588236,0.13392857142857142,0.01387422578828829
depth_mid_ask,flow_impact,3,0,152,0.8486842105263158,3.786184210526316,269.0,348.0,305.0,-0.75,0.0015476190476190477,0.0
depth_mid_ask,flow_impact,3,1,152,0.8289473684210527,3.2253289473684212,271.0,349.0,308.0,0.0015800561797752809,0.003232758620689655,0.0024627093268271044
depth_mid_ask,flow_impact,3,2,161,0.8074534161490683,3.4549689440993787,270.0,350.0,305.0,0.003232758620689655,0.005136986301369863,0.003995433789954338
depth_mid_ask,flow_impact,3,3,90,0.8444444444444444,4.2972222222222225,269.0,350.0,305.0,0.005172413793103448,0.009146341463414634,0.00641025641025641
depth_mid_ask,flow_impact,3,4,67,0.9104477611940298,4.0111940298507465,270.0,346.0,302.0,0.009160756501182032,0.375,0.014423076923076924
depth_mid_ask,flow_impact,4,0,181,0.8066298342541437,2.596685082872928,351.0,1081.0,428.0,-0.5,0.0015690376569037657,-0.0
depth_mid_ask,flow_impact,4,1,222,0.8063063063063063,2.739864864864865,350.0,803.0,426.0,0.0015723270440251573,0.0032216494845360823,0.0023400992990654204
depth_mid_ask,flow_impact,4,2,126,0.8492063492063492,2.8988095238095237,351.0,873.0,394.0,0.0032407407407407406,0.005154639175257732,0.004115296030348192
depth_mid_ask,flow_impact,4,3,50,0.82,3.085,352.0,642.0,405.0,0.005319148936170213,0.008620689655172414,0.006561143049354779
depth_mid_ask,flow_impact,4,4,42,0.7857142857142857,2.5773809523809526,350.0,626.0,406.0,0.009615384615384616,0.3333333333333333,0.016281512605042014
depth_mid_ask,absorption_ratio,0,0,246,0.8821138211382114,10.06808943089431,9.0,149.0,99.5,2.4545454545454546,87.71428571428571,53.825
depth_mid_ask,absorption_ratio,0,1,117,0.905982905982906,11.333333333333334,20.0,149.0,112.0,87.73333333333333,132.0,106.14285714285714
depth_mid_ask,absorption_ratio,0,2,81,0.9382716049382716,9.345679012345679,47.0,148.0,119.0,132.66666666666666,188.28571428571428,157.26315789473685
depth_mid_ask,absorption_ratio,0,3,66,0.9393939393939394,10.140151515151516,19.0,148.0,117.5,190.6,322.6666666666667,241.97727272727275
depth_mid_ask,absorption_ratio,0,4,91,0.945054945054945,8.923076923076923,19.0,149.0,117.0,324.0,4618.0,674.4
depth_mid_ask,absorption_ratio,1,0,134,0.9328358208955224,5.32089552238806,150.0,209.0,179.0,14.0,87.14285714285714,70.22222222222223
depth_mid_ask,absorption_ratio,1,1,126,0.8888888888888888,5.823412698412699,149.0,208.0,183.0,87.8,132.0,105.4090909090909
depth_mid_ask,absorption_ratio,1,2,118,0.9067796610169492,6.148305084745763,149.0,209.0,182.5,132.2,188.58823529411765,152.51666666666665
depth_mid_ask,absorption_ratio,1,3,113,0.9026548672566371,5.8097345132743365,151.0,209.0,180.0,188.75,322.0,240.33333333333334
depth_mid_ask,absorption_ratio,1,4,110,0.8818181818181818,6.506818181818182,151.0,209.0,183.0,326.0,3288.0,569.8333333333333
depth_mid_ask,absorption_ratio,2,0,82,0.8780487804878049,3.9939024390243905,210.0,267.0,240.0,28.0,87.23076923076923,70.78235294117647
depth_mid_ask,absorption_ratio,2,1,146,0.8493150684931506,4.340753424657534,209.0,267.0,236.5,88.0,132.1818181818182,109.38823529411764
depth_mid_ask,absorption_ratio,2,2,124,0.8870967741935484,5.024193548387097,210.0,267.0,238.0,132.5,188.66666666666666,157.6
depth_mid_ask,absorption_ratio,2,3,129,0.8837209302325582,5.0852713178294575,209.0,267.0,246.0,188.75,321.6,237.5
depth_mid_ask,absorption_ratio,2,4,120,0.9166666666666666,5.5125,210.0,265.0,235.0,326.0,4132.0,474.0
depth_mid_ask,absorption_ratio,3,0,85,0.8117647058823529,3.4558823529411766,268.0,347.0,303.0,21.2,86.5,70.4
depth_mid_ask,absorption_ratio,3,1,118,0.8135593220338984,3.2754237288135593,269.0,349.0,302.0,87.8,131.6,108.33333333333334
depth_mid_ask,absorption_ratio,3,2,142,0.852112676056338,3.4066901408450705,268.0,348.0,307.0,132.33333333333334,188.5,158.0
depth_mid_ask,absorption_ratio,3,3,124,0.7983870967741935,3.8346774193548385,268.0,348.0,305.0,188.83333333333334,322.5,249.77142857142857
depth_mid_ask,absorption_ratio,3,4,132,0.8787878787878788,4.1647727272727275,269.0,348.0,303.5,327.2,4258.0,615.0
depth_mid_ask,absorption_ratio,4,0,54,0.7962962962962963,2.615740740740741,350.0,719.0,416.0,36.0,87.66666666666667,69.75
depth_mid_ask,absorption_ratio,4,1,94,0.8085106382978723,2.7154255319148937,350.0,873.0,404.5,88.0,132.0,112.75
depth_mid_ask,absorption_ratio,4,2,136,0.8014705882352942,2.4448529411764706,350.0,747.0,412.5,132.5,187.0,158.41666666666669
depth_mid_ask,absorption_ratio,4,3,169,0.834319526627219,2.7618343195266273,349.0,803.0,421.0,189.2,321.0,242.33333333333334
depth_mid_ask,absorption_ratio,4,4,148,0.8108108108108109,2.991554054054054,351.0,779.0,435.0,324.0,3836.0,472.25
depth_mid_ask,microprice_pressure,0,0,101,0.8613861386138614,13.589108910891088,14.0,149.0,103.0,-0.4242424242420384,-0.06756756756840332,-0.14179104477564883
depth_mid_ask,microprice_pressure,0,1,72,0.8888888888888888,9.038194444444445,27.0,149.0,116.0,-0.0666666666669092,-0.013761467889708001,-0.03813833225588799
depth_mid_ask,microprice_pressure,0,2,113,0.8849557522123894,9.236725663716815,20.0,150.0,117.0,-0.011627906977082603,0.027027027026633732,0.008474576271510159
depth_mid_ask,microprice_pressure,0,3,119,0.907563025210084,9.611344537815127,9.0,148.0,109.0,0.027472527472127695,0.08024691358029183,0.04761904761956733
depth_mid_ask,microprice_pressure,0,4,217,0.9308755760368663,9.0426267281106,11.0,150.0,111.0,0.0813953488371529,0.45890410958903277,0.14761904761871847
depth_mid_ask,microprice_pressure,1,0,119,0.9243697478991597,6.626050420168068,151.0,209.0,181.0,-0.46666666666715173,-0.06818181818137721,-0.12162162162106445
depth_mid_ask,microprice_pressure,1,1,118,0.9067796610169492,5.739406779661017,151.0,211.0,184.5,-0.06557377049224063,-0.013513513513316866,-0.03614982578377142
depth_mid_ask,microprice_pressure,1,2,125,0.888,5.742,150.0,210.0,184.0,-0.013274336283454128,0.027027027026633732,0.010948905108913701
depth_mid_ask,microprice_pressure,1,3,123,0.8861788617886179,5.357723577235772,150.0,209.0,182.0,0.027272727272550885,0.08064516129040082,0.052941176470388505
depth_mid_ask,microprice_pressure,1,4,137,0.9124087591240876,5.739051094890511,152.0,211.0,179.0,0.08088235294174713,0.35714285714251065,0.12616822429845342
depth_mid_ask,microprice_pressure,2,0,106,0.8867924528301887,5.9504716981132075,211.0,269.0,248.5,-0.40604026845661184,-0.06862745098017815,-0.10819580419592967
depth_mid_ask,microprice_pressure,2,1,140,0.8857142857142857,3.9964285714285714,211.0,269.0,243.0,-0.06692913385874515,-0.014018691588717047,-0.03411357893310196
depth_mid_ask,microprice_pressure,2,2,130,0.9230769230769231,4.592307692307692,211.0,269.0,242.0,-0.013274336283454128,0.027131782945313414,0.0038482031850435305
depth_mid_ask,microprice_pressure,2,3,140,0.8214285714285714,4.5946428571428575,211.0,269.0,236.5,0.027272727272550885,0.08064516129040082,0.04814814814866016
depth_mid_ask,microprice_pressure,2,4,105,0.8761904761904762,5.083333333333333,212.0,267.0,237.0,0.0813953488371529,0.4166666666666667,0.12777777777834368
depth_mid_ask,microprice_pressure,3,0,129,0.8372093023255814,3.9186046511627906,269.0,350.0,304.0,-0.4770114942530199,-0.06830601092951838,-0.1095238095234284
depth_mid_ask,microprice_pressure,3,1,143,0.7902097902097902,3.519230769230769,270.0,350.0,306.0,-0.0671641791050206,-0.013513513513316866,-0.03416149068289087
depth_mid_ask,microprice_pressure,3,2,129,0.8682170542635659,4.0310077519379846,269.0,350.0,305.0,-0.013227513227320742,0.02682926829220378,0.004950495049949192
depth_mid_ask,microprice_pressure,3,3,122,0.8934426229508197,3.4118852459016393,269.0,349.0,306.5,0.027607361962509458,0.08088235294174713,0.05498691099516388
depth_mid_ask,microprice_pressure,3,4,99,0.8080808080808081,3.340909090909091,270.0,350.0,301.0,0.0813953488371529,0.3186397984888269,0.1162162162157377
depth_mid_ask,microprice_pressure,4,0,167,0.8143712574850299,2.7739520958083834,351.0,719.0,421.0,-0.44915254237275803,-0.06923076923097445,-0.10583941605849152
depth_mid_ask,microprice_pressure,4,1,149,0.7785234899328859,2.6073825503355703,351.0,777.0,426.0,-0.06756756756779699,-0.013274336283454128,-0.03821656050907526
depth_mid_ask,microprice_pressure,4,2,124,0.8306451612903226,2.7076612903225805,351.0,1081.0,433.5,-0.013089005235087825,0.027027027026633732,0.005272505272538789
depth_mid_ask,microprice_pressure,4,3,118,0.8135593220338984,2.832627118644068,351.0,873.0,409.5,0.027777777777373558,0.08064516129040082,0.047782390212281214
depth_mid_ask,microprice_pressure,4,4,63,0.8571428571428571,2.9126984126984126,351.0,760.0,401.0,0.08247422680384868,0.4160305343514968,0.10846560846524274
depth_mid_ask,cvd_acceleration,0,0,122,0.9344262295081968,13.442622950819672,5.0,148.0,106.0,-326.9,-29.066666666666666,-46.15
depth_mid_ask,cvd_acceleration,0,1,145,0.9241379310344827,8.279310344827586,21.0,149.0,112.0,-28.89999999999999,-9.633333333333333,-18.833333333333332
depth_mid_ask,cvd_acceleration,0,2,164,0.8536585365853658,8.004573170731707,19.0,149.0,112.0,-9.299999999999997,5.0,-2.6500000000000004
depth_mid_ask,cvd_acceleration,0,3,104,0.9038461538461539,10.48798076923077,9.0,149.0,110.0,5.033333333333333,24.3,13.25
depth_mid_ask,cvd_acceleration,0,4,91,0.9230769230769231,10.274725274725276,11.0,149.0,119.0,24.799999999999997,287.9666666666667,51.00000000000001
depth_mid_ask,cvd_acceleration,1,0,119,0.9243697478991597,6.13655462184874,150.0,209.0,184.0,-201.7,-29.166666666666664,-44.43333333333333
depth_mid_ask,cvd_acceleration,1,1,130,0.8692307692307693,4.7288461538461535,149.0,209.0,179.0,-28.833333333333336,-9.466666666666667,-18.849999999999998
depth_mid_ask,cvd_acceleration,1,2,122,0.860655737704918,5.073770491803279,150.0,210.0,180.0,-9.433333333333334,4.7,-2.3333333333333326
depth_mid_ask,cvd_acceleration,1,3,141,0.9290780141843972,6.51063829787234,151.0,210.0,183.0,5.0,24.53333333333333,13.0
depth_mid_ask,cvd_acceleration,1,4,114,0.9210526315789473,7.004385964912281,150.0,209.0,182.0,24.933333333333334,220.13333333333333,46.06666666666666
depth_mid_ask,cvd_acceleration,2,0,137,0.8978102189781022,4.545620437956204,210.0,269.0,237.0,-311.6333333333333,-28.933333333333337,-47.900000000000006
depth_mid_ask,cvd_acceleration,2,1,124,0.9354838709677419,4.582661290322581,210.0,269.0,238.0,-28.566666666666666,-9.5,-18.066666666666666
depth_mid_ask,cvd_acceleration,2,2,111,0.8468468468468469,4.554054054054054,211.0,269.0,243.0,-9.433333333333332,4.633333333333333,-2.533333333333333
depth_mid_ask,cvd_acceleration,2,3,122,0.860655737704918,4.688524590163935,211.0,269.0,245.0,5.066666666666666,23.866666666666664,12.133333333333333
depth_mid_ask,cvd_acceleration,2,4,131,0.8625954198473282,5.6106870229007635,211.0,269.0,241.0,24.866666666666664,297.1333333333333,45.4
depth_mid_ask,cvd_acceleration,3,0,142,0.8661971830985915,3.6778169014084505,271.0,350.0,304.5,-312.6666666666667,-29.5,-47.43333333333334
depth_mid_ask,cvd_acceleration,3,1,108,0.8240740740740741,3.0810185185185186,269.0,350.0,302.5,-28.066666666666663,-9.9,-17.583333333333336
depth_mid_ask,cvd_acceleration,3,2,116,0.8706896551724138,3.459051724137931,269.0,349.0,304.5,-9.366666666666667,4.800000000000001,-2.2166666666666677
depth_mid_ask,cvd_acceleration,3,3,130,0.8153846153846154,3.8846153846153846,269.0,350.0,304.0,5.133333333333333,24.566666666666666,13.716666666666669
depth_mid_ask,cvd_acceleration,3,4,130,0.8076923076923077,4.048076923076923,270.0,350.0,310.0,25.233333333333334,737.2666666666667,46.166666666666664
depth_mid_ask,cvd_acceleration,4,0,106,0.8113207547169812,2.740566037735849,351.0,1081.0,413.0,-383.53333333333336,-29.166666666666668,-48.699999999999996
depth_mid_ask,cvd_acceleration,4,1,119,0.8067226890756303,2.5441176470588234,351.0,873.0,421.0,-27.8,-9.433333333333334,-18.166666666666668
depth_mid_ask,cvd_acceleration,4,2,112,0.8392857142857143,2.9375,351.0,777.0,409.5,-9.433333333333332,4.833333333333336,-0.3000000000000007
depth_mid_ask,cvd_acceleration,4,3,129,0.7906976744186046,2.5135658914728682,350.0,747.0,429.0,5.6,24.53333333333333,15.166666666666666
depth_mid_ask,cvd_acceleration,4,4,159,0.8176100628930818,2.9355345911949686,352.0,882.0,424.0,24.800000000000004,583.2666666666667,44.46666666666667
depth_mid_ask,trade_sign_autocorr_60s,0,0,347,0.8962536023054755,11.864553314121038,5.0,149.0,94.0,-0.09759000729485333,0.878218035380426,0.8377952117468678
depth_mid_ask,trade_sign_autocorr_60s,0,1,129,0.8992248062015504,7.116279069767442,22.0,150.0,124.0,0.8782916874076097,0.8994050515986111,0.889935904180213
depth_mid_ask,trade_sign_autocorr_60s,0,2,72,0.9444444444444444,7.315972222222222,73.0,149.0,129.0,0.899622631038595,0.9132416220200005,0.9064626630122319
depth_mid_ask,trade_sign_autocorr_60s,0,3,57,0.9122807017543859,8.736842105263158,64.0,148.0,133.0,0.9137684913004381,0.9267086717591521,0.9175109651448147
depth_mid_ask,trade_sign_autocorr_60s,0,4,20,0.9,6.1,112.0,150.0,136.0,0.9281464951816808,0.9971126921000345,0.9383107312883879
depth_mid_ask,trade_sign_autocorr_60s,1,0,112,0.9017857142857143,6.604910714285714,151.0,210.0,177.0,0.4402946308173513,0.8781145633033103,0.8574487445758205
depth_mid_ask,trade_sign_autocorr_60s,1,1,147,0.8979591836734694,6.272108843537415,150.0,209.0,183.0,0.8786126342696361,0.8994633990078229,0.8891240925755355
depth_mid_ask,trade_sign_autocorr_60s,1,2,151,0.9337748344370861,5.968543046357616,150.0,209.0,179.0,0.8995865833485289,0.9136176117611786,0.9063815494849933
depth_mid_ask,trade_sign_autocorr_60s,1,3,130,0.9,5.282692307692308,151.0,210.0,182.0,0.9138859783536939,0.927211765302968,0.9200965964526686
depth_mid_ask,trade_sign_autocorr_60s,1,4,84,0.8809523809523809,5.119047619047619,151.0,210.0,193.0,0.9273729156238228,0.9566643441021023,0.9360000010344978
depth_mid_ask,trade_sign_autocorr_60s,2,0,50,0.92,6.915,211.0,269.0,236.5,0.7680602424696907,0.8782260770211459,0.8700144972857367
depth_mid_ask,trade_sign_autocorr_60s,2,1,105,0.8761904761904762,4.9261904761904765,211.0,269.0,239.0,0.878381968350633,0.8995392838771802,0.890593368546216
depth_mid_ask,trade_sign_autocorr_60s,2,2,164,0.8658536585365854,4.827743902439025,211.0,269.0,240.5,0.8996056666952182,0.913700488364312,0.9066836002164886
depth_mid_ask,trade_sign_autocorr_60s,2,3,152,0.8947368421052632,4.629934210526316,211.0,269.0,242.5,0.9138020069026008,0.9272512077294699,0.9203059878488357
depth_mid_ask,trade_sign_autocorr_60s,2,4,154,0.8636363636363636,4.126623376623376,211.0,269.0,243.0,0.927355853483879,0.9699745324652155,0.9362085672855222
depth_mid_ask,trade_sign_autocorr_60s,3,0,53,0.8490566037735849,3.9056603773584904,271.0,350.0,312.0,0.483606557377049,0.8782161790191165,0.8697940395968734
depth_mid_ask,trade_sign_autocorr_60s,3,1,111,0.8648648648648649,3.6036036036036037,270.0,348.0,300.0,0.8782695350366768,0.8995254508431983,0.8914134964797369
depth_mid_ask,trade_sign_autocorr_60s,3,2,129,0.8449612403100775,3.937984496124031,270.0,348.0,304.0,0.8995596561123912,0.9137228490319984,0.9077223264540354
depth_mid_ask,trade_sign_autocorr_60s,3,3,152,0.8355263157894737,3.7664473684210527,269.0,350.0,304.0,0.913812181126986,0.9272576067652437,0.9200263541645171
depth_mid_ask,trade_sign_autocorr_60s,3,4,179,0.8212290502793296,3.3491620111731844,269.0,350.0,306.0,0.9276578073706375,0.9660079051383393,0.9387640971493321
depth_mid_ask,trade_sign_autocorr_60s,4,0,63,0.7777777777777778,2.5357142857142856,354.0,777.0,438.0,0.1698806975059769,0.8782587399349803,0.864865963167328
depth_mid_ask,trade_sign_autocorr_60s,4,1,132,0.8636363636363636,2.9393939393939394,351.0,760.0,411.0,0.8783076625636438,0.8994834566522417,0.8898985563114485
depth_mid_ask,trade_sign_autocorr_60s,4,2,109,0.8440366972477065,2.853211009174312,351.0,1081.0,404.0,0.8995962525170647,0.9137557144531679,0.9078944876820312
depth_mid_ask,trade_sign_autocorr_60s,4,3,133,0.7669172932330827,2.6146616541353382,351.0,873.0,424.0,0.9138951911903107,0.9273024252129685,0.9205897481871118
depth_mid_ask,trade_sign_autocorr_60s,4,4,187,0.8021390374331551,2.692513368983957,351.0,747.0,424.0,0.927350478421248,0.9737612916075934,0.9381678096505511
depth_near_ask,queue_imbalance_std_5s,0,0,19,0.47368421052631576,1.9473684210526316,47.0,126.0,95.0,0.0,0.07114807047195956,0.052393565211225235
depth_near_ask,queue_imbalance_std_5s,0,1,53,0.9622641509433962,8.283018867924529,22.0,127.0,111.0,0.07353356549137247,0.10440754686411796,0.0947941586473591
depth_near_ask,queue_imbalance_std_5s,0,2,84,0.9166666666666666,6.6398809523809526,32.0,126.0,104.0,0.10626863285685151,0.13970913889547695,0.12498835527263491
depth_near_ask,queue_imbalance_std_5s,0,3,152,0.9013157894736842,8.429276315789474,31.0,127.0,93.0,0.14007582942596694,0.19464679791793146,0.1687707161679787
depth_near_ask,queue_imbalance_std_5s,0,4,316,0.9177215189873418,12.144778481012658,3.0,126.0,76.0,0.19496424942370844,0.5284150918131977,0.2564732853231113
depth_near_ask,queue_imbalance_std_5s,1,0,73,0.7945205479452054,4.287671232876712,127.0,182.0,163.0,0.003293155804436834,0.07298437318605766,0.060362334729163726
depth_near_ask,queue_imbalance_std_5s,1,1,101,0.9207920792079208,5.138613861386139,127.0,182.0,161.0,0.07379652692172213,0.10444214461759116,0.09201467244150247
depth_near_ask,queue_imbalance_std_5s,1,2,151,0.9072847682119205,5.5927152317880795,127.0,183.0,156.0,0.10491976609066721,0.1398903582013779,0.1205532875240935
depth_near_ask,queue_imbalance_std_5s,1,3,184,0.9293478260869565,6.834239130434782,127.0,182.0,155.0,0.14075738455348627,0.1943514628969582,0.16541010644423515
depth_near_ask,queue_imbalance_std_5s,1,4,115,0.9565217391304348,6.565217391304348,127.0,183.0,155.0,0.19543949674037436,0.43863390027780463,0.2240816038407475
depth_near_ask,queue_imbalance_std_5s,2,0,139,0.7913669064748201,3.2661870503597124,183.0,236.0,216.0,0.0040626235056318806,0.07295319051318594,0.058026038229967346
depth_near_ask,queue_imbalance_std_5s,2,1,153,0.934640522875817,4.526143790849673,183.0,236.0,212.0,0.07343408988803643,0.10446511573261655,0.08795868405484689
depth_near_ask,queue_imbalance_std_5s,2,2,139,0.8633093525179856,4.910071942446043,183.0,236.0,205.0,0.10456459424597356,0.1398734547565807,0.11927098160273357
depth_near_ask,queue_imbalance_std_5s,2,3,107,0.8691588785046729,4.759345794392523,184.0,236.0,205.0,0.14052058879391824,0.1942874156948891,0.1584782854327689
depth_near_ask,queue_imbalance_std_5s,2,4,86,0.9186046511627907,6.127906976744186,184.0,236.0,210.0,0.19563992411360537,0.3792038237492207,0.22566961958587722
depth_near_ask,queue_imbalance_std_5s,3,0,160,0.78125,2.778125,236.0,304.0,267.5,0.005288752605819299,0.07327252604458291,0.05338518512780055
depth_near_ask,queue_imbalance_std_5s,3,1,169,0.8579881656804734,3.304733727810651,237.0,303.0,261.0,0.073362966850013,0.10455507627566861,0.08860206442944109
depth_near_ask,queue_imbalance_std_5s,3,2,135,0.8592592592592593,3.933333333333333,236.0,304.0,268.0,0.10471299170138962,0.14001902363232738,0.1242439349082142
depth_near_ask,queue_imbalance_std_5s,3,3,104,0.8461538461538461,4.528846153846154,237.0,304.0,260.0,0.14100882762855962,0.1932387522483247,0.16077628712138523
depth_near_ask,queue_imbalance_std_5s,3,4,56,0.8928571428571429,5.397321428571429,238.0,304.0,269.0,0.19484012567907769,0.49756515381649996,0.2318012781666186
depth_near_ask,queue_imbalance_std_5s,4,0,233,0.7553648068669528,2.2843347639484977,304.0,1117.0,371.0,0.00583982986660394,0.07335128700889335,0.05009507781413578
depth_near_ask,queue_imbalance_std_5s,4,1,148,0.8040540540540541,2.677364864864865,304.0,1305.0,359.0,0.07345430817700889,0.10455608551752815,0.08551869158875447
depth_near_ask,queue_imbalance_std_5s,4,2,115,0.8608695652173913,3.5434782608695654,305.0,1227.0,364.0,0.1046050187815045,0.13958203313421522,0.12063304689306772
depth_near_ask,queue_imbalance_std_5s,4,3,77,0.8571428571428571,3.292207792207792,306.0,1273.0,372.0,0.14040559863710297,0.1942101928439594,0.16376277222215127
depth_near_ask,queue_imbalance_std_5s,4,4,51,0.8823529411764706,4.485294117647059,306.0,817.0,361.0,0.1948138140293511,0.3645795155545224,0.23577883875363115
depth_near_ask,cancel_rate_ask,0,0,28,0.5714285714285714,2.2857142857142856,22.0,121.0,90.5,0.0,1.0,0.4
depth_near_ask,cancel_rate_ask,0,1,29,0.8275862068965517,4.732758620689655,25.0,126.0,108.0,1.2,2.2,1.8
depth_near_ask,cancel_rate_ask,0,2,66,0.8787878787878788,5.768939393939394,16.0,127.0,104.0,2.4,3.8,3.0
depth_near_ask,cancel_rate_ask,0,3,147,0.891156462585034,7.710884353741497,4.0,127.0,100.0,3.8,6.8,5.2
depth_near_ask,cancel_rate_ask,0,4,355,0.9436619718309859,12.501408450704226,3.0,127.0,80.0,6.8,222.2,12.6
depth_near_ask,cancel_rate_ask,1,0,36,0.75,3.2083333333333335,131.0,180.0,160.5,0.0,1.0,0.6
depth_near_ask,cancel_rate_ask,1,1,100,0.89,4.995,127.0,183.0,162.5,1.2,2.2,1.7000000000000002
depth_near_ask,cancel_rate_ask,1,2,150,0.9066666666666666,4.675,127.0,183.0,160.0,2.4,3.8,3.2
depth_near_ask,cancel_rate_ask,1,3,188,0.925531914893617,6.800531914893617,127.0,182.0,158.0,3.8,6.8,5.0
depth_near_ask,cancel_rate_ask,1,4,150,0.9533333333333334,7.295,127.0,182.0,152.5,6.8,95.8,9.4
depth_near_ask,cancel_rate_ask,2,0,106,0.7830188679245284,3.4080188679245285,183.0,236.0,218.0,0.0,1.2,0.6
depth_near_ask,cancel_rate_ask,2,1,157,0.910828025477707,4.439490445859873,183.0,236.0,211.0,1.2,2.2,1.8
depth_near_ask,cancel_rate_ask,2,2,172,0.8488372093023255,4.142441860465116,183.0,236.0,207.0,2.2,3.8,3.0
depth_near_ask,cancel_rate_ask,2,3,127,0.9212598425196851,5.218503937007874,183.0,236.0,208.0,3.8,6.8,5.2
depth_near_ask,cancel_rate_ask,2,4,62,0.9032258064516129,6.963709677419355,184.0,236.0,205.0,6.8,86.2,10.3
depth_near_ask,cancel_rate_ask,3,0,155,0.8193548387096774,2.77258064516129,236.0,304.0,273.0,0.0,1.2,0.6
depth_near_ask,cancel_rate_ask,3,1,186,0.8333333333333334,3.614247311827957,236.0,303.0,262.5,1.2,2.2,1.6
depth_near_ask,cancel_rate_ask,3,2,152,0.8223684210526315,3.633223684210526,237.0,304.0,263.0,2.4,3.8,3.0
depth_near_ask,cancel_rate_ask,3,3,98,0.9081632653061225,5.089285714285714,237.0,303.0,261.5,4.0,6.8,4.8
depth_near_ask,cancel_rate_ask,3,4,33,0.8484848484848485,4.674242424242424,238.0,301.0,265.0,7.0,31.0,9.8
depth_near_ask,cancel_rate_ask,4,0,300,0.7733333333333333,2.4391666666666665,304.0,802.0,374.5,0.0,1.2,0.6
depth_near_ask,cancel_rate_ask,4,1,152,0.8486842105263158,2.8125,305.0,1117.0,361.0,1.2,2.2,1.6
depth_near_ask,cancel_rate_ask,4,2,84,0.8333333333333334,3.4077380952380953,305.0,549.0,351.0,2.4,3.8,3.2
depth_near_ask,cancel_rate_ask,4,3,64,0.84375,3.8203125,305.0,1227.0,360.5,3.8,6.6,4.6
depth_near_ask,cancel_rate_ask,4,4,24,0.8333333333333334,5.34375,306.0,1305.0,485.5,6.8,43.6,10.6
depth_near_ask,cancel_ratio,0,0,15,0.6666666666666666,3.933333333333333,46.0,126.0,105.0,0.0,0.028662420382165606,0.01984126984126984
depth_near_ask,cancel_ratio,0,1,37,0.7837837837837838,4.797297297297297,56.0,127.0,113.0,0.030379746835443037,0.044642857142857144,0.04061470911086718
depth_near_ask,cancel_ratio,0,2,71,0.9154929577464789,7.514084507042254,37.0,127.0,107.0,0.04583333333333333,0.058772687986171135,0.053117782909930716
depth_near_ask,cancel_ratio,0,3,187,0.8877005347593583,7.816844919786096,23.0,126.0,93.0,0.05927051671732523,0.0802675585284281,0.07100591715976332
depth_near_ask,cancel_ratio,0,4,315,0.9333333333333333,12.45,3.0,126.0,75.0,0.08036890645586298,0.31936284110197155,0.10497237569060773
depth_near_ask,cancel_ratio,1,0,43,0.9302325581395349,4.656976744186046,129.0,181.0,158.0,0.0,0.03024193548387097,0.02510460251046025
depth_near_ask,cancel_ratio,1,1,113,0.8938053097345132,4.780973451327434,127.0,183.0,162.0,0.030303030303030304,0.04532163742690058,0.03868471953578337
depth_near_ask,cancel_ratio,1,2,170,0.9176470588235294,5.725,127.0,183.0,158.0,0.04548789435069699,0.05910735826296743,0.051935564435564435
depth_near_ask,cancel_ratio,1,3,156,0.8910256410256411,6.592948717948718,127.0,182.0,156.5,0.059322033898305086,0.08029197080291971,0.06908864170632417
depth_near_ask,cancel_ratio,1,4,142,0.9366197183098591,6.667253521126761,127.0,182.0,154.5,0.08082026537997587,0.32666666666666666,0.09970104633781765
depth_near_ask,cancel_ratio,2,0,103,0.8252427184466019,3.883495145631068,183.0,236.0,218.0,0.0,0.030211480362537766,0.021447721179624665
depth_near_ask,cancel_ratio,2,1,153,0.869281045751634,4.415032679738562,183.0,236.0,211.0,0.030303030303030304,0.045454545454545456,0.0391304347826087
depth_near_ask,cancel_ratio,2,2,159,0.9056603773584906,4.323899371069182,183.0,236.0,212.0,0.045631608235948806,0.05913272010512484,0.05187074829931973
depth_near_ask,cancel_ratio,2,3,125,0.872,5.214,183.0,236.0,203.0,0.059147180192572216,0.08020050125313283,0.06666666666666667
depth_near_ask,cancel_ratio,2,4,84,0.8809523809523809,5.363095238095238,183.0,236.0,206.5,0.08031674208144797,0.35066079295154184,0.09633693765852357
depth_near_ask,cancel_ratio,3,0,157,0.8343949044585988,2.9187898089171975,236.0,304.0,273.0,0.0,0.03015075376884422,0.018995929443690638
depth_near_ask,cancel_ratio,3,1,182,0.8406593406593407,3.416208791208791,236.0,304.0,268.0,0.030303030303030304,0.045454545454545456,0.0378976344968497
depth_near_ask,cancel_ratio,3,2,138,0.8115942028985508,3.963768115942029,238.0,303.0,261.0,0.045454545454545456,0.059033989266547404,0.0515973630831643
depth_near_ask,cancel_ratio,3,3,92,0.8478260869565217,3.8668478260869565,237.0,304.0,256.0,0.0592,0.08027282266526757,0.06628234095339358
depth_near_ask,cancel_ratio,3,4,55,0.9090909090909091,5.9,237.0,304.0,261.0,0.08047493403693931,0.3203065134099617,0.09631728045325778
depth_near_ask,cancel_ratio,4,0,307,0.7817589576547231,2.6034201954397393,304.0,1305.0,373.0,0.0,0.030303030303030304,0.018518518518518517
depth_near_ask,cancel_ratio,4,1,139,0.8633093525179856,2.8956834532374103,305.0,1273.0,358.0,0.030319436924742826,0.04519774011299435,0.03754266211604096
depth_near_ask,cancel_ratio,4,2,86,0.8255813953488372,2.9244186046511627,307.0,732.0,374.5,0.04568527918781726,0.05910390848427073,0.05138034656106945
depth_near_ask,cancel_ratio,4,3,64,0.78125,3.6484375,305.0,1227.0,358.5,0.05925925925925926,0.08016877637130802,0.06670973298880276
depth_near_ask,cancel_ratio,4,4,28,0.8571428571428571,4.696428571428571,306.0,1170.0,341.5,0.08088235294117647,0.4123173277661795,0.1013918534449113
depth_near_ask,z_anchor_vwap,0,0,119,0.9411764705882353,10.756302521008404,9.0,126.0,92.0,-339.62630337939805,-10.286884172871073,-19.95184868065642
depth_near_ask,z_anchor_vwap,0,1,101,0.9405940594059405,9.831683168316832,8.0,126.0,96.0,-10.05762484722977,-4.027621898947002,-6.537829830143899
depth_near_ask,z_anchor_vwap,0,2,138,0.855072463768116,11.197463768115941,4.0,126.0,86.5,-3.9893700171955455,-0.33051208859100256,-2.2625777966059584
depth_near_ask,z_anchor_vwap,0,3,114,0.9035087719298246,9.37280701754386,3.0,126.0,90.0,-0.2882392816384838,4.011941498938436,1.3637514176377783
depth_near_ask,z_anchor_vwap,0,4,154,0.8961038961038961,8.176948051948052,9.0,126.0,86.0,4.174704385043392,500.9351348995934,10.535672423760857
depth_near_ask,z_anchor_vwap,1,0,130,0.9538461538461539,7.075,127.0,182.0,162.5,-302.76617058905674,-10.123267675529272,-18.208912389948118
depth_near_ask,z_anchor_vwap,1,1,130,0.9307692307692308,6.1134615384615385,126.0,182.0,157.0,-9.809665624940221,-4.004179348370054,-6.576947678447507
depth_near_ask,z_anchor_vwap,1,2,105,0.9047619047619048,5.54047619047619,127.0,182.0,155.0,-3.899666369567134,-0.30708590044016915,-1.8095460991342887
depth_near_ask,z_anchor_vwap,1,3,117,0.8888888888888888,5.2094017094017095,126.0,182.0,160.0,-0.2638920882300145,4.003779354149817,1.6889949932645418
depth_near_ask,z_anchor_vwap,1,4,144,0.8888888888888888,5.631944444444445,127.0,182.0,152.5,4.079742365007883,195.39968876297894,10.665177115892881
depth_near_ask,z_anchor_vwap,2,0,136,0.8823529411764706,5.349264705882353,183.0,236.0,210.0,-268.77977803239924,-10.215933200765898,-19.396963223692154
depth_near_ask,z_anchor_vwap,2,1,117,0.8632478632478633,3.8162393162393164,183.0,236.0,211.0,-9.782774783864186,-4.005667635893574,-6.35202449739433
depth_near_ask,z_anchor_vwap,2,2,127,0.8818897637795275,4.647637795275591,182.0,236.0,210.0,-3.955914161638755,-0.3165006858355552,-2.1505312555030818
depth_near_ask,z_anchor_vwap,2,3,122,0.8852459016393442,3.9959016393442623,183.0,236.0,209.0,-0.29794357161320056,3.97705198530673,1.2947715040448136
depth_near_ask,z_anchor_vwap,2,4,123,0.8292682926829268,4.91869918699187,183.0,236.0,211.0,4.201767504044415,396.82985171411207,11.15297403291082
depth_near_ask,z_anchor_vwap,3,0,118,0.864406779661017,4.654661016949152,236.0,303.0,266.5,-547.3154243611832,-10.086451303562711,-17.766677940095033
depth_near_ask,z_anchor_vwap,3,1,131,0.8625954198473282,3.519083969465649,236.0,304.0,258.0,-10.05881743771155,-4.011744628675111,-6.628767642206735
depth_near_ask,z_anchor_vwap,3,2,122,0.8852459016393442,3.8135245901639343,236.0,304.0,259.0,-3.964222925733512,-0.3620328601168605,-2.2170507386222895
depth_near_ask,z_anchor_vwap,3,3,146,0.8356164383561644,3.4297945205479454,237.0,303.0,270.0,-0.3024149780151194,3.9980493070424488,1.1675867616946087
depth_near_ask,z_anchor_vwap,3,4,109,0.7431192660550459,3.1926605504587156,237.0,304.0,271.0,4.057177768139474,343.88927693416946,10.963857435682792
depth_near_ask,z_anchor_vwap,4,0,123,0.8292682926829268,3.502032520325203,305.0,1273.0,359.0,-273.70571939531266,-10.12651633746744,-18.50282108693826
depth_near_ask,z_anchor_vwap,4,1,147,0.7891156462585034,3.110544217687075,306.0,712.0,378.0,-10.04048354329272,-4.003742044708784,-6.273613318475079
depth_near_ask,z_anchor_vwap,4,2,133,0.7969924812030075,2.5789473684210527,305.0,1305.0,372.0,-3.9938560375533325,-0.3581269568683113,-2.0982228423345557
depth_near_ask,z_anchor_vwap,4,3,127,0.7795275590551181,2.3877952755905514,306.0,1227.0,357.0,-0.2937740220465935,4.051740304797976,1.0762961670211986
depth_near_ask,z_anchor_vwap,4,4,95,0.8736842105263158,3.0078947368421054,304.0,1170.0,361.0,4.076088215414108,272.4085517384688,13.012584694846163
depth_near_ask,distance_from_session_vwap_anchor,0,0,176,0.9431818181818182,13.643465909090908,8.0,126.0,89.5,-131.75,-9.75,-18.0
depth_near_ask,distance_from_session_vwap_anchor,0,1,84,0.9285714285714286,9.00297619047619,17.0,126.0,90.5,-9.5,-4.0,-6.75
depth_near_ask,distance_from_session_vwap_anchor,0,2,98,0.8367346938775511,6.433673469387755,3.0,126.0,93.0,-3.75,-0.25,-2.25
depth_near_ask,distance_from_session_vwap_anchor,0,3,83,0.8674698795180723,9.457831325301205,19.0,126.0,98.0,-0.25,3.5,1.25
depth_near_ask,distance_from_session_vwap_anchor,0,4,185,0.9081081081081082,8.502702702702702,7.0,126.0,85.0,4.0,60.25,14.0
depth_near_ask,distance_from_session_vwap_anchor,1,0,161,0.9316770186335404,7.096273291925466,126.0,182.0,158.0,-69.5,-9.75,-16.75
depth_near_ask,distance_from_session_vwap_anchor,1,1,102,0.9411764705882353,5.884803921568627,127.0,182.0,161.0,-9.5,-3.75,-6.5
depth_near_ask,distance_from_session_vwap_anchor,1,2,93,0.9032258064516129,4.801075268817204,129.0,182.0,157.0,-3.75,-0.25,-1.75
depth_near_ask,distance_from_session_vwap_anchor,1,3,121,0.9008264462809917,5.2809917355371905,127.0,182.0,161.0,-0.25,3.75,1.0
depth_near_ask,distance_from_session_vwap_anchor,1,4,149,0.8926174496644296,5.9630872483221475,126.0,182.0,152.0,4.0,51.25,10.25
depth_near_ask,distance_from_session_vwap_anchor,2,0,121,0.9090909090909091,5.644628099173554,183.0,236.0,210.0,-51.0,-9.75,-19.25
depth_near_ask,distance_from_session_vwap_anchor,2,1,132,0.8257575757575758,3.672348484848485,182.0,236.0,209.0,-9.5,-3.75,-6.0
depth_near_ask,distance_from_session_vwap_anchor,2,2,128,0.890625,4.6640625,184.0,236.0,213.5,-3.75,-0.25,-1.75
depth_near_ask,distance_from_session_vwap_anchor,2,3,129,0.875968992248062,3.8294573643410854,183.0,236.0,212.0,-0.25,4.0,1.0
depth_near_ask,distance_from_session_vwap_anchor,2,4,115,0.8434782608695652,5.2,183.0,236.0,209.0,4.0,80.0,10.75
depth_near_ask,distance_from_session_vwap_anchor,3,0,86,0.8953488372093024,5.063953488372093,236.0,301.0,260.5,-64.25,-9.5,-16.75
depth_near_ask,distance_from_session_vwap_anchor,3,1,151,0.8675496688741722,3.6506622516556293,236.0,304.0,262.0,-9.5,-3.75,-5.75
depth_near_ask,distance_from_session_vwap_anchor,3,2,141,0.851063829787234,3.675531914893617,236.0,304.0,259.0,-3.75,-0.25,-1.75
depth_near_ask,distance_from_session_vwap_anchor,3,3,153,0.8169934640522876,3.235294117647059,237.0,303.0,271.0,-0.25,3.75,1.0
depth_near_ask,distance_from_session_vwap_anchor,3,4,95,0.7684210526315789,3.413157894736842,237.0,304.0,268.0,4.0,58.75,10.0
depth_near_ask,distance_from_session_vwap_anchor,4,0,82,0.8170731707317073,3.9603658536585367,305.0,1273.0,357.5,-34.0,-9.75,-15.375
depth_near_ask,distance_from_session_vwap_anchor,4,1,157,0.802547770700637,3.106687898089172,305.0,712.0,374.0,-9.5,-3.75,-5.5
depth_near_ask,distance_from_session_vwap_anchor,4,2,165,0.7878787878787878,2.528787878787879,305.0,1305.0,375.0,-3.75,-0.25,-1.75
depth_near_ask,distance_from_session_vwap_anchor,4,3,140,0.8214285714285714,2.55,306.0,1227.0,355.0,-0.25,3.75,1.0
depth_near_ask,distance_from_session_vwap_anchor,4,4,81,0.8395061728395061,2.8796296296296298,304.0,1170.0,364.0,4.0,30.25,9.0
depth_near_ask,bid_depth_curvature,0,0,10,0.9,6.75,35.0,126.0,98.5,-24.375,-19.5,-20.6875
depth_near_ask,bid_depth_curvature,0,1,27,0.8518518518518519,9.444444444444445,64.0,124.0,100.0,-16.875,-13.125,-14.25
depth_near_ask,bid_depth_curvature,0,2,62,0.8709677419354839,6.604838709677419,18.0,126.0,101.5,-12.75,-9.875,-10.9375
depth_near_ask,bid_depth_curvature,0,3,138,0.9130434782608695,8.01086956521739,18.0,126.0,102.0,-9.75,-6.75,-7.875
depth_near_ask,bid_depth_curvature,0,4,389,0.910025706940874,11.075835475578407,3.0,126.0,80.0,-6.75,6.75,-4.5
depth_near_ask,bid_depth_curvature,1,0,32,0.90625,6.4140625,129.0,182.0,165.5,-63.375,-17.625,-20.0625
depth_near_ask,bid_depth_curvature,1,1,97,0.8865979381443299,5.417525773195877,127.0,182.0,164.0,-17.375,-13.0,-14.5
depth_near_ask,bid_depth_curvature,1,2,149,0.9261744966442953,5.780201342281879,127.0,182.0,157.0,-13.0,-9.75,-11.0
depth_near_ask,bid_depth_curvature,1,3,205,0.9121951219512195,5.484146341463415,126.0,182.0,158.0,-9.75,-6.75,-8.125
depth_near_ask,bid_depth_curvature,1,4,143,0.9230769230769231,6.996503496503497,126.0,182.0,151.0,-6.75,44.25,-5.625
depth_near_ask,bid_depth_curvature,2,0,87,0.8505747126436781,4.252873563218391,183.0,236.0,216.0,-36.625,-17.5,-19.375
depth_near_ask,bid_depth_curvature,2,1,129,0.8914728682170543,3.9224806201550386,183.0,236.0,213.0,-17.5,-13.0,-14.625
depth_near_ask,bid_depth_curvature,2,2,174,0.8620689655172413,4.464080459770115,183.0,236.0,212.0,-13.0,-9.75,-11.125
depth_near_ask,bid_depth_curvature,2,3,175,0.88,5.014285714285714,182.0,236.0,207.0,-9.75,-6.875,-8.375
depth_near_ask,bid_depth_curvature,2,4,60,0.8333333333333334,5.441666666666666,184.0,233.0,205.5,-6.75,10.625,-5.125
depth_near_ask,bid_depth_curvature,3,0,168,0.8571428571428571,3.5238095238095237,237.0,304.0,271.5,-43.375,-17.625,-20.875
depth_near_ask,bid_depth_curvature,3,1,189,0.8306878306878307,3.4933862433862433,237.0,304.0,263.0,-17.375,-13.0,-14.875
depth_near_ask,bid_depth_curvature,3,2,158,0.7848101265822784,3.574367088607595,236.0,303.0,262.5,-13.0,-9.75,-11.5
depth_near_ask,bid_depth_curvature,3,3,87,0.9080459770114943,4.347701149425287,236.0,303.0,256.0,-9.75,-6.875,-8.625
depth_near_ask,bid_depth_curvature,3,4,24,0.9166666666666666,5.375,241.0,301.0,270.0,-6.625,0.875,-5.3125
depth_near_ask,bid_depth_curvature,4,0,329,0.8145896656534954,2.7325227963525838,305.0,1273.0,379.0,-66.25,-17.5,-22.125
depth_near_ask,bid_depth_curvature,4,1,184,0.8043478260869565,2.764945652173913,304.0,1305.0,357.5,-17.375,-13.0,-15.375
depth_near_ask,bid_depth_curvature,4,2,82,0.7560975609756098,2.8597560975609757,305.0,1117.0,348.5,-13.0,-9.75,-11.75
depth_near_ask,bid_depth_curvature,4,3,21,0.9523809523809523,5.190476190476191,307.0,706.0,358.0,-9.75,-6.875,-8.875
depth_near_ask,bid_depth_curvature,4,4,9,0.8888888888888888,7.638888888888889,323.0,1227.0,345.0,-6.375,25.375,-5.0
depth_near_ask,trade_imbalance_60s,0,0,78,0.8461538461538461,10.342948717948717,4.0,126.0,91.0,-1.0,-0.17702154230408992,-0.24752688736162845
depth_near_ask,trade_imbalance_60s,0,1,179,0.9050279329608939,8.976256983240223,3.0,126.0,88.0,-0.1748768472906404,-0.05911533691608103,-0.10349025974025974
depth_near_ask,trade_imbalance_60s,0,2,180,0.9388888888888889,10.588888888888889,8.0,126.0,90.0,-0.05871854363733714,0.05304010349288486,-0.006880119867087676
depth_near_ask,trade_imbalance_60s,0,3,134,0.917910447761194,10.723880597014926,11.0,126.0,87.0,0.05388342387314638,0.1697936210131332,0.10814072920389374
depth_near_ask,trade_imbalance_60s,0,4,55,0.8363636363636363,7.081818181818182,24.0,126.0,96.0,0.17021836358852935,0.7647058823529411,0.22278203723986856
depth_near_ask,trade_imbalance_60s,1,0,107,0.8691588785046729,4.2546728971962615,126.0,182.0,161.0,-1.0,-0.1769651113913409,-0.23307086614173228
depth_near_ask,trade_imbalance_60s,1,1,149,0.959731543624161,6.503355704697986,127.0,182.0,153.0,-0.17547568710359407,-0.060759493670886074,-0.11856033874382499
depth_near_ask,trade_imbalance_60s,1,2,164,0.9207317073170732,5.940548780487805,126.0,182.0,154.5,-0.058213716108452954,0.05279187817258883,-0.0003509215470789501
depth_near_ask,trade_imbalance_60s,1,3,134,0.9253731343283582,6.82089552238806,127.0,182.0,160.0,0.05362776025236593,0.16978309648466716,0.1022039832054154
depth_near_ask,trade_imbalance_60s,1,4,72,0.8472222222222222,5.614583333333333,130.0,181.0,164.0,0.17220543806646527,0.49206349206349204,0.22542188524721277
depth_near_ask,trade_imbalance_60s,2,0,157,0.8471337579617835,4.17515923566879,183.0,236.0,211.0,-0.9375,-0.17872117400419288,-0.2674698795180723
depth_near_ask,trade_imbalance_60s,2,1,130,0.8923076923076924,4.9,184.0,236.0,210.5,-0.17570700046360685,-0.05944055944055944,-0.11194111765400395
depth_near_ask,trade_imbalance_60s,2,2,107,0.9065420560747663,4.668224299065421,183.0,236.0,205.0,-0.05822021116138763,0.053621825023518345,0.0
depth_near_ask,trade_imbalance_60s,2,3,127,0.889763779527559,4.7047244094488185,182.0,236.0,208.0,0.05429864253393665,0.1673052362707535,0.11075697211155379
depth_near_ask,trade_imbalance_60s,2,4,104,0.8076923076923077,4.492788461538462,183.0,236.0,214.0,0.17050938337801608,0.9130434782608695,0.24147078812308126
depth_near_ask,trade_imbalance_60s,3,0,169,0.8284023668639053,3.0710059171597632,237.0,304.0,261.0,-0.7797202797202797,-0.17672183662573412,-0.2799057159693577
depth_near_ask,trade_imbalance_60s,3,1,95,0.8842105263157894,3.818421052631579,237.0,304.0,268.0,-0.17609254498714652,-0.05992217898832685,-0.12454212454212454
depth_near_ask,trade_imbalance_60s,3,2,98,0.8469387755102041,3.635204081632653,236.0,304.0,262.0,-0.05829596412556054,0.053309900410076154,-0.003986902421438344
depth_near_ask,trade_imbalance_60s,3,3,110,0.8545454545454545,4.443181818181818,236.0,304.0,265.5,0.05378020265003897,0.17005545286506468,0.11166016993853944
depth_near_ask,trade_imbalance_60s,3,4,154,0.8116883116883117,3.8798701298701297,236.0,304.0,265.5,0.17023096663815226,0.6705882352941176,0.26872775962857154
depth_near_ask,trade_imbalance_60s,4,0,115,0.8695652173913043,2.630434782608696,305.0,1305.0,369.0,-0.7271523178807947,-0.17791013854719667,-0.33273056057866185
depth_near_ask,trade_imbalance_60s,4,1,73,0.7534246575342466,2.982876712328767,304.0,601.0,349.0,-0.17668711656441718,-0.06023391812865497,-0.12362301101591187
depth_near_ask,trade_imbalance_60s,4,2,76,0.7894736842105263,3.5625,305.0,564.0,361.0,-0.04796453043127771,0.05226480836236934,0.009436102516418316
depth_near_ask,trade_imbalance_60s,4,3,121,0.8347107438016529,3.2210743801652892,305.0,1273.0,361.0,0.056218057921635436,0.170018281535649,0.11280653950953679
depth_near_ask,trade_imbalance_60s,4,4,240,0.7916666666666666,2.6635416666666667,304.0,1227.0,375.0,0.17048346055979643,0.940959409594096,0.2889913053048646
depth_near_ask,wall_persistence_2s,0,0,57,0.7719298245614035,12.517543859649123,3.0,126.0,96.0,0.0,0.0,0.0
depth_near_ask,wall_persistence_2s,0,1,103,0.8932038834951457,7.019417475728155,11.0,127.0,98.0,0.0,0.059369202226345084,0.034782608695652174
depth_near_ask,wall_persistence_2s,0,2,155,0.9096774193548387,8.55,16.0,127.0,92.0,0.060353798126951096,0.15643564356435644,0.10571428571428572
depth_near_ask,wall_persistence_2s,0,3,162,0.9259259259259259,10.851851851851851,8.0,126.0,88.5,0.15698924731182795,0.28860294117647056,0.21437477734235838
depth_near_ask,wall_persistence_2s,0,4,147,0.9387755102040817,11.125850340136054,4.0,126.0,85.0,0.2896039603960396,0.5596971461852067,0.3717948717948718
depth_near_ask,wall_persistence_2s,1,0,81,0.7777777777777778,4.398148148148148,127.0,183.0,161.0,0.0,0.0,0.0
depth_near_ask,wall_persistence_2s,1,1,135,0.9333333333333333,5.5851851851851855,128.0,182.0,158.0,0.0,0.06015037593984962,0.018469656992084433
depth_near_ask,wall_persistence_2s,1,2,146,0.9657534246575342,5.758561643835616,127.0,183.0,155.0,0.06072874493927125,0.15632754342431762,0.10957539704196911
depth_near_ask,wall_persistence_2s,1,3,129,0.9224806201550387,6.135658914728682,127.0,182.0,159.0,0.1566265060240964,0.28879310344827586,0.2125984251968504
depth_near_ask,wall_persistence_2s,1,4,133,0.9022556390977443,7.116541353383458,127.0,183.0,160.0,0.2892609699769053,0.5887850467289719,0.3687707641196013
depth_near_ask,wall_persistence_2s,2,0,128,0.796875,4.029296875,183.0,236.0,214.0,0.0,0.0,0.0
depth_near_ask,wall_persistence_2s,2,1,147,0.9047619047619048,4.47108843537415,183.0,236.0,212.0,0.0,0.05963302752293578,0.018518518518518517
depth_near_ask,wall_persistence_2s,2,2,116,0.8706896551724138,4.510775862068965,183.0,236.0,205.5,0.060240963855421686,0.155257586450247,0.1
depth_near_ask,wall_persistence_2s,2,3,125,0.904,4.846,183.0,236.0,208.0,0.15873015873015872,0.28837209302325584,0.20810810810810812
depth_near_ask,wall_persistence_2s,2,4,107,0.8878504672897196,5.233644859813084,184.0,236.0,213.0,0.2901960784313726,0.6733333333333333,0.37777777777777777
depth_near_ask,wall_persistence_2s,3,0,149,0.8322147651006712,2.969798657718121,237.0,304.0,267.0,0.0,0.0,0.0
depth_near_ask,wall_persistence_2s,3,1,150,0.8466666666666667,3.65,236.0,304.0,261.0,0.0,0.05907172995780591,0.009629382365758898
depth_near_ask,wall_persistence_2s,3,2,102,0.8529411764705882,3.7083333333333335,237.0,303.0,260.5,0.06134969325153374,0.15625,0.11274764451235039
depth_near_ask,wall_persistence_2s,3,3,110,0.8181818181818182,4.290909090909091,237.0,303.0,269.0,0.15682656826568267,0.28865979381443296,0.21516754850088182
depth_near_ask,wall_persistence_2s,3,4,113,0.8584070796460177,4.154867256637168,236.0,304.0,268.0,0.2894736842105263,0.6381578947368421,0.3684210526315789
depth_near_ask,wall_persistence_2s,4,0,209,0.7559808612440191,2.488038277511962,305.0,802.0,372.0,0.0,0.0,0.0
depth_near_ask,wall_persistence_2s,4,1,89,0.8089887640449438,2.865168539325843,305.0,1305.0,354.0,0.0,0.05847953216374269,0.014084507042253521
depth_near_ask,wall_persistence_2s,4,2,104,0.8365384615384616,3.141826923076923,304.0,817.0,361.5,0.0603448275862069,0.15588235294117647,0.1042024202420242
depth_near_ask,wall_persistence_2s,4,3,98,0.826530612244898,2.770408163265306,305.0,1273.0,380.5,0.15644820295983086,0.2878787878787879,0.22306607574536663
depth_near_ask,wall_persistence_2s,4,4,123,0.8617886178861789,3.595528455284553,305.0,1117.0,364.0,0.2894736842105263,0.6542056074766355,0.34673366834170855
depth_near_ask,convexity_imbalance,0,0,91,0.8681318681318682,16.296703296703296,12.0,126.0,86.0,-1.9326923076923077,-0.2961860465116279,-0.5098684210526316
depth_near_ask,convexity_imbalance,0,1,98,0.9285714285714286,9.091836734693878,9.0,126.0,87.5,-0.2887949260042283,-0.06422313318865036,-0.17393573491218567
depth_near_ask,convexity_imbalance,0,2,113,0.9026548672566371,9.380530973451327,17.0,126.0,92.0,-0.05887300252312877,0.1300034211426615,0.04204204204204198
depth_near_ask,convexity_imbalance,0,3,144,0.9097222222222222,7.989583333333333,7.0,126.0,93.5,0.13362282878411913,0.37681159420289845,0.2304084713584072
depth_near_ask,convexity_imbalance,0,4,180,0.9055555555555556,8.675,3.0,126.0,87.5,0.3830180628644575,10.234359483614698,0.6495972255517506
depth_near_ask,convexity_imbalance,1,0,110,0.8909090909090909,6.197727272727272,127.0,182.0,158.0,-1.4633544749823817,-0.29180343466057745,-0.5067099921424829
depth_near_ask,convexity_imbalance,1,1,103,0.9223300970873787,6.174757281553398,127.0,182.0,158.0,-0.29167974882260606,-0.061842918985776096,-0.17988245495712496
depth_near_ask,convexity_imbalance,1,2,129,0.9147286821705426,6.333333333333333,126.0,182.0,157.0,-0.0608284213480893,0.13308913308913306,0.04667919799498743
depth_near_ask,convexity_imbalance,1,3,135,0.9259259259259259,5.688888888888889,126.0,182.0,159.0,0.13349875930521105,0.3776276276276277,0.25089285714285725
depth_near_ask,convexity_imbalance,1,4,149,0.912751677852349,5.4630872483221475,127.0,182.0,158.0,0.37860043736332405,3.3977564102564104,0.5721052631578947
depth_near_ask,convexity_imbalance,2,0,113,0.9203539823008849,5.646017699115045,183.0,236.0,210.0,-4.174016282225238,-0.29604301075268824,-0.51994301994302
depth_near_ask,convexity_imbalance,2,1,115,0.8521739130434782,4.093478260869565,183.0,236.0,208.0,-0.28465594438553077,-0.061884816753926764,-0.17208672086720855
depth_near_ask,convexity_imbalance,2,2,128,0.8671875,4.689453125,183.0,236.0,215.0,-0.05808357312011403,0.13170821114369513,0.035481777384234636
depth_near_ask,convexity_imbalance,2,3,137,0.8467153284671532,4.12043795620438,182.0,236.0,211.0,0.13563320064868056,0.3778139542532025,0.2546386042647466
depth_near_ask,convexity_imbalance,2,4,132,0.8636363636363636,4.418560606060606,183.0,236.0,206.0,0.3778542950344328,2.5576508115207806,0.5784755334205303
depth_near_ask,convexity_imbalance,3,0,120,0.825,4.5375,236.0,304.0,264.0,-1.7652220311851543,-0.30274181264280275,-0.4754802822507582
depth_near_ask,convexity_imbalance,3,1,155,0.8709677419354839,3.8451612903225807,236.0,304.0,263.0,-0.2907383136740934,-0.060977269633864184,-0.16772667971298105
depth_near_ask,convexity_imbalance,3,2,128,0.8671875,3.478515625,236.0,304.0,268.5,-0.057376004080071485,0.1315715252707581,0.03833854403355863
depth_near_ask,convexity_imbalance,3,3,123,0.7886178861788617,3.252032520325203,237.0,303.0,265.0,0.13447079236552928,0.3759152537654167,0.22712022367194784
depth_near_ask,convexity_imbalance,3,4,100,0.84,3.385,237.0,303.0,260.5,0.37853461674801614,3.6824027503660783,0.5162513714156983
depth_near_ask,convexity_imbalance,4,0,192,0.7916666666666666,3.2994791666666665,305.0,1305.0,376.0,-8.092609983385104,-0.2961956521739131,-0.5327338298471868
depth_near_ask,convexity_imbalance,4,1,155,0.8193548387096774,2.7241935483870967,304.0,678.0,370.0,-0.2864616276618175,-0.0615564809994793,-0.16871921182266014
depth_near_ask,convexity_imbalance,4,2,127,0.8031496062992126,2.4940944881889764,304.0,647.0,364.0,-0.0605610910889689,0.13270862974046982,0.025638977635782823
depth_near_ask,convexity_imbalance,4,3,87,0.7816091954022989,2.6982758620689653,304.0,581.0,357.0,0.13362686606049556,0.3744954152104101,0.24577547264513977
depth_near_ask,convexity_imbalance,4,4,64,0.890625,3.32421875,305.0,1273.0,340.0,0.38398115429917556,1.6106242312423122,0.4984939430819059
depth_near_ask,liquidity_compression,0,0,228,0.9298245614035088,9.572368421052632,4.0,125.0,75.0,0.13793103448275862,0.6638418079096046,0.551948051948052
depth_near_ask,liquidity_compression,0,1,131,0.9007633587786259,8.946564885496183,9.0,125.0,92.0,0.6640625,0.7511520737327189,0.7113095238095238
depth_near_ask,liquidity_compression,0,2,92,0.8695652173913043,8.345108695652174,24.0,126.0,100.0,0.7512437810945274,0.8281938325991189,0.7908520349942945
depth_near_ask,liquidity_compression,0,3,94,0.8936170212765957,8.558510638297872,3.0,126.0,97.5,0.8315789473684211,0.925,0.8614623000761614
depth_near_ask,liquidity_compression,0,4,81,0.8888888888888888,15.052469135802468,8.0,126.0,90.0,0.9318181818181818,2.4444444444444446,1.0276497695852536
depth_near_ask,liquidity_compression,1,0,124,0.9193548387096774,6.213709677419355,127.0,182.0,157.0,0.12907268170426064,0.6632124352331606,0.5957841852337264
depth_near_ask,liquidity_compression,1,1,125,0.928,5.812,126.0,182.0,154.0,0.664624808575804,0.751219512195122,0.7043478260869566
depth_near_ask,liquidity_compression,1,2,131,0.9312977099236641,5.833969465648855,127.0,182.0,157.0,0.7518796992481203,0.8305555555555556,0.7897574123989218
depth_near_ask,liquidity_compression,1,3,120,0.9,5.375,127.0,182.0,156.5,0.8313953488372093,0.9271137026239067,0.8747733747733748
depth_near_ask,liquidity_compression,1,4,126,0.8888888888888888,6.432539682539683,127.0,182.0,160.0,0.9274924471299094,1.9166666666666667,1.0057937621051225
depth_near_ask,liquidity_compression,2,0,102,0.9019607843137255,5.0,183.0,235.0,206.0,0.2167780252412769,0.6627906976744186,0.5978701524442909
depth_near_ask,liquidity_compression,2,1,127,0.8582677165354331,4.192913385826771,183.0,236.0,206.0,0.6653992395437263,0.7508250825082509,0.7059925093632958
depth_near_ask,liquidity_compression,2,2,116,0.8362068965517241,4.810344827586207,183.0,236.0,215.0,0.7513227513227513,0.8303571428571429,0.7945286195286195
depth_near_ask,liquidity_compression,2,3,138,0.8695652173913043,4.130434782608695,182.0,236.0,213.0,0.8330804248861912,0.9272727272727272,0.8793806643087665
depth_near_ask,liquidity_compression,2,4,142,0.8802816901408451,4.832746478873239,183.0,236.0,209.0,0.9290322580645162,1.672782874617737,1.0059382422802852
depth_near_ask,liquidity_compression,3,0,94,0.776595744680851,3.0877659574468086,237.0,304.0,259.0,0.35894039735099337,0.6614906832298136,0.6112332174742725
depth_near_ask,liquidity_compression,3,1,110,0.8727272727272727,3.775,237.0,304.0,270.0,0.6638655462184874,0.7510593220338984,0.7096831206598311
depth_near_ask,liquidity_compression,3,2,140,0.8214285714285714,3.375,236.0,304.0,265.5,0.7513368983957219,0.8305369127516778,0.7896851773521059
depth_near_ask,liquidity_compression,3,3,155,0.8451612903225807,3.5612903225806454,236.0,304.0,261.0,0.8312829525483304,0.9267515923566879,0.8744769874476988
depth_near_ask,liquidity_compression,3,4,127,0.8740157480314961,4.679133858267717,237.0,303.0,264.0,0.9288702928870293,2.119463087248322,0.998019801980198
depth_near_ask,liquidity_compression,4,0,78,0.8974358974358975,3.2596153846153846,306.0,678.0,348.5,0.25398373983739836,0.6623931623931624,0.6137204003884366
depth_near_ask,liquidity_compression,4,1,133,0.8345864661654135,2.830827067669173,305.0,564.0,374.0,0.6652601969057665,0.75,0.721056721056721
depth_near_ask,liquidity_compression,4,2,146,0.8082191780821918,2.684931506849315,304.0,564.0,353.0,0.7516973811833172,0.8296943231441049,0.7898351648351648
depth_near_ask,liquidity_compression,4,3,119,0.7899159663865546,2.453781512605042,304.0,647.0,365.0,0.8305647840531561,0.9240506329113924,0.8716271463614064
depth_near_ask,liquidity_compression,4,4,149,0.7583892617449665,3.390939597315436,305.0,1305.0,384.0,0.9273570324574961,3.9269662921348316,1.016781836130306
depth_near_ask,replenishment_rate_near_5s,0,0,72,0.7361111111111112,4.399305555555555,4.0,123.0,88.5,0.0,58.0,29.799999999999997
depth_near_ask,replenishment_rate_near_5s,0,1,82,0.9024390243902439,7.878048780487805,3.0,126.0,101.5,59.0,96.0,80.0
depth_near_ask,replenishment_rate_near_5s,0,2,102,0.9117647058823529,8.007352941176471,17.0,127.0,93.0,96.2,149.4,118.80000000000001
depth_near_ask,replenishment_rate_near_5s,0,3,163,0.9263803680981595,10.108895705521473,11.0,126.0,88.0,150.2,246.8,195.8
depth_near_ask,replenishment_rate_near_5s,0,4,205,0.9414634146341463,13.295121951219512,8.0,127.0,85.0,247.2,5137.0,360.8
depth_near_ask,replenishment_rate_near_5s,1,0,93,0.7956989247311828,3.9623655913978495,127.0,183.0,159.0,0.0,58.6,41.0
depth_near_ask,replenishment_rate_near_5s,1,1,111,0.9369369369369369,5.04954954954955,127.0,182.0,161.0,59.0,96.0,78.4
depth_near_ask,replenishment_rate_near_5s,1,2,130,0.9153846153846154,6.425,127.0,182.0,154.5,96.2,150.2,123.5
depth_near_ask,replenishment_rate_near_5s,1,3,148,0.9256756756756757,6.548986486486487,127.0,182.0,158.0,150.2,246.4,182.7
depth_near_ask,replenishment_rate_near_5s,1,4,142,0.9507042253521126,6.72887323943662,127.0,183.0,157.5,247.6,1351.4,352.1
depth_near_ask,replenishment_rate_near_5s,2,0,133,0.7819548872180451,3.3533834586466167,183.0,236.0,216.0,0.4,58.8,43.4
depth_near_ask,replenishment_rate_near_5s,2,1,160,0.8875,4.084375,183.0,236.0,212.0,59.0,96.0,76.0
depth_near_ask,replenishment_rate_near_5s,2,2,127,0.9291338582677166,4.868110236220472,183.0,236.0,205.0,96.4,149.8,120.4
depth_near_ask,replenishment_rate_near_5s,2,3,114,0.8947368421052632,5.0964912280701755,184.0,236.0,209.0,150.6,246.2,186.60000000000002
depth_near_ask,replenishment_rate_near_5s,2,4,90,0.8777777777777778,6.294444444444444,184.0,236.0,207.0,248.2,2012.2,366.8
depth_near_ask,replenishment_rate_near_5s,3,0,151,0.7814569536423841,2.7897350993377485,236.0,304.0,271.0,2.2,58.8,40.0
depth_near_ask,replenishment_rate_near_5s,3,1,137,0.8613138686131386,3.260948905109489,237.0,304.0,262.0,59.2,96.2,75.8
depth_near_ask,replenishment_rate_near_5s,3,2,143,0.8391608391608392,3.722027972027972,237.0,303.0,259.0,96.6,149.8,122.8
depth_near_ask,replenishment_rate_near_5s,3,3,109,0.8715596330275229,4.564220183486238,238.0,304.0,267.0,151.6,247.2,184.8
depth_near_ask,replenishment_rate_near_5s,3,4,84,0.8690476190476191,4.875,236.0,304.0,264.5,247.8,1216.2,357.2
depth_near_ask,replenishment_rate_near_5s,4,0,175,0.7257142857142858,2.1185714285714288,304.0,601.0,362.0,7.2,58.8,36.2
depth_near_ask,replenishment_rate_near_5s,4,1,134,0.8283582089552238,2.7761194029850746,304.0,629.0,359.0,59.2,95.8,77.0
depth_near_ask,replenishment_rate_near_5s,4,2,122,0.8360655737704918,2.7110655737704916,305.0,712.0,372.0,96.4,150.0,117.6
depth_near_ask,replenishment_rate_near_5s,4,3,90,0.8555555555555555,3.7694444444444444,305.0,1117.0,352.5,150.2,244.2,190.5
depth_near_ask,replenishment_rate_near_5s,4,4,103,0.8543689320388349,3.936893203883495,306.0,1305.0,386.0,248.2,5341.2,360.8
depth_near_ask,impact_asymmetry_10s,0,0,241,0.8838174273858921,9.75207468879668,4.0,126.0,85.0,-0.16176470588235295,-0.003048780487804878,-0.005780346820809248
depth_near_ask,impact_asymmetry_10s,0,1,88,0.9204545454545454,8.857954545454545,26.0,125.0,99.5,-0.0030286343612334803,-0.001532399299474606,-0.002285549116844041
depth_near_ask,impact_asymmetry_10s,0,2,99,0.898989898989899,8.083333333333334,7.0,126.0,91.0,-0.001524390243902439,0.0006868131868131869,-0.00024752475247524753
depth_near_ask,impact_asymmetry_10s,0,3,61,0.9180327868852459,9.34016393442623,18.0,126.0,96.0,0.0007022471910112359,0.0022893772893772895,0.0013066202090592336
depth_near_ask,impact_asymmetry_10s,0,4,134,0.9328358208955224,12.074626865671641,8.0,126.0,85.0,0.0023006134969325155,0.05,0.004781563545150502
depth_near_ask,impact_asymmetry_10s,1,0,153,0.9150326797385621,4.8202614379084965,126.0,182.0,153.0,-0.013565891472868217,-0.003048780487804878,-0.004203216374269006
depth_near_ask,impact_asymmetry_10s,1,1,141,0.9148936170212766,5.886524822695035,127.0,182.0,154.0,-0.003043478260869565,-0.001524390243902439,-0.0023333333333333335
depth_near_ask,impact_asymmetry_10s,1,2,101,0.9108910891089109,6.457920792079208,127.0,182.0,162.0,-0.0015114873035066505,0.0006811989100817438,-0.00045158959537572253
depth_near_ask,impact_asymmetry_10s,1,3,89,0.9325842696629213,6.27808988764045,127.0,182.0,161.0,0.0007088846880907373,0.0022988505747126436,0.001530612244897959
depth_near_ask,impact_asymmetry_10s,1,4,139,0.8992805755395683,6.615107913669065,127.0,182.0,159.0,0.002305327868852459,0.025,0.003663003663003663
depth_near_ask,impact_asymmetry_10s,2,0,131,0.8854961832061069,4.244274809160306,183.0,236.0,211.0,-0.016666666666666666,-0.003078817733990148,-0.0040024630541871924
depth_near_ask,impact_asymmetry_10s,2,1,151,0.8609271523178808,3.859271523178808,183.0,236.0,205.0,-0.003033980582524272,-0.0015337423312883436,-0.0023499638467100506
depth_near_ask,impact_asymmetry_10s,2,2,131,0.8625954198473282,5.2461832061068705,183.0,236.0,213.0,-0.0015060240963855422,0.0006890848952590959,-0.0005945303210463733
depth_near_ask,impact_asymmetry_10s,2,3,100,0.89,5.43,184.0,236.0,215.0,0.000708215297450425,0.002259036144578313,0.0015432245772803049
depth_near_ask,impact_asymmetry_10s,2,4,110,0.8454545454545455,4.3,183.0,236.0,210.0,0.0023148148148148147,0.00974025974025974,0.0034895692335458043
depth_near_ask,impact_asymmetry_10s,3,0,69,0.7971014492753623,2.6340579710144927,236.0,304.0,263.0,-0.03571428571428571,-0.0030864197530864196,-0.0038461538461538464
depth_near_ask,impact_asymmetry_10s,3,1,153,0.869281045751634,3.2369281045751634,237.0,304.0,261.0,-0.0030241935483870967,-0.0015359168241965973,-0.002171814671814672
depth_near_ask,impact_asymmetry_10s,3,2,148,0.8783783783783784,3.9763513513513513,236.0,304.0,264.5,-0.001516990291262136,0.0006821282401091405,-0.0006181286384711602
depth_near_ask,impact_asymmetry_10s,3,3,137,0.7956204379562044,4.041970802919708,237.0,304.0,266.0,0.0007062146892655367,0.002297794117647059,0.0016059957173447537
depth_near_ask,impact_asymmetry_10s,3,4,116,0.8275862068965517,4.176724137931035,236.0,303.0,269.0,0.00230566534914361,0.022058823529411766,0.0029902604686549983
depth_near_ask,impact_asymmetry_10s,4,0,29,0.896551724137931,2.896551724137931,305.0,709.0,341.0,-0.014705882352941176,-0.003048780487804878,-0.003989361702127659
depth_near_ask,impact_asymmetry_10s,4,1,90,0.7777777777777778,2.6805555555555554,305.0,817.0,345.0,-0.0030120481927710845,-0.0015337423312883436,-0.0021020707669108145
depth_near_ask,impact_asymmetry_10s,4,2,144,0.8402777777777778,2.857638888888889,304.0,1305.0,368.0,-0.0015151515151515152,0.0006875214850464077,-0.0005054638109366124
depth_near_ask,impact_asymmetry_10s,4,3,236,0.7966101694915254,3.0,305.0,1117.0,378.5,0.0006915629322268327,0.0023006134969325155,0.0014954124923328561
depth_near_ask,impact_asymmetry_10s,4,4,123,0.8048780487804879,3.0121951219512195,304.0,1227.0,356.0,0.0023148148148148147,0.015151515151515152,0.002976190476190476
depth_near_ask,flow_impact,0,0,101,0.8811881188118812,7.282178217821782,7.0,126.0,97.0,-0.375,0.0015625,-0.0033783783783783786
depth_near_ask,flow_impact,0,1,38,0.9210526315789473,8.289473684210526,9.0,126.0,91.0,0.0015822784810126582,0.0031512605042016808,0.0022872999397307975
depth_near_ask,flow_impact,0,2,50,0.96,8.385,9.0,125.0,94.0,0.003236914600550964,0.005154639175257732,0.004414362918312201
depth_near_ask,flow_impact,0,3,145,0.896551724137931,8.248275862068965,4.0,126.0,96.0,0.005184331797235023,0.009157509157509158,0.007211538461538462
depth_near_ask,flow_impact,0,4,288,0.90625,11.924479166666666,8.0,126.0,77.0,0.009159482758620689,0.5,0.016118803105324285
depth_near_ask,flow_impact,1,0,97,0.8865979381443299,5.770618556701031,127.0,182.0,160.0,-0.875,0.0015625,-0.0036231884057971015
depth_near_ask,flow_impact,1,1,69,0.855072463768116,5.344202898550725,127.0,182.0,158.0,0.0015822784810126582,0.0032281205164992827,0.002717391304347826
depth_near_ask,flow_impact,1,2,127,0.9291338582677166,5.77755905511811,127.0,182.0,161.0,0.003246753246753247,0.005169172932330827,0.004129129129129129
depth_near_ask,flow_impact,1,3,194,0.9381443298969072,6.373711340206185,127.0,182.0,155.0,0.005184331797235023,0.009129213483146067,0.006622516556291391
depth_near_ask,flow_impact,1,4,135,0.9111111111111111,5.898148148148148,127.0,182.0,156.0,0.009196185286103543,0.4583333333333333,0.014367816091954023
depth_near_ask,flow_impact,2,0,104,0.8653846153846154,4.540865384615385,183.0,236.0,214.5,-0.3125,0.0015527950310559005,-0.0021609538002980624
depth_near_ask,flow_impact,2,1,124,0.8629032258064516,4.731854838709677,183.0,236.0,212.0,0.0015782828282828283,0.003218884120171674,0.0025
depth_near_ask,flow_impact,2,2,144,0.8263888888888888,3.9913194444444446,183.0,236.0,207.5,0.003234750462107209,0.00516795865633075,0.004116977261664696
depth_near_ask,flow_impact,2,3,159,0.8742138364779874,5.018867924528302,183.0,236.0,210.0,0.005172413793103448,0.009146341463414634,0.006329113924050633
depth_near_ask,flow_impact,2,4,91,0.945054945054945,4.458791208791209,183.0,236.0,209.0,0.009191176470588236,0.5,0.01358695652173913
depth_near_ask,flow_impact,3,0,137,0.8540145985401459,3.7335766423357666,237.0,304.0,268.0,-0.75,0.0015690376569037657,0.0
depth_near_ask,flow_impact,3,1,174,0.8333333333333334,3.6666666666666665,237.0,304.0,265.0,0.0015800561797752809,0.0032287822878228783,0.0024627093268271044
depth_near_ask,flow_impact,3,2,169,0.8402366863905325,3.548816568047337,236.0,304.0,265.0,0.003232758620689655,0.005136986301369863,0.004098360655737705
depth_near_ask,flow_impact,3,3,76,0.8026315789473685,3.5953947368421053,236.0,302.0,263.0,0.005208333333333333,0.009146341463414634,0.006579019672491483
depth_near_ask,flow_impact,3,4,66,0.8787878787878788,4.215909090909091,237.0,304.0,256.5,0.009210526315789473,0.375,0.01823607427055703
depth_near_ask,flow_impact,4,0,183,0.7978142076502732,2.519125683060109,305.0,1305.0,374.0,-0.5,0.0015664160401002505,-0.0
depth_near_ask,flow_impact,4,1,217,0.7972350230414746,2.827188940092166,305.0,1117.0,375.0,0.0015723270440251573,0.003232758620689655,0.00234375
depth_near_ask,flow_impact,4,2,132,0.8484848484848485,3.2007575757575757,304.0,1227.0,352.0,0.0032407407407407406,0.005154639175257732,0.003968253968253968
depth_near_ask,flow_impact,4,3,48,0.8541666666666666,3.4895833333333335,306.0,709.0,348.0,0.005319148936170213,0.008670520231213872,0.006505922165820643
depth_near_ask,flow_impact,4,4,41,0.7560975609756098,3.6341463414634148,305.0,557.0,350.0,0.009375,0.3333333333333333,0.014705882352941176
depth_near_ask,absorption_ratio,0,0,238,0.8865546218487395,10.288865546218487,4.0,126.0,79.5,2.4545454545454546,87.71428571428571,54.0
depth_near_ask,absorption_ratio,0,1,113,0.9292035398230089,11.307522123893806,19.0,126.0,93.0,87.73333333333333,132.0,106.14285714285714
depth_near_ask,absorption_ratio,0,2,76,0.9210526315789473,9.042763157894736,23.0,124.0,95.0,132.46153846153845,188.28571428571428,157.63157894736844
depth_near_ask,absorption_ratio,0,3,69,0.9130434782608695,9.579710144927537,17.0,125.0,100.0,190.6,322.6666666666667,246.28571428571428
depth_near_ask,absorption_ratio,0,4,105,0.9238095238095239,8.864285714285714,7.0,126.0,90.0,326.0,4618.0,566.6666666666666
depth_near_ask,absorption_ratio,1,0,137,0.9124087591240876,5.302919708029197,126.0,182.0,155.0,14.0,87.6,70.17391304347827
depth_near_ask,absorption_ratio,1,1,129,0.8914728682170543,5.9186046511627906,127.0,182.0,153.0,87.8,132.0,109.14285714285714
depth_near_ask,absorption_ratio,1,2,124,0.9354838709677419,6.497983870967742,126.0,182.0,155.0,132.2,188.58823529411765,152.6
depth_near_ask,absorption_ratio,1,3,108,0.9166666666666666,5.868055555555555,127.0,182.0,161.0,189.27272727272728,319.1,238.88888888888889
depth_near_ask,absorption_ratio,1,4,103,0.941747572815534,6.444174757281553,126.0,182.0,160.0,326.0,3392.0,614.0
depth_near_ask,absorption_ratio,2,0,104,0.9134615384615384,4.110576923076923,182.0,236.0,212.0,21.2,87.66666666666667,69.44545454545454
depth_near_ask,absorption_ratio,2,1,146,0.8287671232876712,4.030821917808219,182.0,235.0,209.0,88.0,131.65217391304347,108.16111111111111
depth_near_ask,absorption_ratio,2,2,113,0.8584070796460177,4.548672566371682,182.0,235.0,206.0,132.5,188.66666666666666,157.5
depth_near_ask,absorption_ratio,2,3,109,0.8623853211009175,5.073394495412844,182.0,235.0,212.0,188.75,322.0,237.75
depth_near_ask,absorption_ratio,2,4,129,0.9069767441860465,5.226744186046512,182.0,236.0,208.0,324.4,4258.0,488.6666666666667
depth_near_ask,absorption_ratio,3,0,74,0.7702702702702703,3.0945945945945947,236.0,302.0,263.0,22.0,87.06666666666666,68.0909090909091
depth_near_ask,absorption_ratio,3,1,110,0.8090909090909091,3.4954545454545456,236.0,303.0,265.0,87.8,132.1818181818182,106.97619047619048
depth_near_ask,absorption_ratio,3,2,157,0.8853503184713376,3.7070063694267517,236.0,304.0,263.0,132.5,188.0,158.0
depth_near_ask,absorption_ratio,3,3,146,0.8356164383561644,3.7482876712328768,236.0,303.0,262.5,189.6,322.0,243.075
depth_near_ask,absorption_ratio,3,4,114,0.8508771929824561,4.087719298245614,236.0,304.0,264.0,324.0,2744.0,494.4125
depth_near_ask,absorption_ratio,4,0,48,0.7916666666666666,2.5104166666666665,304.0,1227.0,358.0,46.0,86.5,71.25
depth_near_ask,absorption_ratio,4,1,103,0.8155339805825242,3.116504854368932,304.0,817.0,358.0,88.0,132.0,114.33333333333333
depth_near_ask,absorption_ratio,4,2,131,0.7709923664122137,2.5400763358778624,304.0,1117.0,359.0,132.33333333333334,188.5,157.66666666666666
depth_near_ask,absorption_ratio,4,3,169,0.8284023668639053,3.1301775147928996,304.0,620.0,372.0,188.83333333333334,322.5,244.28571428571428
depth_near_ask,absorption_ratio,4,4,150,0.8066666666666666,2.98,306.0,1273.0,373.5,324.0,3836.0,502.25
depth_near_ask,microprice_pressure,0,0,85,0.8823529411764706,15.079411764705883,12.0,126.0,86.0,-0.42307692307804246,-0.06756756756840332,-0.14705882352912644
depth_near_ask,microprice_pressure,0,1,70,0.8714285714285714,8.735714285714286,24.0,126.0,94.0,-0.0666666666669092,-0.014705882353155175,-0.040270270270411856
depth_near_ask,microprice_pressure,0,2,116,0.8793103448275862,9.385775862068966,16.0,126.0,96.0,-0.012820512820326257,0.027027027026633732,0.010915994304923515
depth_near_ask,microprice_pressure,0,3,124,0.9032258064516129,9.633064516129032,11.0,126.0,92.5,0.027472527472127695,0.08024691358029183,0.04915769124515161
depth_near_ask,microprice_pressure,0,4,227,0.9295154185022027,8.559471365638766,4.0,127.0,85.0,0.08139534883775923,0.45890410958903277,0.14705882352936897
depth_near_ask,microprice_pressure,1,0,96,0.9166666666666666,7.265625,127.0,183.0,161.5,-0.4152542372885364,-0.06818181818137721,-0.11213235294159554
depth_near_ask,microprice_pressure,1,1,114,0.9210526315789473,5.673245614035087,127.0,182.0,160.5,-0.06470588235242758,-0.013761467889708001,-0.03302180685341227
depth_near_ask,microprice_pressure,1,2,129,0.9069767441860465,5.674418604651163,127.0,183.0,158.0,-0.013157894736650633,0.027027027026633732,0.00925925925912452
depth_near_ask,microprice_pressure,1,3,129,0.9069767441860465,5.397286821705427,127.0,183.0,156.0,0.027272727272550885,0.08064516129040082,0.05238095238109963
depth_near_ask,microprice_pressure,1,4,154,0.9090909090909091,5.832792207792208,127.0,182.0,154.0,0.0813953488371529,0.40875232774730347,0.11721611721562415
depth_near_ask,microprice_pressure,2,0,94,0.9148936170212766,5.492021276595745,184.0,236.0,212.0,-0.4242424242420384,-0.06999999999970896,-0.11152570480893094
depth_near_ask,microprice_pressure,2,1,129,0.875968992248062,4.137596899224806,183.0,236.0,214.0,-0.06756756756779699,-0.013513513513316866,-0.03508771929773502
depth_near_ask,microprice_pressure,2,2,131,0.916030534351145,4.709923664122138,183.0,236.0,209.0,-0.013274336283454128,0.027131782945313414,0.004201680672849761
depth_near_ask,microprice_pressure,2,3,150,0.8266666666666667,3.941666666666667,183.0,236.0,212.0,0.027272727272550885,0.08088235294174713,0.05019379844998184
depth_near_ask,microprice_pressure,2,4,117,0.8376068376068376,4.989316239316239,183.0,236.0,209.0,0.08088235294174713,0.4160305343514968,0.11744966442893201
depth_near_ask,microprice_pressure,3,0,122,0.8442622950819673,4.209016393442623,236.0,304.0,266.5,-0.4770114942530199,-0.06862745098017815,-0.10779746835457141
depth_near_ask,microprice_pressure,3,1,155,0.832258064516129,3.7548387096774194,237.0,304.0,264.0,-0.0671641791050206,-0.013513513513316866,-0.03237410071960767
depth_near_ask,microprice_pressure,3,2,126,0.8412698412698413,3.630952380952381,236.0,304.0,264.0,-0.013089005235087825,0.027027027026633732,0.006172839506083013
depth_near_ask,microprice_pressure,3,3,129,0.8527131782945736,3.61046511627907,237.0,304.0,264.0,0.027607361962509458,0.08064516129040082,0.04922279792784442
depth_near_ask,microprice_pressure,3,4,90,0.8333333333333334,3.138888888888889,237.0,303.0,265.5,0.08203125,0.4166666666666667,0.11598988150732717
depth_near_ask,microprice_pressure,4,0,225,0.8133333333333334,3.34,305.0,1227.0,375.0,-0.40604026845661184,-0.06830601092951838,-0.11065573770489816
depth_near_ask,microprice_pressure,4,1,154,0.7532467532467533,2.6314935064935066,304.0,1117.0,367.0,-0.06756756756779699,-0.013274336283454128,-0.04045660567377733
depth_near_ask,microprice_pressure,4,2,119,0.8487394957983193,2.680672268907563,304.0,1305.0,357.0,-0.013227513227320742,0.026946107784169726,0.005050505050652039
depth_near_ask,microprice_pressure,4,3,90,0.8222222222222222,2.763888888888889,305.0,532.0,363.5,0.027777777777373558,0.08064516129040082,0.04897540197210522
depth_near_ask,microprice_pressure,4,4,33,0.8787878787878788,2.696969696969697,309.0,709.0,353.0,0.08333333333333333,0.3742690058473575,0.10888888888803194
depth_near_ask,cvd_acceleration,0,0,114,0.9210526315789473,13.096491228070175,3.0,125.0,90.5,-272.7333333333333,-29.099999999999998,-46.15
depth_near_ask,cvd_acceleration,0,1,146,0.9041095890410958,8.248287671232877,9.0,126.0,95.0,-28.89999999999999,-9.633333333333333,-18.466666666666665
depth_near_ask,cvd_acceleration,0,2,160,0.85625,7.9359375,16.0,126.0,83.5,-9.299999999999997,5.0,-2.3333333333333326
depth_near_ask,cvd_acceleration,0,3,111,0.918918918918919,10.468468468468469,11.0,126.0,89.0,5.033333333333333,24.53333333333333,12.066666666666666
depth_near_ask,cvd_acceleration,0,4,95,0.9473684210526315,10.705263157894738,8.0,126.0,90.0,24.799999999999997,287.9666666666667,51.199999999999996
depth_near_ask,cvd_acceleration,1,0,133,0.9398496240601504,6.565789473684211,127.0,182.0,158.0,-326.9,-28.933333333333337,-43.8
depth_near_ask,cvd_acceleration,1,1,130,0.9,4.832692307692308,126.0,182.0,156.0,-28.833333333333336,-9.466666666666667,-19.666666666666668
depth_near_ask,cvd_acceleration,1,2,125,0.896,5.28,127.0,182.0,154.0,-9.433333333333334,4.933333333333334,-2.9
depth_near_ask,cvd_acceleration,1,3,129,0.9069767441860465,6.292635658914729,128.0,182.0,157.0,5.0,24.566666666666666,14.466666666666667
depth_near_ask,cvd_acceleration,1,4,109,0.926605504587156,6.821100917431193,126.0,182.0,161.0,24.933333333333334,294.4333333333333,43.46666666666667
depth_near_ask,cvd_acceleration,2,0,140,0.8785714285714286,4.742857142857143,183.0,236.0,209.0,-311.6333333333333,-28.966666666666665,-46.3
depth_near_ask,cvd_acceleration,2,1,133,0.9097744360902256,4.06015037593985,183.0,236.0,211.0,-28.566666666666666,-9.5,-17.766666666666666
depth_near_ask,cvd_acceleration,2,2,125,0.808,4.41,183.0,236.0,212.0,-9.433333333333332,4.566666666666666,-2.5999999999999996
depth_near_ask,cvd_acceleration,2,3,121,0.8760330578512396,4.931818181818182,183.0,236.0,208.0,5.0,23.46666666666667,12.8
depth_near_ask,cvd_acceleration,2,4,106,0.8679245283018868,4.761792452830188,182.0,236.0,212.0,25.233333333333334,220.1,42.63333333333333
depth_near_ask,cvd_acceleration,3,0,142,0.8661971830985915,3.397887323943662,237.0,303.0,264.5,-312.6666666666667,-29.46666666666667,-48.81666666666667
depth_near_ask,cvd_acceleration,3,1,122,0.8114754098360656,3.4057377049180326,236.0,304.0,260.0,-28.13333333333333,-9.866666666666667,-17.833333333333332
depth_near_ask,cvd_acceleration,3,2,111,0.8648648648648649,3.434684684684685,236.0,304.0,268.0,-9.366666666666667,4.800000000000001,-1.1999999999999993
depth_near_ask,cvd_acceleration,3,3,121,0.8677685950413223,3.809917355371901,236.0,304.0,265.0,5.366666666666666,24.333333333333332,13.366666666666664
depth_near_ask,cvd_acceleration,3,4,130,0.7923076923076923,4.492307692307692,237.0,304.0,267.0,24.83333333333333,407.93333333333334,47.483333333333334
depth_near_ask,cvd_acceleration,4,0,97,0.8247422680412371,3.020618556701031,304.0,1305.0,370.0,-383.53333333333336,-29.166666666666668,-49.33333333333333
depth_near_ask,cvd_acceleration,4,1,95,0.8315789473684211,2.431578947368421,305.0,1170.0,350.0,-27.666666666666668,-9.433333333333334,-18.266666666666666
depth_near_ask,cvd_acceleration,4,2,104,0.8461538461538461,2.9350961538461537,304.0,601.0,348.5,-9.433333333333332,4.833333333333336,-0.5666666666666664
depth_near_ask,cvd_acceleration,4,3,144,0.75,2.6284722222222223,304.0,1117.0,364.0,5.299999999999999,24.53333333333333,14.816666666666666
depth_near_ask,cvd_acceleration,4,4,185,0.8162162162162162,3.3094594594594593,305.0,1273.0,381.0,24.800000000000004,737.2666666666667,46.5
depth_near_ask,trade_sign_autocorr_60s,0,0,347,0.9135446685878963,12.069884726224783,3.0,126.0,73.0,-0.09759000729485333,0.878218035380426,0.8377952117468678
depth_near_ask,trade_sign_autocorr_60s,0,1,138,0.9057971014492754,6.994565217391305,9.0,126.0,101.0,0.8782916874076097,0.8994050515986111,0.8887659025909103
depth_near_ask,trade_sign_autocorr_60s,0,2,68,0.8676470588235294,6.786764705882353,30.0,126.0,102.0,0.8997552877959736,0.9133699636294862,0.9064195546537752
depth_near_ask,trade_sign_autocorr_60s,0,3,48,0.9166666666666666,8.760416666666666,9.0,127.0,108.5,0.9137684913004381,0.9267086717591521,0.9186932497006293
depth_near_ask,trade_sign_autocorr_60s,0,4,24,0.875,4.666666666666667,45.0,127.0,110.0,0.9273729156238228,0.9971126921000345,0.9380699517504176
depth_near_ask,trade_sign_autocorr_60s,1,0,99,0.8787878787878788,6.411616161616162,127.0,181.0,152.0,0.6267696267696271,0.8781145633033103,0.8617624596511979
depth_near_ask,trade_sign_autocorr_60s,1,1,137,0.927007299270073,6.37956204379562,127.0,182.0,160.0,0.8784952962931581,0.8995254508431983,0.8900399192588583
depth_near_ask,trade_sign_autocorr_60s,1,2,176,0.9375,6.1477272727272725,127.0,183.0,157.5,0.8995865833485289,0.9136639248447409,0.9071679127901905
depth_near_ask,trade_sign_autocorr_60s,1,3,131,0.9007633587786259,5.206106870229007,128.0,182.0,155.0,0.9138474778758309,0.927211765302968,0.920148372004644
depth_near_ask,trade_sign_autocorr_60s,1,4,81,0.9012345679012346,5.444444444444445,127.0,182.0,167.0,0.927355853483879,0.9566643441021023,0.9368547672969373
depth_near_ask,trade_sign_autocorr_60s,2,0,62,0.8225806451612904,5.044354838709677,184.0,236.0,206.0,0.4402946308173513,0.8781686985011912,0.8617843134272276
depth_near_ask,trade_sign_autocorr_60s,2,1,101,0.8415841584158416,4.618811881188119,183.0,236.0,204.0,0.8784471500567768,0.8994633990078229,0.8914244143443067
depth_near_ask,trade_sign_autocorr_60s,2,2,134,0.9029850746268657,4.843283582089552,183.0,236.0,214.0,0.8996343090191873,0.9136657084702788,0.9066178729068259
depth_near_ask,trade_sign_autocorr_60s,2,3,167,0.8922155688622755,4.735029940119761,183.0,236.0,210.0,0.9138020069026008,0.9272512077294699,0.9199487619895839
depth_near_ask,trade_sign_autocorr_60s,2,4,161,0.8633540372670807,4.017080745341615,183.0,236.0,212.0,0.9274061552496834,0.9650145029165226,0.9366831893888428
depth_near_ask,trade_sign_autocorr_60s,3,0,44,0.8181818181818182,4.607954545454546,237.0,304.0,262.5,0.6601307189542481,0.8782260770211459,0.8675418193020145
depth_near_ask,trade_sign_autocorr_60s,3,1,111,0.8828828828828829,4.112612612612613,237.0,304.0,269.0,0.8783076625636438,0.8995392838771802,0.8916606311143846
depth_near_ask,trade_sign_autocorr_60s,3,2,130,0.8307692307692308,3.5673076923076925,237.0,304.0,264.0,0.8995596561123912,0.9137557144531679,0.9069212695211025
depth_near_ask,trade_sign_autocorr_60s,3,3,143,0.8391608391608392,3.694055944055944,236.0,304.0,267.0,0.9139391642187074,0.9273024252129685,0.9201966099065914
depth_near_ask,trade_sign_autocorr_60s,3,4,196,0.826530612244898,3.3469387755102042,236.0,304.0,262.0,0.9274331268268172,0.9737612916075934,0.93858047540021
depth_near_ask,trade_sign_autocorr_60s,4,0,73,0.8356164383561644,3.160958904109589,304.0,1111.0,361.0,0.1698806975059769,0.8782587399349803,0.8679468610278361
depth_near_ask,trade_sign_autocorr_60s,4,1,137,0.8394160583941606,2.795620437956204,305.0,1170.0,366.0,0.8782695350366768,0.8994834566522417,0.8894421702658916
depth_near_ask,trade_sign_autocorr_60s,4,2,117,0.8461538461538461,3.269230769230769,304.0,1305.0,365.0,0.8998933258155382,0.9135591153870638,0.90815104686741
depth_near_ask,trade_sign_autocorr_60s,4,3,135,0.762962962962963,2.8685185185185187,305.0,1273.0,374.0,0.9138951911903107,0.9272787943844172,0.9204516343099753
depth_near_ask,trade_sign_autocorr_60s,4,4,162,0.7839506172839507,2.683641975308642,305.0,1227.0,364.0,0.927350478421248,0.966398800176487,0.9370875665072604
queue_imbalance_std_5s,cancel_rate_ask,0,0,332,0.7168674698795181,2.365210843373494,0.0,0.07335128700889335,0.0474212468169571,0.0,1.2,0.4
queue_imbalance_std_5s,cancel_rate_ask,0,1,180,0.8444444444444444,3.2555555555555555,0.022043213043088216,0.07327252604458291,0.057664615829872354,1.2,2.2,1.6
queue_imbalance_std_5s,cancel_rate_ask,0,2,73,0.7397260273972602,3.037671232876712,0.031115628154736168,0.07323292700009158,0.06245642341979005,2.4,3.8,3.0
queue_imbalance_std_5s,cancel_rate_ask,0,3,36,0.8611111111111112,4.881944444444445,0.03584735934339411,0.07322447054940938,0.06339934946966215,4.0,6.0,4.6
queue_imbalance_std_5s,cancel_rate_ask,0,4,3,1.0,4.0,0.0717999471066263,0.07285223437972821,0.07275292277869323,7.8,10.0,9.6
queue_imbalance_std_5s,cancel_rate_ask,1,0,139,0.8345323741007195,3.023381294964029,0.07343457428384424,0.10428293716068011,0.0858448855493405,0.0,1.2,0.6
queue_imbalance_std_5s,cancel_rate_ask,1,1,181,0.8839779005524862,3.6712707182320443,0.073362966850013,0.10437633499959362,0.08760307395673574,1.2,2.2,1.6
queue_imbalance_std_5s,cancel_rate_ask,1,2,158,0.8670886075949367,3.8813291139240507,0.07343408988803643,0.10455608551752815,0.08947316877761045,2.4,3.8,3.0
queue_imbalance_std_5s,cancel_rate_ask,1,3,105,0.9428571428571428,5.3238095238095235,0.07346353334047279,0.10446511573261655,0.09083963749641558,3.8,6.8,4.8
queue_imbalance_std_5s,cancel_rate_ask,1,4,41,0.9512195121951219,8.49390243902439,0.07353356549137247,0.10366534499366901,0.09386228596355967,6.8,86.2,9.2
queue_imbalance_std_5s,cancel_rate_ask,2,0,89,0.8876404494382022,3.2668539325842696,0.10471299170138962,0.13970913889547695,0.11925187239699689,0.0,1.2,0.6
queue_imbalance_std_5s,cancel_rate_ask,2,1,134,0.8582089552238806,4.391791044776119,0.10484306756888032,0.13994247255257908,0.12308554488427426,1.2,2.2,1.6
queue_imbalance_std_5s,cancel_rate_ask,2,2,154,0.8571428571428571,4.357142857142857,0.10456459424597356,0.13974645116891496,0.12216304924088148,2.4,3.8,3.2
queue_imbalance_std_5s,cancel_rate_ask,2,3,170,0.9,5.594117647058823,0.10478100983353891,0.14001902363232738,0.12160487674704609,3.8,6.8,5.0
queue_imbalance_std_5s,cancel_rate_ask,2,4,77,0.9090909090909091,6.779220779220779,0.10470354389480838,0.13824719597261104,0.12519907483552264,6.8,95.8,9.0
queue_imbalance_std_5s,cancel_rate_ask,3,0,46,0.8478260869565217,3.3369565217391304,0.1407954908835617,0.19381062265570256,0.1575149093995019,0.0,1.2,0.8
queue_imbalance_std_5s,cancel_rate_ask,3,1,86,0.872093023255814,4.531976744186046,0.14100882762855962,0.1942874156948891,0.15875899105696098,1.2,2.2,1.8
queue_imbalance_std_5s,cancel_rate_ask,3,2,148,0.8986486486486487,4.663851351351352,0.14052058879391824,0.1942101928439594,0.16412570515651484,2.2,3.8,3.2
queue_imbalance_std_5s,cancel_rate_ask,3,3,170,0.8705882352941177,6.386764705882353,0.14040559863710297,0.19464679791793146,0.1650275820338341,3.8,6.8,5.300000000000001
queue_imbalance_std_5s,cancel_rate_ask,3,4,174,0.9195402298850575,8.352011494252874,0.14007582942596694,0.19425791644394533,0.17084806782546452,6.8,85.8,9.8
queue_imbalance_std_5s,cancel_rate_ask,4,0,18,0.7222222222222222,2.875,0.1965914980991512,0.30172825932974434,0.2485121738895828,0.2,1.2,0.6
queue_imbalance_std_5s,cancel_rate_ask,4,1,43,0.8837209302325582,4.761627906976744,0.1948138140293511,0.3472748301075238,0.2212603039920235,1.2,2.2,1.8
queue_imbalance_std_5s,cancel_rate_ask,4,2,91,0.8681318681318682,4.799450549450549,0.19588918566132651,0.49756515381649996,0.23115749839262437,2.4,3.8,3.2
queue_imbalance_std_5s,cancel_rate_ask,4,3,143,0.9370629370629371,7.318181818181818,0.19484012567907769,0.39296879009274904,0.2324793560319956,3.8,6.8,5.2
queue_imbalance_std_5s,cancel_rate_ask,4,4,329,0.9422492401215805,11.887537993920972,0.19496424942370844,0.5284150918131977,0.25577549718371184,6.8,222.2,13.0
queue_imbalance_std_5s,cancel_ratio,0,0,284,0.7535211267605634,2.4507042253521125,0.0,0.07335128700889335,0.048647647929502935,0.0,0.030303030303030304,0.016673848677351645
queue_imbalance_std_5s,cancel_ratio,0,1,156,0.7948717948717948,3.2756410256410255,0.01727437467040872,0.07323292700009158,0.05712807397097053,0.030303030303030304,0.045454545454545456,0.037785235728942615
queue_imbalance_std_5s,cancel_ratio,0,2,97,0.7938144329896907,3.077319587628866,0.014856146905545537,0.07327252604458291,0.058030219018064655,0.045454545454545456,0.05904761904761905,0.05228031145717464
queue_imbalance_std_5s,cancel_ratio,0,3,57,0.7894736842105263,3.232456140350877,0.026226623172401185,0.07322447054940938,0.0599836476376241,0.0594059405940594,0.08016877637130802,0.06659142212189616
queue_imbalance_std_5s,cancel_ratio,0,4,30,0.6,3.033333333333333,0.0,0.07297382304692308,0.05388758061778366,0.08064516129032258,0.4123173277661795,0.10274622975237385
queue_imbalance_std_5s,cancel_ratio,1,0,157,0.8343949044585988,3.417197452229299,0.07343457428384424,0.10455608551752815,0.08751029104011245,0.003937007874015748,0.030211480362537766,0.019851116625310174
queue_imbalance_std_5s,cancel_ratio,1,1,157,0.9235668789808917,3.950636942675159,0.073362966850013,0.10407278242524563,0.08636298923904027,0.030303030303030304,0.04504504504504504,0.038560411311053984
queue_imbalance_std_5s,cancel_ratio,1,2,148,0.8986486486486487,3.8260135135135136,0.07341192675154985,0.10455507627566861,0.08901042792253552,0.04548789435069699,0.05894736842105263,0.05114159516406677
queue_imbalance_std_5s,cancel_ratio,1,3,105,0.8476190476190476,4.7785714285714285,0.07346353334047279,0.10446511573261655,0.09165129719914596,0.0592,0.07993730407523511,0.0661764705882353
queue_imbalance_std_5s,cancel_ratio,1,4,57,0.9298245614035088,6.675438596491228,0.07353356549137247,0.10407963242926828,0.09252358314199345,0.08036890645586298,0.3218475073313783,0.09737827715355805
queue_imbalance_std_5s,cancel_ratio,2,0,105,0.8952380952380953,3.6095238095238096,0.10471299170138962,0.13970913889547695,0.12063304689306772,0.004807692307692308,0.030206677265500796,0.021897810218978103
queue_imbalance_std_5s,cancel_ratio,2,1,154,0.8636363636363636,3.987012987012987,0.10456459424597356,0.1398734547565807,0.11993263346721285,0.030303030303030304,0.045454545454545456,0.03859510013827221
queue_imbalance_std_5s,cancel_ratio,2,2,152,0.8947368421052632,4.875,0.10470354389480838,0.14001902363232738,0.12312477339295591,0.045454545454545456,0.05913272010512484,0.051185805960294976
queue_imbalance_std_5s,cancel_ratio,2,3,131,0.8702290076335878,5.958015267175573,0.10491976609066721,0.13940600382431678,0.12294030641073608,0.059147180192572216,0.08029197080291971,0.0698005698005698
queue_imbalance_std_5s,cancel_ratio,2,4,82,0.8780487804878049,6.204268292682927,0.10473000381098435,0.13994247255257908,0.12361351514945154,0.08088235294117647,0.35066079295154184,0.10147749645953508
queue_imbalance_std_5s,cancel_ratio,3,0,55,0.8545454545454545,3.709090909090909,0.1407954908835617,0.1942874156948891,0.15903969668115306,0.005917159763313609,0.03024193548387097,0.02268760907504363
queue_imbalance_std_5s,cancel_ratio,3,1,107,0.8785046728971962,4.168224299065421,0.14075738455348627,0.1942101928439594,0.1628827149522796,0.030534351145038167,0.04535637149028078,0.038636363636363635
queue_imbalance_std_5s,cancel_ratio,3,2,139,0.8633093525179856,5.836330935251799,0.14040559863710297,0.1943514628969582,0.16266597572963543,0.04557405784399649,0.05910735826296743,0.05257510729613734
queue_imbalance_std_5s,cancel_ratio,3,3,164,0.8658536585365854,6.679878048780488,0.1412299423164569,0.19464679791793146,0.1664634837150353,0.059371362048894066,0.08027282266526757,0.06917543557012248
queue_imbalance_std_5s,cancel_ratio,3,4,159,0.9559748427672956,7.64622641509434,0.14007582942596694,0.19399494831035285,0.16804392133223817,0.08031674208144797,0.2930591259640103,0.09780439121756487
queue_imbalance_std_5s,cancel_ratio,4,0,23,0.8695652173913043,4.369565217391305,0.1965914980991512,0.29877994256097506,0.23038883910310787,0.01015228426395939,0.03008849557522124,0.022774327122153208
queue_imbalance_std_5s,cancel_ratio,4,1,50,0.8,4.525,0.1948138140293511,0.44194616071832665,0.22256799231823923,0.0316622691292876,0.04516129032258064,0.03951924210278171
queue_imbalance_std_5s,cancel_ratio,4,2,88,0.9318181818181818,6.542613636363637,0.19484012567907769,0.49756515381649996,0.2291929272253173,0.045507584597432905,0.05910390848427073,0.053544078484401084
queue_imbalance_std_5s,cancel_ratio,4,3,167,0.9101796407185628,7.001497005988024,0.19588918566132651,0.4610199887329104,0.23490977914302844,0.05925925925925926,0.0802675585284281,0.06995884773662552
queue_imbalance_std_5s,cancel_ratio,4,4,296,0.9459459459459459,12.091216216216216,0.19496424942370844,0.5284150918131977,0.25743386922745093,0.08095238095238096,0.31936284110197155,0.10416859687089097
queue_imbalance_std_5s,z_anchor_vwap,0,0,105,0.8,3.2,0.005288752605819299,0.07327252604458291,0.05386536223414793,-226.39293192609574,-10.173673333280375,-16.309573253263263
queue_imbalance_std_5s,z_anchor_vwap,0,1,157,0.7898089171974523,3.0621019108280256,0.00583982986660394,0.07335128700889335,0.05533713191917238,-10.086451303562711,-4.021450861960761,-6.254861213287448
queue_imbalance_std_5s,z_anchor_vwap,0,2,139,0.7913669064748201,2.933453237410072,0.0,0.07321975077728614,0.055602311301213306,-4.003742044708784,-0.3165006858355552,-2.368875671737506
queue_imbalance_std_5s,z_anchor_vwap,0,3,135,0.6962962962962963,2.335185185185185,0.0,0.07323292700009158,0.05613711422159729,-0.29794357161320056,3.9980493070424488,1.1548438015168718
queue_imbalance_std_5s,z_anchor_vwap,0,4,88,0.75,2.7386363636363638,0.0040626235056318806,0.07295319051318594,0.053781227307146025,4.076088215414108,51.264403097749096,9.52132163016638
queue_imbalance_std_5s,z_anchor_vwap,1,0,102,0.8529411764705882,4.612745098039215,0.07343457428384424,0.10437633499959362,0.09092776402141572,-217.25738428378065,-10.191770810481135,-16.739312110149747
queue_imbalance_std_5s,z_anchor_vwap,1,1,139,0.9064748201438849,4.411870503597123,0.07346353334047279,0.10455507627566861,0.08860206442944109,-10.032823416886501,-4.0740808767625785,-6.762631802748883
queue_imbalance_std_5s,z_anchor_vwap,1,2,131,0.8702290076335878,3.7061068702290076,0.073362966850013,0.10440754686411796,0.08682217750890706,-3.928458481060537,-0.3901244837429763,-2.0379112826717525
queue_imbalance_std_5s,z_anchor_vwap,1,3,147,0.891156462585034,3.7551020408163267,0.07343408988803643,0.10455608551752815,0.08845796330524779,-0.283272819129197,3.964707548913529,1.5123714744629342
queue_imbalance_std_5s,z_anchor_vwap,1,4,105,0.8857142857142857,4.609523809523809,0.07353356549137247,0.10444214461759116,0.0912345508470182,4.155550058673285,341.2809055571951,11.618297501747737
queue_imbalance_std_5s,z_anchor_vwap,2,0,131,0.9236641221374046,5.833969465648855,0.10470354389480838,0.1398734547565807,0.12500071901919937,-329.72860769971425,-10.12651633746744,-17.957549871574837
queue_imbalance_std_5s,z_anchor_vwap,2,1,128,0.8828125,5.07421875,0.10456459424597356,0.13970755161776546,0.12210018078772658,-10.123267675529272,-4.011744628675111,-6.069931886107778
queue_imbalance_std_5s,z_anchor_vwap,2,2,123,0.8536585365853658,4.288617886178862,0.10471299170138962,0.14001902363232738,0.12183707859083921,-4.005667635893574,-0.3349414399591134,-2.074531740591764
queue_imbalance_std_5s,z_anchor_vwap,2,3,120,0.9,4.21875,0.10473000381098435,0.13994247255257908,0.12103150021162007,-0.30708590044016915,4.051740304797976,1.4203820025716904
queue_imbalance_std_5s,z_anchor_vwap,2,4,122,0.8360655737704918,4.719262295081967,0.1046050187815045,0.13958203313421522,0.11945631125390405,4.079742365007883,252.1769102740593,8.730050200521763
queue_imbalance_std_5s,z_anchor_vwap,3,0,137,0.9197080291970803,7.385036496350365,0.14007582942596694,0.1943514628969582,0.16804392133223817,-547.3154243611832,-10.133870273890679,-23.381207465421358
queue_imbalance_std_5s,z_anchor_vwap,3,1,109,0.8532110091743119,5.520642201834862,0.1412299423164569,0.1942874156948891,0.16289161392731,-10.04048354329272,-4.1497658810336135,-6.555362365082767
queue_imbalance_std_5s,z_anchor_vwap,3,2,113,0.9203539823008849,6.918141592920354,0.14040559863710297,0.19324733156888918,0.16010816251220247,-4.00900668859568,-0.33074544224091074,-2.1929732383708
queue_imbalance_std_5s,z_anchor_vwap,3,3,110,0.8909090909090909,5.322727272727272,0.14100882762855962,0.19464679791793146,0.16392879953054817,-0.25611714710693534,3.985164666958778,1.3061673665145086
queue_imbalance_std_5s,z_anchor_vwap,3,4,155,0.864516129032258,5.108064516129033,0.14052058879391824,0.1942101928439594,0.16526225761455898,4.057177768139474,343.88927693416946,12.604279296347874
queue_imbalance_std_5s,z_anchor_vwap,4,0,149,0.9395973154362416,8.796979865771812,0.1948138140293511,0.4588762772006175,0.24001382032490454,-335.9094443166101,-10.405909174631157,-23.655825923125253
queue_imbalance_std_5s,z_anchor_vwap,4,1,91,0.967032967032967,8.840659340659341,0.1965914980991512,0.5284150918131977,0.24151080889488985,-10.05762484722977,-4.027621898947002,-6.875267560343005
queue_imbalance_std_5s,z_anchor_vwap,4,2,118,0.9067796610169492,11.226694915254237,0.19543949674037436,0.46064452019734065,0.23538751333441052,-4.004179348370054,-0.33051208859100256,-2.1321443160623845
queue_imbalance_std_5s,z_anchor_vwap,4,3,112,0.9196428571428571,8.915178571428571,0.1950712922650231,0.49756515381649996,0.24462407919116022,-0.2930195671276374,4.011941498938436,1.257652067368301
queue_imbalance_std_5s,z_anchor_vwap,4,4,154,0.8831168831168831,7.871753246753247,0.19496424942370844,0.4841532796595595,0.2403385595558889,4.114599038003861,500.9351348995934,13.019586391519539
queue_imbalance_std_5s,distance_from_session_vwap_anchor,0,0,77,0.8311688311688312,3.668831168831169,0.005288752605819299,0.07327252604458291,0.058686594884249293,-51.0,-9.75,-17.0
queue_imbalance_std_5s,distance_from_session_vwap_anchor,0,1,160,0.775,2.9515625,0.00583982986660394,0.07335128700889335,0.05261815307866323,-9.5,-3.75,-5.75
queue_imbalance_std_5s,distance_from_session_vwap_anchor,0,2,166,0.7891566265060241,2.8569277108433737,0.0,0.07321975077728614,0.053878062508762856,-3.75,-0.25,-2.125
queue_imbalance_std_5s,distance_from_session_vwap_anchor,0,3,154,0.6948051948051948,2.311688311688312,0.0,0.07323292700009158,0.05516164915744892,-0.25,3.75,1.0
queue_imbalance_std_5s,distance_from_session_vwap_anchor,0,4,67,0.7761194029850746,2.921641791044776,0.0040626235056318806,0.07295319051318594,0.056235862313519784,4.0,27.5,9.5
queue_imbalance_std_5s,distance_from_session_vwap_anchor,1,0,94,0.8829787234042553,5.300531914893617,0.07378782175925457,0.10455507627566861,0.09199817937572077,-57.0,-9.75,-16.375
queue_imbalance_std_5s,distance_from_session_vwap_anchor,1,1,135,0.8962962962962963,4.062962962962963,0.07346353334047279,0.10440754686411796,0.08785274524953664,-9.75,-3.75,-6.25
queue_imbalance_std_5s,distance_from_session_vwap_anchor,1,2,141,0.851063829787234,3.5372340425531914,0.073362966850013,0.10423894833769748,0.08755150336444036,-3.75,-0.25,-2.0
queue_imbalance_std_5s,distance_from_session_vwap_anchor,1,3,149,0.9060402684563759,3.8540268456375837,0.07343408988803643,0.10455608551752815,0.08761383943446656,-0.25,3.75,1.25
queue_imbalance_std_5s,distance_from_session_vwap_anchor,1,4,105,0.8761904761904762,4.623809523809523,0.07353356549137247,0.10446511573261655,0.09167615217233444,4.0,80.0,9.25
queue_imbalance_std_5s,distance_from_session_vwap_anchor,2,0,131,0.9007633587786259,6.263358778625954,0.10470354389480838,0.13974645116891496,0.12382258349710608,-43.0,-9.75,-16.25
queue_imbalance_std_5s,distance_from_session_vwap_anchor,2,1,130,0.9076923076923077,4.7288461538461535,0.10456459424597356,0.1398734547565807,0.12210373167515945,-9.5,-3.75,-5.75
queue_imbalance_std_5s,distance_from_session_vwap_anchor,2,2,119,0.8571428571428571,3.995798319327731,0.10471299170138962,0.14001902363232738,0.12228907618945235,-3.75,-0.25,-1.75
queue_imbalance_std_5s,distance_from_session_vwap_anchor,2,3,120,0.875,4.189583333333333,0.10473000381098435,0.13994247255257908,0.12039218395449475,-0.25,3.75,1.25
queue_imbalance_std_5s,distance_from_session_vwap_anchor,2,4,124,0.8548387096774194,4.917338709677419,0.1046050187815045,0.13958203313421522,0.12012898301461825,4.0,36.75,10.375
queue_imbalance_std_5s,distance_from_session_vwap_anchor,3,0,146,0.9178082191780822,8.297945205479452,0.14007582942596694,0.1943514628969582,0.1657036238409043,-64.25,-9.75,-18.0
queue_imbalance_std_5s,distance_from_session_vwap_anchor,3,1,110,0.8727272727272727,5.363636363636363,0.1412299423164569,0.1942874156948891,0.16275870599577102,-9.5,-3.75,-6.5
queue_imbalance_std_5s,distance_from_session_vwap_anchor,3,2,104,0.8846153846153846,5.141826923076923,0.14040559863710297,0.19399494831035285,0.16282107609807214,-3.75,-0.25,-1.75
queue_imbalance_std_5s,distance_from_session_vwap_anchor,3,3,104,0.9134615384615384,5.233173076923077,0.14100882762855962,0.19464679791793146,0.16334519020818733,-0.25,3.75,0.875
queue_imbalance_std_5s,distance_from_session_vwap_anchor,3,4,160,0.8625,5.575,0.14052058879391824,0.1942101928439594,0.1650199725638203,4.0,58.75,10.375
queue_imbalance_std_5s,distance_from_session_vwap_anchor,4,0,176,0.9602272727272727,12.322443181818182,0.19484012567907769,0.5284150918131977,0.24795111814479392,-131.75,-9.75,-18.875
queue_imbalance_std_5s,distance_from_session_vwap_anchor,4,1,89,0.9101123595505618,7.207865168539326,0.1948138140293511,0.46064452019734065,0.24300818304753136,-9.5,-3.75,-6.25
queue_imbalance_std_5s,distance_from_session_vwap_anchor,4,2,94,0.9042553191489362,6.75531914893617,0.19543949674037436,0.43863390027780463,0.23078458685914277,-3.75,-0.25,-1.0
queue_imbalance_std_5s,distance_from_session_vwap_anchor,4,3,97,0.9175257731958762,7.992268041237113,0.1950712922650231,0.49756515381649996,0.24159816335931047,-0.25,3.5,0.75
queue_imbalance_std_5s,distance_from_session_vwap_anchor,4,4,168,0.8928571428571429,8.513392857142858,0.19496424942370844,0.4841532796595595,0.23844107899572953,4.0,75.25,15.0
queue_imbalance_std_5s,bid_depth_curvature,0,0,223,0.7847533632286996,2.6278026905829597,0.00583982986660394,0.07335128700889335,0.050323646995276985,-53.25,-17.5,-21.875
queue_imbalance_std_5s,bid_depth_curvature,0,1,152,0.7894736842105263,2.700657894736842,0.005288752605819299,0.07323292700009158,0.055007901915810356,-17.5,-13.125,-15.125
queue_imbalance_std_5s,bid_depth_curvature,0,2,127,0.7165354330708661,2.7716535433070866,0.0040626235056318806,0.07308003227032853,0.05529370019317908,-13.0,-9.75,-11.375
queue_imbalance_std_5s,bid_depth_curvature,0,3,97,0.8247422680412371,3.783505154639175,0.003293155804436834,0.07327252604458291,0.05834440242461437,-9.75,-6.875,-8.75
queue_imbalance_std_5s,bid_depth_curvature,0,4,25,0.48,2.61,0.0,0.07268512744703885,0.061489370968414586,-6.75,-1.0,-5.125
queue_imbalance_std_5s,bid_depth_curvature,1,0,154,0.8766233766233766,3.4740259740259742,0.07345430817700889,0.10455608551752815,0.08791310900035525,-66.25,-17.5,-20.9375
queue_imbalance_std_5s,bid_depth_curvature,1,1,152,0.8223684210526315,3.2845394736842106,0.07346353334047279,0.10455507627566861,0.0900453578056276,-17.5,-13.0,-14.875
queue_imbalance_std_5s,bid_depth_curvature,1,2,141,0.8652482269503546,3.776595744680851,0.073362966850013,0.10375967029147222,0.08794914145233275,-13.0,-9.75,-11.5
queue_imbalance_std_5s,bid_depth_curvature,1,3,117,0.9572649572649573,4.448717948717949,0.07341192675154985,0.10438067102949233,0.08863643413650227,-9.75,-6.875,-8.375
queue_imbalance_std_5s,bid_depth_curvature,1,4,60,0.95,8.633333333333333,0.07379652692172213,0.10446511573261655,0.09437188224689788,-6.75,-0.375,-5.625
queue_imbalance_std_5s,bid_depth_curvature,2,0,116,0.8448275862068966,3.6314655172413794,0.1046050187815045,0.13955044641402042,0.12391287881582085,-54.25,-17.5,-20.6875
queue_imbalance_std_5s,bid_depth_curvature,2,1,139,0.8561151079136691,4.086330935251799,0.10471299170138962,0.13974645116891496,0.12008304890674067,-17.5,-13.125,-15.0
queue_imbalance_std_5s,bid_depth_curvature,2,2,145,0.9172413793103448,5.086206896551724,0.10456459424597356,0.14001902363232738,0.1219525645435303,-13.0,-9.75,-11.25
queue_imbalance_std_5s,bid_depth_curvature,2,3,132,0.8787878787878788,5.71969696969697,0.10470354389480838,0.13994247255257908,0.12147245340905438,-9.75,-6.875,-8.25
queue_imbalance_std_5s,bid_depth_curvature,2,4,92,0.9021739130434783,5.885869565217392,0.10484306756888032,0.1398903582013779,0.1251468340950302,-6.75,-1.5,-5.25
queue_imbalance_std_5s,bid_depth_curvature,3,0,85,0.8470588235294118,4.220588235294118,0.14040559863710297,0.19324733156888918,0.16237676524935515,-54.75,-17.625,-20.875
queue_imbalance_std_5s,bid_depth_curvature,3,1,120,0.925,4.960416666666666,0.1407954908835617,0.1942874156948891,0.1639593284421529,-17.375,-13.0,-14.5
queue_imbalance_std_5s,bid_depth_curvature,3,2,110,0.8545454545454545,5.4818181818181815,0.1410113624904792,0.1943514628969582,0.1643036559626907,-13.0,-9.75,-11.0625
queue_imbalance_std_5s,bid_depth_curvature,3,3,136,0.8823529411764706,6.202205882352941,0.14052058879391824,0.19381062265570256,0.16109286707312623,-9.75,-6.875,-8.0
queue_imbalance_std_5s,bid_depth_curvature,3,4,173,0.9132947976878613,7.930635838150289,0.14007582942596694,0.19464679791793146,0.16720535259765826,-6.875,10.625,-5.25
queue_imbalance_std_5s,bid_depth_curvature,4,0,46,0.9130434782608695,4.978260869565218,0.1948138140293511,0.3193431839337603,0.2312986142154137,-47.125,-17.5,-20.125
queue_imbalance_std_5s,bid_depth_curvature,4,1,61,0.8524590163934426,6.020491803278689,0.19543949674037436,0.49756515381649996,0.2315625009065817,-17.375,-13.125,-14.625
queue_imbalance_std_5s,bid_depth_curvature,4,2,101,0.8910891089108911,6.2227722772277225,0.1960569166842755,0.44194616071832665,0.22693934122334636,-13.0,-9.75,-11.125
queue_imbalance_std_5s,bid_depth_curvature,4,3,142,0.9436619718309859,7.306338028169014,0.19484012567907769,0.42927600834273744,0.2374047474294011,-9.75,-6.875,-8.125
queue_imbalance_std_5s,bid_depth_curvature,4,4,274,0.9343065693430657,12.366788321167883,0.19496424942370844,0.5284150918131977,0.2526054088238844,-6.875,44.25,-4.25
queue_imbalance_std_5s,trade_imbalance_60s,0,0,184,0.75,2.5217391304347827,5.99588961666477e-17,0.07323292700009158,0.0518104693951887,-1.0,-0.17818574514038876,-0.30735299676195993
queue_imbalance_std_5s,trade_imbalance_60s,0,1,91,0.8131868131868132,3.3461538461538463,0.0,0.07327252604458291,0.05695717065725803,-0.175,-0.05944055944055944,-0.11015288122304978
queue_imbalance_std_5s,trade_imbalance_60s,0,2,97,0.7731958762886598,3.3711340206185567,0.005288752605819299,0.07303393589470887,0.05625199553927912,-0.05695364238410596,0.053309900410076154,0.0
queue_imbalance_std_5s,trade_imbalance_60s,0,3,93,0.8279569892473119,3.1263440860215055,0.02410637252240027,0.07273333500401213,0.0581472412351745,0.05429864253393665,0.170018281535649,0.11607142857142858
queue_imbalance_std_5s,trade_imbalance_60s,0,4,159,0.7169811320754716,2.481132075471698,0.0,0.07335128700889335,0.05196013914217057,0.17048346055979643,0.9130434782608695,0.2905894519131334
queue_imbalance_std_5s,trade_imbalance_60s,1,0,141,0.9148936170212766,3.49468085106383,0.07352960823158515,0.10455608551752815,0.08822075947962328,-0.7254901960784313,-0.17609254498714652,-0.2678311499272198
queue_imbalance_std_5s,trade_imbalance_60s,1,1,128,0.890625,5.0390625,0.07353356549137247,0.1043013349990166,0.088025571845982,-0.1743486973947896,-0.05992217898832685,-0.12084509525614691
queue_imbalance_std_5s,trade_imbalance_60s,1,2,105,0.9047619047619048,5.183333333333334,0.07343457428384424,0.10428293716068011,0.08964009782809572,-0.05736434108527132,0.053621825023518345,0.003663003663003663
queue_imbalance_std_5s,trade_imbalance_60s,1,3,118,0.8728813559322034,4.036016949152542,0.073362966850013,0.10455507627566861,0.08913008013286407,0.0571263704558569,0.16982152514872903,0.10173470565297027
queue_imbalance_std_5s,trade_imbalance_60s,1,4,132,0.8333333333333334,3.3863636363636362,0.07341192675154985,0.10446511573261655,0.08914727301124013,0.17023096663815226,0.940959409594096,0.26592422829316253
queue_imbalance_std_5s,trade_imbalance_60s,2,0,131,0.8931297709923665,4.238549618320611,0.10484306756888032,0.13940600382431678,0.12070131900224881,-0.7271523178807947,-0.17672183662573412,-0.2608695652173913
queue_imbalance_std_5s,trade_imbalance_60s,2,1,121,0.9090909090909091,5.365702479338843,0.10456459424597356,0.14001902363232738,0.12439427069154074,-0.17503059975520197,-0.060884800700832235,-0.11370262390670553
queue_imbalance_std_5s,trade_imbalance_60s,2,2,119,0.9159663865546218,5.550420168067227,0.10567377785153896,0.13970913889547695,0.12294030641073608,-0.05822021116138763,0.05304740406320542,-0.005477308294209703
queue_imbalance_std_5s,trade_imbalance_60s,2,3,115,0.8782608695652174,5.158695652173913,0.10470354389480838,0.1398734547565807,0.1220657028821152,0.05362776025236593,0.16968130921619293,0.11115283514832895
queue_imbalance_std_5s,trade_imbalance_60s,2,4,138,0.8115942028985508,4.094202898550725,0.1046050187815045,0.13994247255257908,0.11960519259645645,0.17050691244239632,0.6196721311475409,0.2589990138067061
queue_imbalance_std_5s,trade_imbalance_60s,3,0,96,0.84375,4.6875,0.14100882762855962,0.19023201854451668,0.1609436948509938,-0.6008733624454149,-0.17591973244147158,-0.24887421264173026
queue_imbalance_std_5s,trade_imbalance_60s,3,1,133,0.9323308270676691,6.642857142857143,0.14007582942596694,0.19399494831035285,0.16575277131450136,-0.17547568710359407,-0.05871854363733714,-0.11932418162618796
queue_imbalance_std_5s,trade_imbalance_60s,3,2,158,0.9050632911392406,6.393987341772152,0.14075738455348627,0.19464679791793146,0.16774611247309612,-0.05829596412556054,0.05279187817258883,-0.0030698243796788926
queue_imbalance_std_5s,trade_imbalance_60s,3,3,146,0.8835616438356164,6.779109589041096,0.1407190981047491,0.19425791644394533,0.16259649959841496,0.05460750853242321,0.16978309648466716,0.11003823781632505
queue_imbalance_std_5s,trade_imbalance_60s,3,4,91,0.8571428571428571,4.824175824175824,0.14040559863710297,0.1943514628969582,0.1648334998269338,0.17005545286506468,0.5524397083567022,0.2340036563071298
queue_imbalance_std_5s,trade_imbalance_60s,4,0,72,0.9166666666666666,10.805555555555555,0.19563992411360537,0.44194616071832665,0.24246878623498644,-0.5147864184008762,-0.17672600955275727,-0.24866816991311785
queue_imbalance_std_5s,trade_imbalance_60s,4,1,151,0.9006622516556292,8.561258278145695,0.1948138140293511,0.4610199887329104,0.23985871602754566,-0.17570700046360685,-0.05911533691608103,-0.1075234097513723
queue_imbalance_std_5s,trade_imbalance_60s,4,2,145,0.9448275862068966,10.089655172413794,0.19630514353918388,0.5284150918131977,0.24555344514302346,-0.05825667980727114,0.05304010349288486,0.0009910802775024777
queue_imbalance_std_5s,trade_imbalance_60s,4,3,152,0.9473684210526315,9.664473684210526,0.19484012567907769,0.4841532796595595,0.23134990601612948,0.05388342387314638,0.1697936210131332,0.11011802117415356
queue_imbalance_std_5s,trade_imbalance_60s,4,4,104,0.875,6.230769230769231,0.1960569166842755,0.49756515381649996,0.2526911538672922,0.17021836358852935,0.6476476476476476,0.22810919821462994
queue_imbalance_std_5s,wall_persistence_2s,0,0,271,0.7121771217712177,2.6918819188191883,0.0,0.07322447054940938,0.05023842534978267,0.0,0.0,0.0
queue_imbalance_std_5s,wall_persistence_2s,0,1,128,0.796875,2.8671875,0.005288752605819299,0.07293788879498286,0.05523106472942198,0.0,0.057750759878419454,0.0
queue_imbalance_std_5s,wall_persistence_2s,0,2,88,0.8636363636363636,3.5880681818181817,0.024646889565034663,0.07327252604458291,0.05948412561154094,0.060240963855421686,0.15471698113207547,0.09813326419497018
queue_imbalance_std_5s,wall_persistence_2s,0,3,80,0.7875,2.6875,0.03076100079331358,0.07343408988803643,0.05997342549864183,0.1566265060240964,0.28837209302325584,0.21697590695098312
queue_imbalance_std_5s,wall_persistence_2s,0,4,57,0.8070175438596491,2.7280701754385963,0.023674984719027303,0.07341192675154985,0.05743966391595429,0.29056603773584905,0.6381578947368421,0.3525641025641026
queue_imbalance_std_5s,wall_persistence_2s,1,0,162,0.8765432098765432,3.5401234567901234,0.07345430817700889,0.10428293716068011,0.08887290674878451,0.0,0.0,0.0
queue_imbalance_std_5s,wall_persistence_2s,1,1,171,0.9122807017543859,4.994152046783626,0.07343457428384424,0.10456459424597356,0.09051164806917518,0.0,0.06015037593984962,0.019955654101995565
queue_imbalance_std_5s,wall_persistence_2s,1,2,106,0.8867924528301887,4.125,0.07346353334047279,0.1046050187815045,0.08636920729627973,0.06177606177606178,0.15625,0.10326770004189359
queue_imbalance_std_5s,wall_persistence_2s,1,3,88,0.8409090909090909,4.2272727272727275,0.07377499483558964,0.10455507627566861,0.09081591025900451,0.15767634854771784,0.2878787878787879,0.21510346913206896
queue_imbalance_std_5s,wall_persistence_2s,1,4,96,0.8854166666666666,3.9505208333333335,0.07351527289591792,0.10446511573261655,0.08827557676512882,0.2899543378995434,0.6542056074766355,0.37105879113314055
queue_imbalance_std_5s,wall_persistence_2s,2,0,90,0.8111111111111111,4.027777777777778,0.10471299170138962,0.13914083463871565,0.11916178732469876,0.0,0.0,0.0
queue_imbalance_std_5s,wall_persistence_2s,2,1,144,0.8958333333333334,4.923611111111111,0.10478100983353891,0.14001902363232738,0.12266482763542035,0.0,0.05963302752293578,0.019938672080180575
queue_imbalance_std_5s,wall_persistence_2s,2,2,138,0.8985507246376812,4.7771739130434785,0.10484306756888032,0.13963767949086886,0.12370220311026678,0.06077348066298342,0.15644820295983086,0.10541750270103412
queue_imbalance_std_5s,wall_persistence_2s,2,3,142,0.9154929577464789,5.258802816901408,0.10497095377017931,0.14007582942596694,0.12149876977229596,0.15745192307692307,0.28879310344827586,0.2074272079255769
queue_imbalance_std_5s,wall_persistence_2s,2,4,110,0.8454545454545455,4.888636363636364,0.10470354389480838,0.14040559863710297,0.12210945753971338,0.2894736842105263,0.6733333333333333,0.3684237320620014
queue_imbalance_std_5s,wall_persistence_2s,3,0,60,0.8166666666666667,4.25,0.1407968723047292,0.19381062265570256,0.15550395204764134,0.0,0.0,0.0
queue_imbalance_std_5s,wall_persistence_2s,3,1,107,0.8785046728971962,4.953271028037383,0.14075738455348627,0.19464679791793146,0.1645653646468811,0.0,0.05966850828729282,0.02510460251046025
queue_imbalance_std_5s,wall_persistence_2s,3,2,162,0.9074074074074074,6.0015432098765435,0.14052058879391824,0.1948138140293511,0.1658894393609484,0.06040268456375839,0.15632754342431762,0.10483246591251236
queue_imbalance_std_5s,wall_persistence_2s,3,3,148,0.9054054054054054,7.035472972972973,0.1407190981047491,0.19399494831035285,0.16838774177027904,0.1568627450980392,0.28865979381443296,0.21668594563331406
queue_imbalance_std_5s,wall_persistence_2s,3,4,146,0.8835616438356164,6.626712328767123,0.1407954908835617,0.1943514628969582,0.16367789023875967,0.2894736842105263,0.562874251497006,0.3590874856644015
queue_imbalance_std_5s,wall_persistence_2s,4,0,41,0.8292682926829268,15.304878048780488,0.1988252107421084,0.44194616071832665,0.24159816335931047,0.0,0.0,0.0
queue_imbalance_std_5s,wall_persistence_2s,4,1,73,0.9452054794520548,6.52054794520548,0.19543949674037436,0.4841532796595595,0.2305145417406764,0.0,0.059587471352177235,0.03508080409932992
queue_imbalance_std_5s,wall_persistence_2s,4,2,130,0.8923076923076924,7.769230769230769,0.19484012567907769,0.46064452019734065,0.23544928512595184,0.060353798126951096,0.15643564356435644,0.11537922578385007
queue_imbalance_std_5s,wall_persistence_2s,4,3,165,0.9212121212121213,9.233333333333333,0.19632751519693178,0.5284150918131977,0.23712722143360526,0.15682656826568267,0.28860294117647056,0.21428571428571427
queue_imbalance_std_5s,wall_persistence_2s,4,4,214,0.9485981308411215,9.410046728971963,0.19496424942370844,0.49756515381649996,0.25055358983921455,0.2892609699769053,0.5711206896551724,0.37277455856184694
queue_imbalance_std_5s,convexity_imbalance,0,0,105,0.7523809523809524,2.9452380952380954,0.007549441710836083,0.07335128700889335,0.05461479227601383,-3.649706718805545,-0.2930622009569378,-0.4875331564986738
queue_imbalance_std_5s,convexity_imbalance,0,1,148,0.75,2.554054054054054,0.0040626235056318806,0.07308003227032853,0.052957102972719994,-0.2797082797082797,-0.0605610910889689,-0.17020130044867676
queue_imbalance_std_5s,convexity_imbalance,0,2,158,0.7784810126582279,2.9873417721518987,0.00583982986660394,0.07321686324244893,0.055583461203182645,-0.058706496352469606,0.13349875930521105,0.03257684038755515
queue_imbalance_std_5s,convexity_imbalance,0,3,126,0.7142857142857143,2.636904761904762,0.0,0.07323292700009158,0.05736932060031866,0.13447079236552928,0.3776276276276277,0.22700004243014843
queue_imbalance_std_5s,convexity_imbalance,0,4,87,0.8620689655172413,3.324712643678161,0.003293155804436834,0.07327252604458291,0.05385803139171688,0.37974801898038857,1.149025944878355,0.4957647726351626
queue_imbalance_std_5s,convexity_imbalance,1,0,103,0.8543689320388349,3.424757281553398,0.07341192675154985,0.10446511573261655,0.08857336342242547,-1.3968659847888802,-0.29367870314778277,-0.43111861861861867
queue_imbalance_std_5s,convexity_imbalance,1,1,133,0.8796992481203008,3.738721804511278,0.07352960823158515,0.10455608551752815,0.08822075947962328,-0.28623493131483035,-0.060977269633864184,-0.1699969493593656
queue_imbalance_std_5s,convexity_imbalance,1,2,135,0.8888888888888888,4.848148148148148,0.07346353334047279,0.10455507627566861,0.08760150595456055,-0.05808357312011403,0.1315715252707581,0.04392506825765996
queue_imbalance_std_5s,convexity_imbalance,1,3,132,0.9090909090909091,4.625,0.07393475902332644,0.10428293716068011,0.09085512748855006,0.13563320064868056,0.3778542950344328,0.24883668661996605
queue_imbalance_std_5s,convexity_imbalance,1,4,121,0.8760330578512396,4.051652892561983,0.073362966850013,0.10444214461759116,0.09028049516713646,0.37853461674801614,2.136706668316219,0.5195443377261558
queue_imbalance_std_5s,convexity_imbalance,2,0,144,0.875,5.128472222222222,0.1046050187815045,0.13970913889547695,0.12259375418074275,-8.092609983385104,-0.3044340302811823,-0.5046827674159095
queue_imbalance_std_5s,convexity_imbalance,2,1,131,0.8854961832061069,4.751908396946565,0.10478100983353891,0.14001902363232738,0.12187820752400076,-0.2883522727272727,-0.0608284213480893,-0.15847310584152696
queue_imbalance_std_5s,convexity_imbalance,2,2,103,0.8640776699029126,5.077669902912621,0.10484306756888032,0.13958203313421522,0.12010068795315894,-0.05734609089764575,0.1282038986261299,0.04204204204204198
queue_imbalance_std_5s,convexity_imbalance,2,3,119,0.8907563025210085,4.838235294117647,0.10456459424597356,0.13994247255257908,0.12213465869333798,0.13662706461895102,0.37681159420289845,0.25842410668838434
queue_imbalance_std_5s,convexity_imbalance,2,4,127,0.8818897637795275,4.437007874015748,0.10473000381098435,0.1398734547565807,0.12370719185019959,0.37860043736332405,2.3601456471367097,0.5727633114340063
queue_imbalance_std_5s,convexity_imbalance,3,0,99,0.8686868686868687,6.664141414141414,0.1407954908835617,0.19298682270476675,0.15853330956064637,-6.870622443762781,-0.29780219780219763,-0.5222088835534212
queue_imbalance_std_5s,convexity_imbalance,3,1,121,0.9421487603305785,6.349173553719008,0.14040559863710297,0.19399138204059796,0.16422810095077842,-0.29167974882260606,-0.05887300252312877,-0.17147619047619056
queue_imbalance_std_5s,convexity_imbalance,3,2,118,0.9067796610169492,6.110169491525424,0.1407190981047491,0.19464679791793146,0.1646203009235626,-0.058232489915658325,0.13362686606049556,0.03195770476671672
queue_imbalance_std_5s,convexity_imbalance,3,3,145,0.8413793103448276,5.620689655172414,0.14007582942596694,0.19381062265570256,0.16184626950357664,0.13499677627337214,0.3778139542532025,0.23893271970195062
queue_imbalance_std_5s,convexity_imbalance,3,4,141,0.8936170212765957,5.73404255319149,0.14052058879391824,0.1943514628969582,0.16871720695954548,0.38257516747156883,1.803227845600727,0.6061001042752867
queue_imbalance_std_5s,convexity_imbalance,4,0,173,0.8786127167630058,11.083815028901734,0.1960569166842755,0.49756515381649996,0.24555344514302346,-4.174016282225238,-0.29604301075268824,-0.6424191750278707
queue_imbalance_std_5s,convexity_imbalance,4,1,91,0.9560439560439561,8.12912087912088,0.19484012567907769,0.4841532796595595,0.23541187384968962,-0.29180343466057745,-0.06422313318865036,-0.1841346153846154
queue_imbalance_std_5s,convexity_imbalance,4,2,110,0.9454545454545454,7.8159090909090905,0.19563992411360537,0.4588762772006175,0.2354130311857795,-0.053724053724053755,0.13362282878411913,0.04484524042197202
queue_imbalance_std_5s,convexity_imbalance,4,3,102,0.9411764705882353,7.607843137254902,0.1948138140293511,0.44194616071832665,0.23041607250729224,0.1369091518605431,0.3768996960486324,0.2477520725173415
queue_imbalance_std_5s,convexity_imbalance,4,4,148,0.9121621621621622,9.173986486486486,0.19543949674037436,0.5284150918131977,0.251249641171686,0.3830180628644575,10.234359483614698,0.6509679333378033
queue_imbalance_std_5s,liquidity_compression,0,0,98,0.7857142857142857,2.8214285714285716,0.0,0.07291718183927885,0.055206906612287075,0.12907268170426064,0.6641509433962264,0.6127974388933466
queue_imbalance_std_5s,liquidity_compression,0,1,144,0.8125,3.0659722222222223,0.014856146905545537,0.07321686324244893,0.05431256746024184,0.6666666666666666,0.751219512195122,0.7173965091448505
queue_imbalance_std_5s,liquidity_compression,0,2,145,0.7448275862068966,2.786206896551724,0.005288752605819299,0.07321975077728614,0.05384840991860399,0.7526881720430108,0.8308580858085809,0.7915151515151515
queue_imbalance_std_5s,liquidity_compression,0,3,133,0.7518796992481203,2.81203007518797,0.0040626235056318806,0.07323292700009158,0.05467867191244834,0.8322082931533269,0.9273570324574961,0.8786808009422851
queue_imbalance_std_5s,liquidity_compression,0,4,104,0.7307692307692307,2.737980769230769,0.003293155804436834,0.07335128700889335,0.05719329576999037,0.9290322580645162,1.6294416243654823,0.9898016187494316
queue_imbalance_std_5s,liquidity_compression,1,0,115,0.9130434782608695,4.6152173913043475,0.07377499483558964,0.10455608551752815,0.08895392053860295,0.303862660944206,0.6638655462184874,0.60431654676259
queue_imbalance_std_5s,liquidity_compression,1,1,135,0.8962962962962963,4.272222222222222,0.07351527289591792,0.10437633499959362,0.08682217750890706,0.6652601969057665,0.7513368983957219,0.7144535840188014
queue_imbalance_std_5s,liquidity_compression,1,2,126,0.8571428571428571,4.287698412698413,0.073362966850013,0.1043013349990166,0.08898348932362174,0.7516973811833172,0.8305647840531561,0.7911947219082331
queue_imbalance_std_5s,liquidity_compression,1,3,135,0.9037037037037037,3.651851851851852,0.07341192675154985,0.10438067102949233,0.0890016398068255,0.8312182741116751,0.9267515923566879,0.8720472440944882
queue_imbalance_std_5s,liquidity_compression,1,4,113,0.8407079646017699,4.110619469026549,0.07343457428384424,0.10444214461759116,0.09043932572287523,0.935933147632312,1.5120967741935485,0.9933774834437086
queue_imbalance_std_5s,liquidity_compression,2,0,112,0.9017857142857143,4.712053571428571,0.10456459424597356,0.1398734547565807,0.12242432020101142,0.3865979381443299,0.661144578313253,0.5900917264553629
queue_imbalance_std_5s,liquidity_compression,2,1,112,0.875,5.09375,0.10471299170138962,0.13922178839596164,0.12192875697309888,0.6647727272727273,0.7507788161993769,0.7071097601441032
queue_imbalance_std_5s,liquidity_compression,2,2,135,0.8962962962962963,4.5814814814814815,0.10497095377017931,0.1398903582013779,0.12112471378944366,0.7522935779816514,0.8297029702970297,0.7869198312236287
queue_imbalance_std_5s,liquidity_compression,2,3,126,0.8412698412698413,4.5773809523809526,0.10484306756888032,0.14001902363232738,0.12330601646650488,0.8317422434367542,0.9272727272727272,0.875015434004198
queue_imbalance_std_5s,liquidity_compression,2,4,139,0.8848920863309353,5.25,0.10470354389480838,0.13994247255257908,0.12162205343545497,0.9279778393351801,3.9269662921348316,0.9973958333333334
queue_imbalance_std_5s,liquidity_compression,3,0,114,0.8947368421052632,6.940789473684211,0.14116085016291519,0.1943514628969582,0.16579194766132105,0.16084873374401096,0.664367816091954,0.5920111555935406
queue_imbalance_std_5s,liquidity_compression,3,1,126,0.8968253968253969,6.736111111111111,0.14007582942596694,0.19425791644394533,0.16616724534573654,0.664804469273743,0.7513227513227513,0.713296162003147
queue_imbalance_std_5s,liquidity_compression,3,2,123,0.9105691056910569,5.91869918699187,0.1407968723047292,0.19464679791793146,0.1609379800418852,0.75177304964539,0.8305555555555556,0.7907949790794979
queue_imbalance_std_5s,liquidity_compression,3,3,135,0.8740740740740741,5.57962962962963,0.14075738455348627,0.19305314200017634,0.16426650620443836,0.8313953488372093,0.9269662921348315,0.8777555110220441
queue_imbalance_std_5s,liquidity_compression,3,4,126,0.873015873015873,5.1686507936507935,0.14052058879391824,0.19399494831035285,0.1645125149183551,0.9274924471299094,3.1091891891891894,1.0059844606785817
queue_imbalance_std_5s,liquidity_compression,4,0,185,0.9459459459459459,10.104054054054053,0.1948138140293511,0.49756515381649996,0.24874380145512331,0.13793103448275862,0.664624808575804,0.5610561056105611
queue_imbalance_std_5s,liquidity_compression,4,1,107,0.9252336448598131,7.341121495327103,0.19543949674037436,0.43863390027780463,0.2301046679248419,0.6650246305418719,0.7512437810945274,0.7075892857142857
queue_imbalance_std_5s,liquidity_compression,4,2,95,0.8631578947368421,6.852631578947369,0.19484012567907769,0.3930876159914933,0.23103336523900944,0.7522123893805309,0.8303030303030303,0.7947761194029851
queue_imbalance_std_5s,liquidity_compression,4,3,95,0.9473684210526315,6.989473684210527,0.19790497230769286,0.4841532796595595,0.24151080889488985,0.8312829525483304,0.925,0.8644295302013423
queue_imbalance_std_5s,liquidity_compression,4,4,142,0.9014084507042254,11.838028169014084,0.1960569166842755,0.5284150918131977,0.24181832398690717,0.9278688524590164,3.921985815602837,1.0811977638788952
queue_imbalance_std_5s,replenishment_rate_near_5s,0,0,363,0.7245179063360881,2.618457300275482,0.0,0.07327252604458291,0.04830214414767122,0.0,58.8,35.0
queue_imbalance_std_5s,replenishment_rate_near_5s,0,1,166,0.8433734939759037,3.25,0.019892234219307248,0.07321686324244893,0.05824158854865169,59.0,95.8,73.5
queue_imbalance_std_5s,replenishment_rate_near_5s,0,2,72,0.7916666666666666,3.1944444444444446,0.02697050226173869,0.07335128700889335,0.06315181264702258,96.4,148.0,117.4
queue_imbalance_std_5s,replenishment_rate_near_5s,0,3,18,0.8888888888888888,3.111111111111111,0.04258370198156284,0.07285223437972821,0.06570701920721758,151.4,245.6,183.1
queue_imbalance_std_5s,replenishment_rate_near_5s,0,4,5,0.4,0.95,0.04418628602884577,0.07322447054940938,0.05625199553927912,277.0,754.8,306.4
queue_imbalance_std_5s,replenishment_rate_near_5s,1,0,132,0.7954545454545454,3.515151515151515,0.073362966850013,0.10423894833769748,0.08540301630188869,3.4,58.8,45.3
queue_imbalance_std_5s,replenishment_rate_near_5s,1,1,210,0.9,4.129761904761905,0.07341192675154985,0.10422838397724307,0.08777638289845505,59.0,96.0,75.30000000000001
queue_imbalance_std_5s,replenishment_rate_near_5s,1,2,177,0.9096045197740112,4.632768361581921,0.07343408988803643,0.10455507627566861,0.08949133131346126,96.4,150.0,120.8
queue_imbalance_std_5s,replenishment_rate_near_5s,1,3,73,0.9178082191780822,4.267123287671233,0.07352960823158515,0.10437633499959362,0.09165129719914596,150.8,246.8,183.6
queue_imbalance_std_5s,replenishment_rate_near_5s,1,4,32,0.90625,4.453125,0.07346353334047279,0.10455608551752815,0.09455468745592885,249.6,3301.4,316.6
queue_imbalance_std_5s,replenishment_rate_near_5s,2,0,75,0.8533333333333334,3.756666666666667,0.10635084297792369,0.13970913889547695,0.11963989869797484,6.6,58.4,46.2
queue_imbalance_std_5s,replenishment_rate_near_5s,2,1,139,0.8776978417266187,4.571942446043166,0.10471299170138962,0.13994247255257908,0.12197307261885985,59.2,95.8,77.6
queue_imbalance_std_5s,replenishment_rate_near_5s,2,2,175,0.88,4.722857142857142,0.10456459424597356,0.1398903582013779,0.12065066664330841,96.2,149.8,120.4
queue_imbalance_std_5s,replenishment_rate_near_5s,2,3,169,0.8816568047337278,5.378698224852071,0.1046050187815045,0.13974645116891496,0.12266661407725701,150.2,244.2,176.8
queue_imbalance_std_5s,replenishment_rate_near_5s,2,4,66,0.9090909090909091,5.613636363636363,0.10470354389480838,0.14001902363232738,0.1252121636832294,248.6,3709.6,333.5
queue_imbalance_std_5s,replenishment_rate_near_5s,3,0,35,0.8571428571428571,4.65,0.14100882762855962,0.19381062265570256,0.15177541397312513,15.0,58.0,43.8
queue_imbalance_std_5s,replenishment_rate_near_5s,3,1,73,0.9041095890410958,5.171232876712328,0.1407968723047292,0.18938702143082187,0.16008281998095192,59.0,96.2,81.6
queue_imbalance_std_5s,replenishment_rate_near_5s,3,2,135,0.8888888888888888,5.35,0.14075738455348627,0.19207781157790643,0.1620175239929247,96.6,150.2,120.6
queue_imbalance_std_5s,replenishment_rate_near_5s,3,3,207,0.8985507246376812,6.64975845410628,0.14007582942596694,0.19464679791793146,0.16586705480109282,150.2,246.4,190.8
queue_imbalance_std_5s,replenishment_rate_near_5s,3,4,174,0.8793103448275862,6.514367816091954,0.14040559863710297,0.1943514628969582,0.17133852201787275,247.2,4126.8,338.0
queue_imbalance_std_5s,replenishment_rate_near_5s,4,0,19,0.7368421052631579,3.3815789473684212,0.1992134369537962,0.40574894359778213,0.28138760197022816,4.6,53.2,40.8
queue_imbalance_std_5s,replenishment_rate_near_5s,4,1,36,0.8888888888888888,7.194444444444445,0.1965914980991512,0.42477537674849036,0.22305224951714994,64.6,96.0,86.5
queue_imbalance_std_5s,replenishment_rate_near_5s,4,2,65,0.9230769230769231,8.223076923076922,0.1948138140293511,0.49756515381649996,0.22202817182382342,96.2,149.4,121.6
queue_imbalance_std_5s,replenishment_rate_near_5s,4,3,157,0.9171974522292994,8.800955414012739,0.19496424942370844,0.4489933569463354,0.2314713606240185,150.2,247.2,197.0
queue_imbalance_std_5s,replenishment_rate_near_5s,4,4,347,0.9337175792507204,9.830691642651297,0.19484012567907769,0.5284150918131977,0.2542259006911767,247.6,5341.2,397.4
queue_imbalance_std_5s,impact_asymmetry_10s,0,0,140,0.8142857142857143,2.9785714285714286,0.017067376071219446,0.07298437318605766,0.05536942172339307,-0.03571428571428571,-0.0030864197530864196,-0.00423728813559322
queue_imbalance_std_5s,impact_asymmetry_10s,0,1,126,0.7857142857142857,3.0416666666666665,0.02294382833276216,0.07303393589470887,0.055555345347159356,-0.0030241935483870967,-0.0015337423312883436,-0.0022339330707264273
queue_imbalance_std_5s,impact_asymmetry_10s,0,2,112,0.7410714285714286,2.9151785714285716,0.0,0.07323292700009158,0.05247789690095294,-0.001516990291262136,0.0006613756613756613,-0.0007493050573888092
queue_imbalance_std_5s,impact_asymmetry_10s,0,3,119,0.6890756302521008,2.411764705882353,0.015292247671459442,0.07308003227032853,0.05573106759674668,0.0007211538461538462,0.0023006134969325155,0.0015625
queue_imbalance_std_5s,impact_asymmetry_10s,0,4,125,0.784,2.9,0.005288752605819299,0.07293537501219025,0.05279798143084577,0.0023234200743494425,0.025,0.003633720930232558
queue_imbalance_std_5s,impact_asymmetry_10s,1,0,120,0.9333333333333333,4.939583333333333,0.07343457428384424,0.1043013349990166,0.09092921879118251,-0.019230769230769232,-0.003048780487804878,-0.004347826086956522
queue_imbalance_std_5s,impact_asymmetry_10s,1,1,152,0.8881578947368421,4.1957236842105265,0.07327252604458291,0.10422838397724307,0.08706268105549908,-0.0030286343612334803,-0.001564945226917058,-0.002252369248950518
queue_imbalance_std_5s,impact_asymmetry_10s,1,2,110,0.9090909090909091,4.120454545454545,0.07346353334047279,0.10422268668955145,0.0888018521181333,-0.0015151515151515152,0.0006821282401091405,-0.0008000512032770098
queue_imbalance_std_5s,impact_asymmetry_10s,1,3,116,0.8103448275862069,3.773706896551724,0.07343408988803643,0.10440754686411796,0.08922073372707742,0.000708215297450425,0.0022988505747126436,0.0016340567327409433
queue_imbalance_std_5s,impact_asymmetry_10s,1,4,123,0.8699186991869918,3.7357723577235773,0.07335128700889335,0.10438067102949233,0.08755150336444036,0.0023148148148148147,0.009358288770053475,0.003303964757709251
queue_imbalance_std_5s,impact_asymmetry_10s,2,0,140,0.8928571428571429,5.035714285714286,0.10444214461759116,0.13970913889547695,0.12242432020101142,-0.10185185185185185,-0.003067484662576687,-0.004190074906367041
queue_imbalance_std_5s,impact_asymmetry_10s,2,1,132,0.9090909090909091,4.861742424242424,0.10456459424597356,0.1398734547565807,0.12349143404398999,-0.003033980582524272,-0.001532399299474606,-0.002212817315685146
queue_imbalance_std_5s,impact_asymmetry_10s,2,2,110,0.8545454545454545,4.1,0.10455608551752815,0.13955044641402042,0.12119192074897699,-0.0015290519877675841,0.0006925207756232687,-0.0005788153579008296
queue_imbalance_std_5s,impact_asymmetry_10s,2,3,112,0.8660714285714286,4.888392857142857,0.10455507627566861,0.13974645116891496,0.1188488528711179,0.0007088846880907373,0.002297794117647059,0.0016181399245915377
queue_imbalance_std_5s,impact_asymmetry_10s,2,4,127,0.8740157480314961,4.9862204724409445,0.10446511573261655,0.13926569015515,0.12197307261885985,0.002305327868852459,0.05,0.003289473684210526
queue_imbalance_std_5s,impact_asymmetry_10s,3,0,109,0.8623853211009175,5.860091743119266,0.14052058879391824,0.19399138204059796,0.16586705480109282,-0.16176470588235295,-0.0030594405594405595,-0.004539951573849879
queue_imbalance_std_5s,impact_asymmetry_10s,3,1,126,0.873015873015873,5.496031746031746,0.14001902363232738,0.19420647346740633,0.1628938953023689,-0.0030232558139534882,-0.0015337423312883436,-0.0022887410742898464
queue_imbalance_std_5s,impact_asymmetry_10s,3,2,151,0.9139072847682119,6.003311258278146,0.14040559863710297,0.19399494831035285,0.16804392133223817,-0.0014985014985014985,0.0006931608133086876,-0.0003834355828220859
queue_imbalance_std_5s,impact_asymmetry_10s,3,3,131,0.9236641221374046,5.791984732824427,0.1398903582013779,0.19374944655374737,0.16306669399482931,0.0007048872180451127,0.0023006134969325155,0.001454898157129001
queue_imbalance_std_5s,impact_asymmetry_10s,3,4,104,0.8653846153846154,7.814903846153846,0.13994247255257908,0.19289333148174326,0.16047462883669067,0.00230566534914361,0.012228260869565218,0.003401797836014317
queue_imbalance_std_5s,impact_asymmetry_10s,4,0,113,0.9292035398230089,13.763274336283185,0.19496424942370844,0.4610199887329104,0.2445881156748465,-0.0189873417721519,-0.003048780487804878,-0.0051742919389978215
queue_imbalance_std_5s,impact_asymmetry_10s,4,1,85,0.9058823529411765,6.679411764705883,0.1942874156948891,0.43863390027780463,0.2323169038135603,-0.003043478260869565,-0.0015517241379310344,-0.0023062730627306273
queue_imbalance_std_5s,impact_asymmetry_10s,4,2,138,0.927536231884058,7.11231884057971,0.1942101928439594,0.4588762772006175,0.2356998571926733,-0.001524390243902439,0.0006890848952590959,-0.00034966744913928014
queue_imbalance_std_5s,impact_asymmetry_10s,4,3,143,0.9090909090909091,6.370629370629371,0.1960569166842755,0.49756515381649996,0.24555344514302346,0.0007022471910112359,0.0023006134969325155,0.001430615164520744
queue_imbalance_std_5s,impact_asymmetry_10s,4,4,142,0.9225352112676056,11.161971830985916,0.1943514628969582,0.5284150918131977,0.24002796571319007,0.0023062730627306273,0.020350564468211527,0.003876274929642475
queue_imbalance_std_5s,flow_impact,0,0,154,0.7402597402597403,2.482142857142857,0.0,0.07321975077728614,0.04875601850994165,-0.5,0.0015690376569037657,0.0
queue_imbalance_std_5s,flow_impact,0,1,146,0.7191780821917808,2.36472602739726,0.007549441710836083,0.07308003227032853,0.05530191368310007,0.0015822784810126582,0.0032216494845360823,0.0023771850512356845
queue_imbalance_std_5s,flow_impact,0,2,141,0.7943262411347518,3.226950354609929,0.022157501462972802,0.07322447054940938,0.05529370019317908,0.0032407407407407406,0.005165289256198347,0.004132231404958678
queue_imbalance_std_5s,flow_impact,0,3,104,0.8076923076923077,3.4639423076923075,0.017067376071219446,0.07298437318605766,0.0572920206034207,0.005208333333333333,0.009146341463414634,0.006495949074074074
queue_imbalance_std_5s,flow_impact,0,4,76,0.8026315789473685,3.0625,0.005288752605819299,0.07323292700009158,0.05759586463987319,0.009191176470588236,0.375,0.016269841269841268
queue_imbalance_std_5s,flow_impact,1,0,117,0.8632478632478633,3.893162393162393,0.07378782175925457,0.10428293716068011,0.09093259194293844,-0.875,0.0015748031496062992,-0.002066115702479339
queue_imbalance_std_5s,flow_impact,1,1,133,0.8421052631578947,3.1766917293233083,0.07343408988803643,0.10430778674001775,0.0870852952648819,0.00159846547314578,0.003234750462107209,0.0024834437086092716
queue_imbalance_std_5s,flow_impact,1,2,142,0.8802816901408451,3.477112676056338,0.07327252604458291,0.10395652517046423,0.08630739317630187,0.003246753246753247,0.005169172932330827,0.004088807367495892
queue_imbalance_std_5s,flow_impact,1,3,115,0.9478260869565217,5.75,0.07356368493699736,0.10357865752623624,0.08917295989931241,0.005187747035573123,0.009146341463414634,0.006825938566552901
queue_imbalance_std_5s,flow_impact,1,4,113,0.8849557522123894,4.668141592920354,0.07351527289591792,0.10438067102949233,0.08879189295896606,0.009159482758620689,0.5,0.015
queue_imbalance_std_5s,flow_impact,2,0,115,0.8434782608695652,4.128260869565217,0.10440754686411796,0.13970755161776546,0.1219525645435303,-0.75,0.0015737410071942446,-0.0015923566878980893
queue_imbalance_std_5s,flow_impact,2,1,113,0.831858407079646,3.559734513274336,0.10455608551752815,0.13974645116891496,0.11990825735131029,0.001639344262295082,0.0032216494845360823,0.0025466893039049238
queue_imbalance_std_5s,flow_impact,2,2,141,0.8936170212765957,4.99822695035461,0.10470354389480838,0.1398903582013779,0.12187820752400076,0.003246753246753247,0.00516795865633075,0.004228329809725159
queue_imbalance_std_5s,flow_impact,2,3,131,0.916030534351145,5.522900763358779,0.10456459424597356,0.13940600382431678,0.12190494940266744,0.005208333333333333,0.009157509157509158,0.006578947368421052
queue_imbalance_std_5s,flow_impact,2,4,121,0.9090909090909091,5.683884297520661,0.10444214461759116,0.13970913889547695,0.12323219846276409,0.009210526315789473,0.4166666666666667,0.013771186440677966
queue_imbalance_std_5s,flow_impact,3,0,118,0.9067796610169492,5.788135593220339,0.14040559863710297,0.19381062265570256,0.16384311380189212,-0.1875,0.0015800561797752809,-0.0
queue_imbalance_std_5s,flow_impact,3,1,129,0.8837209302325582,5.005813953488372,0.13994247255257908,0.19399494831035285,0.1648334998269338,0.0015822784810126582,0.003232758620689655,0.002329916123019571
queue_imbalance_std_5s,flow_impact,3,2,111,0.8468468468468469,5.04054054054054,0.1407954908835617,0.19420647346740633,0.16081541607242905,0.003246753246753247,0.005172413793103448,0.004104477611940298
queue_imbalance_std_5s,flow_impact,3,3,134,0.9029850746268657,7.100746268656716,0.14052058879391824,0.19399138204059796,0.1637916438410537,0.005208333333333333,0.009126984126984128,0.006738044794188862
queue_imbalance_std_5s,flow_impact,3,4,128,0.90625,7.458984375,0.14001902363232738,0.19372614122155257,0.1660310560949333,0.009259259259259259,0.4583333333333333,0.016872912238080778
queue_imbalance_std_5s,flow_impact,4,0,117,0.9230769230769231,6.196581196581197,0.1942101928439594,0.44194616071832665,0.23945385979000086,-0.375,0.0015782828282828283,-0.00033875338753387534
queue_imbalance_std_5s,flow_impact,4,1,99,0.9292929292929293,7.28030303030303,0.1942874156948891,0.49756515381649996,0.24159816335931047,0.0015822784810126582,0.003236914600550964,0.0024271844660194173
queue_imbalance_std_5s,flow_impact,4,2,86,0.9418604651162791,6.15406976744186,0.1943514628969582,0.43604773119935797,0.2389437996610171,0.003246753246753247,0.005184331797235023,0.00401124782281222
queue_imbalance_std_5s,flow_impact,4,3,136,0.8602941176470589,7.040441176470588,0.1948138140293511,0.46064452019734065,0.2360805739254338,0.005184331797235023,0.008974358974358974,0.006944444444444444
queue_imbalance_std_5s,flow_impact,4,4,182,0.945054945054945,14.615384615384615,0.19464679791793146,0.5284150918131977,0.24055317327230297,0.009160756501182032,0.375,0.015542470047666079
queue_imbalance_std_5s,absorption_ratio,0,0,154,0.7597402597402597,2.7905844155844157,0.005288752605819299,0.07343457428384424,0.05233194020461467,16.0,87.66666666666667,66.0
queue_imbalance_std_5s,absorption_ratio,0,1,132,0.7727272727272727,2.640151515151515,0.007549441710836083,0.07352960823158515,0.057704087385738276,87.8,131.66666666666666,107.91666666666666
queue_imbalance_std_5s,absorption_ratio,0,2,114,0.8421052631578947,3.43859649122807,0.01727437467040872,0.07351527289591792,0.055934090909171987,132.5,188.75,154.25
queue_imbalance_std_5s,absorption_ratio,0,3,112,0.7142857142857143,2.4575892857142856,0.014856146905545537,0.07345430817700889,0.0546362850613097,189.6,319.0,235.0
queue_imbalance_std_5s,absorption_ratio,0,4,89,0.7640449438202247,3.014044943820225,0.00583982986660394,0.07346353334047279,0.0599836476376241,326.0,2332.0,445.0
queue_imbalance_std_5s,absorption_ratio,1,0,105,0.9333333333333333,4.745238095238095,0.07390600739989565,0.10375967029147222,0.08845796330524779,18.8,87.0,67.2
queue_imbalance_std_5s,absorption_ratio,1,1,129,0.875968992248062,4.00968992248062,0.07356368493699736,0.1046050187815045,0.08952439820357228,88.5,132.0,109.57142857142857
queue_imbalance_std_5s,absorption_ratio,1,2,140,0.8642857142857143,4.248214285714286,0.07364161291771519,0.10478100983353891,0.08513107673539773,132.5,188.5,155.0
queue_imbalance_std_5s,absorption_ratio,1,3,134,0.8880597014925373,3.6977611940298507,0.07353356549137247,0.10455608551752815,0.09008967139379975,189.27272727272728,321.0,245.66666666666669
queue_imbalance_std_5s,absorption_ratio,1,4,93,0.8817204301075269,4.854838709677419,0.07379652692172213,0.10471299170138962,0.0890016398068255,324.5,3836.0,478.0
queue_imbalance_std_5s,absorption_ratio,2,0,110,0.9181818181818182,5.375,0.10524180536373103,0.13970913889547695,0.12235885822102524,3.4545454545454546,87.23076923076923,68.9
queue_imbalance_std_5s,absorption_ratio,2,1,142,0.8661971830985915,4.830985915492958,0.10491976609066721,0.13958203313421522,0.12338130353009844,88.0,132.0,107.88888888888889
queue_imbalance_std_5s,absorption_ratio,2,2,125,0.88,4.588,0.10484306756888032,0.1398734547565807,0.12162205343545497,132.5,188.58823529411765,158.66666666666666
queue_imbalance_std_5s,absorption_ratio,2,3,116,0.9051724137931034,4.594827586206897,0.10519906459038068,0.13974645116891496,0.1207828895137533,189.71428571428572,324.0,238.525
queue_imbalance_std_5s,absorption_ratio,2,4,108,0.8240740740740741,4.664351851851852,0.10517069849713005,0.1398903582013779,0.12185761142226062,328.0,2559.5,559.0
queue_imbalance_std_5s,absorption_ratio,3,0,100,0.88,6.2975,0.14007582942596694,0.19223102282075805,0.16486769553261751,2.4545454545454546,87.73333333333333,63.96212121212122
queue_imbalance_std_5s,absorption_ratio,3,1,101,0.8811881188118812,6.693069306930693,0.13994247255257908,0.19399138204059796,0.163866498232122,87.8,132.2,111.0
queue_imbalance_std_5s,absorption_ratio,3,2,118,0.8389830508474576,5.864406779661017,0.14075738455348627,0.19420647346740633,0.16147775201740494,132.33333333333334,187.55555555555554,157.83333333333331
queue_imbalance_std_5s,absorption_ratio,3,3,127,0.8976377952755905,5.893700787401575,0.14001902363232738,0.19381062265570256,0.16289161392731,188.83333333333334,322.5,243.5
queue_imbalance_std_5s,absorption_ratio,3,4,155,0.9354838709677419,5.940322580645161,0.14040559863710297,0.1942101928439594,0.16707237598470717,326.0,4316.0,623.5
queue_imbalance_std_5s,absorption_ratio,4,0,132,0.9242424242424242,13.657196969696969,0.19496424942370844,0.5284150918131977,0.24585150324061694,17.333333333333332,87.71428571428571,55.67
queue_imbalance_std_5s,absorption_ratio,4,1,97,0.8969072164948454,11.417525773195877,0.1942874156948891,0.42477537674849036,0.23423648389704577,87.83333333333333,132.1818181818182,111.42857142857143
queue_imbalance_std_5s,absorption_ratio,4,2,104,0.9423076923076923,6.4639423076923075,0.1943514628969582,0.4610199887329104,0.2314305025410886,132.46153846153845,188.28571428571428,160.0846153846154
queue_imbalance_std_5s,absorption_ratio,4,3,112,0.8928571428571429,7.770089285714286,0.19648723484482292,0.49756515381649996,0.24225251385364352,188.75,322.6666666666667,247.3
queue_imbalance_std_5s,absorption_ratio,4,4,155,0.9290322580645162,6.683870967741935,0.19484012567907769,0.4588762772006175,0.24268419812879252,324.0,4618.0,540.6666666666666
queue_imbalance_std_5s,microprice_pressure,0,0,84,0.7261904761904762,2.7142857142857144,0.0,0.07300082025518584,0.055467723574923244,-0.2509025270762019,-0.06944444444404023,-0.09625885906825715
queue_imbalance_std_5s,microprice_pressure,0,1,183,0.7704918032786885,2.8565573770491803,0.00583982986660394,0.07321686324244893,0.05449748548380492,-0.0671641791050206,-0.013513513513316866,-0.036458333333333336
queue_imbalance_std_5s,microprice_pressure,0,2,168,0.7976190476190477,2.931547619047619,0.0,0.07291718183927885,0.054552409237160746,-0.013274336283454128,0.027272727272550885,0.006333172999802628
queue_imbalance_std_5s,microprice_pressure,0,3,140,0.7571428571428571,2.9125,0.003293155804436834,0.07323292700009158,0.054361697786557805,0.027472527472127695,0.08088235294174713,0.05085017131508114
queue_imbalance_std_5s,microprice_pressure,0,4,47,0.723404255319149,2.6648936170212765,5.99588961666477e-17,0.07246928271717379,0.056653854815022844,0.0813953488371529,0.1847457627118274,0.1000000000003638
queue_imbalance_std_5s,microprice_pressure,1,0,110,0.8,3.3181818181818183,0.07335128700889335,0.10438067102949233,0.08916489249003273,-0.2742946708458476,-0.06953642384056972,-0.09516963772269567
queue_imbalance_std_5s,microprice_pressure,1,1,138,0.8985507246376812,4.467391304347826,0.07341192675154985,0.10440754686411796,0.08798356529229114,-0.06756756756779699,-0.013513513513316866,-0.03597308488557853
queue_imbalance_std_5s,microprice_pressure,1,2,146,0.9041095890410958,4.578767123287672,0.07353356549137247,0.10437633499959362,0.08717422520894899,-0.013227513227320742,0.027027027026633732,0.009090909090446075
queue_imbalance_std_5s,microprice_pressure,1,3,143,0.9230769230769231,4.1573426573426575,0.07352960823158515,0.10422838397724307,0.08964009782809572,0.027272727272550885,0.08064516129040082,0.050387596899478616
queue_imbalance_std_5s,microprice_pressure,1,4,84,0.8571428571428571,4.005952380952381,0.07327252604458291,0.10422268668955145,0.08909169957476626,0.08203125,0.23333333333357587,0.10578259660784775
queue_imbalance_std_5s,microprice_pressure,2,0,142,0.8943661971830986,4.704225352112676,0.1046050187815045,0.13970913889547695,0.1220992035020486,-0.2692307692304894,-0.06756756756840332,-0.10789103560606841
queue_imbalance_std_5s,microprice_pressure,2,1,120,0.8416666666666667,4.054166666666666,0.10446511573261655,0.13974645116891496,0.12043774836732293,-0.06756756756779699,-0.013761467889708001,-0.035153034497852786
queue_imbalance_std_5s,microprice_pressure,2,2,111,0.9009009009009009,5.457207207207207,0.10455608551752815,0.13963767949086886,0.12062749239371011,-0.013274336283454128,0.027027027026633732,0.007142857142753201
queue_imbalance_std_5s,microprice_pressure,2,3,124,0.8870967741935484,4.770161290322581,0.10444214461759116,0.1398903582013779,0.12320267744407665,0.02739726027357392,0.07894736842111645,0.04826762246132906
queue_imbalance_std_5s,microprice_pressure,2,4,125,0.88,5.132,0.10456459424597356,0.13958203313421522,0.12459187667764138,0.0813953488371529,0.3030303030306338,0.10839160839168471
queue_imbalance_std_5s,microprice_pressure,3,0,129,0.8914728682170543,6.410852713178294,0.14007582942596694,0.19298682270476675,0.1628827149522796,-0.4770114942530199,-0.06862745098017815,-0.12240663900471797
queue_imbalance_std_5s,microprice_pressure,3,1,97,0.8762886597938144,5.579896907216495,0.14040559863710297,0.19324733156888918,0.16008066129756357,-0.06692913385813881,-0.01369863013678696,-0.03846153846097877
queue_imbalance_std_5s,microprice_pressure,3,2,104,0.8942307692307693,6.002403846153846,0.1413172339441427,0.19399138204059796,0.15945741548485032,-0.013274336283454128,0.027131782945313414,0.004906204906243753
queue_imbalance_std_5s,microprice_pressure,3,3,121,0.8760330578512396,6.514462809917355,0.13994247255257908,0.1942101928439594,0.16269472622911224,0.027777777777373558,0.08064516129040082,0.052941176470388505
queue_imbalance_std_5s,microprice_pressure,3,4,170,0.9058823529411765,5.970588235294118,0.14052058879391824,0.19381062265570256,0.17052526348334152,0.08088235294174713,0.31944444444404024,0.1363636363639671
queue_imbalance_std_5s,microprice_pressure,4,0,157,0.9171974522292994,10.652866242038217,0.19692146441988426,0.4841532796595595,0.24164787482313171,-0.46666666666715173,-0.06862745098078449,-0.15714285714299572
queue_imbalance_std_5s,microprice_pressure,4,1,83,0.8795180722891566,7.370481927710843,0.1948138140293511,0.43863390027780463,0.2364029918601878,-0.06521739130403148,-0.014018691588717047,-0.03658536585377684
queue_imbalance_std_5s,microprice_pressure,4,2,93,0.9354838709677419,8.85752688172043,0.19563992411360537,0.3930876159914933,0.24151080889488985,-0.012820512820326257,0.027027027026633732,0.012195121951663168
queue_imbalance_std_5s,microprice_pressure,4,3,93,0.8924731182795699,8.75,0.19425791644394533,0.4610199887329104,0.2312784233968101,0.028301886792178266,0.07999999999992724,0.047008547007862944
queue_imbalance_std_5s,microprice_pressure,4,4,195,0.9384615384615385,8.606410256410257,0.19484012567907769,0.5284150918131977,0.24711489080638738,0.08139534883775923,0.45890410958903277,0.160714285713766
queue_imbalance_std_5s,cvd_acceleration,0,0,86,0.8023255813953488,3.0348837209302326,0.021509813620248452,0.07327252604458291,0.058266520533334934,-312.6666666666667,-29.166666666666664,-39.93333333333334
queue_imbalance_std_5s,cvd_acceleration,0,1,157,0.802547770700637,2.9012738853503186,0.015292247671459442,0.07297382304692308,0.05588126537781946,-28.566666666666666,-9.433333333333335,-17.666666666666664
queue_imbalance_std_5s,cvd_acceleration,0,2,171,0.7192982456140351,2.6096491228070176,0.0,0.07322447054940938,0.04792827195550112,-9.433333333333334,4.833333333333336,-2.0
queue_imbalance_std_5s,cvd_acceleration,0,3,142,0.7605633802816901,3.1003521126760565,0.00583982986660394,0.07295319051318594,0.05400887171251331,5.333333333333332,24.53333333333333,14.25
queue_imbalance_std_5s,cvd_acceleration,0,4,68,0.7647058823529411,2.613970588235294,0.01966534646602013,0.07335128700889335,0.060502549962496766,24.800000000000004,220.1,38.31666666666666
queue_imbalance_std_5s,cvd_acceleration,1,0,125,0.936,4.566,0.07352960823158515,0.10387018003406848,0.09121784329260685,-246.4666666666667,-29.5,-46.4
queue_imbalance_std_5s,cvd_acceleration,1,1,144,0.8958333333333334,4.210069444444445,0.073362966850013,0.10455608551752815,0.08909169957476626,-28.166666666666668,-9.5,-16.916666666666664
queue_imbalance_std_5s,cvd_acceleration,1,2,123,0.9024390243902439,4.306910569105691,0.07343408988803643,0.10422838397724307,0.08760307395673574,-9.433333333333334,4.800000000000001,-3.2333333333333343
queue_imbalance_std_5s,cvd_acceleration,1,3,116,0.8448275862068966,4.211206896551724,0.07341192675154985,0.10455507627566861,0.08865365517793938,5.1,23.766666666666666,13.433333333333334
queue_imbalance_std_5s,cvd_acceleration,1,4,116,0.8275862068965517,3.5344827586206895,0.07356368493699736,0.10440754686411796,0.08853181004767025,25.200000000000003,181.93333333333334,40.2
queue_imbalance_std_5s,cvd_acceleration,2,0,136,0.8823529411764706,4.893382352941177,0.10471299170138962,0.1398734547565807,0.12271242140318911,-178.16666666666669,-28.966666666666665,-46.766666666666666
queue_imbalance_std_5s,cvd_acceleration,2,1,132,0.9015151515151515,4.4393939393939394,0.10484306756888032,0.13970913889547695,0.12285452948351606,-28.833333333333336,-9.466666666666667,-18.93333333333333
queue_imbalance_std_5s,cvd_acceleration,2,2,118,0.9152542372881356,5.451271186440678,0.10456459424597356,0.14001902363232738,0.12060197708370096,-9.433333333333332,5.0,-1.5833333333333335
queue_imbalance_std_5s,cvd_acceleration,2,3,120,0.8833333333333333,4.58125,0.1046050187815045,0.13974645116891496,0.12072877337369448,5.0,24.433333333333337,14.883333333333335
queue_imbalance_std_5s,cvd_acceleration,2,4,118,0.8135593220338984,4.904661016949152,0.10470354389480838,0.13994247255257908,0.12234130969869089,24.83333333333333,407.93333333333334,46.8
queue_imbalance_std_5s,cvd_acceleration,3,0,147,0.891156462585034,5.384353741496598,0.14052058879391824,0.1942874156948891,0.16526225761455898,-383.53333333333336,-28.933333333333337,-47.833333333333336
queue_imbalance_std_5s,cvd_acceleration,3,1,108,0.8796296296296297,5.585648148148148,0.1410113624904792,0.19464679791793146,0.16562781592117434,-28.866666666666667,-9.733333333333333,-19.68333333333333
queue_imbalance_std_5s,cvd_acceleration,3,2,103,0.9029126213592233,6.757281553398058,0.14105304622560882,0.19381062265570256,0.1646752372002441,-9.333333333333334,4.800000000000001,-2.4333333333333327
queue_imbalance_std_5s,cvd_acceleration,3,3,126,0.9126984126984127,6.517857142857143,0.14007582942596694,0.19372614122155257,0.16282780696064625,5.133333333333333,24.46666666666667,13.166666666666668
queue_imbalance_std_5s,cvd_acceleration,3,4,140,0.8642857142857143,6.146428571428571,0.14040559863710297,0.1943514628969582,0.1638627525126683,25.233333333333334,583.2666666666667,48.71666666666667
queue_imbalance_std_5s,cvd_acceleration,4,0,130,0.9,11.571153846153846,0.1948138140293511,0.4588762772006175,0.25238863089868874,-326.9,-29.066666666666666,-53.28333333333333
queue_imbalance_std_5s,cvd_acceleration,4,1,83,0.927710843373494,9.177710843373495,0.19496424942370844,0.43604773119935797,0.24164787482313171,-28.89999999999999,-9.833333333333332,-18.833333333333332
queue_imbalance_std_5s,cvd_acceleration,4,2,109,0.9174311926605505,7.837155963302752,0.19543949674037436,0.3930876159914933,0.23038883910310787,-9.299999999999997,4.866666666666667,-2.333333333333332
queue_imbalance_std_5s,cvd_acceleration,4,3,120,0.9083333333333333,9.19375,0.19661014532782667,0.4610199887329104,0.2384389063421462,5.0,23.900000000000002,12.366666666666667
queue_imbalance_std_5s,cvd_acceleration,4,4,182,0.9395604395604396,7.842032967032967,0.19484012567907769,0.5284150918131977,0.24733430591909877,24.53333333333333,737.2666666666667,54.25
queue_imbalance_std_5s,trade_sign_autocorr_60s,0,0,79,0.6582278481012658,2.4936708860759493,0.0,0.07335128700889335,0.05205025862690359,-0.09759000729485333,0.8782587399349803,0.8619279519013557
queue_imbalance_std_5s,trade_sign_autocorr_60s,0,1,93,0.7849462365591398,2.8333333333333335,0.019892234219307248,0.07323292700009158,0.05495243728344281,0.8782695350366768,0.8994834566522417,0.8904381887807292
queue_imbalance_std_5s,trade_sign_autocorr_60s,0,2,112,0.7857142857142857,3.013392857142857,0.005288752605819299,0.07341192675154985,0.058807154905779827,0.8995596561123912,0.9136657084702788,0.9073007885501163
queue_imbalance_std_5s,trade_sign_autocorr_60s,0,3,143,0.7972027972027972,3.082167832167832,0.014856146905545537,0.07321686324244893,0.05549222643729007,0.9137557144531679,0.9272513816422422,0.9208402806577971
queue_imbalance_std_5s,trade_sign_autocorr_60s,0,4,197,0.7715736040609137,2.7588832487309647,0.021914858962151763,0.073362966850013,0.052393565211225235,0.9272787943844172,0.9860546342602644,0.9387640971493321
queue_imbalance_std_5s,trade_sign_autocorr_60s,1,0,48,0.9583333333333334,6.401041666666667,0.07541452998083906,0.10440754686411796,0.09269947668959296,0.1698806975059769,0.87797637662726,0.8618745684188525
queue_imbalance_std_5s,trade_sign_autocorr_60s,1,1,102,0.9117647058823529,4.370098039215686,0.07346353334047279,0.10446511573261655,0.08529528640950029,0.8788077688968996,0.8989601117491843,0.8906486626617922
queue_imbalance_std_5s,trade_sign_autocorr_60s,1,2,136,0.8676470588235294,4.211397058823529,0.07351527289591792,0.10456459424597356,0.09079430557868146,0.8995865833485289,0.913700488364312,0.9069212695211025
queue_imbalance_std_5s,trade_sign_autocorr_60s,1,3,176,0.8806818181818182,4.1178977272727275,0.07393475902332644,0.1046050187815045,0.08950786475851677,0.9138020069026008,0.9272576067652437,0.9198889273819895
queue_imbalance_std_5s,trade_sign_autocorr_60s,1,4,162,0.8641975308641975,3.498456790123457,0.07343408988803643,0.10455608551752815,0.08673405772859327,0.927350478421248,0.9663420442056408,0.9377648083289775
queue_imbalance_std_5s,trade_sign_autocorr_60s,2,0,85,0.8470588235294118,5.0588235294117645,0.10617042320774059,0.13970913889547695,0.12155198468043445,0.658823992414297,0.8782260770211459,0.8630020528168738
queue_imbalance_std_5s,trade_sign_autocorr_60s,2,1,138,0.8840579710144928,5.128623188405797,0.10497095377017931,0.14007582942596694,0.12373702325448735,0.8784734102573452,0.8995392838771802,0.8915957454797012
queue_imbalance_std_5s,trade_sign_autocorr_60s,2,2,143,0.8741258741258742,5.239510489510489,0.10605900894043137,0.1398903582013779,0.12144555486415748,0.8996040157377252,0.9136639248447409,0.9066361421453215
queue_imbalance_std_5s,trade_sign_autocorr_60s,2,3,128,0.90625,4.76171875,0.10470354389480838,0.14001902363232738,0.12235795347816339,0.9137228490319984,0.9270561909098877,0.9201924079231627
queue_imbalance_std_5s,trade_sign_autocorr_60s,2,4,129,0.875968992248062,4.00968992248062,0.10471299170138962,0.1398734547565807,0.1222458424605669,0.9273729156238228,0.9737612916075934,0.936563153239314
queue_imbalance_std_5s,trade_sign_autocorr_60s,3,0,143,0.9230769230769231,8.06993006993007,0.14116085016291519,0.19464679791793146,0.17004965607752126,0.6080051376822609,0.8782161790191165,0.8593255174120688
queue_imbalance_std_5s,trade_sign_autocorr_60s,3,1,149,0.8926174496644296,5.807046979865772,0.1407954908835617,0.19372614122155257,0.16893465994383752,0.8782916874076097,0.8994328287038339,0.8895503059203613
queue_imbalance_std_5s,trade_sign_autocorr_60s,3,2,120,0.9583333333333334,6.147916666666666,0.1407190981047491,0.1942101928439594,0.16258212434867655,0.899826427195041,0.913515589358023,0.9070992133188527
queue_imbalance_std_5s,trade_sign_autocorr_60s,3,3,120,0.8083333333333333,4.622916666666667,0.14040559863710297,0.1943514628969582,0.15885291416455627,0.9138474778758309,0.9268360272194238,0.919698823235274
queue_imbalance_std_5s,trade_sign_autocorr_60s,3,4,92,0.8369565217391305,4.953804347826087,0.14052058879391824,0.1948138140293511,0.16143931431636588,0.9273024252129685,0.9593851902173932,0.9368826316353849
queue_imbalance_std_5s,trade_sign_autocorr_60s,4,0,269,0.929368029739777,12.938661710037175,0.19496424942370844,0.5284150918131977,0.2530824612835386,0.49843118737158887,0.8782127856089823,0.8377952117468678
queue_imbalance_std_5s,trade_sign_autocorr_60s,4,1,142,0.9084507042253521,6.077464788732394,0.1950712922650231,0.43863390027780463,0.23636781627252423,0.8783524904214696,0.8993190142098438,0.8885896700001575
queue_imbalance_std_5s,trade_sign_autocorr_60s,4,2,112,0.9285714285714286,5.683035714285714,0.19484012567907769,0.49756515381649996,0.2300215793592414,0.8995962525170647,0.9133699636294862,0.9073706880589456
queue_imbalance_std_5s,trade_sign_autocorr_60s,4,3,57,0.9122807017543859,8.280701754385966,0.19563992411360537,0.44194616071832665,0.23138964445815868,0.9137684913004381,0.9272512077294699,0.9191364211787936
queue_imbalance_std_5s,trade_sign_autocorr_60s,4,4,43,0.9069767441860465,4.622093023255814,0.1979576983241421,0.3820669217964901,0.22812656303140225,0.927355853483879,0.9576893666399844,0.9352318233012175
cancel_rate_ask,cancel_ratio,0,0,471,0.7791932059447984,2.7123142250530785,0.0,1.2,0.4,0.0,0.030303030303030304,0.016516516516516516
cancel_rate_ask,cancel_ratio,0,1,101,0.7920792079207921,2.9702970297029703,0.0,1.2,1.0,0.030303030303030304,0.04513888888888889,0.03428571428571429
cancel_rate_ask,cancel_ratio,0,2,24,0.875,3.0520833333333335,0.6,1.2,1.0,0.04564315352697095,0.05853658536585366,0.0493283462033462
cancel_rate_ask,cancel_ratio,0,3,10,0.6,2.15,0.2,1.2,0.7,0.06060606060606061,0.07692307692307693,0.06666666666666667
cancel_rate_ask,cancel_ratio,0,4,19,0.5789473684210527,1.5789473684210527,0.0,1.0,0.4,0.08064516129032258,0.4123173277661795,0.125
cancel_rate_ask,cancel_ratio,1,0,128,0.9140625,4.25390625,1.2,2.2,1.4,0.013819095477386936,0.03024193548387097,0.025226401240107693
cancel_rate_ask,cancel_ratio,1,1,286,0.8811188811188811,3.750874125874126,1.2,2.2,1.6,0.030303030303030304,0.045454545454545456,0.038323408259038697
cancel_rate_ask,cancel_ratio,1,2,136,0.8308823529411765,3.829044117647059,1.2,2.2,1.8,0.045454545454545456,0.05894736842105263,0.050104602510460255
cancel_rate_ask,cancel_ratio,1,3,52,0.7884615384615384,3.264423076923077,1.2,2.2,2.0,0.059574468085106386,0.08029197080291971,0.06534735609184744
cancel_rate_ask,cancel_ratio,1,4,22,0.7727272727272727,5.715909090909091,1.2,2.2,1.8,0.08125,0.3888888888888889,0.10410216718266253
cancel_rate_ask,cancel_ratio,2,0,21,0.8571428571428571,4.119047619047619,2.4,3.8,2.8,0.01442672741078208,0.029787234042553193,0.027615062761506277
cancel_rate_ask,cancel_ratio,2,1,158,0.8481012658227848,3.9746835443037973,2.4,3.8,2.8,0.030497592295345103,0.04536082474226804,0.0398961937716263
cancel_rate_ask,cancel_ratio,2,2,223,0.8654708520179372,4.427130044843049,2.4,3.8,3.2,0.045507584597432905,0.05904761904761905,0.05186385737439222
cancel_rate_ask,cancel_ratio,2,3,157,0.821656050955414,4.192675159235669,2.2,3.8,3.2,0.059147180192572216,0.08020050125313283,0.06607929515418502
cancel_rate_ask,cancel_ratio,2,4,65,0.9384615384615385,4.2,2.4,3.8,3.2,0.08064516129032258,0.32696546656869946,0.09552845528455285
cancel_rate_ask,cancel_ratio,3,0,3,1.0,1.6666666666666667,4.0,5.4,5.0,0.027124773960216998,0.028832630098452883,0.027301092043681748
cancel_rate_ask,cancel_ratio,3,1,66,0.8939393939393939,5.03030303030303,4.0,6.8,4.4,0.030319436924742826,0.045168067226890755,0.04057411866204777
cancel_rate_ask,cancel_ratio,3,2,184,0.9184782608695652,5.626358695652174,3.8,6.8,4.8,0.04548789435069699,0.05913272010512484,0.05256143899838714
cancel_rate_ask,cancel_ratio,3,3,214,0.8878504672897196,6.230140186915888,4.0,6.8,5.2,0.05927051671732523,0.07993730407523511,0.06806897229801145
cancel_rate_ask,cancel_ratio,3,4,157,0.9171974522292994,7.085987261146497,3.8,6.8,5.4,0.08031674208144797,0.32666666666666666,0.09702970297029703
cancel_rate_ask,cancel_ratio,4,0,2,0.5,1.625,12.8,16.0,14.4,0.012516914749661705,0.02531239987183595,0.018914657310748827
cancel_rate_ask,cancel_ratio,4,1,13,0.8461538461538461,6.519230769230769,6.8,20.6,7.8,0.03111495246326707,0.043839409321642826,0.04
cancel_rate_ask,cancel_ratio,4,2,57,0.9122807017543859,6.600877192982456,6.8,16.0,8.4,0.045631608235948806,0.058955642897248736,0.054891544931385566
cancel_rate_ask,cancel_ratio,4,3,191,0.9214659685863874,8.107329842931938,6.8,50.2,9.6,0.05925925925925926,0.08027282266526757,0.07178217821782178
cancel_rate_ask,cancel_ratio,4,4,361,0.9473684210526315,11.727839335180056,6.8,222.2,13.0,0.08051341890315053,0.31936284110197155,0.10393528040586864
cancel_rate_ask,z_anchor_vwap,0,0,97,0.7628865979381443,2.3762886597938144,0.0,1.2,0.6,-60.572191251593026,-10.133870273890679,-14.974683455088169
cancel_rate_ask,z_anchor_vwap,0,1,169,0.7988165680473372,3.0458579881656807,0.0,1.2,0.6,-10.086451303562711,-4.00900668859568,-6.258390750386725
cancel_rate_ask,z_anchor_vwap,0,2,132,0.7727272727272727,2.6761363636363638,0.0,1.2,0.6,-3.964222925733512,-0.3581269568683113,-2.3626094576135914
cancel_rate_ask,z_anchor_vwap,0,3,143,0.7552447552447552,2.417832167832168,0.0,1.2,0.6,-0.2937740220465935,4.051740304797976,1.1750958981522255
cancel_rate_ask,z_anchor_vwap,0,4,84,0.7857142857142857,3.0714285714285716,0.0,1.2,0.4,4.057177768139474,51.264403097749096,9.111016582331441
cancel_rate_ask,z_anchor_vwap,1,0,141,0.900709219858156,5.092198581560283,1.2,2.2,1.8,-335.9094443166101,-10.123267675529272,-17.941937372864423
cancel_rate_ask,z_anchor_vwap,1,1,131,0.9236641221374046,3.683206106870229,1.2,2.2,1.6,-9.866093960337325,-4.039600108489689,-6.457199388060768
cancel_rate_ask,z_anchor_vwap,1,2,133,0.849624060150376,3.505639097744361,1.2,2.2,1.6,-3.928458481060537,-0.363145855853645,-2.1276322212343035
cancel_rate_ask,z_anchor_vwap,1,3,119,0.865546218487395,3.745798319327731,1.2,2.2,1.6,-0.3024149780151194,3.9980493070424488,1.3284023055067553
cancel_rate_ask,z_anchor_vwap,1,4,100,0.76,3.21,1.2,2.2,1.7000000000000002,4.101070136626086,343.88927693416946,10.316113475337831
cancel_rate_ask,z_anchor_vwap,2,0,130,0.8923076923076924,5.003846153846154,2.4,3.8,3.0,-269.9587944461216,-10.498147865039558,-21.413094214132943
cancel_rate_ask,z_anchor_vwap,2,1,119,0.8571428571428571,4.705882352941177,2.2,3.8,3.2,-10.04048354329272,-4.011744628675111,-6.277120479747254
cancel_rate_ask,z_anchor_vwap,2,2,112,0.8303571428571429,3.544642857142857,2.4,3.8,3.2,-4.003742044708784,-0.33074544224091074,-1.9030203628631437
cancel_rate_ask,z_anchor_vwap,2,3,128,0.828125,3.603515625,2.4,3.8,3.1,-0.2638920882300145,4.003779354149817,1.4309781200947134
cancel_rate_ask,z_anchor_vwap,2,4,135,0.8740740740740741,4.17962962962963,2.4,3.8,3.2,4.079742365007883,396.82985171411207,12.132271334971689
cancel_rate_ask,z_anchor_vwap,3,0,127,0.9448818897637795,6.5078740157480315,3.8,6.8,5.0,-302.76617058905674,-10.12651633746744,-18.519205770664115
cancel_rate_ask,z_anchor_vwap,3,1,104,0.875,6.555288461538462,3.8,6.8,4.9,-9.783252179222321,-4.0740808767625785,-6.549759444507561
cancel_rate_ask,z_anchor_vwap,3,2,132,0.9242424242424242,6.568181818181818,3.8,6.8,5.0,-4.005667635893574,-0.3165006858355552,-2.2603836520876115
cancel_rate_ask,z_anchor_vwap,3,3,112,0.9285714285714286,5.303571428571429,3.8,6.6,4.9,-0.30708590044016915,3.97705198530673,1.411365145930974
cancel_rate_ask,z_anchor_vwap,3,4,149,0.8590604026845637,5.696308724832215,4.0,6.8,5.0,4.110068963131274,500.9351348995934,12.604279296347874
cancel_rate_ask,z_anchor_vwap,4,0,130,0.9384615384615385,11.353846153846154,6.8,131.4,10.2,-547.3154243611832,-10.161231549773355,-20.809647059868563
cancel_rate_ask,z_anchor_vwap,4,1,101,0.9405940594059405,8.950495049504951,6.8,104.8,10.4,-10.05762484722977,-4.027621898947002,-6.629358021281787
cancel_rate_ask,z_anchor_vwap,4,2,115,0.9478260869565217,12.547826086956523,6.8,86.8,11.2,-3.9938560375533325,-0.33051208859100256,-2.242801183277455
cancel_rate_ask,z_anchor_vwap,4,3,122,0.9262295081967213,9.104508196721312,6.8,222.2,11.9,-0.265429113277399,4.011941498938436,1.4574448239573121
cancel_rate_ask,z_anchor_vwap,4,4,156,0.9166666666666666,8.415064102564102,6.8,53.6,10.7,4.174704385043392,389.14495472491694,11.074001447833814
cancel_rate_ask,distance_from_session_vwap_anchor,0,0,64,0.8125,2.609375,0.0,1.2,0.6,-51.0,-9.75,-16.625
cancel_rate_ask,distance_from_session_vwap_anchor,0,1,169,0.7928994082840237,2.967455621301775,0.0,1.2,0.6,-9.5,-3.75,-5.75
cancel_rate_ask,distance_from_session_vwap_anchor,0,2,167,0.7544910179640718,2.62125748502994,0.0,1.2,0.6,-3.75,-0.25,-2.25
cancel_rate_ask,distance_from_session_vwap_anchor,0,3,156,0.75,2.3125,0.0,1.2,0.6,-0.25,3.75,1.0
cancel_rate_ask,distance_from_session_vwap_anchor,0,4,69,0.8115942028985508,3.4094202898550723,0.0,1.2,0.4,4.0,20.5,8.5
cancel_rate_ask,distance_from_session_vwap_anchor,1,0,117,0.9145299145299145,5.25,1.2,2.2,1.8,-50.5,-9.75,-16.25
cancel_rate_ask,distance_from_session_vwap_anchor,1,1,143,0.8951048951048951,3.7045454545454546,1.2,2.2,1.6,-9.5,-3.75,-6.0
cancel_rate_ask,distance_from_session_vwap_anchor,1,2,150,0.8533333333333334,3.493333333333333,1.2,2.2,1.6,-3.75,-0.25,-1.75
cancel_rate_ask,distance_from_session_vwap_anchor,1,3,125,0.872,3.87,1.2,2.2,1.6,-0.25,3.75,1.25
cancel_rate_ask,distance_from_session_vwap_anchor,1,4,89,0.7640449438202247,3.1657303370786516,1.2,2.2,1.8,4.0,42.5,9.5
cancel_rate_ask,distance_from_session_vwap_anchor,2,0,121,0.8925619834710744,5.4690082644628095,2.4,3.8,3.0,-69.5,-9.75,-18.25
cancel_rate_ask,distance_from_session_vwap_anchor,2,1,119,0.8487394957983193,4.15546218487395,2.2,3.8,3.0,-9.5,-3.75,-6.5
cancel_rate_ask,distance_from_session_vwap_anchor,2,2,118,0.8389830508474576,3.580508474576271,2.4,3.8,3.2,-3.75,-0.25,-1.75
cancel_rate_ask,distance_from_session_vwap_anchor,2,3,138,0.8478260869565217,3.5543478260869565,2.4,3.8,3.0,-0.25,3.75,1.5
cancel_rate_ask,distance_from_session_vwap_anchor,2,4,128,0.859375,4.404296875,2.4,3.8,3.2,4.0,75.25,10.5
cancel_rate_ask,distance_from_session_vwap_anchor,3,0,137,0.9197080291970803,7.116788321167883,3.8,6.8,5.2,-71.25,-10.0,-16.75
cancel_rate_ask,distance_from_session_vwap_anchor,3,1,110,0.8909090909090909,5.786363636363636,4.0,6.8,5.0,-9.5,-3.75,-6.125
cancel_rate_ask,distance_from_session_vwap_anchor,3,2,113,0.9380530973451328,5.922566371681416,3.8,6.8,5.0,-3.75,-0.25,-1.75
cancel_rate_ask,distance_from_session_vwap_anchor,3,3,108,0.9259259259259259,5.872685185185185,3.8,6.6,4.8,-0.25,3.75,0.875
cancel_rate_ask,distance_from_session_vwap_anchor,3,4,156,0.8653846153846154,5.788461538461538,4.0,6.8,5.2,4.0,60.25,13.125
cancel_rate_ask,distance_from_session_vwap_anchor,4,0,186,0.946236559139785,13.78763440860215,6.8,131.4,11.1,-131.75,-9.75,-19.25
cancel_rate_ask,distance_from_session_vwap_anchor,4,1,83,0.9397590361445783,8.487951807228916,6.8,78.4,10.2,-9.5,-3.75,-6.5
cancel_rate_ask,distance_from_session_vwap_anchor,4,2,76,0.9342105263157895,7.430921052631579,6.8,222.2,10.1,-3.75,-0.25,-1.625
cancel_rate_ask,distance_from_session_vwap_anchor,4,3,97,0.9072164948453608,8.074742268041238,6.8,95.8,11.2,-0.25,3.75,0.75
cancel_rate_ask,distance_from_session_vwap_anchor,4,4,182,0.9285714285714286,8.953296703296703,6.8,53.6,11.2,4.0,80.0,12.375
cancel_rate_ask,bid_depth_curvature,0,0,237,0.7890295358649789,2.5548523206751055,0.0,1.2,0.6,-66.25,-17.5,-21.5
cancel_rate_ask,bid_depth_curvature,0,1,158,0.810126582278481,2.795886075949367,0.0,1.2,0.6,-17.375,-13.0,-15.125
cancel_rate_ask,bid_depth_curvature,0,2,123,0.7560975609756098,2.707317073170732,0.0,1.2,0.6,-13.0,-9.875,-11.375
cancel_rate_ask,bid_depth_curvature,0,3,70,0.7857142857142857,3.1535714285714285,0.0,1.0,0.6,-9.75,-6.875,-8.625
cancel_rate_ask,bid_depth_curvature,0,4,37,0.5945945945945946,2.7364864864864864,0.0,1.2,0.6,-6.75,-0.25,-4.875
cancel_rate_ask,bid_depth_curvature,1,0,162,0.8765432098765432,3.384259259259259,1.2,2.2,1.6,-63.375,-17.5,-21.0
cancel_rate_ask,bid_depth_curvature,1,1,153,0.8366013071895425,3.3300653594771243,1.2,2.2,1.6,-17.5,-13.0,-15.125
cancel_rate_ask,bid_depth_curvature,1,2,150,0.8533333333333334,4.026666666666666,1.2,2.2,1.6,-13.0,-9.875,-11.375
cancel_rate_ask,bid_depth_curvature,1,3,112,0.9017857142857143,4.540178571428571,1.2,2.2,1.6,-9.75,-6.875,-8.5
cancel_rate_ask,bid_depth_curvature,1,4,47,0.8723404255319149,5.601063829787234,1.2,2.2,1.8,-6.75,44.25,-5.125
cancel_rate_ask,bid_depth_curvature,2,0,106,0.8207547169811321,3.643867924528302,2.4,3.8,3.0,-45.0,-17.5,-21.5
cancel_rate_ask,bid_depth_curvature,2,1,144,0.8125,3.4809027777777777,2.4,3.8,3.2,-17.5,-13.0,-14.75
cancel_rate_ask,bid_depth_curvature,2,2,132,0.8409090909090909,4.422348484848484,2.2,3.8,3.0,-13.0,-9.75,-11.25
cancel_rate_ask,bid_depth_curvature,2,3,155,0.9161290322580645,4.672580645161291,2.4,3.8,3.2,-9.75,-6.875,-8.25
cancel_rate_ask,bid_depth_curvature,2,4,87,0.896551724137931,5.028735632183908,2.4,3.8,3.2,-6.75,10.625,-5.5
cancel_rate_ask,bid_depth_curvature,3,0,86,0.9186046511627907,5.267441860465116,4.0,6.8,5.0,-54.25,-17.5,-20.3125
cancel_rate_ask,bid_depth_curvature,3,1,103,0.9029126213592233,4.866504854368932,4.0,6.6,4.8,-17.375,-13.125,-14.875
cancel_rate_ask,bid_depth_curvature,3,2,136,0.8897058823529411,5.362132352941177,3.8,6.8,5.0,-13.0,-9.75,-11.1875
cancel_rate_ask,bid_depth_curvature,3,3,151,0.9139072847682119,6.475165562913907,3.8,6.8,5.0,-9.75,-6.875,-8.25
cancel_rate_ask,bid_depth_curvature,3,4,148,0.9054054054054054,7.815878378378378,3.8,6.8,5.4,-6.75,6.75,-5.375
cancel_rate_ask,bid_depth_curvature,4,0,34,0.8235294117647058,4.102941176470588,7.2,43.6,10.0,-46.0,-17.625,-21.125
cancel_rate_ask,bid_depth_curvature,4,1,66,0.9242424242424242,7.40530303030303,6.8,95.8,9.2,-17.25,-13.0,-14.375
cancel_rate_ask,bid_depth_curvature,4,2,83,0.9156626506024096,7.22289156626506,6.8,31.0,10.2,-13.0,-9.75,-11.125
cancel_rate_ask,bid_depth_curvature,4,3,136,0.9338235294117647,8.034926470588236,6.8,131.4,10.2,-9.75,-6.875,-7.875
cancel_rate_ask,bid_depth_curvature,4,4,305,0.9508196721311475,12.872131147540983,6.8,222.2,12.6,-6.875,25.375,-4.5
cancel_rate_ask,trade_imbalance_60s,0,0,154,0.7467532467532467,2.469155844155844,0.0,1.2,0.6,-1.0,-0.17609254498714652,-0.3309222423146474
cancel_rate_ask,trade_imbalance_60s,0,1,75,0.84,2.933333333333333,0.0,1.2,0.6,-0.17503059975520197,-0.05992217898832685,-0.10926118626430802
cancel_rate_ask,trade_imbalance_60s,0,2,87,0.7471264367816092,2.7844827586206895,0.0,1.2,0.6,-0.056844020009095046,0.053309900410076154,0.0013550135501355014
cancel_rate_ask,trade_imbalance_60s,0,3,89,0.8089887640449438,2.960674157303371,0.0,1.2,0.4,0.05429864253393665,0.170018281535649,0.11864406779661017
cancel_rate_ask,trade_imbalance_60s,0,4,220,0.7727272727272727,2.710227272727273,0.0,1.2,0.6,0.17023096663815226,0.940959409594096,0.29271452206745496
cancel_rate_ask,trade_imbalance_60s,1,0,143,0.8461538461538461,3.3024475524475525,1.2,2.2,1.6,-0.7271523178807947,-0.17668711656441718,-0.26029798422436456
cancel_rate_ask,trade_imbalance_60s,1,1,109,0.8899082568807339,4.424311926605505,1.2,2.2,1.6,-0.17391304347826086,-0.05944055944055944,-0.11015288122304978
cancel_rate_ask,trade_imbalance_60s,1,2,103,0.9029126213592233,4.716019417475728,1.2,2.2,1.8,-0.058213716108452954,0.053621825023518345,-0.0006514657980456026
cancel_rate_ask,trade_imbalance_60s,1,3,125,0.896,4.122,1.2,2.2,1.8,0.056218057921635436,0.16982152514872903,0.10828025477707007
cancel_rate_ask,trade_imbalance_60s,1,4,144,0.8125,3.3194444444444446,1.2,2.2,1.6,0.17005545286506468,0.8160237388724035,0.27985335457411925
cancel_rate_ask,trade_imbalance_60s,2,0,135,0.8592592592592593,3.3296296296296295,2.4,3.8,3.2,-0.635036496350365,-0.1769651113913409,-0.285140562248996
cancel_rate_ask,trade_imbalance_60s,2,1,133,0.8721804511278195,4.522556390977444,2.2,3.8,3.0,-0.1752708731676227,-0.060759493670886074,-0.12033195020746888
cancel_rate_ask,trade_imbalance_60s,2,2,111,0.8828828828828829,4.531531531531532,2.4,3.8,3.2,-0.05829596412556054,0.05304740406320542,0.0017152658662092624
cancel_rate_ask,trade_imbalance_60s,2,3,129,0.8604651162790697,4.905038759689923,2.4,3.8,3.2,0.05362776025236593,0.16978309648466716,0.10981432360742706
cancel_rate_ask,trade_imbalance_60s,2,4,116,0.8103448275862069,3.8469827586206895,2.4,3.8,3.0,0.17048794826572605,0.6480282519128899,0.22992817409377103
cancel_rate_ask,trade_imbalance_60s,3,0,127,0.9291338582677166,5.429133858267717,3.8,6.8,5.0,-0.6520566419420094,-0.17591973244147158,-0.24894003634161113
cancel_rate_ask,trade_imbalance_60s,3,1,134,0.8880597014925373,6.451492537313433,3.8,6.8,5.300000000000001,-0.17547568710359407,-0.06265876375952582,-0.11604738723178781
cancel_rate_ask,trade_imbalance_60s,3,2,151,0.9337748344370861,6.233443708609271,4.0,6.8,5.0,-0.05822021116138763,0.052507374631268436,-0.001358080579447714
cancel_rate_ask,trade_imbalance_60s,3,3,125,0.904,6.63,3.8,6.8,4.8,0.05460750853242321,0.16968130921619293,0.11183225162256615
cancel_rate_ask,trade_imbalance_60s,3,4,87,0.8505747126436781,5.67816091954023,3.8,6.8,5.0,0.17021836358852935,0.45049884881043745,0.2305065452475811
cancel_rate_ask,trade_imbalance_60s,4,0,66,0.9242424242424242,11.352272727272727,6.8,64.4,10.0,-0.5921855921855922,-0.17672600955275727,-0.23269998520884524
cancel_rate_ask,trade_imbalance_60s,4,1,173,0.9421965317919075,9.28757225433526,6.8,222.2,11.2,-0.17570700046360685,-0.05871854363733714,-0.11026237130521421
cancel_rate_ask,trade_imbalance_60s,4,2,172,0.9418604651162791,10.655523255813954,6.8,104.8,10.8,-0.05825667980727114,0.05304010349288486,-0.0024038530942841665
cancel_rate_ask,trade_imbalance_60s,4,3,156,0.9358974358974359,10.120192307692308,6.8,131.4,11.5,0.05388342387314638,0.1697936210131332,0.10248719438346532
cancel_rate_ask,trade_imbalance_60s,4,4,57,0.8771929824561403,8.403508771929825,6.8,86.8,10.2,0.17435424354243542,0.5583596214511041,0.21842818428184282
cancel_rate_ask,wall_persistence_2s,0,0,290,0.7103448275862069,2.399137931034483,0.0,1.2,0.6,0.0,0.0,0.0
cancel_rate_ask,wall_persistence_2s,0,1,113,0.8141592920353983,2.8030973451327434,0.0,1.2,0.6,0.0,0.06015037593984962,0.0
cancel_rate_ask,wall_persistence_2s,0,2,72,0.9305555555555556,3.2395833333333335,0.0,1.2,0.8,0.0603448275862069,0.15625,0.10698895771613251
cancel_rate_ask,wall_persistence_2s,0,3,73,0.7808219178082192,2.8664383561643834,0.0,1.2,0.6,0.15767634854771784,0.2878787878787879,0.21645021645021645
cancel_rate_ask,wall_persistence_2s,0,4,76,0.8552631578947368,3.286184210526316,0.0,1.2,0.6,0.2925170068027211,0.6542056074766355,0.3636642156862745
cancel_rate_ask,wall_persistence_2s,1,0,176,0.8806818181818182,4.130681818181818,1.2,2.2,1.6,0.0,0.0,0.0
cancel_rate_ask,wall_persistence_2s,1,1,150,0.8466666666666667,4.065,1.2,2.4,1.6,0.0,0.058823529411764705,0.009479524675966484
cancel_rate_ask,wall_persistence_2s,1,2,93,0.8709677419354839,3.575268817204301,1.2,2.2,1.6,0.060240963855421686,0.15625,0.10526315789473684
cancel_rate_ask,wall_persistence_2s,1,3,102,0.8529411764705882,3.607843137254902,1.2,2.2,1.8,0.1566265060240964,0.28865979381443296,0.20403086607777438
cancel_rate_ask,wall_persistence_2s,1,4,103,0.8640776699029126,3.8179611650485437,1.2,2.2,1.8,0.2894736842105263,0.6733333333333333,0.3574660633484163
cancel_rate_ask,wall_persistence_2s,2,0,97,0.7835051546391752,3.6623711340206184,2.4,3.8,2.8,0.0,0.0,0.0
cancel_rate_ask,wall_persistence_2s,2,1,152,0.9078947368421053,4.485197368421052,2.4,3.8,3.0,0.0,0.05963302752293578,0.018967997123336928
cancel_rate_ask,wall_persistence_2s,2,2,142,0.8380281690140845,3.7816901408450705,2.4,3.8,3.2,0.060714285714285714,0.1553784860557769,0.1092822966507177
cancel_rate_ask,wall_persistence_2s,2,3,112,0.875,4.464285714285714,2.4,3.8,3.1,0.1602787456445993,0.2879581151832461,0.21437477734235838
cancel_rate_ask,wall_persistence_2s,2,4,120,0.8666666666666667,4.720833333333333,2.4,3.8,3.2,0.2899543378995434,0.5210918114143921,0.35118279569892474
cancel_rate_ask,wall_persistence_2s,3,0,51,0.8823529411764706,6.088235294117647,4.0,6.8,4.6,0.0,0.0,0.0
cancel_rate_ask,wall_persistence_2s,3,1,132,0.9242424242424242,5.570075757575758,3.8,6.6,4.9,0.0,0.05925925925925926,0.028820982682239225
cancel_rate_ask,wall_persistence_2s,3,2,147,0.8979591836734694,5.928571428571429,3.8,6.8,5.0,0.06072874493927125,0.15632754342431762,0.09927007299270073
cancel_rate_ask,wall_persistence_2s,3,3,164,0.9146341463414634,6.486280487804878,4.0,6.8,5.2,0.15644820295983086,0.28837209302325584,0.209470687422106
cancel_rate_ask,wall_persistence_2s,3,4,130,0.8923076923076924,6.378846153846154,3.8,6.8,5.2,0.2894736842105263,0.5887850467289719,0.3933908144687575
cancel_rate_ask,wall_persistence_2s,4,0,10,0.9,45.95,6.8,64.4,8.2,0.0,0.0,0.0
cancel_rate_ask,wall_persistence_2s,4,1,77,0.922077922077922,7.704545454545454,6.8,222.2,9.8,0.0,0.05966850828729282,0.035555555555555556
cancel_rate_ask,wall_persistence_2s,4,2,169,0.9349112426035503,8.402366863905325,6.8,78.0,10.4,0.060353798126951096,0.15643564356435644,0.11044417767106843
cancel_rate_ask,wall_persistence_2s,4,3,173,0.930635838150289,10.160404624277456,6.8,104.8,10.8,0.15698924731182795,0.28879310344827586,0.2196078431372549
cancel_rate_ask,wall_persistence_2s,4,4,194,0.9381443298969072,10.38659793814433,6.8,131.4,11.8,0.2892609699769053,0.5693160813308688,0.372261062840978
cancel_rate_ask,convexity_imbalance,0,0,135,0.725925925925926,2.4555555555555557,0.0,1.2,0.6,-2.8909970851894626,-0.2961956521739131,-0.5061332969878698
cancel_rate_ask,convexity_imbalance,0,1,155,0.8,2.9,0.0,1.2,0.6,-0.2864616276618175,-0.060977269633864184,-0.16825269892043204
cancel_rate_ask,convexity_imbalance,0,2,129,0.7829457364341085,2.5755813953488373,0.0,1.2,0.6,-0.05802076278655521,0.13308913308913306,0.026642335766423386
cancel_rate_ask,convexity_imbalance,0,3,111,0.7657657657657657,2.5405405405405403,0.0,1.2,0.6,0.1364770574372718,0.3778542950344328,0.23381642512077294
cancel_rate_ask,convexity_imbalance,0,4,95,0.8105263157894737,3.231578947368421,0.0,1.2,0.6,0.3834586466165413,2.5576508115207806,0.5076814468685917
cancel_rate_ask,convexity_imbalance,1,0,116,0.8189655172413793,4.118534482758621,1.2,2.2,1.6,-3.649706718805545,-0.29604301075268824,-0.46330226654712237
cancel_rate_ask,convexity_imbalance,1,1,127,0.84251968503937,3.470472440944882,1.2,2.2,1.6,-0.2907383136740934,-0.0605610910889689,-0.16871921182266014
cancel_rate_ask,convexity_imbalance,1,2,134,0.9029850746268657,3.8824626865671643,1.2,2.2,1.6,-0.058706496352469606,0.13349875930521105,0.047003231573157334
cancel_rate_ask,convexity_imbalance,1,3,138,0.8623188405797102,4.117753623188406,1.2,2.2,1.8,0.13499677627337214,0.3760988660975919,0.24564947667420528
cancel_rate_ask,convexity_imbalance,1,4,109,0.8990825688073395,3.9128440366972477,1.2,2.2,1.6,0.37853461674801614,3.3977564102564104,0.5529457364341086
cancel_rate_ask,convexity_imbalance,2,0,119,0.8739495798319328,4.394957983193278,2.4,3.8,3.2,-2.387096774193548,-0.30274181264280275,-0.48758710801393734
cancel_rate_ask,convexity_imbalance,2,1,112,0.9017857142857143,4.203125,2.4,3.8,3.0,-0.28667601683029453,-0.06854770238662566,-0.17137852184565117
cancel_rate_ask,convexity_imbalance,2,2,138,0.855072463768116,4.471014492753623,2.4,3.8,3.0,-0.057376004080071485,0.13362686606049556,0.03144692109306302
cancel_rate_ask,convexity_imbalance,2,3,129,0.7984496124031008,4.160852713178294,2.2,3.8,3.0,0.13447079236552928,0.3776276276276277,0.23910903273443262
cancel_rate_ask,convexity_imbalance,2,4,126,0.8650793650793651,3.8531746031746033,2.4,3.8,3.2,0.37860043736332405,3.6824027503660783,0.5764570569136336
cancel_rate_ask,convexity_imbalance,3,0,126,0.9126984126984127,6.470238095238095,3.8,6.8,5.1,-8.092609983385104,-0.29367870314778277,-0.5380650724998679
cancel_rate_ask,convexity_imbalance,3,1,118,0.8983050847457628,5.822033898305085,3.8,6.8,4.8,-0.2883522727272727,-0.061842918985776096,-0.15949912016088486
cancel_rate_ask,convexity_imbalance,3,2,113,0.8761061946902655,7.006637168141593,3.8,6.6,5.2,-0.058232489915658325,0.13362282878411913,0.04652068126520681
cancel_rate_ask,convexity_imbalance,3,3,127,0.937007874015748,5.891732283464567,4.0,6.8,5.0,0.13590263691683568,0.3768996960486324,0.2632747829598223
cancel_rate_ask,convexity_imbalance,3,4,140,0.9,5.541071428571429,3.8,6.8,5.0,0.3791470051165229,10.234359483614698,0.5615107091550215
cancel_rate_ask,convexity_imbalance,4,0,129,0.9224806201550387,14.193798449612403,6.8,222.2,12.0,-6.870622443762781,-0.2930622009569378,-0.5634615384615385
cancel_rate_ask,convexity_imbalance,4,1,112,0.9553571428571429,8.551339285714286,6.8,86.8,11.0,-0.29180343466057745,-0.05887300252312877,-0.17494151832523036
cancel_rate_ask,convexity_imbalance,4,2,110,0.9454545454545454,8.809090909090909,6.8,131.4,10.4,-0.053724053724053755,0.13213789452788993,0.038755338922979554
cancel_rate_ask,convexity_imbalance,4,3,119,0.907563025210084,8.186974789915967,6.8,90.2,9.8,0.1360112755461591,0.3759152537654167,0.23138231631382333
cancel_rate_ask,convexity_imbalance,4,4,154,0.935064935064935,9.834415584415584,6.8,104.8,10.9,0.38257516747156883,7.7727272727272725,0.6509679333378033
cancel_rate_ask,liquidity_compression,0,0,94,0.8085106382978723,3.0425531914893615,0.0,1.2,0.6,0.36287923854848303,0.6638418079096046,0.6161652250532589
cancel_rate_ask,liquidity_compression,0,1,141,0.8368794326241135,2.867021276595745,0.0,1.2,0.6,0.6652601969057665,0.7510593220338984,0.7177322074788902
cancel_rate_ask,liquidity_compression,0,2,146,0.7602739726027398,2.720890410958904,0.0,1.2,0.6,0.7516973811833172,0.8305647840531561,0.7923234736828157
cancel_rate_ask,liquidity_compression,0,3,137,0.7664233576642335,2.3905109489051095,0.0,1.2,0.6,0.8312182741116751,0.9273570324574961,0.8763157894736842
cancel_rate_ask,liquidity_compression,0,4,107,0.7009345794392523,2.6845794392523366,0.0,1.2,0.4,0.929745889387145,1.8803571428571428,0.9895287958115183
cancel_rate_ask,liquidity_compression,1,0,103,0.883495145631068,4.410194174757281,1.2,2.2,1.6,0.14410480349344978,0.6638655462184874,0.6161048689138576
cancel_rate_ask,liquidity_compression,1,1,120,0.8833333333333333,3.6645833333333333,1.2,2.2,1.7000000000000002,0.6647727272727273,0.75,0.708405027808013
cancel_rate_ask,liquidity_compression,1,2,144,0.8472222222222222,3.6302083333333335,1.2,2.2,1.7000000000000002,0.7525510204081632,0.8305369127516778,0.7908525007811185
cancel_rate_ask,liquidity_compression,1,3,143,0.8601398601398601,3.61013986013986,1.2,2.2,1.6,0.8317422434367542,0.9247967479674797,0.8726591760299626
cancel_rate_ask,liquidity_compression,1,4,114,0.8596491228070176,4.390350877192983,1.2,2.2,1.8,0.928,2.29247311827957,0.9926237010714478
cancel_rate_ask,liquidity_compression,2,0,112,0.8392857142857143,4.261160714285714,2.4,3.8,3.0,0.12907268170426064,0.6620879120879121,0.5792444378079737
cancel_rate_ask,liquidity_compression,2,1,116,0.8275862068965517,4.146551724137931,2.4,3.8,3.1,0.6653992395437263,0.7503607503607503,0.7032080693321681
cancel_rate_ask,liquidity_compression,2,2,128,0.8671875,4.19921875,2.4,3.8,3.1,0.7518796992481203,0.8308580858085809,0.7937969196947174
cancel_rate_ask,liquidity_compression,2,3,125,0.888,4.292,2.2,3.8,3.2,0.8312829525483304,0.9272727272727272,0.8764044943820225
cancel_rate_ask,liquidity_compression,2,4,143,0.8601398601398601,4.201048951048951,2.4,3.8,3.0,0.9274924471299094,2.119463087248322,1.0
cancel_rate_ask,liquidity_compression,3,0,140,0.95,6.083928571428571,4.0,6.8,5.2,0.23224043715846995,0.664624808575804,0.5924779445906206
cancel_rate_ask,liquidity_compression,3,1,124,0.9274193548387096,5.975806451612903,3.8,6.8,4.8,0.6661442006269592,0.7513368983957219,0.7150607638888888
cancel_rate_ask,liquidity_compression,3,2,109,0.8899082568807339,6.6192660550458715,3.8,6.6,4.8,0.7522123893805309,0.8305084745762712,0.7786458333333334
cancel_rate_ask,liquidity_compression,3,3,122,0.8688524590163934,5.747950819672131,3.8,6.6,5.0,0.8313953488372093,0.9269662921348315,0.8673159658985932
cancel_rate_ask,liquidity_compression,3,4,129,0.8837209302325582,6.22093023255814,3.8,6.8,5.2,0.9285714285714286,3.9269662921348316,1.022408963585434
cancel_rate_ask,liquidity_compression,4,0,176,0.9431818181818182,10.948863636363637,6.8,131.4,12.7,0.13793103448275862,0.664367816091954,0.5605662879564688
cancel_rate_ask,liquidity_compression,4,1,123,0.9186991869918699,9.40650406504065,6.8,52.0,10.4,0.664804469273743,0.7512437810945274,0.7132352941176471
cancel_rate_ask,liquidity_compression,4,2,97,0.9278350515463918,7.86340206185567,6.8,62.4,11.2,0.75177304964539,0.8305555555555556,0.7941176470588235
cancel_rate_ask,liquidity_compression,4,3,97,0.9381443298969072,8.036082474226804,6.8,222.2,10.4,0.8333333333333334,0.9271137026239067,0.8721804511278195
cancel_rate_ask,liquidity_compression,4,4,131,0.9312977099236641,12.368320610687023,6.8,104.8,10.2,0.9278688524590164,3.921985815602837,1.043859649122807
cancel_rate_ask,replenishment_rate_near_5s,0,0,401,0.7381546134663342,2.6596009975062342,0.0,1.2,0.4,0.0,58.8,34.0
cancel_rate_ask,replenishment_rate_near_5s,0,1,148,0.8513513513513513,2.863175675675676,0.0,1.2,0.8,59.0,96.0,74.69999999999999
cancel_rate_ask,replenishment_rate_near_5s,0,2,58,0.8275862068965517,2.564655172413793,0.0,1.2,0.8,96.4,150.0,109.0
cancel_rate_ask,replenishment_rate_near_5s,0,3,11,0.9090909090909091,2.977272727272727,0.8,1.2,1.0,156.4,245.6,206.2
cancel_rate_ask,replenishment_rate_near_5s,0,4,6,0.8333333333333334,4.958333333333333,0.2,1.2,1.0,249.2,559.8,268.4
cancel_rate_ask,replenishment_rate_near_5s,1,0,161,0.8074534161490683,3.590062111801242,1.2,2.2,1.6,10.6,58.8,45.4
cancel_rate_ask,replenishment_rate_near_5s,1,1,235,0.8936170212765957,4.01063829787234,1.2,2.2,1.6,59.0,96.0,75.2
cancel_rate_ask,replenishment_rate_near_5s,1,2,148,0.8716216216216216,3.8277027027027026,1.2,2.2,1.8,96.6,150.0,115.8
cancel_rate_ask,replenishment_rate_near_5s,1,3,63,0.9047619047619048,4.392857142857143,1.2,2.2,1.8,150.2,244.2,184.8
cancel_rate_ask,replenishment_rate_near_5s,1,4,17,0.8235294117647058,4.102941176470588,1.2,2.2,1.8,248.2,754.8,309.6
cancel_rate_ask,replenishment_rate_near_5s,2,0,41,0.7560975609756098,3.176829268292683,2.2,3.8,2.8,11.0,58.4,47.6
cancel_rate_ask,replenishment_rate_near_5s,2,1,166,0.8674698795180723,4.331325301204819,2.4,3.8,2.8,59.0,96.2,78.4
cancel_rate_ask,replenishment_rate_near_5s,2,2,198,0.8838383838383839,4.263888888888889,2.4,3.8,3.2,96.2,149.8,119.2
cancel_rate_ask,replenishment_rate_near_5s,2,3,153,0.8431372549019608,4.315359477124183,2.4,3.8,3.2,150.2,247.2,178.4
cancel_rate_ask,replenishment_rate_near_5s,2,4,66,0.8484848484848485,4.231060606060606,2.4,3.8,3.3,248.2,803.6,311.0
cancel_rate_ask,replenishment_rate_near_5s,3,0,18,0.8888888888888888,6.208333333333333,4.2,6.8,4.6,10.2,58.6,52.599999999999994
cancel_rate_ask,replenishment_rate_near_5s,3,1,62,0.9032258064516129,6.612903225806452,3.8,6.6,4.6,59.0,96.0,84.2
cancel_rate_ask,replenishment_rate_near_5s,3,2,164,0.8963414634146342,6.361280487804878,3.8,6.8,4.8,96.2,150.2,128.7
cancel_rate_ask,replenishment_rate_near_5s,3,3,228,0.9166666666666666,6.371710526315789,3.8,6.8,5.0,150.6,246.8,191.8
cancel_rate_ask,replenishment_rate_near_5s,3,4,152,0.9013157894736842,5.264802631578948,4.0,6.8,5.4,247.6,1259.6,326.70000000000005
cancel_rate_ask,replenishment_rate_near_5s,4,0,3,1.0,12.25,7.4,10.6,8.0,22.0,50.6,48.0
cancel_rate_ask,replenishment_rate_near_5s,4,1,13,1.0,14.115384615384615,7.2,27.4,10.0,68.8,95.2,87.6
cancel_rate_ask,replenishment_rate_near_5s,4,2,56,0.9464285714285714,9.473214285714286,6.8,22.8,8.4,96.6,150.0,121.8
cancel_rate_ask,replenishment_rate_near_5s,4,3,169,0.9289940828402367,9.539940828402367,6.8,90.2,9.6,150.2,246.4,202.4
cancel_rate_ask,replenishment_rate_near_5s,4,4,383,0.9295039164490861,10.139686684073107,6.8,222.2,12.8,247.2,5341.2,404.6
cancel_rate_ask,impact_asymmetry_10s,0,0,118,0.7966101694915254,2.7584745762711864,0.0,1.2,0.4,-0.03571428571428571,-0.003078817733990148,-0.004409294512877939
cancel_rate_ask,impact_asymmetry_10s,0,1,92,0.7934782608695652,2.760869565217391,0.2,1.2,0.8,-0.003048780487804878,-0.0015337423312883436,-0.0023148148148148147
cancel_rate_ask,impact_asymmetry_10s,0,2,97,0.7422680412371134,2.5231958762886597,0.0,1.2,0.6,-0.0015151515151515152,0.0006925207756232687,-0.0005341880341880342
cancel_rate_ask,impact_asymmetry_10s,0,3,151,0.7549668874172185,2.8046357615894038,0.0,1.2,0.6,0.0007048872180451127,0.0023006134969325155,0.0016129032258064516
cancel_rate_ask,impact_asymmetry_10s,0,4,164,0.7926829268292683,2.673780487804878,0.0,1.2,0.4,0.0023148148148148147,0.025,0.0034653601229688185
cancel_rate_ask,impact_asymmetry_10s,1,0,129,0.8914728682170543,4.131782945736434,1.2,2.2,1.6,-0.03125,-0.003048780487804878,-0.00423728813559322
cancel_rate_ask,impact_asymmetry_10s,1,1,135,0.8740740740740741,3.2925925925925927,1.2,2.2,1.6,-0.0030120481927710845,-0.0015822784810126582,-0.0021551724137931034
cancel_rate_ask,impact_asymmetry_10s,1,2,104,0.8846153846153846,4.228365384615385,1.2,2.2,1.7000000000000002,-0.001516990291262136,0.0006793478260869565,-0.0007949145687999191
cancel_rate_ask,impact_asymmetry_10s,1,3,131,0.8625954198473282,3.7709923664122136,1.2,2.2,1.6,0.0007062146892655367,0.0023006134969325155,0.0015560165975103733
cancel_rate_ask,impact_asymmetry_10s,1,4,122,0.819672131147541,4.151639344262295,1.2,2.2,1.6,0.0023148148148148147,0.008333333333333333,0.0031447784810126585
cancel_rate_ask,impact_asymmetry_10s,2,0,106,0.8773584905660378,4.591981132075472,2.4,3.8,3.2,-0.015202702702702704,-0.0030821917808219177,-0.0042052174405115585
cancel_rate_ask,impact_asymmetry_10s,2,1,145,0.8275862068965517,3.5,2.4,3.8,3.0,-0.003043478260869565,-0.0015337423312883436,-0.0021820448877805485
cancel_rate_ask,impact_asymmetry_10s,2,2,145,0.8620689655172413,4.094827586206897,2.2,3.8,3.2,-0.001532399299474606,0.0006915629322268327,-0.0008116883116883117
cancel_rate_ask,impact_asymmetry_10s,2,3,124,0.8387096774193549,4.370967741935484,2.4,3.8,3.0,0.0007075471698113207,0.0022988505747126436,0.0015482055197612475
cancel_rate_ask,impact_asymmetry_10s,2,4,102,0.8921568627450981,4.884803921568627,2.4,3.8,3.0,0.002305327868852459,0.009358288770053475,0.0033790271961627464
cancel_rate_ask,impact_asymmetry_10s,3,0,124,0.8790322580645161,5.667338709677419,3.8,6.6,5.0,-0.02,-0.003048780487804878,-0.004440438350965416
cancel_rate_ask,impact_asymmetry_10s,3,1,133,0.9398496240601504,5.921052631578948,3.8,6.8,5.0,-0.003033980582524272,-0.0015360983102918587,-0.0023333333333333335
cancel_rate_ask,impact_asymmetry_10s,3,2,147,0.9387755102040817,6.214285714285714,4.0,6.8,5.2,-0.001524390243902439,0.0006931608133086876,-0.0004807692307692308
cancel_rate_ask,impact_asymmetry_10s,3,3,115,0.8782608695652174,5.667391304347826,3.8,6.8,4.8,0.0007022471910112359,0.002204585537918871,0.0013786764705882354
cancel_rate_ask,impact_asymmetry_10s,3,4,102,0.8725490196078431,7.188725490196078,3.8,6.8,5.1,0.0023062730627306273,0.05,0.0035197308807538965
cancel_rate_ask,impact_asymmetry_10s,4,0,145,0.9517241379310345,12.815517241379311,6.8,222.2,11.2,-0.16176470588235295,-0.003080082135523614,-0.004901960784313725
cancel_rate_ask,impact_asymmetry_10s,4,1,116,0.9137931034482759,8.03448275862069,6.8,62.4,9.5,-0.0030232558139534882,-0.0015517241379310344,-0.0023190332047755874
cancel_rate_ask,impact_asymmetry_10s,4,2,129,0.8992248062015504,7.191860465116279,6.8,95.8,12.2,-0.0014928343949044587,0.0006855575868372943,-0.0002626050420168067
cancel_rate_ask,impact_asymmetry_10s,4,3,100,0.92,8.3075,6.8,85.8,10.3,0.0007433102081268583,0.0023006134969325155,0.0014809359477160338
cancel_rate_ask,impact_asymmetry_10s,4,4,131,0.9694656488549618,12.797709923664122,6.8,131.4,12.0,0.002347417840375587,0.020350564468211527,0.004101283880171184
cancel_rate_ask,flow_impact,0,0,162,0.7716049382716049,2.675925925925926,0.0,1.2,0.6,-0.5,0.0015782828282828283,-0.0
cancel_rate_ask,flow_impact,0,1,162,0.7469135802469136,2.6574074074074074,0.0,1.2,0.6,0.0015822784810126582,0.0032407407407407406,0.0023885350318471337
cancel_rate_ask,flow_impact,0,2,133,0.7969924812030075,2.6447368421052633,0.0,1.2,0.6,0.003246753246753247,0.005165289256198347,0.004076086956521739
cancel_rate_ask,flow_impact,0,3,80,0.775,2.765625,0.0,1.2,0.6,0.005208333333333333,0.009146341463414634,0.00633484681709778
cancel_rate_ask,flow_impact,0,4,84,0.8214285714285714,2.9583333333333335,0.0,1.2,0.6,0.009259259259259259,0.5,0.015625
cancel_rate_ask,flow_impact,1,0,122,0.8688524590163934,3.8114754098360657,1.2,2.2,1.8,-0.28125,0.0015723270440251573,0.0
cancel_rate_ask,flow_impact,1,1,138,0.8695652173913043,3.5815217391304346,1.2,2.2,1.6,0.0016025641025641025,0.003232758620689655,0.0024807086384456053
cancel_rate_ask,flow_impact,1,2,142,0.8591549295774648,3.714788732394366,1.2,2.2,1.6,0.003246753246753247,0.00510204081632653,0.004021476625840952
cancel_rate_ask,flow_impact,1,3,122,0.8852459016393442,4.100409836065574,1.2,2.2,1.8,0.005208333333333333,0.009146341463414634,0.006906288156288156
cancel_rate_ask,flow_impact,1,4,97,0.845360824742268,4.440721649484536,1.2,2.2,1.6,0.009191176470588236,0.5,0.015384615384615385
cancel_rate_ask,flow_impact,2,0,118,0.8305084745762712,3.8453389830508473,2.2,3.8,3.0,-0.875,0.0015625,-0.0011861395934520597
cancel_rate_ask,flow_impact,2,1,144,0.8125,3.4600694444444446,2.4,3.8,3.0,0.0015822784810126582,0.0032245827010622154,0.0023405066508514786
cancel_rate_ask,flow_impact,2,2,132,0.8484848484848485,4.221590909090909,2.4,3.8,3.2,0.0032505910165484633,0.005172413793103448,0.004201680672268907
cancel_rate_ask,flow_impact,2,3,126,0.8888888888888888,4.563492063492063,2.4,3.8,3.2,0.005208333333333333,0.00909090909090909,0.00641025641025641
cancel_rate_ask,flow_impact,2,4,100,0.92,5.28,2.4,3.8,3.0,0.009210526315789473,0.4375,0.014768195413758723
cancel_rate_ask,flow_impact,3,0,124,0.9112903225806451,5.538306451612903,3.8,6.8,4.9,-0.75,0.0015800561797752809,-0.001599049707602339
cancel_rate_ask,flow_impact,3,1,110,0.8727272727272727,5.3159090909090905,3.8,6.8,4.8,0.0015822784810126582,0.003236914600550964,0.0025
cancel_rate_ask,flow_impact,3,2,129,0.9302325581395349,6.292635658914729,3.8,6.8,5.0,0.003246753246753247,0.005184331797235023,0.004166666666666667
cancel_rate_ask,flow_impact,3,3,148,0.9121621621621622,6.721283783783784,3.8,6.8,5.2,0.005184331797235023,0.009157509157509158,0.006852034684065934
cancel_rate_ask,flow_impact,3,4,110,0.8909090909090909,6.461363636363636,4.0,6.8,5.4,0.009259259259259259,0.4166666666666667,0.013830037664783426
cancel_rate_ask,flow_impact,4,0,95,0.8947368421052632,7.173684210526316,6.8,53.6,10.6,-0.3125,0.0015625,-0.0014204545454545455
cancel_rate_ask,flow_impact,4,1,67,0.9552238805970149,7.985074626865671,6.8,86.2,10.0,0.0015822784810126582,0.0032281205164992827,0.0025617446137677353
cancel_rate_ask,flow_impact,4,2,84,0.9166666666666666,5.806547619047619,6.8,85.8,9.8,0.003260869565217391,0.005154639175257732,0.0041390728476821195
cancel_rate_ask,flow_impact,4,3,145,0.9310344827586207,9.418965517241379,6.8,95.8,11.0,0.005187747035573123,0.009159482758620689,0.006818181818181818
cancel_rate_ask,flow_impact,4,4,229,0.9475982532751092,13.722707423580786,6.8,222.2,12.6,0.009160756501182032,0.4583333333333333,0.015977443609022556
cancel_rate_ask,absorption_ratio,0,0,153,0.7516339869281046,2.6127450980392157,0.0,1.2,0.4,12.0,87.66666666666667,63.0
cancel_rate_ask,absorption_ratio,0,1,140,0.7857142857142857,2.7160714285714285,0.0,1.2,0.6,88.0,132.0,108.0
cancel_rate_ask,absorption_ratio,0,2,111,0.8198198198198198,2.684684684684685,0.0,1.2,0.6,132.5,188.5,154.0
cancel_rate_ask,absorption_ratio,0,3,110,0.8090909090909091,2.993181818181818,0.0,1.2,0.6,190.0,320.2857142857143,241.5
cancel_rate_ask,absorption_ratio,0,4,87,0.7931034482758621,2.7902298850574714,0.0,1.2,0.8,324.0,1863.0,438.0
cancel_rate_ask,absorption_ratio,1,0,106,0.8962264150943396,4.191037735849057,1.2,2.2,1.6,12.285714285714286,87.6,67.75757575757575
cancel_rate_ask,absorption_ratio,1,1,133,0.8270676691729323,3.819548872180451,1.2,2.2,1.6,87.8,132.1818181818182,108.0
cancel_rate_ask,absorption_ratio,1,2,138,0.8695652173913043,3.6793478260869565,1.2,2.4,1.8,132.2,188.66666666666666,157.83333333333331
cancel_rate_ask,absorption_ratio,1,3,128,0.875,3.607421875,1.2,2.4,1.6,188.75,322.6666666666667,239.66666666666666
cancel_rate_ask,absorption_ratio,1,4,96,0.8541666666666666,4.015625,1.2,2.4,1.8,324.0,2602.0,488.33333333333337
cancel_rate_ask,absorption_ratio,2,0,98,0.9183673469387755,4.900510204081633,2.4,3.8,3.0,20.181818181818183,87.23076923076923,72.0625
cancel_rate_ask,absorption_ratio,2,1,104,0.8365384615384616,3.9951923076923075,2.4,3.8,3.2,87.83333333333333,131.6,109.25490196078431
cancel_rate_ask,absorption_ratio,2,2,124,0.8387096774193549,4.264112903225806,2.4,3.8,3.2,132.33333333333334,186.0,157.41666666666669
cancel_rate_ask,absorption_ratio,2,3,154,0.8246753246753247,3.7516233766233764,2.4,3.8,3.2,189.27272727272728,322.0,240.16666666666669
cancel_rate_ask,absorption_ratio,2,4,121,0.8760330578512396,4.696280991735537,2.4,3.8,3.2,324.4,2604.0,545.3333333333334
cancel_rate_ask,absorption_ratio,3,0,106,0.8867924528301887,6.2924528301886795,4.0,6.8,5.1,5.777777777777778,86.75,65.6025641025641
cancel_rate_ask,absorption_ratio,3,1,108,0.8888888888888888,6.1875,4.0,6.8,5.1,87.73333333333333,132.0,107.96666666666667
cancel_rate_ask,absorption_ratio,3,2,121,0.9173553719008265,6.3264462809917354,4.0,6.8,5.0,132.46153846153845,188.0,158.0
cancel_rate_ask,absorption_ratio,3,3,108,0.8888888888888888,5.826388888888889,4.0,6.8,4.9,188.75,322.0,245.28571428571428
cancel_rate_ask,absorption_ratio,3,4,158,0.930379746835443,6.026898734177215,4.0,6.8,5.2,326.0,3836.0,600.25
cancel_rate_ask,absorption_ratio,4,0,138,0.9565217391304348,14.210144927536232,6.8,222.2,12.0,2.4545454545454546,87.71428571428571,57.79166666666667
cancel_rate_ask,absorption_ratio,4,1,116,0.9568965517241379,11.752155172413794,6.8,131.4,10.1,87.8,131.33333333333334,111.4065934065934
cancel_rate_ask,absorption_ratio,4,2,107,0.9065420560747663,7.679906542056075,6.8,62.4,10.8,132.5,188.58823529411765,157.7
cancel_rate_ask,absorption_ratio,4,3,101,0.9306930693069307,9.168316831683168,6.8,85.8,10.2,190.36363636363637,321.0,245.33333333333334
cancel_rate_ask,absorption_ratio,4,4,139,0.8992805755395683,7.431654676258993,6.8,95.8,11.6,328.8888888888889,4618.0,659.0
cancel_rate_ask,microprice_pressure,0,0,150,0.7733333333333333,2.691666666666667,0.0,1.2,0.6,-0.3829337094502989,-0.06756756756840332,-0.10562241073178787
cancel_rate_ask,microprice_pressure,0,1,153,0.7777777777777778,2.769607843137255,0.0,1.2,0.6,-0.06701030927797547,-0.013274336283454128,-0.03846153846097877
cancel_rate_ask,microprice_pressure,0,2,129,0.7674418604651163,2.7189922480620154,0.0,1.2,0.4,-0.012747875354155743,0.026946107784169726,0.006249999999757468
cancel_rate_ask,microprice_pressure,0,3,126,0.8015873015873016,2.6587301587301586,0.0,1.2,0.6,0.027272727272550885,0.08054711246222723,0.05085017131508114
cancel_rate_ask,microprice_pressure,0,4,64,0.734375,2.69140625,0.0,1.2,0.6,0.0813953488371529,0.3409090909093114,0.10479471719736466
cancel_rate_ask,microprice_pressure,1,0,125,0.832,3.884,1.2,2.2,1.6,-0.46666666666715173,-0.06818181818137721,-0.1043956043952979
cancel_rate_ask,microprice_pressure,1,1,152,0.8289473684210527,3.348684210526316,1.2,2.2,1.6,-0.06756756756779699,-0.014018691588717047,-0.03653044203504881
cancel_rate_ask,microprice_pressure,1,2,131,0.916030534351145,4.297709923664122,1.2,2.2,1.6,-0.012077294685392795,0.027027027026633732,0.004761904761835467
cancel_rate_ask,microprice_pressure,1,3,127,0.8976377952755905,4.167322834645669,1.2,2.2,1.6,0.027272727272550885,0.08088235294174713,0.052941176470388505
cancel_rate_ask,microprice_pressure,1,4,87,0.8620689655172413,3.82183908045977,1.2,2.2,1.8,0.0813953488371529,0.40875232774730347,0.11792452830195543
cancel_rate_ask,microprice_pressure,2,0,125,0.872,4.496,2.4,3.8,3.0,-0.3780487804870063,-0.07004830917867366,-0.11250000000048506
cancel_rate_ask,microprice_pressure,2,1,125,0.848,3.948,2.2,3.8,3.2,-0.06692913385813881,-0.013513513513316866,-0.03623188405739105
cancel_rate_ask,microprice_pressure,2,2,109,0.8990825688073395,4.1880733944954125,2.4,3.8,3.0,-0.013274336283454128,0.02601156069431454,0.007772020725193822
cancel_rate_ask,microprice_pressure,2,3,136,0.8014705882352942,3.9669117647058822,2.4,3.8,3.2,0.02739726027357392,0.08064516129040082,0.04948232440983702
cancel_rate_ask,microprice_pressure,2,4,126,0.873015873015873,4.507936507936508,2.4,3.8,3.0,0.08181818181765266,0.4166666666666667,0.12183443285781928
cancel_rate_ask,microprice_pressure,3,0,116,0.9137931034482759,6.762931034482759,4.0,6.8,5.0,-0.44915254237275803,-0.06830601092951838,-0.13280713795453875
cancel_rate_ask,microprice_pressure,3,1,105,0.8857142857142857,5.9071428571428575,3.8,6.6,5.0,-0.06756756756779699,-0.014705882353155175,-0.0361445783128147
cancel_rate_ask,microprice_pressure,3,2,142,0.9014084507042254,5.913732394366197,3.8,6.8,5.0,-0.013274336283454128,0.027131782945313414,0.007522624434083506
cancel_rate_ask,microprice_pressure,3,3,117,0.9145299145299145,5.871794871794871,3.8,6.6,4.8,0.027777777777373558,0.08064516129040082,0.047445255474788915
cancel_rate_ask,microprice_pressure,3,4,142,0.9084507042253521,6.098591549295775,4.0,6.8,5.2,0.08088235294174713,0.4160305343514968,0.12170836076378086
cancel_rate_ask,microprice_pressure,4,0,106,0.9433962264150944,14.38443396226415,6.8,222.2,11.7,-0.4770114942530199,-0.06862745098017815,-0.14347616754882137
cancel_rate_ask,microprice_pressure,4,1,87,0.9195402298850575,8.422413793103448,6.8,131.4,10.4,-0.0666666666669092,-0.013513513513316866,-0.030973451326644863
cancel_rate_ask,microprice_pressure,4,2,110,0.9181818181818182,9.129545454545454,6.8,90.2,10.7,-0.012820512820326257,0.027027027026633732,0.010004001600160944
cancel_rate_ask,microprice_pressure,4,3,116,0.9137931034482759,9.532327586206897,6.8,86.2,11.5,0.027777777777373558,0.07894736842111645,0.052193022616847884
cancel_rate_ask,microprice_pressure,4,4,202,0.9504950495049505,9.196782178217822,6.8,104.8,10.5,0.08139534883775923,0.45890410958903277,0.14705882352955085
cancel_rate_ask,cvd_acceleration,0,0,43,0.7906976744186046,2.563953488372093,0.0,1.2,0.8,-312.6666666666667,-29.166666666666668,-41.86666666666667
cancel_rate_ask,cvd_acceleration,0,1,131,0.8015267175572519,2.5477099236641223,0.0,1.2,0.6,-28.433333333333337,-9.433333333333334,-16.46666666666667
cancel_rate_ask,cvd_acceleration,0,2,188,0.75,2.6888297872340425,0.0,1.2,0.4,-9.433333333333332,4.733333333333334,-2.083333333333333
cancel_rate_ask,cvd_acceleration,0,3,169,0.7692307692307693,2.78698224852071,0.0,1.2,0.6,5.133333333333333,24.53333333333333,13.5
cancel_rate_ask,cvd_acceleration,0,4,94,0.7978723404255319,2.997340425531915,0.0,1.2,0.6,24.800000000000004,220.1,36.75
cancel_rate_ask,cvd_acceleration,1,0,108,0.8981481481481481,3.6689814814814814,1.2,2.2,1.6,-140.73333333333335,-28.933333333333337,-39.733333333333334
cancel_rate_ask,cvd_acceleration,1,1,149,0.8523489932885906,3.379194630872483,1.2,2.2,1.8,-28.566666666666666,-9.466666666666667,-17.333333333333336
cancel_rate_ask,cvd_acceleration,1,2,126,0.8650793650793651,4.212301587301587,1.2,2.2,1.6,-9.299999999999999,4.833333333333336,-2.299999999999999
cancel_rate_ask,cvd_acceleration,1,3,131,0.8625954198473282,4.3683206106870225,1.2,2.2,1.6,5.0,24.133333333333333,13.266666666666666
cancel_rate_ask,cvd_acceleration,1,4,110,0.8545454545454545,3.915909090909091,1.2,2.2,1.8,25.233333333333334,407.93333333333334,40.916666666666664
cancel_rate_ask,cvd_acceleration,2,0,149,0.8053691275167785,3.2651006711409396,2.4,3.8,3.2,-246.4666666666667,-28.966666666666665,-45.266666666666666
cancel_rate_ask,cvd_acceleration,2,1,122,0.9016393442622951,4.680327868852459,2.2,3.8,3.0,-28.3,-9.533333333333333,-19.216666666666665
cancel_rate_ask,cvd_acceleration,2,2,106,0.9056603773584906,4.688679245283019,2.4,3.8,3.0,-9.433333333333334,4.933333333333334,-1.9833333333333325
cancel_rate_ask,cvd_acceleration,2,3,120,0.9,4.352083333333334,2.4,3.8,3.0,5.066666666666666,24.46666666666667,13.616666666666667
cancel_rate_ask,cvd_acceleration,2,4,127,0.7952755905511811,4.3799212598425195,2.4,3.8,3.2,24.566666666666666,297.1333333333333,47.800000000000004
cancel_rate_ask,cvd_acceleration,3,0,155,0.9225806451612903,5.843548387096774,3.8,6.8,5.0,-190.1,-29.0,-50.13333333333333
cancel_rate_ask,cvd_acceleration,3,1,122,0.9098360655737705,5.670081967213115,3.8,6.6,5.0,-28.833333333333336,-9.633333333333333,-20.116666666666667
cancel_rate_ask,cvd_acceleration,3,2,106,0.9150943396226415,6.150943396226415,4.0,6.8,5.0,-9.299999999999997,5.0,-2.2333333333333334
cancel_rate_ask,cvd_acceleration,3,3,107,0.8691588785046729,6.985981308411215,3.8,6.6,5.2,5.033333333333333,24.3,14.566666666666666
cancel_rate_ask,cvd_acceleration,3,4,134,0.9029850746268657,6.126865671641791,4.0,6.8,5.0,24.53333333333333,233.73333333333335,45.233333333333334
cancel_rate_ask,cvd_acceleration,4,0,170,0.9470588235294117,11.180882352941177,6.8,222.2,10.7,-383.53333333333336,-28.89999999999999,-58.516666666666666
cancel_rate_ask,cvd_acceleration,4,1,100,0.93,9.095,6.8,53.4,10.0,-28.866666666666667,-9.666666666666666,-18.866666666666667
cancel_rate_ask,cvd_acceleration,4,2,98,0.9285714285714286,10.017857142857142,7.0,86.2,11.2,-9.299999999999997,4.866666666666667,-2.533333333333333
cancel_rate_ask,cvd_acceleration,4,3,97,0.9484536082474226,11.237113402061855,6.8,90.2,11.0,5.066666666666666,23.900000000000002,13.0
cancel_rate_ask,cvd_acceleration,4,4,159,0.9119496855345912,8.581761006289309,6.8,131.4,11.0,24.799999999999997,737.2666666666667,54.93333333333334
cancel_rate_ask,trade_sign_autocorr_60s,0,0,92,0.6847826086956522,2.3097826086956523,0.0,1.2,0.6,-0.09759000729485333,0.878006668191611,0.858287091741339
cancel_rate_ask,trade_sign_autocorr_60s,0,1,133,0.8270676691729323,2.674812030075188,0.0,1.2,0.4,0.8784471500567768,0.8994834566522417,0.8906587514722212
cancel_rate_ask,trade_sign_autocorr_60s,0,2,98,0.7959183673469388,3.1607142857142856,0.0,1.2,0.6,0.8995596561123912,0.9136176117611786,0.9073964027057118
cancel_rate_ask,trade_sign_autocorr_60s,0,3,134,0.8059701492537313,2.6865671641791047,0.0,1.2,0.6,0.9137557144531679,0.9272513816422422,0.9209635774888327
cancel_rate_ask,trade_sign_autocorr_60s,0,4,167,0.7664670658682635,2.7949101796407185,0.0,1.2,0.6,0.9274411317995743,0.9860546342602644,0.9400637140488177
cancel_rate_ask,trade_sign_autocorr_60s,1,0,62,0.8225806451612904,4.475806451612903,1.2,2.2,1.6,0.6298076923076935,0.8782587399349803,0.8642765528264877
cancel_rate_ask,trade_sign_autocorr_60s,1,1,107,0.8691588785046729,4.233644859813084,1.2,2.2,1.8,0.8782695350366768,0.8995392838771802,0.8902221253522725
cancel_rate_ask,trade_sign_autocorr_60s,1,2,131,0.8702290076335878,4.25,1.2,2.2,1.8,0.8996343090191873,0.9134415424819574,0.9074165842806208
cancel_rate_ask,trade_sign_autocorr_60s,1,3,153,0.8823529411764706,3.679738562091503,1.2,2.2,1.6,0.9139391642187074,0.9272576067652437,0.9209237095191237
cancel_rate_ask,trade_sign_autocorr_60s,1,4,171,0.8538011695906432,3.3932748538011697,1.2,2.4,1.6,0.9272787943844172,0.9663420442056408,0.9370568930530855
cancel_rate_ask,trade_sign_autocorr_60s,2,0,79,0.9620253164556962,5.984177215189874,2.4,3.8,3.2,0.6373964114260562,0.8780213729889738,0.8658473309636078
cancel_rate_ask,trade_sign_autocorr_60s,2,1,106,0.8584905660377359,4.431603773584905,2.4,3.8,3.2,0.878381968350633,0.8993955394332499,0.8904415129576961
cancel_rate_ask,trade_sign_autocorr_60s,2,2,153,0.8627450980392157,3.816993464052288,2.4,3.8,3.0,0.8996056666952182,0.913700488364312,0.906789271277248
cancel_rate_ask,trade_sign_autocorr_60s,2,3,137,0.8467153284671532,4.12956204379562,2.4,3.8,3.2,0.9138020069026008,0.9272512077294699,0.9199194307548911
cancel_rate_ask,trade_sign_autocorr_60s,2,4,148,0.8108108108108109,3.704391891891892,2.4,3.8,3.0,0.9274061552496834,0.9737612916075934,0.9366357617284993
cancel_rate_ask,trade_sign_autocorr_60s,3,0,133,0.8872180451127819,7.4830827067669174,4.0,6.8,5.2,0.6522359142678933,0.878218035380426,0.8565330816118142
cancel_rate_ask,trade_sign_autocorr_60s,3,1,136,0.9044117647058824,6.075367647058823,3.8,6.8,4.8,0.8783524904214696,0.8994217598252002,0.8895763222794696
cancel_rate_ask,trade_sign_autocorr_60s,3,2,131,0.9465648854961832,6.064885496183206,3.8,6.8,5.0,0.899622631038595,0.913599604124132,0.9066737968022375
cancel_rate_ask,trade_sign_autocorr_60s,3,3,124,0.8709677419354839,5.719758064516129,4.0,6.8,4.8,0.9137228490319984,0.9262283677465453,0.9189185085357083
cancel_rate_ask,trade_sign_autocorr_60s,3,4,100,0.92,4.85,3.8,6.8,5.0,0.9273024252129685,0.9614547997236542,0.937996764240906
cancel_rate_ask,trade_sign_autocorr_60s,4,0,258,0.9457364341085271,13.99515503875969,6.8,222.2,13.4,0.49843118737158887,0.8781939359049671,0.8391970186183693
cancel_rate_ask,trade_sign_autocorr_60s,4,1,142,0.9366197183098591,7.327464788732394,6.8,95.8,10.0,0.8782916874076097,0.8994699361288289,0.8899612891951305
cancel_rate_ask,trade_sign_autocorr_60s,4,2,110,0.9272727272727272,7.170454545454546,6.8,131.4,10.2,0.8995865833485289,0.9136639248447409,0.9073598030277809
cancel_rate_ask,trade_sign_autocorr_60s,4,3,76,0.881578947368421,7.944078947368421,6.8,86.2,9.7,0.9137684913004381,0.9267876413113509,0.9182257137695624
cancel_rate_ask,trade_sign_autocorr_60s,4,4,37,0.9459459459459459,5.452702702702703,6.8,50.2,9.2,0.927355853483879,0.9576893666399844,0.9358478891818823
cancel_ratio,z_anchor_vwap,0,0,117,0.811965811965812,3.297008547008547,0.0,0.030206677265500796,0.0211864406779661,-119.88684608051236,-10.133870273890679,-16.065376536707692
cancel_ratio,z_anchor_vwap,0,1,166,0.8132530120481928,3.1039156626506026,0.0,0.030211480362537766,0.018617689621407092,-10.086451303562711,-4.021450861960761,-6.288445529794312
cancel_ratio,z_anchor_vwap,0,2,121,0.8181818181818182,3.022727272727273,0.0,0.030303030303030304,0.01990049751243781,-3.964222925733512,-0.3620328601168605,-2.1677895010064367
cancel_ratio,z_anchor_vwap,0,3,134,0.8059701492537313,2.794776119402985,0.0,0.030136986301369864,0.019802057845536104,-0.2937740220465935,4.051740304797976,1.0002572309039899
cancel_ratio,z_anchor_vwap,0,4,87,0.7931034482758621,3.1666666666666665,0.0,0.03015075376884422,0.01653944020356234,4.057177768139474,51.264403097749096,9.608738417056575
cancel_ratio,z_anchor_vwap,1,0,111,0.9009009009009009,4.833333333333333,0.030303030303030304,0.04516129032258064,0.0384,-267.5431247165331,-10.123267675529272,-16.70445801208574
cancel_ratio,z_anchor_vwap,1,1,146,0.8972602739726028,4.087328767123288,0.030303030303030304,0.045454545454545456,0.03860192837465565,-10.036606093263632,-4.00900668859568,-6.555641084204156
cancel_ratio,z_anchor_vwap,1,2,130,0.8461538461538461,3.673076923076923,0.030319436924742826,0.04532163742690058,0.03772717015847668,-3.955914161638755,-0.33074544224091074,-2.1314489119147892
cancel_ratio,z_anchor_vwap,1,3,128,0.8359375,3.150390625,0.030534351145038167,0.044902912621359224,0.03873131393945455,-0.3024149780151194,3.9980493070424488,1.2629982638099049
cancel_ratio,z_anchor_vwap,1,4,109,0.8073394495412844,3.7018348623853212,0.030379746835443037,0.045454545454545456,0.03862660944206009,4.139340332499002,343.88927693416946,9.433904843276185
cancel_ratio,z_anchor_vwap,2,0,135,0.9111111111111111,5.053703703703704,0.045507584597432905,0.05905511811023622,0.051771117166212535,-335.9094443166101,-10.12651633746744,-17.98050310217678
cancel_ratio,z_anchor_vwap,2,1,126,0.8888888888888888,5.283730158730159,0.0456140350877193,0.05904761904761905,0.05114527329749104,-10.04048354329272,-4.027621898947002,-6.300277677029528
cancel_ratio,z_anchor_vwap,2,2,122,0.8770491803278688,3.8647540983606556,0.045454545454545456,0.05913272010512484,0.05159737170046448,-4.003742044708784,-0.3165006858355552,-2.052143427583079
cancel_ratio,z_anchor_vwap,2,3,124,0.8870967741935484,4.554435483870968,0.04564315352697095,0.0589622641509434,0.05252093281571742,-0.2882392816384838,3.9583776082295157,1.5610557334953987
cancel_ratio,z_anchor_vwap,2,4,117,0.8205128205128205,5.200854700854701,0.045454545454545456,0.05910390848427073,0.0525164113785558,4.101070136626086,341.2809055571951,10.413717896141799
cancel_ratio,z_anchor_vwap,3,0,121,0.8842975206611571,7.012396694214876,0.05961538461538462,0.07995846313603323,0.06882591093117409,-302.76617058905674,-10.161231549773355,-18.62679473124847
cancel_ratio,z_anchor_vwap,3,1,104,0.8461538461538461,6.252403846153846,0.05927051671732523,0.08020304568527918,0.06794918998527245,-9.783252179222321,-4.0740808767625785,-6.63646211332493
cancel_ratio,z_anchor_vwap,3,2,126,0.8492063492063492,5.5853174603174605,0.059574468085106386,0.08016877637130802,0.06931859784001465,-4.004179348370054,-0.3985561610158067,-2.249328191093298
cancel_ratio,z_anchor_vwap,3,3,111,0.8738738738738738,5.263513513513513,0.059147180192572216,0.08029197080291971,0.06821282401091405,-0.30708590044016915,3.97705198530673,1.2502319391892116
cancel_ratio,z_anchor_vwap,3,4,162,0.8827160493827161,5.830246913580247,0.05925925925925926,0.0802675585284281,0.06855580806369799,4.079742365007883,396.82985171411207,10.687707896700758
cancel_ratio,z_anchor_vwap,4,0,141,0.950354609929078,10.27304964539007,0.0805523590333717,0.4123173277661795,0.10363924050632911,-547.3154243611832,-10.405909174631157,-30.409129158643815
cancel_ratio,z_anchor_vwap,4,1,82,0.9512195121951219,8.71951219512195,0.08095238095238096,0.32666666666666666,0.10184541624703897,-10.05762484722977,-4.285462331688609,-6.544273366433667
cancel_ratio,z_anchor_vwap,4,2,125,0.928,12.064,0.08031674208144797,0.33601933924254634,0.1048158640226629,-4.005667635893574,-0.33051208859100256,-2.1970800631581704
cancel_ratio,z_anchor_vwap,4,3,127,0.8818897637795275,8.116141732283465,0.08047493403693931,0.3888888888888889,0.10106382978723404,-0.2580351477661039,4.011941498938436,1.38283817792182
cancel_ratio,z_anchor_vwap,4,4,149,0.9060402684563759,7.199664429530201,0.08036890645586298,0.3177710843373494,0.09903201787043932,4.174704385043392,500.9351348995934,18.917315810197156
cancel_ratio,distance_from_session_vwap_anchor,0,0,80,0.8375,3.753125,0.0,0.03017241379310345,0.022060016220600165,-51.0,-9.75,-16.5
cancel_ratio,distance_from_session_vwap_anchor,0,1,170,0.8176470588235294,3.0088235294117647,0.0,0.030211480362537766,0.019342432133129805,-9.5,-3.75,-5.75
cancel_ratio,distance_from_session_vwap_anchor,0,2,160,0.7875,2.921875,0.0,0.030303030303030304,0.019336150670911555,-3.75,-0.25,-2.0
cancel_ratio,distance_from_session_vwap_anchor,0,3,135,0.8074074074074075,2.7,0.0,0.030136986301369864,0.01937984496124031,-0.25,3.75,1.0
cancel_ratio,distance_from_session_vwap_anchor,0,4,80,0.8125,3.4125,0.0,0.03015075376884422,0.01790083896527616,4.0,27.0,8.5
cancel_ratio,distance_from_session_vwap_anchor,1,0,107,0.897196261682243,4.964953271028038,0.030303030303030304,0.04535637149028078,0.0392156862745098,-50.5,-9.75,-16.0
cancel_ratio,distance_from_session_vwap_anchor,1,1,143,0.8951048951048951,3.965034965034965,0.030303030303030304,0.045454545454545456,0.037940379403794036,-9.5,-3.75,-6.0
cancel_ratio,distance_from_session_vwap_anchor,1,2,146,0.8561643835616438,3.8321917808219177,0.030303030303030304,0.04536082474226804,0.03806009785617717,-3.75,-0.25,-2.0
cancel_ratio,distance_from_session_vwap_anchor,1,3,131,0.8320610687022901,3.0343511450381677,0.030612244897959183,0.04519774011299435,0.038461538461538464,-0.25,3.75,1.25
cancel_ratio,distance_from_session_vwap_anchor,1,4,97,0.8041237113402062,3.734536082474227,0.030379746835443037,0.045454545454545456,0.03954802259887006,4.0,80.0,10.25
cancel_ratio,distance_from_session_vwap_anchor,2,0,145,0.9310344827586207,5.539655172413793,0.045507584597432905,0.05905511811023622,0.05194805194805195,-71.25,-9.75,-17.5
cancel_ratio,distance_from_session_vwap_anchor,2,1,128,0.8671875,4.96875,0.04559270516717325,0.05913272010512484,0.05124866452991453,-9.5,-3.75,-6.25
cancel_ratio,distance_from_session_vwap_anchor,2,2,109,0.8715596330275229,3.5940366972477062,0.045454545454545456,0.05862068965517241,0.050697084917617236,-3.75,-0.25,-1.75
cancel_ratio,distance_from_session_vwap_anchor,2,3,119,0.865546218487395,3.9096638655462184,0.04564315352697095,0.0589622641509434,0.052463503649635035,-0.25,3.75,1.5
cancel_ratio,distance_from_session_vwap_anchor,2,4,123,0.8455284552845529,5.662601626016261,0.045454545454545456,0.05910390848427073,0.052685421994884914,4.0,37.25,11.0
cancel_ratio,distance_from_session_vwap_anchor,3,0,144,0.875,7.876736111111111,0.05927051671732523,0.08020304568527918,0.0700466360249463,-62.25,-9.75,-17.875
cancel_ratio,distance_from_session_vwap_anchor,3,1,96,0.8541666666666666,5.9453125,0.05950095969289827,0.08,0.06666666666666667,-9.5,-3.75,-6.375
cancel_ratio,distance_from_session_vwap_anchor,3,2,116,0.8362068965517241,4.493534482758621,0.059574468085106386,0.08016877637130802,0.06962887566551831,-3.75,-0.25,-1.75
cancel_ratio,distance_from_session_vwap_anchor,3,3,101,0.8910891089108911,4.707920792079208,0.059147180192572216,0.08029197080291971,0.06807511737089202,-0.25,3.75,1.25
cancel_ratio,distance_from_session_vwap_anchor,3,4,167,0.8802395209580839,6.164670658682635,0.05925925925925926,0.0802675585284281,0.06866614048934491,4.0,75.25,11.25
cancel_ratio,distance_from_session_vwap_anchor,4,0,149,0.9731543624161074,14.855704697986576,0.08051341890315053,0.2700507614213198,0.10363924050632911,-131.75,-9.75,-18.0
cancel_ratio,distance_from_session_vwap_anchor,4,1,87,0.9080459770114943,6.683908045977011,0.08031674208144797,0.4123173277661795,0.1024390243902439,-9.5,-3.75,-6.25
cancel_ratio,distance_from_session_vwap_anchor,4,2,93,0.9354838709677419,7.293010752688172,0.08064516129032258,0.33601933924254634,0.09866962305986696,-3.75,-0.25,-1.25
cancel_ratio,distance_from_session_vwap_anchor,4,3,138,0.8695652173913043,7.606884057971015,0.08047493403693931,0.3888888888888889,0.10299730579254603,-0.25,3.75,0.375
cancel_ratio,distance_from_session_vwap_anchor,4,4,157,0.9171974522292994,7.974522292993631,0.08036890645586298,0.3177710843373494,0.0990990990990991,4.0,60.25,15.0
cancel_ratio,bid_depth_curvature,0,0,262,0.8091603053435115,2.812022900763359,0.0,0.030303030303030304,0.01701234806096855,-66.25,-17.5,-21.75
cancel_ratio,bid_depth_curvature,0,1,172,0.8081395348837209,2.9549418604651163,0.0,0.03017241379310345,0.0197789839127671,-17.375,-13.0,-15.25
cancel_ratio,bid_depth_curvature,0,2,108,0.7962962962962963,2.939814814814815,0.0,0.03024193548387097,0.02199862886639513,-13.0,-9.75,-11.3125
cancel_ratio,bid_depth_curvature,0,3,61,0.8524590163934426,4.172131147540983,0.0,0.029850746268656716,0.02054794520547945,-9.75,-6.875,-8.5
cancel_ratio,bid_depth_curvature,0,4,22,0.7727272727272727,4.534090909090909,0.0,0.03008849557522124,0.021554975340876123,-6.75,44.25,-4.4375
cancel_ratio,bid_depth_curvature,1,0,152,0.881578947368421,3.9588815789473686,0.030319436924742826,0.04532163742690058,0.03764410657613108,-63.375,-17.5,-21.3125
cancel_ratio,bid_depth_curvature,1,1,158,0.8670886075949367,3.1977848101265822,0.030303030303030304,0.045454545454545456,0.037892462531451704,-17.5,-13.0,-14.9375
cancel_ratio,bid_depth_curvature,1,2,157,0.8343949044585988,3.9044585987261144,0.030303030303030304,0.04535637149028078,0.039334341906202726,-13.0,-9.75,-11.375
cancel_ratio,bid_depth_curvature,1,3,118,0.8813559322033898,4.233050847457627,0.030303030303030304,0.045454545454545456,0.0391656662665066,-9.75,-6.875,-8.5
cancel_ratio,bid_depth_curvature,1,4,39,0.7692307692307693,5.076923076923077,0.030379746835443037,0.04532163742690058,0.03856749311294766,-6.75,-1.0,-5.75
cancel_ratio,bid_depth_curvature,2,0,113,0.831858407079646,3.3871681415929205,0.04548789435069699,0.059033989266547404,0.05010893246187364,-37.125,-17.5,-21.0
cancel_ratio,bid_depth_curvature,2,1,129,0.8217054263565892,4.189922480620155,0.045576407506702415,0.05913272010512484,0.05204460966542751,-17.5,-13.0,-14.75
cancel_ratio,bid_depth_curvature,2,2,151,0.8807947019867549,4.829470198675497,0.045454545454545456,0.05910390848427073,0.05150753768844221,-13.0,-9.75,-11.375
cancel_ratio,bid_depth_curvature,2,3,150,0.9333333333333333,5.841666666666667,0.045787545787545784,0.05910735826296743,0.053188717347404074,-9.75,-6.875,-8.25
cancel_ratio,bid_depth_curvature,2,4,81,0.9259259259259259,5.728395061728395,0.045454545454545456,0.058772687986171135,0.052463503649635035,-6.75,3.75,-5.375
cancel_ratio,bid_depth_curvature,3,0,65,0.8461538461538461,3.957692307692308,0.0592,0.07881773399014778,0.06588447653429604,-46.5,-17.5,-20.375
cancel_ratio,bid_depth_curvature,3,1,113,0.8495575221238938,5.451327433628318,0.059371362048894066,0.07993730407523511,0.06666666666666667,-17.375,-13.0,-14.625
cancel_ratio,bid_depth_curvature,3,2,126,0.8412698412698413,5.553571428571429,0.05927051671732523,0.08029197080291971,0.06768074031231926,-12.875,-9.75,-11.25
cancel_ratio,bid_depth_curvature,3,3,148,0.8851351351351351,6.016891891891892,0.059147180192572216,0.08020050125313283,0.06945146219741609,-9.75,-6.875,-8.0
cancel_ratio,bid_depth_curvature,3,4,172,0.8953488372093024,7.370639534883721,0.05925925925925926,0.0802675585284281,0.07105251295920667,-6.75,25.375,-5.5
cancel_ratio,bid_depth_curvature,4,0,33,0.8484848484848485,4.666666666666667,0.08097686375321336,0.4123173277661795,0.10175438596491228,-34.625,-17.5,-20.375
cancel_ratio,bid_depth_curvature,4,1,52,0.9423076923076923,5.240384615384615,0.08036890645586298,0.2930591259640103,0.0999434616650399,-17.375,-13.125,-14.5
cancel_ratio,bid_depth_curvature,4,2,82,0.8902439024390244,5.975609756097561,0.08047493403693931,0.3218475073313783,0.09520948311672897,-13.0,-9.75,-11.0
cancel_ratio,bid_depth_curvature,4,3,147,0.9251700680272109,6.824829931972789,0.08064516129032258,0.33601933924254634,0.10106382978723404,-9.75,-6.875,-8.25
cancel_ratio,bid_depth_curvature,4,4,310,0.932258064516129,12.436290322580644,0.08031674208144797,0.31936284110197155,0.10360990158308783,-6.875,6.75,-4.5
cancel_ratio,trade_imbalance_60s,0,0,176,0.8068181818181818,2.8607954545454546,0.0,0.030136986301369864,0.018878827761244943,-1.0,-0.17609254498714652,-0.2911675416979178
cancel_ratio,trade_imbalance_60s,0,1,87,0.8390804597701149,3.468390804597701,0.0,0.030211480362537766,0.01984126984126984,-0.17503059975520197,-0.05992217898832685,-0.10977804439112178
cancel_ratio,trade_imbalance_60s,0,2,83,0.7951807228915663,3.355421686746988,0.0,0.029925187032418952,0.019444444444444445,-0.05736434108527132,0.05161290322580645,-0.006789524733268671
cancel_ratio,trade_imbalance_60s,0,3,100,0.84,3.2575,0.0,0.03024193548387097,0.02075314258028048,0.05429864253393665,0.16917922948073702,0.11171877418755612
cancel_ratio,trade_imbalance_60s,0,4,179,0.7877094972067039,2.833798882681564,0.0,0.030303030303030304,0.01871657754010695,0.17023096663815226,0.940959409594096,0.2977461447212337
cancel_ratio,trade_imbalance_60s,1,0,154,0.8571428571428571,3.4837662337662336,0.030303030303030304,0.045454545454545456,0.038461538461538464,-0.6963123644251626,-0.17668711656441718,-0.27516266832551384
cancel_ratio,trade_imbalance_60s,1,1,122,0.8852459016393442,4.715163934426229,0.030303030303030304,0.04536082474226804,0.03848906270654141,-0.175,-0.05944055944055944,-0.12161494436435522
cancel_ratio,trade_imbalance_60s,1,2,94,0.9042553191489362,4.202127659574468,0.030395136778115502,0.045454545454545456,0.03843691519747858,-0.058213716108452954,0.05226480836236934,0.008631817177411703
cancel_ratio,trade_imbalance_60s,1,3,95,0.8842105263157894,4.036842105263158,0.030508474576271188,0.04535637149028078,0.0384,0.05757406372275014,0.170018281535649,0.11135096240330995
cancel_ratio,trade_imbalance_60s,1,4,159,0.7987421383647799,3.3160377358490565,0.030303030303030304,0.04516129032258064,0.03879310344827586,0.17005545286506468,0.8160237388724035,0.2604501607717042
cancel_ratio,trade_imbalance_60s,2,0,126,0.9206349206349206,4.513888888888889,0.045454545454545456,0.05862646566164154,0.050904992031924126,-0.5947712418300654,-0.17872117400419288,-0.26664722808363706
cancel_ratio,trade_imbalance_60s,2,1,144,0.8541666666666666,5.192708333333333,0.045454545454545456,0.05913272010512484,0.05247179792228761,-0.17498739283913262,-0.060884800700832235,-0.11706361670649823
cancel_ratio,trade_imbalance_60s,2,2,109,0.8807339449541285,5.229357798165138,0.045576407506702415,0.0589622641509434,0.051194539249146756,-0.05822021116138763,0.053309900410076154,0.0014684287812041115
cancel_ratio,trade_imbalance_60s,2,3,131,0.8854961832061069,4.669847328244275,0.04559270516717325,0.05910735826296743,0.05345911949685535,0.05362776025236593,0.1697936210131332,0.11183225162256615
cancel_ratio,trade_imbalance_60s,2,4,114,0.8508771929824561,4.337719298245614,0.045507584597432905,0.05910390848427073,0.051883372734436564,0.17234367056431113,0.6930091185410334,0.2432460056214396
cancel_ratio,trade_imbalance_60s,3,0,106,0.8113207547169812,3.9787735849056602,0.0592,0.08,0.06705331705331705,-0.6520566419420094,-0.17672183662573412,-0.253052390600742
cancel_ratio,trade_imbalance_60s,3,1,132,0.9393939393939394,6.431818181818182,0.05927051671732523,0.0802675585284281,0.06919768600771331,-0.17547568710359407,-0.05953827460510328,-0.11973837816210861
cancel_ratio,trade_imbalance_60s,3,2,156,0.8974358974358975,6.043269230769231,0.059639389736477116,0.08020050125313283,0.07026840282796046,-0.05829596412556054,0.05304740406320542,-0.0007212731967650731
cancel_ratio,trade_imbalance_60s,3,3,138,0.8768115942028986,7.606884057971015,0.059147180192572216,0.08029197080291971,0.0692147675261118,0.05434076639965361,0.16978309648466716,0.1087220062001741
cancel_ratio,trade_imbalance_60s,3,4,92,0.7717391304347826,5.086956521739131,0.059371362048894066,0.08016877637130802,0.06655849824108101,0.17021836358852935,0.6196721311475409,0.22276921879958894
cancel_ratio,trade_imbalance_60s,4,0,63,0.873015873015873,11.273809523809524,0.08064516129032258,0.3888888888888889,0.10443037974683544,-1.0,-0.17591973244147158,-0.23622497616777885
cancel_ratio,trade_imbalance_60s,4,1,139,0.935251798561151,9.361510791366907,0.08169014084507042,0.32666666666666666,0.10188087774294671,-0.17570700046360685,-0.05871854363733714,-0.0969962453066333
cancel_ratio,trade_imbalance_60s,4,2,182,0.945054945054945,9.993131868131869,0.08031674208144797,0.4123173277661795,0.1005332140524268,-0.05825667980727114,0.053621825023518345,-0.004287203963580712
cancel_ratio,trade_imbalance_60s,4,3,160,0.93125,9.0515625,0.08047493403693931,0.32696546656869946,0.10151992534150694,0.05378020265003897,0.1675376575468798,0.10406973974756517
cancel_ratio,trade_imbalance_60s,4,4,80,0.8625,6.20625,0.08097686375321336,0.33601933924254634,0.10266168972163263,0.1710455764075067,0.9130434782608695,0.2305275644846726
cancel_ratio,wall_persistence_2s,0,0,259,0.7722007722007722,2.859073359073359,0.0,0.030303030303030304,0.01756587202007528,0.0,0.0,0.0
cancel_ratio,wall_persistence_2s,0,1,131,0.816793893129771,3.2595419847328246,0.0,0.030211480362537766,0.020618556701030927,0.0,0.06015037593984962,0.005376344086021506
cancel_ratio,wall_persistence_2s,0,2,85,0.9294117647058824,3.1676470588235293,0.005376344086021506,0.02982107355864811,0.022727272727272728,0.0603448275862069,0.15625,0.10160427807486631
cancel_ratio,wall_persistence_2s,0,3,76,0.8026315789473685,3.075657894736842,0.004338394793926247,0.03024193548387097,0.020395430092618266,0.15798922800718132,0.2878787878787879,0.22230622314181125
cancel_ratio,wall_persistence_2s,0,4,73,0.821917808219178,3.441780821917808,0.007142857142857143,0.030206677265500796,0.020833333333333332,0.2925170068027211,0.6542056074766355,0.3627450980392157
cancel_ratio,wall_persistence_2s,1,0,143,0.8181818181818182,3.4405594405594404,0.030303030303030304,0.045454545454545456,0.0375,0.0,0.0,0.0
cancel_ratio,wall_persistence_2s,1,1,130,0.9230769230769231,4.453846153846154,0.030303030303030304,0.045454545454545456,0.0392845824204594,0.0,0.05907172995780591,0.013608870967741936
cancel_ratio,wall_persistence_2s,1,2,137,0.8686131386861314,4.1678832116788325,0.030303030303030304,0.045168067226890755,0.03819173811379579,0.060240963855421686,0.155257586450247,0.10043668122270742
cancel_ratio,wall_persistence_2s,1,3,107,0.8037383177570093,3.532710280373832,0.030303030303030304,0.045454545454545456,0.038636363636363635,0.15644820295983086,0.28865979381443296,0.20398009950248755
cancel_ratio,wall_persistence_2s,1,4,107,0.8691588785046729,3.663551401869159,0.030612244897959183,0.04535637149028078,0.03875968992248062,0.2899543378995434,0.6733333333333333,0.35858585858585856
cancel_ratio,wall_persistence_2s,2,0,99,0.797979797979798,4.05050505050505,0.04559270516717325,0.05904761904761905,0.05084745762711865,0.0,0.0,0.0
cancel_ratio,wall_persistence_2s,2,1,147,0.8843537414965986,4.8061224489795915,0.045454545454545456,0.058823529411764705,0.051839464882943144,0.0,0.05966850828729282,0.024752475247524754
cancel_ratio,wall_persistence_2s,2,2,137,0.8759124087591241,4.401459854014599,0.045576407506702415,0.05910735826296743,0.0519159456118665,0.060353798126951096,0.15643564356435644,0.10526315789473684
cancel_ratio,wall_persistence_2s,2,3,124,0.9354838709677419,5.63508064516129,0.04548789435069699,0.05913272010512484,0.05286166032655489,0.1568627450980392,0.28862478777589134,0.210799854477418
cancel_ratio,wall_persistence_2s,2,4,116,0.8879310344827587,5.025862068965517,0.045507584597432905,0.05910390848427073,0.05258967482400268,0.2894736842105263,0.5546558704453441,0.3659490609417455
cancel_ratio,wall_persistence_2s,3,0,83,0.7710843373493976,4.460843373493976,0.05950095969289827,0.08016877637130802,0.06666666666666667,0.0,0.0,0.0
cancel_ratio,wall_persistence_2s,3,1,114,0.868421052631579,4.418859649122807,0.05925925925925926,0.0802675585284281,0.0683632792637532,0.0,0.05925925925925926,0.022181828121583206
cancel_ratio,wall_persistence_2s,3,2,154,0.8961038961038961,6.5146103896103895,0.05927051671732523,0.07995495495495496,0.06827524203983848,0.0611353711790393,0.15632754342431762,0.10874125874125873
cancel_ratio,wall_persistence_2s,3,3,149,0.8993288590604027,6.5855704697986575,0.0592,0.07995846313603323,0.0696969696969697,0.15682656826568267,0.28484848484848485,0.2150170648464164
cancel_ratio,wall_persistence_2s,3,4,124,0.8629032258064516,7.038306451612903,0.059147180192572216,0.08029197080291971,0.06931709547362733,0.2896039603960396,0.5630252100840336,0.37166897310339936
cancel_ratio,wall_persistence_2s,4,0,40,0.775,13.60625,0.08036890645586298,0.4123173277661795,0.1005392400862784,0.0,0.0,0.0
cancel_ratio,wall_persistence_2s,4,1,102,0.9215686274509803,7.063725490196078,0.08064516129032258,0.3888888888888889,0.09864505065547508,0.0,0.059587471352177235,0.025383771929824564
cancel_ratio,wall_persistence_2s,4,2,110,0.9181818181818182,8.61590909090909,0.08095238095238096,0.33601933924254634,0.10048261951498477,0.06060606060606061,0.15584415584415584,0.11385347727026147
cancel_ratio,wall_persistence_2s,4,3,168,0.9285714285714286,9.56547619047619,0.08047493403693931,0.32696546656869946,0.10286559557743802,0.15698924731182795,0.28879310344827586,0.2155059725039441
cancel_ratio,wall_persistence_2s,4,4,203,0.9507389162561576,9.629310344827585,0.08031674208144797,0.31541906589891233,0.10181531176006314,0.2892609699769053,0.5887850467289719,0.37327188940092165
cancel_ratio,convexity_imbalance,0,0,125,0.768,2.806,0.0,0.030206677265500796,0.019230769230769232,-3.4033932218933676,-0.2961956521739131,-0.49425508574068
cancel_ratio,convexity_imbalance,0,1,138,0.8043478260869565,2.744565217391304,0.0,0.030303030303030304,0.018319984744469872,-0.2864616276618175,-0.060977269633864184,-0.17020130044867676
cancel_ratio,convexity_imbalance,0,2,136,0.8088235294117647,2.827205882352941,0.0,0.03024193548387097,0.019288483956578173,-0.05802076278655521,0.13308913308913306,0.032814552620055504
cancel_ratio,convexity_imbalance,0,3,125,0.816,3.194,0.0,0.03008849557522124,0.019851116625310174,0.1364770574372718,0.3778542950344328,0.2336555155347102
cancel_ratio,convexity_imbalance,0,4,101,0.8613861386138614,3.995049504950495,0.0,0.03015075376884422,0.020618556701030927,0.37974801898038857,3.3977564102564104,0.5209281570727353
cancel_ratio,convexity_imbalance,1,0,105,0.8095238095238095,4.002380952380952,0.030470914127423823,0.04535637149028078,0.03898305084745763,-3.649706718805545,-0.29604301075268824,-0.470645075303212
cancel_ratio,convexity_imbalance,1,1,138,0.8623188405797102,3.6684782608695654,0.030303030303030304,0.04532163742690058,0.03868471953578337,-0.2907383136740934,-0.0605610910889689,-0.15656014377477923
cancel_ratio,convexity_imbalance,1,2,132,0.9015151515151515,3.8882575757575757,0.030303030303030304,0.045454545454545456,0.03825446609238596,-0.058232489915658325,0.13362686606049556,0.035985562795568526
cancel_ratio,convexity_imbalance,1,3,132,0.8333333333333334,3.856060606060606,0.03044496487119438,0.045168067226890755,0.038188570650800134,0.13499677627337214,0.37537068830966136,0.2392738562824973
cancel_ratio,convexity_imbalance,1,4,117,0.8803418803418803,4.006410256410256,0.030379746835443037,0.04519774011299435,0.03759398496240601,0.37860043736332405,3.6824027503660783,0.5727633114340063
cancel_ratio,convexity_imbalance,2,0,107,0.8411214953271028,4.411214953271028,0.04548789435069699,0.05913272010512484,0.051648351648351645,-2.135416666666667,-0.30274181264280275,-0.5079646017699115
cancel_ratio,convexity_imbalance,2,1,126,0.9206349206349206,4.734126984126984,0.045454545454545456,0.05870236869207003,0.052697699021422906,-0.2883522727272727,-0.05887300252312877,-0.16905648311267418
cancel_ratio,convexity_imbalance,2,2,132,0.9090909090909091,5.600378787878788,0.04557405784399649,0.05894736842105263,0.05216106965174129,-0.058706496352469606,0.13349875930521105,0.04085371223689538
cancel_ratio,convexity_imbalance,2,3,128,0.8125,4.267578125,0.045576407506702415,0.05910735826296743,0.051811484509032196,0.13518609608132492,0.3744954152104101,0.2518622814289108
cancel_ratio,convexity_imbalance,2,4,131,0.9007633587786259,4.875954198473282,0.045454545454545456,0.05905511811023622,0.05191489361702128,0.37853461674801614,1.4913867642168273,0.5511965025310632
cancel_ratio,convexity_imbalance,3,0,132,0.8939393939393939,6.520833333333333,0.059147180192572216,0.08029197080291971,0.06859073574987462,-8.092609983385104,-0.29367870314778277,-0.5082913412419371
cancel_ratio,convexity_imbalance,3,1,121,0.8760330578512396,5.987603305785124,0.05950095969289827,0.08027282266526757,0.07072368421052631,-0.29180343466057745,-0.0628871128871128,-0.18502106002106
cancel_ratio,convexity_imbalance,3,2,113,0.7964601769911505,5.6946902654867255,0.05927051671732523,0.07993197278911565,0.06766917293233082,-0.05734609089764575,0.12684527063969364,0.03426592059685585
cancel_ratio,convexity_imbalance,3,3,134,0.9029850746268657,6.175373134328358,0.059322033898305086,0.0802675585284281,0.06971196520504172,0.13662706461895102,0.3759152537654167,0.25284183299924806
cancel_ratio,convexity_imbalance,3,4,124,0.8629032258064516,5.443548387096774,0.0592,0.07995495495495496,0.06723812263784212,0.38398115429917556,2.619455782312925,0.6049708204449664
cancel_ratio,convexity_imbalance,4,0,156,0.9102564102564102,12.017628205128204,0.08031674208144797,0.4123173277661795,0.10409978394874084,-6.870622443762781,-0.2930622009569378,-0.5610335043108152
cancel_ratio,convexity_imbalance,4,1,101,0.9207920792079208,7.9183168316831685,0.08036890645586298,0.35066079295154184,0.10256410256410256,-0.2887949260042283,-0.061842918985776096,-0.16083099906629306
cancel_ratio,convexity_imbalance,4,2,111,0.9369369369369369,8.556306306306306,0.0805523590333717,0.3888888888888889,0.0979087452471483,-0.057216589861751155,0.13213789452788993,0.04204204204204198
cancel_ratio,convexity_imbalance,4,3,105,0.9238095238095239,7.880952380952381,0.08051341890315053,0.33601933924254634,0.09780439121756487,0.13447079236552928,0.3768996960486324,0.23952457695406937
cancel_ratio,convexity_imbalance,4,4,151,0.9205298013245033,8.763245033112582,0.08047493403693931,0.32696546656869946,0.10305343511450382,0.3791470051165229,10.234359483614698,0.6227106227106227
cancel_ratio,liquidity_compression,0,0,108,0.8703703703703703,3.560185185185185,0.0,0.029925187032418952,0.01900883428706271,0.36287923854848303,0.6638418079096046,0.6249313777057304
cancel_ratio,liquidity_compression,0,1,149,0.8456375838926175,2.9211409395973154,0.0,0.030136986301369864,0.018518518518518517,0.6652601969057665,0.7510593220338984,0.7190226876090751
cancel_ratio,liquidity_compression,0,2,149,0.785234899328859,2.9932885906040267,0.0,0.030303030303030304,0.019444444444444445,0.7516973811833172,0.8305647840531561,0.7911479944674965
cancel_ratio,liquidity_compression,0,3,115,0.782608695652174,2.610869565217391,0.0,0.03017241379310345,0.01937984496124031,0.8312182741116751,0.9273570324574961,0.8733944954128441
cancel_ratio,liquidity_compression,0,4,104,0.7596153846153846,3.3725961538461537,0.0,0.030211480362537766,0.02187786685812293,0.928,2.29247311827957,0.9895196426610039
cancel_ratio,liquidity_compression,1,0,120,0.8916666666666667,4.425,0.030303030303030304,0.04532163742690058,0.039263862793274554,0.12907268170426064,0.664624808575804,0.5963507702638138
cancel_ratio,liquidity_compression,1,1,126,0.873015873015873,3.9246031746031744,0.030497592295345103,0.045454545454545456,0.03675353182867114,0.6647727272727273,0.7513227513227513,0.7071097601441032
cancel_ratio,liquidity_compression,1,2,131,0.8702290076335878,3.881679389312977,0.030303030303030304,0.045454545454545456,0.03852889667250438,0.7518796992481203,0.8305369127516778,0.7926634768740032
cancel_ratio,liquidity_compression,1,3,151,0.8410596026490066,3.693708609271523,0.030303030303030304,0.04535637149028078,0.03773584905660377,0.8333333333333334,0.925343811394892,0.8795411089866156
cancel_ratio,liquidity_compression,1,4,96,0.8125,3.3932291666666665,0.030303030303030304,0.04516129032258064,0.038787133441589454,0.9288702928870293,3.1091891891891894,0.9916122544417605
cancel_ratio,liquidity_compression,2,0,118,0.847457627118644,5.50635593220339,0.04548789435069699,0.05910390848427073,0.05199963947259992,0.25398373983739836,0.6638655462184874,0.5873560439316126
cancel_ratio,liquidity_compression,2,1,112,0.8839285714285714,4.890625,0.04583723105706267,0.05913272010512484,0.051876172607879925,0.6658227848101266,0.75,0.7100290147393586
cancel_ratio,liquidity_compression,2,2,135,0.8666666666666667,4.533333333333333,0.045454545454545456,0.059033989266547404,0.05135658914728682,0.7522123893805309,0.8308580858085809,0.7928118393234672
cancel_ratio,liquidity_compression,2,3,135,0.9185185185185185,4.5092592592592595,0.045507584597432905,0.05910735826296743,0.0529595015576324,0.8315789473684211,0.9269521410579346,0.871900826446281
cancel_ratio,liquidity_compression,2,4,124,0.8709677419354839,4.633064516129032,0.045454545454545456,0.05867970660146699,0.05228694471941301,0.9290123456790124,1.480825958702065,1.0048991363070483
cancel_ratio,liquidity_compression,3,0,122,0.9098360655737705,6.645491803278689,0.0594059405940594,0.0802675585284281,0.07018343488621279,0.14410480349344978,0.6640625,0.5866518353726362
cancel_ratio,liquidity_compression,3,1,124,0.8629032258064516,6.346774193548387,0.0592,0.08,0.06902646108330239,0.6661442006269592,0.7513368983957219,0.7110771113831089
cancel_ratio,liquidity_compression,3,2,116,0.8793103448275862,5.911637931034483,0.05927051671732523,0.08020050125313283,0.06762993762993763,0.7535410764872521,0.8305555555555556,0.7865341510874653
cancel_ratio,liquidity_compression,3,3,114,0.8333333333333334,4.993421052631579,0.0593607305936073,0.07976653696498054,0.06762791663781763,0.8312829525483304,0.9272727272727272,0.8657863786192915
cancel_ratio,liquidity_compression,3,4,148,0.8581081081081081,5.9358108108108105,0.059147180192572216,0.08029197080291971,0.06935945667010687,0.9279778393351801,3.9269662921348316,1.0295446822476322
cancel_ratio,liquidity_compression,4,0,157,0.9426751592356688,10.320063694267516,0.08036890645586298,0.32666666666666666,0.10256410256410256,0.13793103448275862,0.664367816091954,0.5596899224806201
cancel_ratio,liquidity_compression,4,1,113,0.9380530973451328,8.482300884955752,0.08097686375321336,0.33601933924254634,0.09846153846153846,0.664804469273743,0.7512437810945274,0.7113095238095238
cancel_ratio,liquidity_compression,4,2,93,0.8709677419354839,7.413978494623656,0.08086253369272237,0.4123173277661795,0.10347129506008011,0.75177304964539,0.8300653594771242,0.7913306451612904
cancel_ratio,liquidity_compression,4,3,109,0.9174311926605505,7.568807339449541,0.08086469175340272,0.32696546656869946,0.09752747252747253,0.8313953488372093,0.9271137026239067,0.8777555110220441
cancel_ratio,liquidity_compression,4,4,152,0.9210526315789473,11.064144736842104,0.08031674208144797,0.3218475073313783,0.10368577810871184,0.9274924471299094,2.555093555093555,1.0225968868560082
cancel_ratio,replenishment_rate_near_5s,0,0,309,0.7508090614886731,2.7022653721682848,0.0,0.030303030303030304,0.015432098765432098,0.0,58.8,34.8
cancel_ratio,replenishment_rate_near_5s,0,1,157,0.8726114649681529,3.218152866242038,0.004338394793926247,0.03024193548387097,0.020958083832335328,59.0,96.0,75.2
cancel_ratio,replenishment_rate_near_5s,0,2,96,0.8541666666666666,3.3723958333333335,0.004424778761061947,0.03017241379310345,0.023222759768273142,96.4,150.0,115.7
cancel_ratio,replenishment_rate_near_5s,0,3,38,0.8947368421052632,3.861842105263158,0.013658536585365854,0.030054644808743168,0.02398205659075224,151.0,245.6,180.8
cancel_ratio,replenishment_rate_near_5s,0,4,24,0.875,4.385416666666667,0.012516914749661705,0.030206677265500796,0.02370756081906758,248.2,3709.6,336.2
cancel_ratio,replenishment_rate_near_5s,1,0,124,0.7903225806451613,3.2076612903225805,0.030303030303030304,0.045454545454545456,0.03741666666666667,2.2,58.8,43.3
cancel_ratio,replenishment_rate_near_5s,1,1,172,0.9011627906976745,3.8982558139534884,0.030303030303030304,0.045454545454545456,0.0379746835443038,59.4,96.0,75.5
cancel_ratio,replenishment_rate_near_5s,1,2,147,0.8571428571428571,3.542517006802721,0.030497592295345103,0.04532163742690058,0.03898305084745763,96.4,150.0,119.6
cancel_ratio,replenishment_rate_near_5s,1,3,114,0.8771929824561403,4.370614035087719,0.030470914127423823,0.04535637149028078,0.03893192984763849,150.2,244.2,182.8
cancel_ratio,replenishment_rate_near_5s,1,4,67,0.8507462686567164,4.92910447761194,0.030319436924742826,0.04532163742690058,0.03908355795148248,248.2,4126.8,349.2
cancel_ratio,replenishment_rate_near_5s,2,0,85,0.8,3.523529411764706,0.045454545454545456,0.05860805860805861,0.0502092050209205,17.6,58.0,45.6
cancel_ratio,replenishment_rate_near_5s,2,1,132,0.8484848484848485,4.0227272727272725,0.045454545454545456,0.05904761904761905,0.05188746438746439,59.0,95.8,77.7
cancel_ratio,replenishment_rate_near_5s,2,2,135,0.9259259259259259,5.092592592592593,0.0456140350877193,0.05913272010512484,0.05186385737439222,96.2,149.8,119.6
cancel_ratio,replenishment_rate_near_5s,2,3,145,0.9103448275862069,5.408620689655172,0.04557405784399649,0.05902383654937571,0.05191489361702128,150.6,246.4,182.8
cancel_ratio,replenishment_rate_near_5s,2,4,127,0.8740157480314961,5.437007874015748,0.04548789435069699,0.05910390848427073,0.0532994923857868,247.6,1116.2,356.2
cancel_ratio,replenishment_rate_near_5s,3,0,56,0.7142857142857143,3.6830357142857144,0.05950095969289827,0.08029197080291971,0.06666666666666667,3.2,58.4,44.400000000000006
cancel_ratio,replenishment_rate_near_5s,3,1,89,0.8764044943820225,4.207865168539326,0.059322033898305086,0.0802675585284281,0.0691588785046729,59.0,96.0,78.0
cancel_ratio,replenishment_rate_near_5s,3,2,137,0.8540145985401459,5.547445255474453,0.059147180192572216,0.07993197278911565,0.06699346405228758,96.2,150.2,126.6
cancel_ratio,replenishment_rate_near_5s,3,3,166,0.8855421686746988,6.781626506024097,0.059446254071661236,0.08020304568527918,0.06892215791957478,150.2,247.2,193.8
cancel_ratio,replenishment_rate_near_5s,3,4,176,0.9090909090909091,7.186079545454546,0.05925925925925926,0.08027282266526757,0.07022006994888351,247.2,2097.4,341.5
cancel_ratio,replenishment_rate_near_5s,4,0,50,0.76,3.695,0.08064516129032258,0.4123173277661795,0.11237373737373738,0.0,58.6,29.0
cancel_ratio,replenishment_rate_near_5s,4,1,74,0.9054054054054054,8.074324324324325,0.08036890645586298,0.35066079295154184,0.09605636658556366,59.2,96.2,83.0
cancel_ratio,replenishment_rate_near_5s,4,2,109,0.9357798165137615,7.717889908256881,0.08047493403693931,0.33601933924254634,0.10109622411693057,96.8,148.8,118.4
cancel_ratio,replenishment_rate_near_5s,4,3,161,0.9254658385093167,9.190993788819876,0.08031674208144797,0.2930591259640103,0.09956167814652474,151.2,246.8,193.4
cancel_ratio,replenishment_rate_near_5s,4,4,230,0.9521739130434783,11.616304347826087,0.0805523590333717,0.32696546656869946,0.10281591358794351,247.6,5341.2,396.1
cancel_ratio,impact_asymmetry_10s,0,0,135,0.8592592592592593,3.2814814814814817,0.0,0.030211480362537766,0.017857142857142856,-0.03571428571428571,-0.0030594405594405595,-0.004216867469879518
cancel_ratio,impact_asymmetry_10s,0,1,127,0.8188976377952756,3.202755905511811,0.003401360544217687,0.03015075376884422,0.020151133501259445,-0.003048780487804878,-0.0015337423312883436,-0.0022727272727272726
cancel_ratio,impact_asymmetry_10s,0,2,99,0.7878787878787878,2.9696969696969697,0.0,0.030206677265500796,0.019184652278177457,-0.001516990291262136,0.0006925207756232687,-0.0006578947368421052
cancel_ratio,impact_asymmetry_10s,0,3,128,0.796875,3.146484375,0.0,0.03017241379310345,0.020695035027073327,0.0007211538461538462,0.0023006134969325155,0.0015562549130324066
cancel_ratio,impact_asymmetry_10s,0,4,133,0.7819548872180451,2.742481203007519,0.0,0.03008849557522124,0.017543859649122806,0.0023148148148148147,0.022058823529411766,0.003472222222222222
cancel_ratio,impact_asymmetry_10s,1,0,142,0.8802816901408451,4.165492957746479,0.030303030303030304,0.04509283819628647,0.03863148653921186,-0.019230769230769232,-0.003048780487804878,-0.004354145601617796
cancel_ratio,impact_asymmetry_10s,1,1,125,0.864,3.76,0.030319436924742826,0.04532163742690058,0.03819173811379579,-0.003006012024048096,-0.0015359168241965973,-0.0022865853658536584
cancel_ratio,impact_asymmetry_10s,1,2,103,0.8737864077669902,3.8859223300970873,0.030303030303030304,0.045112781954887216,0.03862660944206009,-0.001532399299474606,0.0006875214850464077,-0.0010245901639344263
cancel_ratio,impact_asymmetry_10s,1,3,129,0.813953488372093,3.37984496124031,0.03024193548387097,0.04516129032258064,0.03827751196172249,0.0007075471698113207,0.0023006134969325155,0.0016816143497757848
cancel_ratio,impact_asymmetry_10s,1,4,122,0.8524590163934426,4.112704918032787,0.030303030303030304,0.04532163742690058,0.03833265306122449,0.00230566534914361,0.00980392156862745,0.0030207174638487207
cancel_ratio,impact_asymmetry_10s,2,0,120,0.875,5.454166666666667,0.0456140350877193,0.05904761904761905,0.05173588407753475,-0.010983263598326359,-0.003067484662576687,-0.004144249328137244
cancel_ratio,impact_asymmetry_10s,2,1,156,0.9166666666666666,4.293269230769231,0.04536082474226804,0.0587467362924282,0.05125772393324575,-0.003043478260869565,-0.0015337423312883436,-0.002255844361107519
cancel_ratio,impact_asymmetry_10s,2,2,116,0.8362068965517241,4.661637931034483,0.045779685264663805,0.0589622641509434,0.052989368875095824,-0.001524390243902439,0.0006890848952590959,-0.000829994622802842
cancel_ratio,impact_asymmetry_10s,2,3,109,0.8715596330275229,4.339449541284404,0.04535637149028078,0.05902383654937571,0.05135730007336757,0.0007048872180451127,0.002255947497949139,0.0014970059880239522
cancel_ratio,impact_asymmetry_10s,2,4,121,0.8925619834710744,5.221074380165289,0.045454545454545456,0.059033989266547404,0.05194805194805195,0.0023062730627306273,0.008333333333333333,0.0034916201117318434
cancel_ratio,impact_asymmetry_10s,3,0,120,0.8666666666666667,6.10625,0.05913272010512484,0.07993730407523511,0.06949636085901698,-0.03125,-0.003048780487804878,-0.004748560980009512
cancel_ratio,impact_asymmetry_10s,3,1,139,0.8633093525179856,5.406474820143885,0.05927051671732523,0.08020050125313283,0.06890299184043518,-0.0030241935483870967,-0.0015350877192982456,-0.0022965879265091863
cancel_ratio,impact_asymmetry_10s,3,2,134,0.9104477611940298,5.244402985074627,0.0592,0.07993197278911565,0.06845976001422757,-0.0015290519877675841,0.0006915629322268327,-0.00040636590420125917
cancel_ratio,impact_asymmetry_10s,3,3,122,0.8032786885245902,5.985655737704918,0.05910390848427073,0.08016877637130802,0.0675836570998872,0.0007062146892655367,0.0022893772893772895,0.00150140582720989
cancel_ratio,impact_asymmetry_10s,3,4,106,0.8867924528301887,7.632075471698113,0.05905511811023622,0.07995846313603323,0.06688182519384565,0.002305327868852459,0.014705882352941176,0.00357279457525153
cancel_ratio,impact_asymmetry_10s,4,0,105,0.9428571428571428,14.138095238095238,0.08064516129032258,0.4123173277661795,0.09956167814652474,-0.16176470588235295,-0.003080082135523614,-0.005385487528344671
cancel_ratio,impact_asymmetry_10s,4,1,74,0.9054054054054054,8.47972972972973,0.08020304568527918,0.3888888888888889,0.10231352718078382,-0.003033980582524272,-0.0015517241379310344,-0.0022071814591561006
cancel_ratio,impact_asymmetry_10s,4,2,170,0.9176470588235294,6.951470588235294,0.0802675585284281,0.3187403993855607,0.1011874670499108,-0.0014985014985014985,0.0006931608133086876,-0.0002463113958454669
cancel_ratio,impact_asymmetry_10s,4,3,133,0.9323308270676691,6.7669172932330826,0.08029197080291971,0.32696546656869946,0.101749837977965,0.0007022471910112359,0.0023006134969325155,0.0013629283489096573
cancel_ratio,impact_asymmetry_10s,4,4,139,0.9136690647482014,11.120503597122303,0.08031674208144797,0.33601933924254634,0.10115321252059307,0.0023148148148148147,0.05,0.00400355871886121
cancel_ratio,flow_impact,0,0,146,0.815068493150685,2.808219178082192,0.0,0.030206677265500796,0.018063176627613822,-0.5,0.0015748031496062992,0.0
cancel_ratio,flow_impact,0,1,165,0.8,3.0196969696969695,0.0,0.03017241379310345,0.020202020202020204,0.0015822784810126582,0.0032407407407407406,0.0024509803921568627
cancel_ratio,flow_impact,0,2,142,0.823943661971831,3.1285211267605635,0.004338394793926247,0.030136986301369864,0.019034749462989733,0.003246753246753247,0.005154639175257732,0.004087223806129722
cancel_ratio,flow_impact,0,3,89,0.797752808988764,3.0898876404494384,0.0,0.030211480362537766,0.01875,0.005208333333333333,0.009146341463414634,0.006345177664974619
cancel_ratio,flow_impact,0,4,79,0.8227848101265823,3.5822784810126582,0.0,0.03015075376884422,0.020872865275142316,0.009259259259259259,0.375,0.014705882352941176
cancel_ratio,flow_impact,1,0,99,0.8282828282828283,3.7474747474747474,0.030303030303030304,0.045112781954887216,0.03824362606232295,-0.28125,0.0015782828282828283,-0.0
cancel_ratio,flow_impact,1,1,149,0.825503355704698,3.0385906040268456,0.030303030303030304,0.04519774011299435,0.03827751196172249,0.0016025641025641025,0.003234750462107209,0.002380952380952381
cancel_ratio,flow_impact,1,2,154,0.8571428571428571,4.047077922077922,0.030303030303030304,0.04532163742690058,0.037940410364209656,0.003246753246753247,0.005165289256198347,0.004204205720749838
cancel_ratio,flow_impact,1,3,133,0.8721804511278195,4.5394736842105265,0.03024193548387097,0.04532163742690058,0.03954802259887006,0.005208333333333333,0.009157509157509158,0.006696428571428571
cancel_ratio,flow_impact,1,4,86,0.9186046511627907,4.055232558139535,0.030508474576271188,0.045317220543806644,0.037534591194968554,0.009196185286103543,0.5,0.01567103109656301
cancel_ratio,flow_impact,2,0,114,0.7982456140350878,4.065789473684211,0.045454545454545456,0.058955642897248736,0.051967909766074905,-0.75,0.0015034364261168386,0.0
cancel_ratio,flow_impact,2,1,120,0.85,3.654166666666667,0.045454545454545456,0.0589622641509434,0.051204908513462266,0.0016025641025641025,0.003218884120171674,0.0025146706687801425
cancel_ratio,flow_impact,2,2,130,0.9,4.428846153846154,0.04548789435069699,0.05904761904761905,0.05128205128205128,0.003278688524590164,0.005172413793103448,0.0041022420882977605
cancel_ratio,flow_impact,2,3,148,0.9391891891891891,5.706081081081081,0.04535637149028078,0.05902383654937571,0.052181822395253985,0.005184331797235023,0.009146341463414634,0.006629842348942155
cancel_ratio,flow_impact,2,4,108,0.8981481481481481,5.847222222222222,0.04536082474226804,0.05869720830350752,0.05283889410665804,0.009191176470588236,0.375,0.014395446507515473
cancel_ratio,flow_impact,3,0,123,0.8861788617886179,5.083333333333333,0.0594059405940594,0.07993730407523511,0.06837606837606838,-0.875,0.0015800561797752809,-0.0014204545454545455
cancel_ratio,flow_impact,3,1,105,0.8095238095238095,4.776190476190476,0.05910390848427073,0.08016877637130802,0.06807511737089202,0.00159846547314578,0.0032281205164992827,0.0024834437086092716
cancel_ratio,flow_impact,3,2,114,0.868421052631579,5.5548245614035086,0.05905511811023622,0.08020304568527918,0.06666666666666667,0.003246753246753247,0.005184331797235023,0.004080005046499892
cancel_ratio,flow_impact,3,3,133,0.9022556390977443,7.654135338345864,0.05910735826296743,0.07990867579908675,0.068,0.005208333333333333,0.009126984126984128,0.006761442441054091
cancel_ratio,flow_impact,3,4,146,0.8561643835616438,6.47945205479452,0.059803921568627454,0.08020050125313283,0.07055834921834192,0.009259259259259259,0.5,0.015075757575757576
cancel_ratio,flow_impact,4,0,139,0.9064748201438849,6.120503597122302,0.0802675585284281,0.4123173277661795,0.1027900146842878,-0.25,0.0015737410071942446,-0.001639344262295082
cancel_ratio,flow_impact,4,1,82,0.926829268292683,7.948170731707317,0.08036890645586298,0.33601933924254634,0.09903830199997447,0.0015822784810126582,0.003236914600550964,0.002419380014360191
cancel_ratio,flow_impact,4,2,80,0.9,5.74375,0.08088235294117647,0.3888888888888889,0.10280291697830965,0.003246753246753247,0.005154639175257732,0.0041970409079540895
cancel_ratio,flow_impact,4,3,118,0.8983050847457628,7.760593220338983,0.08047493403693931,0.29323843416370104,0.10112471831876182,0.005187747035573123,0.009159482758620689,0.006981941444684425
cancel_ratio,flow_impact,4,4,201,0.9552238805970149,14.185323383084578,0.08031674208144797,0.35066079295154184,0.101749837977965,0.009160756501182032,0.4583333333333333,0.016260162601626018
cancel_ratio,absorption_ratio,0,0,150,0.8066666666666666,3.1333333333333333,0.0,0.03044496487119438,0.01630280018984338,12.0,87.66666666666667,65.75
cancel_ratio,absorption_ratio,0,1,144,0.8125,2.90625,0.0,0.030395136778115502,0.02007556675062972,87.8,132.1818181818182,108.2
cancel_ratio,absorption_ratio,0,2,114,0.8157894736842105,2.9078947368421053,0.003401360544217687,0.030303030303030304,0.020831008789873668,133.0,188.66666666666666,155.75
cancel_ratio,absorption_ratio,0,3,121,0.8264462809917356,3.6115702479338845,0.0,0.030470914127423823,0.021367521367521368,190.0,321.0,240.5
cancel_ratio,absorption_ratio,0,4,72,0.8194444444444444,3.0034722222222223,0.0,0.030303030303030304,0.020864798592725525,324.0,2602.0,444.16666666666663
cancel_ratio,absorption_ratio,1,0,114,0.868421052631579,3.9451754385964914,0.030497592295345103,0.04509283819628647,0.038597051277503874,22.333333333333332,87.23076923076923,68.0
cancel_ratio,absorption_ratio,1,1,133,0.8270676691729323,3.9210526315789473,0.030534351145038167,0.045317220543806644,0.03935347856640899,88.0,131.11111111111111,107.33333333333333
cancel_ratio,absorption_ratio,1,2,149,0.8859060402684564,4.139261744966443,0.03051643192488263,0.04536082474226804,0.038461538461538464,132.2,188.0,155.42857142857142
cancel_ratio,absorption_ratio,1,3,125,0.864,3.296,0.030664395229982964,0.04535637149028078,0.03814713896457766,188.75,322.6666666666667,236.75
cancel_ratio,absorption_ratio,1,4,80,0.8375,4.025,0.03070175438596491,0.045112781954887216,0.03843515880552918,326.0,3019.6,472.25
cancel_ratio,absorption_ratio,2,0,99,0.9292929292929293,5.851010101010101,0.0456140350877193,0.05894736842105263,0.051648351648351645,32.76190476190476,87.6,71.6
cancel_ratio,absorption_ratio,2,1,137,0.8832116788321168,5.182481751824818,0.04548789435069699,0.05860805860805861,0.05228031145717464,88.0,132.0,109.14285714285714
cancel_ratio,absorption_ratio,2,2,123,0.8943089430894309,4.221544715447155,0.045454545454545456,0.059033989266547404,0.051188299817184646,132.5,188.58823529411765,157.66666666666666
cancel_ratio,absorption_ratio,2,3,131,0.8625954198473282,4.1106870229007635,0.045454545454545456,0.05902383654937571,0.05223880597014925,189.2,322.5,237.5
cancel_ratio,absorption_ratio,2,4,111,0.8378378378378378,4.5675675675675675,0.045576407506702415,0.058955642897248736,0.051839464882943144,324.0,2678.0,464.0
cancel_ratio,absorption_ratio,3,0,113,0.8584070796460177,6.785398230088496,0.05913272010512484,0.07976653696498054,0.06866614048934491,12.285714285714286,87.0,60.5
cancel_ratio,absorption_ratio,3,1,99,0.8484848484848485,6.356060606060606,0.05904761904761905,0.08,0.06677018633540373,87.8,132.0,111.33333333333333
cancel_ratio,absorption_ratio,3,2,136,0.8676470588235294,5.836397058823529,0.05905511811023622,0.07995846313603323,0.06976423047851618,133.33333333333334,188.0,158.5
cancel_ratio,absorption_ratio,3,3,114,0.868421052631579,5.901315789473684,0.05910390848427073,0.07996768982229402,0.06788654744373779,190.0,321.6,251.16666666666669
cancel_ratio,absorption_ratio,3,4,139,0.8776978417266187,5.508992805755396,0.0594059405940594,0.07993197278911565,0.06854345165238677,324.4,4258.0,585.5
cancel_ratio,absorption_ratio,4,0,125,0.936,13.492,0.08051341890315053,0.3177710843373494,0.10256410256410256,2.4545454545454546,87.71428571428571,54.46153846153846
cancel_ratio,absorption_ratio,4,1,88,0.9318181818181818,12.0,0.08031674208144797,0.33601933924254634,0.09970104633781765,87.73333333333333,132.0,110.13865546218487
cancel_ratio,absorption_ratio,4,2,79,0.8860759493670886,8.360759493670885,0.08016877637130802,0.4123173277661795,0.10093348891481914,132.46153846153845,188.28571428571428,159.2941176470588
cancel_ratio,absorption_ratio,4,3,110,0.8909090909090909,7.8522727272727275,0.08020050125313283,0.35066079295154184,0.1032429762949956,188.75,322.0,246.09937888198758
cancel_ratio,absorption_ratio,4,4,199,0.9447236180904522,6.88819095477387,0.0802675585284281,0.3187403993855607,0.10103181427343078,328.8888888888889,4618.0,674.0
cancel_ratio,microprice_pressure,0,0,129,0.8062015503875969,2.897286821705426,0.0,0.030206677265500796,0.01910828025477707,-0.28260869565201574,-0.06999999999970896,-0.10588235294077701
cancel_ratio,microprice_pressure,0,1,136,0.7720588235294118,2.8676470588235294,0.0,0.03017241379310345,0.019687120131071295,-0.06701030927797547,-0.013274336283454128,-0.03650460345670581
cancel_ratio,microprice_pressure,0,2,137,0.8248175182481752,3.1204379562043796,0.0,0.030211480362537766,0.019498607242339833,-0.012747875354155743,0.026946107784169726,0.006172839506083013
cancel_ratio,microprice_pressure,0,3,141,0.8368794326241135,3.2358156028368796,0.0,0.029925187032418952,0.01834862385321101,0.027272727272550885,0.07961783439532155,0.05319148936177953
cancel_ratio,microprice_pressure,0,4,79,0.810126582278481,3.338607594936709,0.0,0.03015075376884422,0.02,0.0813953488371529,0.40875232774730347,0.1116504854374701
cancel_ratio,microprice_pressure,1,0,121,0.8347107438016529,3.8367768595041323,0.030303030303030304,0.04535637149028078,0.038777908343125736,-0.3829337094502989,-0.06953642384056972,-0.09863945578217681
cancel_ratio,microprice_pressure,1,1,142,0.8169014084507042,3.176056338028169,0.030303030303030304,0.045112781954887216,0.038157538947937684,-0.06756756756779699,-0.014018691588717047,-0.03788748564875277
cancel_ratio,microprice_pressure,1,2,128,0.859375,4.0703125,0.03024193548387097,0.04532163742690058,0.039250700280112044,-0.011627906977082603,0.027027027026633732,0.006850600600349329
cancel_ratio,microprice_pressure,1,3,117,0.8803418803418803,3.799145299145299,0.030303030303030304,0.04519774011299435,0.03734939759036145,0.02739726027357392,0.08088235294174713,0.05172413793115993
cancel_ratio,microprice_pressure,1,4,114,0.9035087719298246,4.56359649122807,0.030303030303030304,0.045168067226890755,0.038544073951799276,0.08088235294174713,0.3409090909093114,0.10666305525470912
cancel_ratio,microprice_pressure,2,0,120,0.8583333333333333,4.479166666666667,0.045454545454545456,0.059033989266547404,0.052697699021422906,-0.3030303030306338,-0.06944444444404023,-0.11169813275349347
cancel_ratio,microprice_pressure,2,1,130,0.9076923076923077,4.925,0.04536082474226804,0.05855161787365177,0.05225955871366195,-0.06692913385813881,-0.013513513513316866,-0.0340357458071594
cancel_ratio,microprice_pressure,2,2,118,0.9322033898305084,4.875,0.045454545454545456,0.058955642897248736,0.0517020576709962,-0.013227513227320742,0.027027027026633732,0.0084843255681335
cancel_ratio,microprice_pressure,2,3,128,0.8359375,4.240234375,0.04557405784399649,0.05904761904761905,0.051204908513462266,0.027777777777373558,0.08064516129040082,0.047945205479360695
cancel_ratio,microprice_pressure,2,4,125,0.872,5.38,0.045454545454545456,0.058772687986171135,0.05229357798165138,0.08139534883775923,0.4166666666666667,0.12096774193560123
cancel_ratio,microprice_pressure,3,0,120,0.8666666666666667,6.454166666666667,0.05910390848427073,0.07995846313603323,0.06761893463630679,-0.44915254237275803,-0.06756756756840332,-0.13028369984931487
cancel_ratio,microprice_pressure,3,1,113,0.8141592920353983,5.29646017699115,0.05913272010512484,0.08020304568527918,0.06743185078909612,-0.06756756756779699,-0.013513513513316866,-0.03719008264488366
cancel_ratio,microprice_pressure,3,2,116,0.896551724137931,6.252155172413793,0.0594059405940594,0.07993730407523511,0.06777472527472528,-0.012077294685392795,0.027131782945313414,0.00756248095058254
cancel_ratio,microprice_pressure,3,3,125,0.872,6.39,0.05905511811023622,0.08020050125313283,0.06933115823817292,0.027607361962509458,0.08064516129040082,0.04838709677399796
cancel_ratio,microprice_pressure,3,4,148,0.8783783783783784,5.673986486486487,0.05925925925925926,0.07976653696498054,0.07017617099440594,0.08278145695415635,0.37804878048804574,0.13521462639134066
cancel_ratio,microprice_pressure,4,0,132,0.9318181818181818,12.200757575757576,0.08031674208144797,0.31936284110197155,0.10178217035802176,-0.4770114942530199,-0.06862745098017815,-0.1464460784312299
cancel_ratio,microprice_pressure,4,1,101,0.9207920792079208,6.925742574257426,0.08095238095238096,0.3203065134099617,0.10106382978723404,-0.0666666666669092,-0.013761467889708001,-0.03658536585377684
cancel_ratio,microprice_pressure,4,2,122,0.8934426229508197,7.911885245901639,0.08027282266526757,0.4123173277661795,0.10238647808381135,-0.013274336283454128,0.027027027026633732,0.0060805860803156975
cancel_ratio,microprice_pressure,4,3,111,0.9009009009009009,8.596846846846846,0.0802675585284281,0.35066079295154184,0.10354477611940298,0.027272727272550885,0.07999999999992724,0.04761904761956733
cancel_ratio,microprice_pressure,4,4,155,0.9483870967741935,9.679032258064517,0.08029197080291971,0.32696546656869946,0.09940209267563528,0.08139534883775923,0.45890410958903277,0.14814814814841762
cancel_ratio,cvd_acceleration,0,0,94,0.851063829787234,3.3856382978723403,0.0,0.030136986301369864,0.022060016220600165,-297.23333333333335,-29.066666666666666,-44.766666666666666
cancel_ratio,cvd_acceleration,0,1,138,0.8623188405797102,3.097826086956522,0.0,0.030206677265500796,0.01747032980443604,-28.433333333333337,-9.433333333333334,-17.616666666666667
cancel_ratio,cvd_acceleration,0,2,169,0.7928994082840237,3.0088757396449703,0.0,0.03024193548387097,0.017543859649122806,-9.433333333333332,4.7666666666666675,-1.8333333333333333
cancel_ratio,cvd_acceleration,0,3,136,0.75,2.943014705882353,0.003937007874015748,0.030303030303030304,0.01995883749107869,5.133333333333333,24.53333333333333,13.116666666666667
cancel_ratio,cvd_acceleration,0,4,88,0.8068181818181818,2.9801136363636362,0.004338394793926247,0.03017241379310345,0.02072594501718213,24.800000000000004,331.50000000000006,38.66666666666667
cancel_ratio,cvd_acceleration,1,0,141,0.8439716312056738,3.547872340425532,0.030303030303030304,0.04532163742690058,0.03773584905660377,-383.53333333333336,-28.966666666666665,-48.36666666666666
cancel_ratio,cvd_acceleration,1,1,142,0.8873239436619719,3.698943661971831,0.030303030303030304,0.045454545454545456,0.039445496775357414,-28.566666666666666,-9.466666666666667,-17.6
cancel_ratio,cvd_acceleration,1,2,98,0.8775510204081632,4.6479591836734695,0.030303030303030304,0.04535637149028078,0.03776826817091357,-9.433333333333332,4.833333333333336,-3.0666666666666673
cancel_ratio,cvd_acceleration,1,3,123,0.8780487804878049,4.095528455284553,0.030303030303030304,0.045454545454545456,0.03879310344827586,5.0,24.46666666666667,13.933333333333334
cancel_ratio,cvd_acceleration,1,4,120,0.8083333333333333,3.60625,0.030751708428246014,0.04516129032258064,0.038693149682270354,25.233333333333334,583.2666666666667,44.7
cancel_ratio,cvd_acceleration,2,0,155,0.8774193548387097,4.653225806451613,0.04557405784399649,0.05904761904761905,0.052318668252080855,-190.1,-28.966666666666665,-44.8
cancel_ratio,cvd_acceleration,2,1,132,0.8712121212121212,4.392045454545454,0.045454545454545456,0.05913272010512484,0.05182634239970039,-28.833333333333336,-9.533333333333333,-19.9
cancel_ratio,cvd_acceleration,2,2,106,0.8679245283018868,5.261792452830188,0.04559270516717325,0.05910390848427073,0.05195767898237362,-9.433333333333332,4.933333333333334,-1.6
cancel_ratio,cvd_acceleration,2,3,97,0.9072164948453608,4.716494845360825,0.045454545454545456,0.05871559633027523,0.05154639175257732,5.066666666666666,24.066666666666663,15.0
cancel_ratio,cvd_acceleration,2,4,134,0.8731343283582089,5.048507462686567,0.045507584597432905,0.05910735826296743,0.05208072290932677,24.566666666666666,268.26666666666665,46.06666666666666
cancel_ratio,cvd_acceleration,3,0,134,0.917910447761194,6.6138059701492535,0.0592,0.08027282266526757,0.06766296930444923,-311.6333333333333,-29.166666666666664,-48.849999999999994
cancel_ratio,cvd_acceleration,3,1,118,0.8813559322033898,5.815677966101695,0.059803921568627454,0.08,0.07086690177098559,-28.66666666666667,-9.666666666666668,-18.666666666666664
cancel_ratio,cvd_acceleration,3,2,110,0.8272727272727273,4.695454545454545,0.0594059405940594,0.07993730407523511,0.06937492825163585,-9.2,4.866666666666665,-2.316666666666667
cancel_ratio,cvd_acceleration,3,3,141,0.8865248226950354,6.2712765957446805,0.059147180192572216,0.08029197080291971,0.068,5.033333333333333,24.3,13.600000000000001
cancel_ratio,cvd_acceleration,3,4,121,0.8181818181818182,6.264462809917355,0.059371362048894066,0.08016877637130802,0.06892382103990327,24.933333333333334,294.4333333333333,51.166666666666664
cancel_ratio,cvd_acceleration,4,0,101,0.9603960396039604,13.599009900990099,0.08036890645586298,0.35066079295154184,0.09577464788732394,-326.9,-28.89999999999999,-46.86666666666667
cancel_ratio,cvd_acceleration,4,1,94,0.8723404255319149,8.412234042553191,0.08086253369272237,0.4123173277661795,0.10151992534150694,-28.866666666666667,-9.566666666666668,-16.833333333333336
cancel_ratio,cvd_acceleration,4,2,141,0.9290780141843972,8.00531914893617,0.08031674208144797,0.33601933924254634,0.1059322033898305,-9.433333333333334,5.0,-2.333333333333332
cancel_ratio,cvd_acceleration,4,3,127,0.889763779527559,9.112204724409448,0.08051341890315053,0.3888888888888889,0.10347129506008011,5.0,23.900000000000002,12.433333333333332
cancel_ratio,cvd_acceleration,4,4,161,0.9440993788819876,8.228260869565217,0.08047493403693931,0.32696546656869946,0.10058027079303675,24.53333333333333,737.2666666666667,47.6
cancel_ratio,trade_sign_autocorr_60s,0,0,68,0.7205882352941176,2.411764705882353,0.0,0.030206677265500796,0.0175085667991373,0.1698806975059769,0.8782587399349803,0.8624184230801868
cancel_ratio,trade_sign_autocorr_60s,0,1,130,0.8384615384615385,2.973076923076923,0.0,0.030303030303030304,0.018327630004408707,0.8784471500567768,0.8995392838771802,0.8908134184793576
cancel_ratio,trade_sign_autocorr_60s,0,2,109,0.8440366972477065,3.68348623853211,0.0,0.03015075376884422,0.01977401129943503,0.8995596561123912,0.9136176117611786,0.9065052931953194
cancel_ratio,trade_sign_autocorr_60s,0,3,145,0.8413793103448276,3.179310344827586,0.0,0.030211480362537766,0.020202020202020204,0.913812181126986,0.9272513816422422,0.9203736025284229
cancel_ratio,trade_sign_autocorr_60s,0,4,172,0.7848837209302325,2.957848837209302,0.0,0.030303030303030304,0.019791332834811097,0.9274411317995743,0.9860546342602644,0.9384477308359435
cancel_ratio,trade_sign_autocorr_60s,1,0,46,0.8913043478260869,4.217391304347826,0.03067484662576687,0.045454545454545456,0.037685128829377156,0.8034094231294673,0.87797637662726,0.8672106738677707
cancel_ratio,trade_sign_autocorr_60s,1,1,106,0.8301886792452831,3.667452830188679,0.030319436924742826,0.04532163742690058,0.038787133441589454,0.8784952962931581,0.8994834566522417,0.8909683885246018
cancel_ratio,trade_sign_autocorr_60s,1,2,133,0.849624060150376,3.911654135338346,0.030497592295345103,0.04535637149028078,0.0390625,0.899622631038595,0.9136657084702788,0.9076997046818166
cancel_ratio,trade_sign_autocorr_60s,1,3,161,0.8757763975155279,4.001552795031056,0.030303030303030304,0.045454545454545456,0.03771849126034959,0.9137557144531679,0.9272576067652437,0.9203678869239608
cancel_ratio,trade_sign_autocorr_60s,1,4,178,0.8539325842696629,3.734550561797753,0.030303030303030304,0.045454545454545456,0.0386605415860735,0.927350478421248,0.9737612916075934,0.9368919513967382
cancel_ratio,trade_sign_autocorr_60s,2,0,72,0.9166666666666666,6.538194444444445,0.04559270516717325,0.05910390848427073,0.05271842973771061,0.7004599759224238,0.8782260770211459,0.8659666330395112
cancel_ratio,trade_sign_autocorr_60s,2,1,113,0.9203539823008849,5.261061946902655,0.04548789435069699,0.05913272010512484,0.05235042735042735,0.8783524904214696,0.8995254508431983,0.8904922438809483
cancel_ratio,trade_sign_autocorr_60s,2,2,167,0.8862275449101796,5.040419161676646,0.045507584597432905,0.05904761904761905,0.05162523900573614,0.8996056666952182,0.9136639248447409,0.9071997493347635
cancel_ratio,trade_sign_autocorr_60s,2,3,139,0.8561151079136691,4.2859712230215825,0.045576407506702415,0.05905511811023622,0.0517515923566879,0.9138020069026008,0.9272512077294699,0.9203439919168023
cancel_ratio,trade_sign_autocorr_60s,2,4,132,0.8409090909090909,3.7083333333333335,0.045454545454545456,0.05894736842105263,0.05154792517521303,0.9276578073706375,0.9561090401307184,0.937523350498841
cancel_ratio,trade_sign_autocorr_60s,3,0,158,0.8607594936708861,7.697784810126582,0.059446254071661236,0.07995846313603323,0.07090158168110777,0.658823992414297,0.878218035380426,0.8558221479953971
cancel_ratio,trade_sign_autocorr_60s,3,1,114,0.8596491228070176,5.375,0.05950095969289827,0.08027282266526757,0.06957759848125297,0.8782916874076097,0.8994328287038339,0.8895763222794696
cancel_ratio,trade_sign_autocorr_60s,3,2,121,0.9173553719008265,5.822314049586777,0.05925925925925926,0.0802675585284281,0.06776180698151951,0.899704553281849,0.913700488364312,0.9062781331438043
cancel_ratio,trade_sign_autocorr_60s,3,3,123,0.8455284552845529,5.902439024390244,0.059147180192572216,0.08029197080291971,0.06781485468245425,0.9138299110827609,0.9272003094676446,0.9191321431744262
cancel_ratio,trade_sign_autocorr_60s,3,4,108,0.8611111111111112,4.368055555555555,0.0593607305936073,0.08016877637130802,0.06630456115559742,0.9273024252129685,0.9654694303292461,0.9377770587116213
cancel_ratio,trade_sign_autocorr_60s,4,0,280,0.9285714285714286,12.584821428571429,0.08051341890315053,0.3888888888888889,0.10518560645228,-0.09759000729485333,0.8782127856089823,0.8401093859364186
cancel_ratio,trade_sign_autocorr_60s,4,1,161,0.937888198757764,7.222049689440993,0.08095238095238096,0.3177710843373494,0.10058027079303675,0.8782695350366768,0.8994699361288289,0.8885448916408669
cancel_ratio,trade_sign_autocorr_60s,4,2,93,0.9247311827956989,6.083333333333333,0.08036890645586298,0.35066079295154184,0.10077519379844961,0.8995865833485289,0.9136486046634242,0.9063732361461561
cancel_ratio,trade_sign_autocorr_60s,4,3,56,0.8571428571428571,6.691964285714286,0.08031674208144797,0.3203065134099617,0.09558832140723997,0.9137228490319984,0.9267086717591521,0.9175360377551556
cancel_ratio,trade_sign_autocorr_60s,4,4,33,0.9090909090909091,4.462121212121212,0.08047493403693931,0.4123173277661795,0.09054593874833555,0.9272787943844172,0.9576893666399844,0.9374229752157367
z_anchor_vwap,distance_from_session_vwap_anchor,0,0,506,0.9051383399209486,6.851778656126482,-547.3154243611832,-10.123267675529272,-20.088363224548083,-131.75,-9.5,-19.5
z_anchor_vwap,distance_from_session_vwap_anchor,0,1,154,0.8441558441558441,3.8701298701298703,-99.69025022258981,-10.12651633746744,-14.271316129473593,-9.5,-3.75,-7.0
z_anchor_vwap,distance_from_session_vwap_anchor,0,2,23,0.9565217391304348,5.3478260869565215,-46.29556358041613,-10.341828221237398,-20.320540521031496,-3.75,-1.5,-3.0
z_anchor_vwap,distance_from_session_vwap_anchor,1,0,163,0.901840490797546,7.843558282208589,-10.10566800442233,-4.128443242713213,-7.425363031214383,-56.75,-9.5,-13.75
z_anchor_vwap,distance_from_session_vwap_anchor,1,1,412,0.8567961165048543,4.16626213592233,-10.067566164785717,-3.9938560375533325,-6.300277677029528,-9.5,-3.75,-6.0
z_anchor_vwap,distance_from_session_vwap_anchor,1,2,108,0.8703703703703703,3.7152777777777777,-9.232507683533022,-3.9980879099059177,-5.085657445197803,-3.75,-0.5,-3.0
z_anchor_vwap,distance_from_session_vwap_anchor,2,0,14,0.8571428571428571,37.214285714285715,-3.9749621476564685,-1.2396523461269928,-3.4871368824738322,-36.25,-9.75,-13.625
z_anchor_vwap,distance_from_session_vwap_anchor,2,1,117,0.9316239316239316,7.927350427350428,-3.991372481745125,-1.5436133296487948,-3.0010186260730776,-9.5,-3.75,-5.25
z_anchor_vwap,distance_from_session_vwap_anchor,2,2,524,0.8454198473282443,4.152671755725191,-3.964222925733512,-0.3024149780151194,-1.9625258612559369,-3.75,-0.25,-1.75
z_anchor_vwap,distance_from_session_vwap_anchor,2,3,27,0.8888888888888888,10.0,-2.791961086716674,-0.3349414399591134,-1.626976519131279,-0.25,-0.25,-0.25
z_anchor_vwap,distance_from_session_vwap_anchor,3,2,27,0.7037037037037037,5.962962962962963,-0.2937740220465935,-0.06088071356019368,-0.23270125086836255,-3.25,-0.25,-0.25
z_anchor_vwap,distance_from_session_vwap_anchor,3,3,570,0.8508771929824561,4.202192982456141,-0.29794357161320056,3.9980493070424488,1.2422813860246127,-0.25,3.75,1.0
z_anchor_vwap,distance_from_session_vwap_anchor,3,4,86,0.9651162790697675,8.340116279069768,1.0119850240316932,4.051740304797976,3.2931485253218877,4.0,17.5,5.75
z_anchor_vwap,distance_from_session_vwap_anchor,4,3,86,0.8604651162790697,3.7877906976744184,4.057177768139474,41.45143169330091,6.152621839230829,0.75,4.0,3.0
z_anchor_vwap,distance_from_session_vwap_anchor,4,4,596,0.8506711409395973,5.5625,4.076088215414108,542.7765132234626,12.10080738493358,4.0,80.0,12.375
z_anchor_vwap,bid_depth_curvature,0,0,105,0.8571428571428571,3.7,-183.4455571553106,-10.086451303562711,-16.74227587251557,-54.75,-17.5,-21.125
z_anchor_vwap,bid_depth_curvature,0,1,133,0.8646616541353384,4.631578947368421,-267.5431247165331,-10.123267675529272,-17.76769192516332,-17.5,-13.125,-14.875
z_anchor_vwap,bid_depth_curvature,0,2,132,0.8712121212121212,5.181818181818182,-329.72860769971425,-10.341828221237398,-18.934481856754235,-13.0,-9.75,-11.0
z_anchor_vwap,bid_depth_curvature,0,3,128,0.9296875,6.412109375,-547.3154243611832,-10.161231549773355,-20.99925686723138,-9.75,-6.875,-8.25
z_anchor_vwap,bid_depth_curvature,0,4,128,0.9453125,10.921875,-335.9094443166101,-10.191770810481135,-20.450697745112414,-6.75,44.25,-4.875
z_anchor_vwap,bid_depth_curvature,1,0,152,0.8157894736842105,3.3766447368421053,-10.04048354329272,-4.003742044708784,-6.222229771096541,-63.375,-17.5,-21.6875
z_anchor_vwap,bid_depth_curvature,1,1,134,0.8656716417910447,3.6940298507462686,-10.05881743771155,-4.021450861960761,-6.284435562589506,-17.375,-13.0,-15.125
z_anchor_vwap,bid_depth_curvature,1,2,134,0.8507462686567164,4.593283582089552,-10.036606093263632,-4.005667635893574,-6.600551068739287,-13.0,-9.75,-11.375
z_anchor_vwap,bid_depth_curvature,1,3,109,0.908256880733945,5.848623853211009,-10.032823416886501,-4.004179348370054,-6.621639672454328,-9.75,-6.875,-8.375
z_anchor_vwap,bid_depth_curvature,1,4,97,0.9587628865979382,9.188144329896907,-10.05762484722977,-4.128443242713213,-6.694416897430252,-6.75,3.25,-5.375
z_anchor_vwap,bid_depth_curvature,2,0,133,0.849624060150376,3.236842105263158,-3.955914161638755,-0.3620328601168605,-2.0379112826717525,-66.25,-17.5,-21.125
z_anchor_vwap,bid_depth_curvature,2,1,118,0.8728813559322034,4.319915254237288,-3.9938560375533325,-0.3581269568683113,-2.059718628437973,-17.375,-13.0,-14.75
z_anchor_vwap,bid_depth_curvature,2,2,125,0.824,3.97,-3.964222925733512,-0.3165006858355552,-2.3763906110608715,-13.0,-9.75,-11.375
z_anchor_vwap,bid_depth_curvature,2,3,116,0.9051724137931034,6.032327586206897,-3.9893700171955455,-0.3349414399591134,-2.2025083775240004,-9.75,-6.875,-8.1875
z_anchor_vwap,bid_depth_curvature,2,4,133,0.8646616541353384,10.44548872180451,-3.9749621476564685,-0.30708590044016915,-2.1984336171757564,-6.75,3.75,-5.0
z_anchor_vwap,bid_depth_curvature,3,0,132,0.7954545454545454,3.0890151515151514,-0.2937740220465935,3.9980493070424488,1.079818061599716,-49.5,-17.5,-20.5
z_anchor_vwap,bid_depth_curvature,3,1,125,0.848,3.276,-0.3024149780151194,3.884425521573346,1.1502981219671344,-17.375,-13.0,-15.125
z_anchor_vwap,bid_depth_curvature,3,2,119,0.8403361344537815,4.420168067226891,-0.29794357161320056,4.003779354149817,1.3907931481553606,-13.0,-9.75,-11.125
z_anchor_vwap,bid_depth_curvature,3,3,133,0.9097744360902256,4.357142857142857,-0.2930195671276374,3.9671159975922636,1.6747518450671355,-9.75,-6.75,-8.125
z_anchor_vwap,bid_depth_curvature,3,4,117,0.8888888888888888,8.946581196581196,-0.283272819129197,4.051740304797976,1.4445129946645534,-6.75,10.625,-5.0
z_anchor_vwap,bid_depth_curvature,4,0,104,0.8846153846153846,3.7860576923076925,4.057177768139474,167.49956653378817,11.01118016601355,-47.875,-17.5,-21.625
z_anchor_vwap,bid_depth_curvature,4,1,116,0.7672413793103449,3.665948275862069,4.076088215414108,343.88927693416946,12.408052404156116,-17.375,-13.0,-14.625
z_anchor_vwap,bid_depth_curvature,4,2,115,0.8347826086956521,4.565217391304348,4.101070136626086,389.14495472491694,13.086413827972269,-13.0,-9.75,-11.25
z_anchor_vwap,bid_depth_curvature,4,3,140,0.8714285714285714,6.121428571428571,4.079742365007883,396.82985171411207,10.455902749059181,-9.75,-6.75,-8.25
z_anchor_vwap,bid_depth_curvature,4,4,150,0.8866666666666667,7.386666666666667,4.110068963131274,500.9351348995934,10.167193399039897,-6.75,25.375,-4.875
z_anchor_vwap,trade_imbalance_60s,0,0,88,0.8522727272727273,3.8494318181818183,-217.25738428378065,-10.123267675529272,-15.726595419056608,-0.7271523178807947,-0.17818574514038876,-0.2654462051075289
z_anchor_vwap,trade_imbalance_60s,0,1,121,0.9173553719008265,6.394628099173554,-302.76617058905674,-10.215933200765898,-20.462537417610342,-0.17591973244147158,-0.05911533691608103,-0.10814814814814815
z_anchor_vwap,trade_imbalance_60s,0,2,135,0.9629629629629629,8.735185185185186,-339.62630337939805,-10.12651633746744,-21.038439150543798,-0.05825667980727114,0.05304740406320542,0.0013550135501355014
z_anchor_vwap,trade_imbalance_60s,0,3,156,0.9166666666666666,6.921474358974359,-335.9094443166101,-10.086451303562711,-18.30543809716846,0.05429864253393665,0.1697936210131332,0.10819967265787678
z_anchor_vwap,trade_imbalance_60s,0,4,126,0.8015873015873016,4.251984126984127,-547.3154243611832,-10.405909174631157,-19.164270558524642,0.17050938337801608,0.7955555555555556,0.25549864293184255
z_anchor_vwap,trade_imbalance_60s,1,0,133,0.8571428571428571,3.4981203007518795,-9.866093960337325,-4.003742044708784,-6.481886139442791,-0.7797202797202797,-0.18102671870309217,-0.28085106382978725
z_anchor_vwap,trade_imbalance_60s,1,1,112,0.9285714285714286,6.348214285714286,-10.05762484722977,-4.005667635893574,-6.262960574828407,-0.17609254498714652,-0.05992217898832685,-0.11621021858705843
z_anchor_vwap,trade_imbalance_60s,1,2,105,0.8952380952380953,6.083333333333333,-10.04048354329272,-4.004179348370054,-6.643566205368072,-0.05799185238437575,0.05226480836236934,0.0014564520827264782
z_anchor_vwap,trade_imbalance_60s,1,3,121,0.9173553719008265,6.041322314049586,-9.637002040032806,-4.102129191244489,-6.609359298702063,0.05562878987608753,0.16978309648466716,0.11280653950953679
z_anchor_vwap,trade_imbalance_60s,1,4,155,0.7935483870967742,3.912903225806452,-10.05881743771155,-4.00900668859568,-6.258390750386725,0.17023096663815226,0.940959409594096,0.2769588828549263
z_anchor_vwap,trade_imbalance_60s,2,0,165,0.896969696969697,6.13939393939394,-3.9938560375533325,-0.3342077476221451,-2.3194540086440423,-1.0,-0.17672183662573412,-0.26646153846153847
z_anchor_vwap,trade_imbalance_60s,2,1,102,0.8627450980392157,5.909313725490196,-3.9893700171955455,-0.33051208859100256,-2.1420734240379753,-0.1748099891422367,-0.060759493670886074,-0.11668320350158684
z_anchor_vwap,trade_imbalance_60s,2,2,112,0.8571428571428571,6.334821428571429,-3.923499063584058,-0.3165006858355552,-2.1950266507644853,-0.055345479546235817,0.05304010349288486,-0.006774663222875886
z_anchor_vwap,trade_imbalance_60s,2,3,109,0.8715596330275229,5.844036697247707,-3.9749621476564685,-0.3581269568683113,-2.1698124526884977,0.05362776025236593,0.170018281535649,0.10694444444444444
z_anchor_vwap,trade_imbalance_60s,2,4,137,0.8175182481751825,4.111313868613139,-3.8906440702515885,-0.30708590044016915,-2.0285254248512197,0.17048346055979643,0.7242380261248186,0.2583826429980276
z_anchor_vwap,trade_imbalance_60s,3,0,128,0.796875,3.30859375,-0.29794357161320056,4.003779354149817,1.1722801624874255,-1.0,-0.1769651113913409,-0.28215873785609785
z_anchor_vwap,trade_imbalance_60s,3,1,133,0.9022556390977443,5.62218045112782,-0.3024149780151194,4.009459666655862,1.5565570897931171,-0.17668711656441718,-0.06023391812865497,-0.11633663366336634
z_anchor_vwap,trade_imbalance_60s,3,2,120,0.9083333333333333,4.879166666666666,-0.2685703387510855,3.9980493070424488,1.5910668467865325,-0.05871854363733714,0.053309900410076154,-0.001170046801872075
z_anchor_vwap,trade_imbalance_60s,3,3,117,0.8974358974358975,6.450854700854701,-0.2517751181804334,4.051740304797976,1.388688801224924,0.05378020265003897,0.1675376575468798,0.10137839039573143
z_anchor_vwap,trade_imbalance_60s,3,4,128,0.78125,3.578125,-0.2937740220465935,3.97705198530673,1.1891158224030725,0.17050691244239632,0.9130434782608695,0.2525257427093917
z_anchor_vwap,trade_imbalance_60s,4,0,112,0.8303571428571429,4.450892857142857,4.057177768139474,198.8104178875053,9.601372019584446,-0.6008733624454149,-0.17672600955275727,-0.25649562733379483
z_anchor_vwap,trade_imbalance_60s,4,1,158,0.8670886075949367,6.063291139240507,4.110068963131274,287.93044592528815,10.758747201711762,-0.17547568710359407,-0.05953827460510328,-0.11555725838241401
z_anchor_vwap,trade_imbalance_60s,4,2,153,0.8562091503267973,5.841503267973856,4.0823839095142915,500.9351348995934,14.183754863379312,-0.05829596412556054,0.053621825023518345,-0.000304228780042592
z_anchor_vwap,trade_imbalance_60s,4,3,123,0.8211382113821138,5.0772357723577235,4.201767504044415,252.1769102740593,12.523355007486133,0.05388342387314638,0.17005545286506468,0.11864406779661017
z_anchor_vwap,trade_imbalance_60s,4,4,79,0.8860759493670886,4.231012658227848,4.076088215414108,343.88927693416946,9.236880992979309,0.17021836358852935,0.7106673161227473,0.23978411719352352
z_anchor_vwap,wall_persistence_2s,0,0,108,0.8240740740740741,4.780092592592593,-335.9094443166101,-10.224273168138039,-17.02629937720483,0.0,0.0,0.0
z_anchor_vwap,wall_persistence_2s,0,1,128,0.921875,5.517578125,-269.9587944461216,-10.25871993967875,-18.208912389948118,0.0,0.05966850828729282,0.014628118405109811
z_anchor_vwap,wall_persistence_2s,0,2,98,0.8979591836734694,5.489795918367347,-196.91648144961752,-10.12651633746744,-17.94974362221963,0.06134969325153374,0.15584415584415584,0.10375346512616095
z_anchor_vwap,wall_persistence_2s,0,3,131,0.916030534351145,7.038167938931298,-267.5431247165331,-10.215933200765898,-21.2428487306709,0.15698924731182795,0.28879310344827586,0.2222222222222222
z_anchor_vwap,wall_persistence_2s,0,4,159,0.89937106918239,7.614779874213837,-547.3154243611832,-10.133870273890679,-20.706530567834438,0.2894736842105263,0.6733333333333333,0.36423841059602646
z_anchor_vwap,wall_persistence_2s,1,0,169,0.8047337278106509,3.5991124260355027,-10.123267675529272,-4.0740808767625785,-6.520854265286369,0.0,0.0,0.0
z_anchor_vwap,wall_persistence_2s,1,1,115,0.8695652173913043,4.51304347826087,-10.05762484722977,-4.023417023886684,-6.3052975473551225,0.0,0.059587471352177235,0.024147727272727272
z_anchor_vwap,wall_persistence_2s,1,2,119,0.9159663865546218,5.647058823529412,-10.05881743771155,-4.080523663932717,-6.492187308082822,0.06060606060606061,0.15625,0.10839160839160839
z_anchor_vwap,wall_persistence_2s,1,3,105,0.9047619047619048,6.083333333333333,-9.783252179222321,-4.027621898947002,-6.3231019851948265,0.15644820295983086,0.2878787878787879,0.21428571428571427
z_anchor_vwap,wall_persistence_2s,1,4,116,0.896551724137931,6.135775862068965,-9.857903196788747,-4.011744628675111,-6.543711469840494,0.2896039603960396,0.5711206896551724,0.3602947992954482
z_anchor_vwap,wall_persistence_2s,2,0,127,0.8267716535433071,5.7637795275590555,-4.00900668859568,-0.3581269568683113,-2.383377984777948,0.0,0.0,0.0
z_anchor_vwap,wall_persistence_2s,2,1,132,0.8712121212121212,4.619318181818182,-3.964222925733512,-0.3886889451231863,-2.1193157357033146,0.0,0.05963302752293578,0.01407213049827966
z_anchor_vwap,wall_persistence_2s,2,2,135,0.9037037037037037,5.916666666666667,-3.9938560375533325,-0.33074544224091074,-2.0285254248512197,0.0603448275862069,0.15643564356435644,0.10126582278481013
z_anchor_vwap,wall_persistence_2s,2,3,118,0.8728813559322034,7.067796610169491,-4.005667635893574,-0.366829075480671,-2.2273096481091,0.1588785046728972,0.28865979381443296,0.21160442469509314
z_anchor_vwap,wall_persistence_2s,2,4,111,0.8468468468468469,4.93018018018018,-4.004179348370054,-0.33051208859100256,-2.1378248778667777,0.2894736842105263,0.562874251497006,0.3673469387755102
z_anchor_vwap,wall_persistence_2s,3,0,128,0.734375,2.953125,-0.3024149780151194,3.9980493070424488,1.2422813860246127,0.0,0.0,0.0
z_anchor_vwap,wall_persistence_2s,3,1,117,0.9230769230769231,4.910256410256411,-0.29794357161320056,4.057177768139474,1.3631531585528653,0.0,0.059369202226345084,0.01483679525222552
z_anchor_vwap,wall_persistence_2s,3,2,132,0.8636363636363636,4.702651515151516,-0.2930195671276374,3.906692502804111,1.4874956204828351,0.060353798126951096,0.15625,0.10653492467227549
z_anchor_vwap,wall_persistence_2s,3,3,124,0.8709677419354839,5.116935483870968,-0.3165006858355552,4.007576410542059,1.3083986109269223,0.1566265060240964,0.28860294117647056,0.21416040100250627
z_anchor_vwap,wall_persistence_2s,3,4,123,0.9105691056910569,6.140243902439025,-0.30708590044016915,4.051740304797976,1.2591874783686903,0.2892609699769053,0.5596330275229358,0.3825242718446602
z_anchor_vwap,wall_persistence_2s,4,0,92,0.7282608695652174,3.407608695652174,4.076088215414108,343.88927693416946,10.049928801120464,0.0,0.0,0.0
z_anchor_vwap,wall_persistence_2s,4,1,132,0.8257575757575758,3.9943181818181817,4.079742365007883,272.4085517384688,10.769997923743393,0.0,0.06015037593984962,0.02166770963704631
z_anchor_vwap,wall_persistence_2s,4,2,139,0.8920863309352518,5.501798561151079,4.114599038003861,341.2809055571951,9.724663783970595,0.060240963855421686,0.155467720685112,0.10638297872340426
z_anchor_vwap,wall_persistence_2s,4,3,146,0.8698630136986302,5.955479452054795,4.155550058673285,396.82985171411207,12.259969042739673,0.15766738660907129,0.28862478777589134,0.21249390286391193
z_anchor_vwap,wall_persistence_2s,4,4,114,0.9035087719298246,7.269736842105263,4.110068963131274,500.9351348995934,12.784659834865577,0.2925531914893617,0.5887850467289719,0.37431101472847206
z_anchor_vwap,convexity_imbalance,0,0,138,0.8623188405797102,6.615942028985507,-339.62630337939805,-10.123267675529272,-19.905401631796003,-4.174016282225238,-0.29780219780219763,-0.5108150452730159
z_anchor_vwap,convexity_imbalance,0,1,109,0.9174311926605505,5.717889908256881,-547.3154243611832,-10.133870273890679,-18.068026061225638,-0.2887949260042283,-0.061842918985776096,-0.16776455588610273
z_anchor_vwap,convexity_imbalance,0,2,125,0.896,7.238,-302.76617058905674,-10.215933200765898,-18.64693146266639,-0.05802076278655521,0.13213789452788993,0.037974683544304
z_anchor_vwap,convexity_imbalance,0,3,123,0.8943089430894309,5.7926829268292686,-329.72860769971425,-10.173673333280375,-17.941937372864423,0.13362282878411913,0.3760988660975919,0.2437633642195296
z_anchor_vwap,convexity_imbalance,0,4,131,0.9083969465648855,5.7538167938931295,-273.70571939531266,-10.086451303562711,-19.932543054440213,0.3791470051165229,5.748987854251012,0.5752668308702791
z_anchor_vwap,convexity_imbalance,1,0,119,0.865546218487395,5.743697478991597,-10.04048354329272,-4.004179348370054,-6.3231019851948265,-3.3097649412353087,-0.2930622009569378,-0.5378773125608568
z_anchor_vwap,convexity_imbalance,1,1,150,0.8666666666666667,4.401666666666666,-10.05881743771155,-4.021450861960761,-6.461494060415841,-0.2864616276618175,-0.06196022333009499,-0.18148644115292845
z_anchor_vwap,convexity_imbalance,1,2,133,0.8796992481203008,5.097744360902255,-9.866093960337325,-4.098052484916063,-6.391639927052011,-0.05887300252312877,0.13170821114369513,0.03529411764705892
z_anchor_vwap,convexity_imbalance,1,3,114,0.8421052631578947,4.451754385964913,-10.036606093263632,-4.00900668859568,-6.268244190320265,0.13349875930521105,0.37537068830966136,0.22887566846913543
z_anchor_vwap,convexity_imbalance,1,4,110,0.9090909090909091,5.665909090909091,-10.05762484722977,-4.003742044708784,-6.380591895366554,0.37853461674801614,10.234359483614698,0.5623337150289099
z_anchor_vwap,convexity_imbalance,2,0,122,0.8524590163934426,8.05327868852459,-3.955914161638755,-0.30708590044016915,-2.011194406675501,-3.649706718805545,-0.2961956521739131,-0.4778473377989906
z_anchor_vwap,convexity_imbalance,2,1,139,0.841726618705036,4.523381294964029,-3.9049577717406367,-0.3165006858355552,-2.334108598248136,-0.2907383136740934,-0.0615564809994793,-0.16871921182266014
z_anchor_vwap,convexity_imbalance,2,2,115,0.8695652173913043,4.641304347826087,-3.964222925733512,-0.3620328601168605,-1.9083193137623011,-0.0605610910889689,0.13270862974046982,0.044876589379207354
z_anchor_vwap,convexity_imbalance,2,3,121,0.859504132231405,5.134297520661157,-3.9893700171955455,-0.3342077476221451,-2.3021542017542793,0.13447079236552928,0.3778139542532025,0.24874917709019084
z_anchor_vwap,convexity_imbalance,2,4,128,0.890625,5.931640625,-3.9938560375533325,-0.33074544224091074,-2.1843327069940797,0.3778542950344328,2.198603230030554,0.5543362544628367
z_anchor_vwap,convexity_imbalance,3,0,118,0.847457627118644,6.2690677966101696,-0.2803187485460362,4.051740304797976,1.2971072592050863,-8.092609983385104,-0.29180343466057745,-0.520139282409236
z_anchor_vwap,convexity_imbalance,3,1,120,0.8583333333333333,4.164583333333334,-0.265429113277399,3.9936035587553733,1.08994475237711,-0.28623493131483035,-0.060977269633864184,-0.15847284348312213
z_anchor_vwap,convexity_imbalance,3,2,128,0.8515625,4.1953125,-0.2937740220465935,3.9980493070424488,1.512932455361235,-0.058232489915658325,0.13308913308913306,0.0410072260050805
z_anchor_vwap,convexity_imbalance,3,3,132,0.8333333333333334,4.2897727272727275,-0.3024149780151194,4.011941498938436,1.3972763932218353,0.13563320064868056,0.3749805265617697,0.2341740020985304
z_anchor_vwap,convexity_imbalance,3,4,128,0.890625,4.896484375,-0.2882392816384838,4.003779354149817,1.406649724995363,0.37860043736332405,2.5576508115207806,0.5840698715209673
z_anchor_vwap,convexity_imbalance,4,0,129,0.8217054263565892,5.131782945736434,4.057177768139474,500.9351348995934,12.132271334971689,-6.870622443762781,-0.29367870314778277,-0.5061332969878698
z_anchor_vwap,convexity_imbalance,4,1,108,0.8888888888888888,5.592592592592593,4.0823839095142915,167.49956653378817,10.758159986534945,-0.29167974882260606,-0.06591556591556591,-0.1760696571137247
z_anchor_vwap,convexity_imbalance,4,2,124,0.8548387096774194,4.723790322580645,4.141134610036206,389.14495472491694,9.78774560937855,-0.0608284213480893,0.1300034211426615,0.03412759357213102
z_anchor_vwap,convexity_imbalance,4,3,136,0.8602941176470589,5.2224264705882355,4.110068963131274,341.2809055571951,10.393928411817615,0.13696547355083943,0.3776276276276277,0.25721917726801824
z_anchor_vwap,convexity_imbalance,4,4,128,0.8359375,5.8359375,4.079742365007883,343.88927693416946,12.495378401815405,0.38398115429917556,3.6824027503660783,0.5784755334205303
z_anchor_vwap,liquidity_compression,0,0,139,0.935251798561151,7.264388489208633,-221.53330017303927,-10.215933200765898,-17.12508730400058,0.13793103448275862,0.6632124352331606,0.5904761904761905
z_anchor_vwap,liquidity_compression,0,1,120,0.85,5.25625,-339.62630337939805,-10.086451303562711,-19.646118280154404,0.6638655462184874,0.7503250975292588,0.710571377072819
z_anchor_vwap,liquidity_compression,0,2,109,0.8990825688073395,5.5619266055045875,-234.23808120435717,-10.123267675529272,-17.957549871574837,0.75177304964539,0.8300653594771242,0.7885572139303483
z_anchor_vwap,liquidity_compression,0,3,129,0.9069767441860465,5.436046511627907,-329.72860769971425,-10.161231549773355,-18.31255665056207,0.8312182741116751,0.9272727272727272,0.8783783783783784
z_anchor_vwap,liquidity_compression,0,4,129,0.875968992248062,7.436046511627907,-547.3154243611832,-10.224273168138039,-24.325976832268985,0.9278688524590164,3.1091891891891894,1.0085227272727273
z_anchor_vwap,liquidity_compression,1,0,126,0.9206349206349206,6.373015873015873,-9.804286401329689,-4.027621898947002,-6.7101354901121155,0.15661016949152542,0.6620879120879121,0.5803006259881336
z_anchor_vwap,liquidity_compression,1,1,131,0.9083969465648855,4.849236641221374,-10.05881743771155,-4.00900668859568,-6.628767642206735,0.6640625,0.7507788161993769,0.7116154873164219
z_anchor_vwap,liquidity_compression,1,2,140,0.8285714285714286,4.25,-9.866093960337325,-4.004179348370054,-6.16187769978759,0.7513227513227513,0.8305369127516778,0.7866936415323512
z_anchor_vwap,liquidity_compression,1,3,122,0.8442622950819673,4.055327868852459,-9.782774783864186,-4.003742044708784,-6.86440319620993,0.8308580858085809,0.9265175718849841,0.8720234725838711
z_anchor_vwap,liquidity_compression,1,4,107,0.8598130841121495,5.836448598130841,-10.05762484722977,-4.005667635893574,-6.012489395302755,0.9273570324574961,2.4444444444444446,1.0
z_anchor_vwap,liquidity_compression,2,0,127,0.8976377952755905,6.2421259842519685,-3.9938560375533325,-0.3620328601168605,-2.1918855083144155,0.12907268170426064,0.6638418079096046,0.5867768595041323
z_anchor_vwap,liquidity_compression,2,1,135,0.8444444444444444,4.711111111111111,-3.9749621476564685,-0.3165006858355552,-2.1461652229718706,0.6641509433962264,0.751219512195122,0.7138263665594855
z_anchor_vwap,liquidity_compression,2,2,115,0.808695652173913,4.291304347826087,-3.9893700171955455,-0.33051208859100256,-1.9870158280901,0.7527272727272727,0.8303030303030303,0.7911275415896488
z_anchor_vwap,liquidity_compression,2,3,126,0.873015873015873,4.416666666666667,-3.928458481060537,-0.33074544224091074,-2.0893349543645603,0.8305647840531561,0.9269662921348315,0.8731716932781393
z_anchor_vwap,liquidity_compression,2,4,122,0.8852459016393442,8.579918032786885,-3.8906440702515885,-0.30708590044016915,-2.191125111310523,0.9274924471299094,1.4428571428571428,1.0022130826478652
z_anchor_vwap,liquidity_compression,3,0,102,0.803921568627451,4.742647058823529,-0.2512366764326416,4.003779354149817,1.2375512689839907,0.23224043715846995,0.6616666666666666,0.5964452634846518
z_anchor_vwap,liquidity_compression,3,1,122,0.9098360655737705,5.217213114754099,-0.265429113277399,4.009459666655862,1.1540757037595255,0.6658227848101266,0.7503607503607503,0.71013488088732
z_anchor_vwap,liquidity_compression,3,2,138,0.8768115942028986,4.425724637681159,-0.3024149780151194,3.9202296748702428,1.4056316290233355,0.7513368983957219,0.8305084745762712,0.7912393198143934
z_anchor_vwap,liquidity_compression,3,3,131,0.8549618320610687,4.7461832061068705,-0.29794357161320056,4.011941498938436,1.4579258272215607,0.8325,0.9267515923566879,0.8763157894736842
z_anchor_vwap,liquidity_compression,3,4,133,0.8270676691729323,4.637218045112782,-0.2803187485460362,4.051740304797976,1.3021056323436302,0.9297124600638977,3.9269662921348316,1.0056603773584907
z_anchor_vwap,liquidity_compression,4,0,132,0.9015151515151515,6.956439393939394,4.057177768139474,150.04179165397423,10.846529349747847,0.14410480349344978,0.6614906832298136,0.5802531362007168
z_anchor_vwap,liquidity_compression,4,1,118,0.8813559322033898,5.798728813559322,4.0823839095142915,500.9351348995934,9.863617025528121,0.664367816091954,0.7511520737327189,0.7098055282421064
z_anchor_vwap,liquidity_compression,4,2,123,0.8455284552845529,5.276422764227642,4.139340332499002,341.2809055571951,11.15297403291082,0.7512437810945274,0.8305555555555556,0.792368125701459
z_anchor_vwap,liquidity_compression,4,3,118,0.8050847457627118,4.146186440677966,4.110068963131274,246.5597996983568,10.750273145148626,0.8313953488372093,0.9271137026239067,0.867408798020983
z_anchor_vwap,liquidity_compression,4,4,134,0.8208955223880597,4.240671641791045,4.076088215414108,343.88927693416946,12.948340958462074,0.9285714285714286,3.921985815602837,1.0296861249633324
z_anchor_vwap,replenishment_rate_near_5s,0,0,101,0.7722772277227723,3.287128712871287,-226.39293192609574,-10.173673333280375,-16.74227587251557,2.2,58.4,40.8
z_anchor_vwap,replenishment_rate_near_5s,0,1,112,0.9107142857142857,5.03125,-329.72860769971425,-10.215933200765898,-18.511013428801185,59.2,96.0,75.5
z_anchor_vwap,replenishment_rate_near_5s,0,2,114,0.8859649122807017,5.504385964912281,-269.9587944461216,-10.133870273890679,-16.953539566913463,96.4,149.8,118.80000000000001
z_anchor_vwap,replenishment_rate_near_5s,0,3,154,0.9415584415584416,7.525974025974026,-339.62630337939805,-10.161231549773355,-21.570335567260962,150.6,247.2,193.60000000000002
z_anchor_vwap,replenishment_rate_near_5s,0,4,143,0.9230769230769231,8.47027972027972,-547.3154243611832,-10.12651633746744,-22.126642188465173,247.2,3806.8,356.2
z_anchor_vwap,replenishment_rate_near_5s,1,0,156,0.7884615384615384,3.2580128205128207,-10.086451303562711,-4.021450861960761,-6.428048066040666,3.0,58.8,39.1
z_anchor_vwap,replenishment_rate_near_5s,1,1,142,0.9084507042253521,4.158450704225352,-10.123267675529272,-4.093668207165233,-6.2677556150669895,60.0,96.0,77.0
z_anchor_vwap,replenishment_rate_near_5s,1,2,127,0.889763779527559,5.088582677165355,-10.05881743771155,-4.080523663932717,-6.457199388060768,96.4,150.0,125.2
z_anchor_vwap,replenishment_rate_near_5s,1,3,95,0.8947368421052632,6.839473684210526,-10.032823416886501,-4.011744628675111,-6.305524275725958,150.2,244.2,178.2
z_anchor_vwap,replenishment_rate_near_5s,1,4,104,0.9038461538461539,7.259615384615385,-10.05762484722977,-4.027621898947002,-6.60899954861942,249.0,5137.0,341.79999999999995
z_anchor_vwap,replenishment_rate_near_5s,2,0,134,0.7761194029850746,2.958955223880597,-4.00900668859568,-0.3620328601168605,-2.2521374621483967,0.0,58.2,40.4
z_anchor_vwap,replenishment_rate_near_5s,2,1,134,0.835820895522388,4.332089552238806,-4.003742044708784,-0.3342077476221451,-2.0296651432989004,59.0,96.0,78.2
z_anchor_vwap,replenishment_rate_near_5s,2,2,125,0.88,4.644,-4.005667635893574,-0.3165006858355552,-2.135265602595275,96.2,149.4,119.8
z_anchor_vwap,replenishment_rate_near_5s,2,3,124,0.9112903225806451,6.544354838709677,-3.9749621476564685,-0.33074544224091074,-2.3637552847488275,151.4,246.2,192.5
z_anchor_vwap,replenishment_rate_near_5s,2,4,107,0.9439252336448598,10.824766355140186,-4.004179348370054,-0.33051208859100256,-1.9628149544343274,249.6,3301.4,368.2
z_anchor_vwap,replenishment_rate_near_5s,3,0,143,0.7342657342657343,2.8513986013986012,-0.2517751181804334,3.9980493070424488,1.27083715088391,0.0,58.8,38.4
z_anchor_vwap,replenishment_rate_near_5s,3,1,123,0.8861788617886179,4.323170731707317,-0.3024149780151194,3.803671729743164,1.1957841878469218,59.0,95.8,76.6
z_anchor_vwap,replenishment_rate_near_5s,3,2,128,0.8828125,4.12890625,-0.2930195671276374,4.051740304797976,1.5289471664534966,96.6,150.2,122.5
z_anchor_vwap,replenishment_rate_near_5s,3,3,109,0.8899082568807339,5.146788990825688,-0.30708590044016915,3.985164666958778,1.294588328737293,150.6,246.8,185.6
z_anchor_vwap,replenishment_rate_near_5s,3,4,121,0.9090909090909091,7.6735537190082646,-0.2882392816384838,4.011941498938436,1.159285767855664,249.2,4126.8,368.8
z_anchor_vwap,replenishment_rate_near_5s,4,0,90,0.7333333333333333,3.0972222222222223,4.0823839095142915,79.40191690442799,9.131679896725096,0.4,58.0,39.599999999999994
z_anchor_vwap,replenishment_rate_near_5s,4,1,113,0.8584070796460177,3.650442477876106,4.057177768139474,248.88138359560156,9.434732280943223,59.0,96.2,79.0
z_anchor_vwap,replenishment_rate_near_5s,4,2,130,0.8846153846153846,5.773076923076923,4.155550058673285,248.3138237201869,10.585037107094426,96.2,149.4,116.2
z_anchor_vwap,replenishment_rate_near_5s,4,3,142,0.8591549295774648,6.01056338028169,4.110068963131274,500.9351348995934,13.202926227754757,150.2,246.8,189.89999999999998
z_anchor_vwap,replenishment_rate_near_5s,4,4,149,0.8791946308724832,6.775167785234899,4.114599038003861,389.14495472491694,14.0022738270688,248.2,5341.2,348.2
z_anchor_vwap,impact_asymmetry_10s,0,0,106,0.8490566037735849,5.011792452830188,-224.35994100035097,-10.25871993967875,-17.338076629576463,-0.016666666666666666,-0.003048780487804878,-0.004300943242454919
z_anchor_vwap,impact_asymmetry_10s,0,1,95,0.9157894736842105,5.368421052631579,-202.7014861304337,-10.286884172871073,-15.81288242517929,-0.0030120481927710845,-0.001524390243902439,-0.0022482014388489208
z_anchor_vwap,impact_asymmetry_10s,0,2,137,0.9343065693430657,6.388686131386861,-335.9094443166101,-10.173673333280375,-27.750403486773163,-0.0014970059880239522,0.0006875214850464077,-0.0001255020080321285
z_anchor_vwap,impact_asymmetry_10s,0,3,148,0.8851351351351351,5.95945945945946,-547.3154243611832,-10.12651633746744,-22.31668287872511,0.0006925207756232687,0.002297794117647059,0.0014925373134328358
z_anchor_vwap,impact_asymmetry_10s,0,4,137,0.8832116788321168,7.9799270072992705,-339.62630337939805,-10.191770810481135,-16.74227587251557,0.00230566534914361,0.022058823529411766,0.003401360544217687
z_anchor_vwap,impact_asymmetry_10s,1,0,144,0.9166666666666666,6.060763888888889,-10.123267675529272,-4.00900668859568,-6.403967909296286,-0.16176470588235295,-0.003048780487804878,-0.004312696313440239
z_anchor_vwap,impact_asymmetry_10s,1,1,121,0.8512396694214877,4.051652892561983,-9.866093960337325,-4.0740808767625785,-6.173583030497634,-0.0030120481927710845,-0.0015723270440251573,-0.0023148148148148147
z_anchor_vwap,impact_asymmetry_10s,1,2,88,0.8977272727272727,4.556818181818182,-10.086451303562711,-4.1497658810336135,-6.699953098247857,-0.001524390243902439,0.0006868131868131869,-0.000663558106169297
z_anchor_vwap,impact_asymmetry_10s,1,3,124,0.7983870967741935,4.282258064516129,-10.05881743771155,-4.011744628675111,-6.37777437552526,0.0007088846880907373,0.0023006134969325155,0.001550391323577486
z_anchor_vwap,impact_asymmetry_10s,1,4,146,0.8904109589041096,5.837328767123288,-9.493919046675162,-4.021450861960761,-6.667209481465892,0.002305327868852459,0.05,0.0033482142857142855
z_anchor_vwap,impact_asymmetry_10s,2,0,123,0.8699186991869918,7.778455284552845,-3.910051702632007,-0.3342077476221451,-2.398223728502411,-0.020833333333333332,-0.003048780487804878,-0.004603399433427762
z_anchor_vwap,impact_asymmetry_10s,2,1,129,0.8914728682170543,4.455426356589148,-3.9893700171955455,-0.33051208859100256,-1.9666616599803515,-0.003033980582524272,-0.001532399299474606,-0.002335164835164835
z_anchor_vwap,impact_asymmetry_10s,2,2,130,0.8923076923076924,5.980769230769231,-4.005667635893574,-0.3165006858355552,-2.0064681303532756,-0.0015151515151515152,0.0006793478260869565,-0.0008610996034799077
z_anchor_vwap,impact_asymmetry_10s,2,3,115,0.8173913043478261,4.473913043478261,-4.004179348370054,-0.3581269568683113,-2.0471227983682447,0.0006915629322268327,0.0023006134969325155,0.0015822784810126582
z_anchor_vwap,impact_asymmetry_10s,2,4,126,0.8412698412698413,5.4146825396825395,-3.932690872439263,-0.30708590044016915,-2.2939982122290097,0.0023148148148148147,0.025,0.0034498882832865027
z_anchor_vwap,impact_asymmetry_10s,3,0,123,0.8943089430894309,5.465447154471545,-0.29794357161320056,4.009459666655862,1.5014385340827976,-0.01641341743119266,-0.003080082135523614,-0.004213483146067416
z_anchor_vwap,impact_asymmetry_10s,3,1,142,0.852112676056338,4.577464788732394,-0.3024149780151194,3.9583776082295157,1.3124983827230867,-0.0030048076923076925,-0.0015337423312883436,-0.002121644980073943
z_anchor_vwap,impact_asymmetry_10s,3,2,122,0.8524590163934426,4.346311475409836,-0.20894724797728764,3.9980493070424488,1.091541940023324,-0.001516990291262136,0.0006855575868372943,-0.0003775928992093829
z_anchor_vwap,impact_asymmetry_10s,3,3,118,0.847457627118644,4.014830508474576,-0.2937740220465935,4.051740304797976,1.3184669890873613,0.0007022471910112359,0.0022988505747126436,0.0015397787144362488
z_anchor_vwap,impact_asymmetry_10s,3,4,118,0.8305084745762712,5.114406779661017,-0.2517751181804334,4.011941498938436,1.3518542178417838,0.0023148148148148147,0.022058823529411766,0.00362845466801483
z_anchor_vwap,impact_asymmetry_10s,4,0,127,0.8740157480314961,6.9015748031496065,4.114599038003861,55.195630040013135,8.667044115159142,-0.03125,-0.0030602636534839923,-0.004730368968779565
z_anchor_vwap,impact_asymmetry_10s,4,1,136,0.8602941176470589,5.174632352941177,4.079742365007883,137.69986854360744,9.863617025528121,-0.003043478260869565,-0.0015290519877675841,-0.0022727272727272726
z_anchor_vwap,impact_asymmetry_10s,4,2,146,0.8082191780821918,3.8065068493150687,4.057177768139474,343.88927693416946,22.410731071322484,-0.0014928343949044587,0.0006890848952590959,-0.00047857835691147673
z_anchor_vwap,impact_asymmetry_10s,4,3,118,0.8559322033898306,4.508474576271187,4.076088215414108,396.82985171411207,13.28131500204527,0.0007048872180451127,0.0022522522522522522,0.0014300016931808979
z_anchor_vwap,impact_asymmetry_10s,4,4,95,0.8736842105263158,6.676315789473684,4.164626485147594,500.9351348995934,9.433904843276185,0.0023006134969325155,0.01303780964797914,0.003707627118644068
z_anchor_vwap,flow_impact,0,0,123,0.9105691056910569,5.026422764227642,-335.9094443166101,-10.133870273890679,-25.52835069375519,-0.875,0.0015625,0.0
z_anchor_vwap,flow_impact,0,1,131,0.8854961832061069,5.393129770992366,-547.3154243611832,-10.215933200765898,-17.908903186636365,0.001644736842105263,0.003205128205128205,0.0024005486968449933
z_anchor_vwap,flow_impact,0,2,124,0.8548387096774194,4.941532258064516,-273.70571939531266,-10.25871993967875,-17.801060301534783,0.003246753246753247,0.005136986301369863,0.004021476625840952
z_anchor_vwap,flow_impact,0,3,125,0.904,7.272,-339.62630337939805,-10.12651633746744,-18.62679473124847,0.005187747035573123,0.009129213483146067,0.006868131868131868
z_anchor_vwap,flow_impact,0,4,119,0.9159663865546218,8.716386554621849,-234.23808120435717,-10.405909174631157,-18.498211038964943,0.009160756501182032,0.375,0.01358695652173913
z_anchor_vwap,flow_impact,1,0,109,0.8348623853211009,4.091743119266055,-10.086451303562711,-4.0985928497215465,-6.457199388060768,-0.75,0.0015690376569037657,-0.0
z_anchor_vwap,flow_impact,1,1,133,0.7969924812030075,3.2781954887218046,-10.04048354329272,-4.011744628675111,-6.391639927052011,0.001607717041800643,0.003232758620689655,0.0024563318777292577
z_anchor_vwap,flow_impact,1,2,131,0.8931297709923665,4.562977099236641,-10.05881743771155,-4.021450861960761,-6.36390882399851,0.003236914600550964,0.005154639175257732,0.004151291512915129
z_anchor_vwap,flow_impact,1,3,136,0.8970588235294118,5.9724264705882355,-10.123267675529272,-4.00900668859568,-6.2957771113999375,0.005172413793103448,0.009157509157509158,0.006635726363252078
z_anchor_vwap,flow_impact,1,4,113,0.9380530973451328,7.497787610619469,-10.032823416886501,-4.145907422923843,-6.557535932110502,0.009236453201970444,0.5,0.016666666666666666
z_anchor_vwap,flow_impact,2,0,119,0.8319327731092437,5.117647058823529,-4.003742044708784,-0.3165006858355552,-2.20066069135026,-0.3125,0.0015432098765432098,-0.000429553264604811
z_anchor_vwap,flow_impact,2,1,123,0.8373983739837398,3.8597560975609757,-3.923499063584058,-0.3349414399591134,-1.9427274585544636,0.0015800561797752809,0.0032287822878228783,0.0024390243902439024
z_anchor_vwap,flow_impact,2,2,127,0.905511811023622,4.246062992125984,-4.005667635893574,-0.33051208859100256,-2.0285254248512197,0.003246753246753247,0.00516795865633075,0.004006410256410256
z_anchor_vwap,flow_impact,2,3,113,0.9026548672566371,5.5,-4.004179348370054,-0.30708590044016915,-2.1066462111470594,0.005184331797235023,0.009146341463414634,0.006711409395973154
z_anchor_vwap,flow_impact,2,4,140,0.85,9.005357142857143,-3.9893700171955455,-0.3972134682992456,-2.421152409214053,0.009191176470588236,0.5,0.015825043750575665
z_anchor_vwap,flow_impact,3,0,131,0.8396946564885496,3.9122137404580153,-0.2937740220465935,3.9980493070424488,1.1596849235527675,-0.5,0.0015625,-0.0
z_anchor_vwap,flow_impact,3,1,119,0.8319327731092437,3.7058823529411766,-0.3024149780151194,3.964707548913529,1.2502319391892116,0.0015748031496062992,0.003232758620689655,0.0024647887323943664
z_anchor_vwap,flow_impact,3,2,133,0.8120300751879699,3.723684210526316,-0.29794357161320056,4.003779354149817,1.27083715088391,0.003232758620689655,0.005169172932330827,0.004132231404958678
z_anchor_vwap,flow_impact,3,3,120,0.8583333333333333,4.66875,-0.2930195671276374,3.9583776082295157,1.3943510815702833,0.005208333333333333,0.009146341463414634,0.00654577620521893
z_anchor_vwap,flow_impact,3,4,119,0.9411764705882353,7.6911764705882355,-0.283272819129197,4.011941498938436,1.5204494486925677,0.009159482758620689,0.3333333333333333,0.014240506329113924
z_anchor_vwap,flow_impact,4,0,140,0.8285714285714286,3.9589285714285714,4.057177768139474,343.88927693416946,19.10716529270484,-0.5,0.0015476190476190477,-0.0020011526639344265
z_anchor_vwap,flow_impact,4,1,116,0.8189655172413793,3.997844827586207,4.076088215414108,272.4085517384688,11.447322317399445,0.0015723270440251573,0.0032281205164992827,0.002421321701608742
z_anchor_vwap,flow_impact,4,2,107,0.8691588785046729,4.719626168224299,4.079742365007883,248.88138359560156,10.69702488115517,0.003246753246753247,0.005165289256198347,0.004213483146067416
z_anchor_vwap,flow_impact,4,3,128,0.8828125,6.001953125,4.374544547962833,396.82985171411207,10.449724303940236,0.005184331797235023,0.009126984126984128,0.0067898121296179545
z_anchor_vwap,flow_impact,4,4,130,0.8692307692307693,7.7153846153846155,4.051740304797976,500.9351348995934,9.190691736470566,0.009210526315789473,0.4583333333333333,0.015075757575757576
z_anchor_vwap,absorption_ratio,0,0,115,0.8782608695652174,5.565217391304348,-71.54257066651657,-10.25871993967875,-17.579541711598516,22.0,87.66666666666667,67.33333333333333
z_anchor_vwap,absorption_ratio,0,1,111,0.8558558558558559,7.425675675675675,-224.35994100035097,-10.05762484722977,-15.792212958479308,88.0,132.1818181818182,107.41666666666667
z_anchor_vwap,absorption_ratio,0,2,109,0.8532110091743119,6.128440366972477,-339.62630337939805,-10.05881743771155,-16.015654041123053,132.2,188.66666666666666,153.2
z_anchor_vwap,absorption_ratio,0,3,121,0.9256198347107438,5.921487603305785,-547.3154243611832,-10.086451303562711,-18.546708481697806,188.75,322.6666666666667,245.0
z_anchor_vwap,absorption_ratio,0,4,145,0.9241379310344827,6.1706896551724135,-329.72860769971425,-10.04048354329272,-29.536012961720555,324.0,4316.0,566.0
z_anchor_vwap,absorption_ratio,1,0,121,0.9256198347107438,6.595041322314049,-9.728350520282211,-4.093668207165233,-6.455911321198242,2.4545454545454546,87.38461538461539,64.21621621621621
z_anchor_vwap,absorption_ratio,1,1,157,0.8598726114649682,4.95859872611465,-10.036606093263632,-4.021450861960761,-6.35202449739433,87.73333333333333,131.0,110.0952380952381
z_anchor_vwap,absorption_ratio,1,2,128,0.8515625,4.458984375,-9.866093960337325,-4.011744628675111,-6.331606710761342,132.66666666666666,188.0,154.0
z_anchor_vwap,absorption_ratio,1,3,105,0.8571428571428571,4.283333333333333,-9.782774783864186,-4.102129191244489,-6.320064187508036,188.75,322.0,236.0
z_anchor_vwap,absorption_ratio,1,4,90,0.8444444444444444,4.95,-9.857903196788747,-4.076406888478769,-6.619063470454399,332.5,2748.0,463.5
z_anchor_vwap,absorption_ratio,2,0,123,0.8699186991869918,8.211382113821138,-3.910051702632007,-0.3342077476221451,-2.4165964577386045,12.0,87.14285714285714,61.25
z_anchor_vwap,absorption_ratio,2,1,122,0.8278688524590164,4.192622950819672,-4.00900668859568,-0.3886889451231863,-2.088568431009941,87.83333333333333,131.33333333333334,110.96666666666667
z_anchor_vwap,absorption_ratio,2,2,126,0.8968253968253969,4.930555555555555,-3.9893700171955455,-0.3349414399591134,-2.0434295481421514,132.66666666666666,188.0,158.6470588235294
z_anchor_vwap,absorption_ratio,2,3,125,0.872,5.068,-4.004179348370054,-0.3985561610158067,-2.0648273827939407,190.36363636363637,321.6,243.45454545454547
z_anchor_vwap,absorption_ratio,2,4,105,0.8476190476190476,6.164285714285715,-4.005667635893574,-0.3581269568683113,-2.1127922231349077,328.0,3288.0,520.0
z_anchor_vwap,absorption_ratio,3,0,126,0.8571428571428571,5.150793650793651,-0.30708590044016915,4.009459666655862,1.4873529865236501,14.0,87.71428571428571,70.42222222222222
z_anchor_vwap,absorption_ratio,3,1,110,0.8454545454545455,5.3931818181818185,-0.2803187485460362,4.076088215414108,1.4129862806182383,88.22222222222223,132.0,108.4
z_anchor_vwap,absorption_ratio,3,2,119,0.8739495798319328,3.8340336134453783,-0.33074544224091074,4.011941498938436,1.3238165006122244,132.33333333333334,186.44444444444446,158.0
z_anchor_vwap,absorption_ratio,3,3,135,0.8296296296296296,4.6537037037037035,-0.2937740220465935,4.079742365007883,1.388688801224924,190.0,321.0,238.88888888888889
z_anchor_vwap,absorption_ratio,3,4,111,0.9279279279279279,4.84009009009009,-0.3165006858355552,4.057177768139474,1.0456640702458297,324.0,4258.0,502.0
z_anchor_vwap,absorption_ratio,4,0,116,0.8448275862068966,7.372844827586207,4.174704385043392,29.676156644212305,8.651171915812714,12.285714285714286,87.6,63.38636363636364
z_anchor_vwap,absorption_ratio,4,1,101,0.8910891089108911,6.215346534653466,4.155550058673285,248.88138359560156,9.608738417056575,87.8,132.0,108.1
z_anchor_vwap,absorption_ratio,4,2,119,0.8739495798319328,5.088235294117647,4.110068963131274,500.9351348995934,9.990685656990683,132.46153846153845,188.58823529411765,158.88888888888889
z_anchor_vwap,absorption_ratio,4,3,115,0.8260869565217391,4.3130434782608695,4.139340332499002,176.3292715247104,9.223899214535066,188.83333333333334,322.5,242.0
z_anchor_vwap,absorption_ratio,4,4,150,0.8466666666666667,4.38,4.201767504044415,389.14495472491694,27.085403674805647,324.5,4618.0,586.0833333333333
z_anchor_vwap,microprice_pressure,0,0,157,0.9235668789808917,7.230891719745223,-335.9094443166101,-10.133870273890679,-19.86022373993117,-0.46666666666715173,-0.06830601092951838,-0.11386138613913015
z_anchor_vwap,microprice_pressure,0,1,111,0.8378378378378378,5.493243243243243,-329.72860769971425,-10.161231549773355,-17.633735357623472,-0.06692913385813881,-0.013274336283454128,-0.03888888888832298
z_anchor_vwap,microprice_pressure,0,2,115,0.9304347826086956,5.665217391304348,-339.62630337939805,-10.173673333280375,-18.519205770664115,-0.012820512820326257,0.026946107784169726,0.003999999999602248
z_anchor_vwap,microprice_pressure,0,3,113,0.8495575221238938,5.420353982300885,-547.3154243611832,-10.215933200765898,-18.02810774797047,0.027777777777373558,0.07961783439532155,0.04838709677399796
z_anchor_vwap,microprice_pressure,0,4,126,0.9126984126984127,6.98015873015873,-224.35994100035097,-10.341828221237398,-21.102438903130356,0.08241758241729258,0.4160305343514968,0.12751281040618778
z_anchor_vwap,microprice_pressure,1,0,133,0.8947368421052632,5.656015037593985,-10.04048354329272,-4.021450861960761,-6.737881827748469,-0.40604026845661184,-0.06862745098078449,-0.11068702290018943
z_anchor_vwap,microprice_pressure,1,1,131,0.816793893129771,3.864503816793893,-10.12651633746744,-4.155018624322169,-6.557535932110502,-0.06756756756779699,-0.013513513513316866,-0.03594771241841954
z_anchor_vwap,microprice_pressure,1,2,132,0.8863636363636364,5.071969696969697,-10.123267675529272,-4.1007914783420105,-6.311562955763554,-0.013157894736650633,0.027027027026633732,0.009664964503826923
z_anchor_vwap,microprice_pressure,1,3,120,0.875,5.39375,-10.05881743771155,-4.027621898947002,-6.272786358676151,0.027272727272550885,0.08054711246222723,0.05319148936177953
z_anchor_vwap,microprice_pressure,1,4,106,0.8962264150943396,5.410377358490566,-10.05762484722977,-4.0740808767625785,-6.689280129887647,0.0813953488371529,0.3292682926830821,0.1146885521884542
z_anchor_vwap,microprice_pressure,2,0,121,0.8181818181818182,7.723140495867769,-4.011744628675111,-0.33051208859100256,-2.0413975646255245,-0.42307692307804246,-0.06756756756840332,-0.1157205240172819
z_anchor_vwap,microprice_pressure,2,1,126,0.8412698412698413,4.027777777777778,-3.9749621476564685,-0.3349414399591134,-2.0887139529499157,-0.06701030927797547,-0.01369863013678696,-0.03261652264973236
z_anchor_vwap,microprice_pressure,2,2,126,0.8888888888888888,5.349206349206349,-3.964222925733512,-0.3342077476221451,-2.5253714809244254,-0.013274336283454128,0.027027027026633732,0.006805555555123041
z_anchor_vwap,microprice_pressure,2,3,126,0.8571428571428571,4.988095238095238,-4.005667635893574,-0.3620328601168605,-2.3112306910406506,0.02760736196311579,0.07999999999992724,0.05250626566385108
z_anchor_vwap,microprice_pressure,2,4,122,0.9016393442622951,6.096311475409836,-4.00900668859568,-0.33074544224091074,-2.0013064312961473,0.08088235294174713,0.4130434782609882,0.11189120188525217
z_anchor_vwap,microprice_pressure,3,0,106,0.8207547169811321,3.75,-0.265429113277399,3.97705198530673,1.233310669365416,-0.44915254237275803,-0.06818181818137721,-0.10496258970791435
z_anchor_vwap,microprice_pressure,3,1,140,0.8428571428571429,4.0964285714285715,-0.29794357161320056,4.009459666655862,1.2716330963827176,-0.0666666666669092,-0.013513513513316866,-0.03703703703649808
z_anchor_vwap,microprice_pressure,3,2,120,0.8583333333333333,4.741666666666666,-0.3165006858355552,3.9202296748702428,1.2744665589625188,-0.013227513227320742,0.027027027026633732,0.010527482269632552
z_anchor_vwap,microprice_pressure,3,3,139,0.8633093525179856,4.784172661870503,-0.2638920882300145,4.051740304797976,1.388688801224924,0.027272727272550885,0.08064516129040082,0.04838709677399796
z_anchor_vwap,microprice_pressure,3,4,117,0.8888888888888888,6.141025641025641,-0.3024149780151194,4.011941498938436,1.4372156050251708,0.08139534883775923,0.4166666666666667,0.1369863013702949
z_anchor_vwap,microprice_pressure,4,0,105,0.8095238095238095,5.152380952380953,4.076088215414108,272.4085517384688,11.15297403291082,-0.4770114942530199,-0.06862745098017815,-0.11904761904709933
z_anchor_vwap,microprice_pressure,4,1,114,0.8771929824561403,5.107456140350878,4.0823839095142915,396.82985171411207,11.236769177164902,-0.06756756756779699,-0.013513513513316866,-0.03750000000006064
z_anchor_vwap,microprice_pressure,4,2,128,0.8359375,5.080078125,4.139340332499002,500.9351348995934,10.665177115892881,-0.013274336283454128,0.027131782945313414,0.005174437213402902
z_anchor_vwap,microprice_pressure,4,3,124,0.8709677419354839,5.1875,4.141134610036206,198.8104178875053,12.019230111633181,0.02739726027357392,0.08088235294174713,0.04816615112698249
z_anchor_vwap,microprice_pressure,4,4,150,0.86,5.875,4.057177768139474,343.88927693416946,10.61310883539078,0.0813953488371529,0.45890410958903277,0.13412698412715446
z_anchor_vwap,cvd_acceleration,0,0,99,0.9292929292929293,6.679292929292929,-183.4455571553106,-10.224273168138039,-16.320681909881696,-196.13333333333333,-28.933333333333337,-43.46666666666667
z_anchor_vwap,cvd_acceleration,0,1,112,0.9107142857142857,5.707589285714286,-267.5431247165331,-10.086451303562711,-17.370227105904846,-28.66666666666667,-9.666666666666666,-18.78333333333333
z_anchor_vwap,cvd_acceleration,0,2,114,0.8508771929824561,5.548245614035087,-227.177059718252,-10.387350476226224,-19.847129865854043,-9.433333333333332,4.933333333333334,-2.5
z_anchor_vwap,cvd_acceleration,0,3,140,0.9,6.832142857142857,-302.76617058905674,-10.133870273890679,-21.421091731980844,5.066666666666666,24.566666666666666,15.033333333333335
z_anchor_vwap,cvd_acceleration,0,4,161,0.8881987577639752,6.321428571428571,-547.3154243611832,-10.12651633746744,-21.2428487306709,24.9,583.2666666666667,41.03333333333333
z_anchor_vwap,cvd_acceleration,1,0,123,0.9105691056910569,5.550813008130081,-9.699855962815402,-4.003742044708784,-6.257885006621332,-311.6333333333333,-29.099999999999998,-50.83333333333333
z_anchor_vwap,cvd_acceleration,1,1,130,0.8692307692307693,4.8,-10.05762484722977,-4.039600108489689,-6.360912349083036,-28.833333333333332,-9.433333333333334,-18.0
z_anchor_vwap,cvd_acceleration,1,2,121,0.9173553719008265,4.669421487603306,-10.036606093263632,-4.00900668859568,-6.535354591303756,-9.433333333333332,5.0,-2.0666666666666664
z_anchor_vwap,cvd_acceleration,1,3,119,0.8235294117647058,4.993697478991597,-9.268453535450368,-4.005667635893574,-6.622691193371563,5.299999999999999,24.53333333333333,14.166666666666664
z_anchor_vwap,cvd_acceleration,1,4,133,0.8421052631578947,5.161654135338346,-10.05881743771155,-4.004179348370054,-6.288168259064147,24.83333333333333,407.93333333333334,48.833333333333336
z_anchor_vwap,cvd_acceleration,2,0,137,0.8540145985401459,7.802919708029197,-3.9938560375533325,-0.33051208859100256,-1.9713632456047065,-312.6666666666667,-29.333333333333332,-47.233333333333334
z_anchor_vwap,cvd_acceleration,2,1,119,0.9327731092436975,4.399159663865547,-3.9893700171955455,-0.33074544224091074,-2.434380065870537,-28.53333333333333,-9.5,-19.46666666666667
z_anchor_vwap,cvd_acceleration,2,2,135,0.837037037037037,5.435185185185185,-3.9749621476564685,-0.3620328601168605,-2.203785123163866,-9.4,4.800000000000001,-2.6333333333333333
z_anchor_vwap,cvd_acceleration,2,3,119,0.8319327731092437,5.6344537815126055,-3.964222925733512,-0.30708590044016915,-2.1677895010064367,5.0,24.333333333333332,12.8
z_anchor_vwap,cvd_acceleration,2,4,115,0.8608695652173913,4.5978260869565215,-3.928458481060537,-0.3165006858355552,-2.020912196692153,24.799999999999997,297.1333333333333,46.599999999999994
z_anchor_vwap,cvd_acceleration,3,0,114,0.8771929824561403,4.760964912280702,-0.3024149780151194,4.009459666655862,1.6509302361381453,-383.53333333333336,-28.966666666666665,-50.18333333333333
z_anchor_vwap,cvd_acceleration,3,1,149,0.8456375838926175,4.721476510067114,-0.283272819129197,3.9980493070424488,1.2362508880634622,-28.833333333333336,-9.533333333333333,-17.7
z_anchor_vwap,cvd_acceleration,3,2,130,0.8615384615384616,4.046153846153846,-0.2930195671276374,4.007576410542059,1.4672780646113237,-9.433333333333334,4.866666666666665,-2.2166666666666677
z_anchor_vwap,cvd_acceleration,3,3,113,0.8584070796460177,4.411504424778761,-0.29794357161320056,4.051740304797976,1.233705915865828,5.333333333333332,24.53333333333333,12.333333333333334
z_anchor_vwap,cvd_acceleration,3,4,120,0.8416666666666667,5.822916666666667,-0.2937740220465935,4.011941498938436,1.177534977851293,25.233333333333334,220.13333333333333,47.46666666666667
z_anchor_vwap,cvd_acceleration,4,0,153,0.8823529411764706,5.555555555555555,4.057177768139474,341.2809055571951,9.820672400876383,-245.83333333333331,-28.966666666666665,-43.666666666666664
z_anchor_vwap,cvd_acceleration,4,1,116,0.8275862068965517,4.558189655172414,4.079742365007883,287.93044592528815,11.831345911471733,-28.89999999999999,-9.566666666666668,-18.5
z_anchor_vwap,cvd_acceleration,4,2,125,0.808,5.682,4.0823839095142915,180.1547069398602,8.969064522908083,-9.366666666666665,4.700000000000001,-1.8333333333333333
z_anchor_vwap,cvd_acceleration,4,3,135,0.8740740740740741,5.112962962962963,4.101070136626086,500.9351348995934,12.467401796144674,5.033333333333333,24.46666666666667,13.133333333333333
z_anchor_vwap,cvd_acceleration,4,4,96,0.8541666666666666,5.518229166666667,4.076088215414108,248.88138359560156,14.682015014085689,25.233333333333334,737.2666666666667,46.9
z_anchor_vwap,trade_sign_autocorr_60s,0,0,124,0.9435483870967742,9.889112903225806,-329.72860769971425,-10.123267675529272,-30.333165743196325,0.6594624357523873,0.8782260770211459,0.8600658724773123
z_anchor_vwap,trade_sign_autocorr_60s,0,1,120,0.95,7.18125,-547.3154243611832,-10.173673333280375,-20.974895590637416,0.8782695350366768,0.8994699361288289,0.8887727637097191
z_anchor_vwap,trade_sign_autocorr_60s,0,2,138,0.8913043478260869,5.280797101449275,-335.9094443166101,-10.12651633746744,-19.34148357594556,0.8995596561123912,0.9135897786291868,0.9063337374239016
z_anchor_vwap,trade_sign_autocorr_60s,0,3,129,0.8449612403100775,4.558139534883721,-202.36235185543728,-10.215933200765898,-16.23763407261055,0.9139129827189414,0.9273024252129685,0.9204516343099753
z_anchor_vwap,trade_sign_autocorr_60s,0,4,114,0.8421052631578947,4.357456140350878,-71.54257066651657,-10.133870273890679,-16.31512758157248,0.9274865248404601,0.9663420442056408,0.9375961837114757
z_anchor_vwap,trade_sign_autocorr_60s,1,0,94,0.9361702127659575,8.550531914893616,-10.05762484722977,-4.128443242713213,-6.227643882893765,0.1698806975059769,0.878218035380426,0.8522632426392648
z_anchor_vwap,trade_sign_autocorr_60s,1,1,139,0.8848920863309353,4.557553956834532,-10.086451303562711,-4.021450861960761,-6.3579158741675625,0.8784471500567768,0.8994633990078229,0.8905607097947085
z_anchor_vwap,trade_sign_autocorr_60s,1,2,126,0.8888888888888888,4.8273809523809526,-10.032823416886501,-4.011744628675111,-6.559612495490862,0.8995865833485289,0.9137557144531679,0.9075210424908827
z_anchor_vwap,trade_sign_autocorr_60s,1,3,134,0.8507462686567164,4.485074626865671,-9.809665624940221,-4.023417023886684,-6.2433870783469505,0.9138299110827609,0.9272787943844172,0.92055768528308
z_anchor_vwap,trade_sign_autocorr_60s,1,4,131,0.816793893129771,3.7900763358778624,-10.05881743771155,-4.00900668859568,-6.7919949941744395,0.9273729156238228,0.9699745324652155,0.9385093805047262
z_anchor_vwap,trade_sign_autocorr_60s,2,0,136,0.875,10.909926470588236,-4.004179348370054,-0.3972134682992456,-2.2625777966059584,0.5597464439006082,0.8781939359049671,0.8524134333924946
z_anchor_vwap,trade_sign_autocorr_60s,2,1,119,0.865546218487395,4.6911764705882355,-4.005667635893574,-0.33051208859100256,-2.0826312382262526,0.8788644249395088,0.8994217598252002,0.8915502428824124
z_anchor_vwap,trade_sign_autocorr_60s,2,2,126,0.9047619047619048,4.575396825396825,-4.003742044708784,-0.30708590044016915,-1.9978305123705606,0.8995962525170647,0.9136639248447409,0.9066998552030007
z_anchor_vwap,trade_sign_autocorr_60s,2,3,115,0.8434782608695652,4.519565217391304,-3.899666369567134,-0.33074544224091074,-2.2056911148637326,0.9138474778758309,0.9272003094676446,0.9190632374986254
z_anchor_vwap,trade_sign_autocorr_60s,2,4,129,0.8294573643410853,3.050387596899225,-3.964222925733512,-0.3165006858355552,-2.1222217764359486,0.927355853483879,0.9860546342602644,0.937938711367213
z_anchor_vwap,trade_sign_autocorr_60s,3,0,126,0.8253968253968254,7.7103174603174605,-0.2930195671276374,4.011941498938436,1.3199069533285455,-0.09759000729485333,0.8782587399349803,0.8531473262593682
z_anchor_vwap,trade_sign_autocorr_60s,3,1,116,0.8706896551724138,4.754310344827586,-0.2937740220465935,4.051740304797976,1.2827127398106015,0.8783076625636438,0.8995392838771802,0.8896884762078309
z_anchor_vwap,trade_sign_autocorr_60s,3,2,109,0.8899082568807339,4.314220183486238,-0.2685703387510855,3.9671159975922636,1.2483118839857632,0.8996343090191873,0.913515589358023,0.9075708406303158
z_anchor_vwap,trade_sign_autocorr_60s,3,3,131,0.8549618320610687,3.8263358778625953,-0.3024149780151194,4.003779354149817,1.5619211091852463,0.9137684913004381,0.9270561909098877,0.9202349876660857
z_anchor_vwap,trade_sign_autocorr_60s,3,4,142,0.8591549295774648,3.336267605633803,-0.28098778229387167,4.057177768139474,1.2687155764487055,0.927350478421248,0.9971126921000345,0.9377648083289775
z_anchor_vwap,trade_sign_autocorr_60s,4,0,145,0.8551724137931035,7.475862068965517,4.076088215414108,500.9351348995934,12.593508290391817,0.6206451457247685,0.878006668191611,0.8514639759278813
z_anchor_vwap,trade_sign_autocorr_60s,4,1,130,0.8384615384615385,4.155769230769231,4.139340332499002,396.82985171411207,12.592971003620601,0.8782916874076097,0.8994328287038339,0.8894440249971991
z_anchor_vwap,trade_sign_autocorr_60s,4,2,126,0.8412698412698413,5.198412698412699,4.374544547962833,252.1769102740593,10.424951077263739,0.8996040157377252,0.913700488364312,0.9077013775647311
z_anchor_vwap,trade_sign_autocorr_60s,4,3,115,0.8869565217391304,5.206521739130435,4.101070136626086,343.88927693416946,9.969048418201698,0.9139070442991978,0.9272513816422422,0.9196968480446098
z_anchor_vwap,trade_sign_autocorr_60s,4,4,108,0.8333333333333334,3.9814814814814814,4.079742365007883,167.49956653378817,10.807494035193162,0.9274017829768296,0.9704345027891362,0.936491012598845
distance_from_session_vwap_anchor,bid_depth_curvature,0,0,72,0.8333333333333334,4.121527777777778,-31.25,-9.75,-15.125,-54.75,-17.5,-21.6875
distance_from_session_vwap_anchor,bid_depth_curvature,0,1,99,0.8787878787878788,4.952020202020202,-69.5,-9.5,-16.5,-17.5,-13.0,-14.75
distance_from_session_vwap_anchor,bid_depth_curvature,0,2,134,0.9029850746268657,6.027985074626866,-50.0,-9.75,-16.375,-13.0,-9.75,-11.0
distance_from_session_vwap_anchor,bid_depth_curvature,0,3,142,0.9154929577464789,6.695422535211268,-71.25,-10.0,-19.75,-9.75,-6.875,-8.25
distance_from_session_vwap_anchor,bid_depth_curvature,0,4,179,0.9608938547486033,13.639664804469273,-131.75,-9.75,-18.25,-6.75,44.25,-4.875
distance_from_session_vwap_anchor,bid_depth_curvature,1,0,159,0.8301886792452831,3.369496855345912,-9.5,-3.75,-5.75,-63.375,-17.5,-21.125
distance_from_session_vwap_anchor,bid_depth_curvature,1,1,150,0.8466666666666667,3.993333333333333,-9.5,-3.75,-6.0,-17.375,-13.0,-14.875
distance_from_session_vwap_anchor,bid_depth_curvature,1,2,126,0.8492063492063492,4.049603174603175,-9.5,-3.75,-6.0,-13.0,-9.75,-11.4375
distance_from_session_vwap_anchor,bid_depth_curvature,1,3,97,0.9278350515463918,5.907216494845361,-9.5,-4.0,-6.25,-9.75,-6.875,-8.375
distance_from_session_vwap_anchor,bid_depth_curvature,1,4,94,0.8936170212765957,7.045212765957447,-9.5,-4.0,-6.5,-6.75,3.25,-5.0
distance_from_session_vwap_anchor,bid_depth_curvature,2,0,163,0.8404907975460123,3.1855828220858897,-3.75,-0.25,-1.5,-66.25,-17.5,-21.25
distance_from_session_vwap_anchor,bid_depth_curvature,2,1,137,0.8613138686131386,3.815693430656934,-3.75,-0.25,-1.75,-17.375,-13.0,-15.0
distance_from_session_vwap_anchor,bid_depth_curvature,2,2,128,0.7890625,3.455078125,-3.75,-0.25,-2.25,-13.0,-9.75,-11.25
distance_from_session_vwap_anchor,bid_depth_curvature,2,3,111,0.9009009009009009,5.128378378378378,-3.75,-0.25,-2.0,-9.75,-6.875,-8.0
distance_from_session_vwap_anchor,bid_depth_curvature,2,4,86,0.8604651162790697,6.465116279069767,-3.75,-0.25,-2.25,-6.75,3.75,-5.25
distance_from_session_vwap_anchor,bid_depth_curvature,3,0,148,0.8175675675675675,3.1587837837837838,0.0,3.75,1.0,-46.5,-17.5,-20.375
distance_from_session_vwap_anchor,bid_depth_curvature,3,1,136,0.8602941176470589,3.170955882352941,-0.25,3.75,1.0,-17.375,-13.0,-15.0625
distance_from_session_vwap_anchor,bid_depth_curvature,3,2,121,0.8429752066115702,4.276859504132231,-0.25,4.0,1.0,-13.0,-9.75,-11.375
distance_from_session_vwap_anchor,bid_depth_curvature,3,3,133,0.8872180451127819,4.5394736842105265,-0.25,3.75,1.25,-9.75,-6.75,-8.25
distance_from_session_vwap_anchor,bid_depth_curvature,3,4,88,0.8636363636363636,8.522727272727273,-0.25,3.75,1.5,-6.75,10.625,-5.1875
distance_from_session_vwap_anchor,bid_depth_curvature,4,0,84,0.8809523809523809,3.744047619047619,4.0,80.0,9.75,-49.5,-17.5,-22.125
distance_from_session_vwap_anchor,bid_depth_curvature,4,1,104,0.7692307692307693,3.9639423076923075,4.0,58.75,10.875,-17.375,-13.0,-14.6875
distance_from_session_vwap_anchor,bid_depth_curvature,4,2,116,0.8362068965517241,4.905172413793103,4.0,53.25,11.5,-13.0,-9.75,-11.25
distance_from_session_vwap_anchor,bid_depth_curvature,4,3,143,0.8951048951048951,6.277972027972028,4.0,75.25,10.5,-9.75,-6.75,-8.25
distance_from_session_vwap_anchor,bid_depth_curvature,4,4,178,0.898876404494382,7.997191011235955,4.0,60.25,12.75,-6.75,25.375,-4.75
distance_from_session_vwap_anchor,trade_imbalance_60s,0,0,72,0.9166666666666666,9.82638888888889,-50.5,-9.75,-16.75,-0.6520566419420094,-0.17818574514038876,-0.25599096119929454
distance_from_session_vwap_anchor,trade_imbalance_60s,0,1,124,0.9274193548387096,8.08266129032258,-69.5,-9.5,-17.625,-0.17591973244147158,-0.05911533691608103,-0.11111675484546454
distance_from_session_vwap_anchor,trade_imbalance_60s,0,2,119,0.9663865546218487,10.21218487394958,-131.75,-9.75,-15.75,-0.05760709010339734,0.05304740406320542,0.002074688796680498
distance_from_session_vwap_anchor,trade_imbalance_60s,0,3,174,0.9367816091954023,8.133620689655173,-71.25,-9.75,-18.25,0.05429864253393665,0.1697936210131332,0.10819967265787678
distance_from_session_vwap_anchor,trade_imbalance_60s,0,4,137,0.8102189781021898,4.720802919708029,-64.25,-9.75,-17.25,0.17050938337801608,0.5621788283658787,0.23839009287925697
distance_from_session_vwap_anchor,trade_imbalance_60s,1,0,148,0.8513513513513513,3.376689189189189,-9.5,-3.75,-6.0,-1.0,-0.1796669588080631,-0.2886244903280061
distance_from_session_vwap_anchor,trade_imbalance_60s,1,1,102,0.9019607843137255,5.034313725490196,-9.5,-3.75,-6.0,-0.17609254498714652,-0.06784260515603799,-0.12055735868128924
distance_from_session_vwap_anchor,trade_imbalance_60s,1,2,112,0.9017857142857143,5.776785714285714,-9.5,-3.75,-6.0,-0.05825667980727114,0.05226480836236934,0.001334286647423845
distance_from_session_vwap_anchor,trade_imbalance_60s,1,3,118,0.8813559322033898,5.211864406779661,-9.5,-3.75,-6.25,0.05362776025236593,0.16968130921619293,0.11129126694590821
distance_from_session_vwap_anchor,trade_imbalance_60s,1,4,146,0.8013698630136986,4.1438356164383565,-9.5,-3.75,-6.0,0.17023096663815226,0.8160237388724035,0.27700972941157437
distance_from_session_vwap_anchor,trade_imbalance_60s,2,0,171,0.8596491228070176,3.6608187134502925,-3.75,-0.25,-2.0,-1.0,-0.17672183662573412,-0.26618705035971224
distance_from_session_vwap_anchor,trade_imbalance_60s,2,1,112,0.8928571428571429,5.537946428571429,-3.75,-0.25,-1.625,-0.17437145174371452,-0.05992217898832685,-0.10945817415747623
distance_from_session_vwap_anchor,trade_imbalance_60s,2,2,115,0.8434782608695652,4.76304347826087,-3.75,-0.25,-1.5,-0.055345479546235817,0.05304010349288486,-0.004841031008766191
distance_from_session_vwap_anchor,trade_imbalance_60s,2,3,90,0.8777777777777778,4.286111111111111,-3.75,-0.25,-1.875,0.05434076639965361,0.170018281535649,0.10861502687312644
distance_from_session_vwap_anchor,trade_imbalance_60s,2,4,137,0.781021897810219,3.136861313868613,-3.75,-0.25,-1.75,0.17048346055979643,0.940959409594096,0.26904376012965964
distance_from_session_vwap_anchor,trade_imbalance_60s,3,0,125,0.792,3.13,-0.25,3.75,1.0,-1.0,-0.1769651113913409,-0.2953138815207781
distance_from_session_vwap_anchor,trade_imbalance_60s,3,1,129,0.875968992248062,4.924418604651163,-0.25,4.0,1.5,-0.17668711656441718,-0.06023391812865497,-0.11633663366336634
distance_from_session_vwap_anchor,trade_imbalance_60s,3,2,137,0.9051094890510949,5.102189781021898,-0.25,3.75,1.25,-0.05871854363733714,0.053309900410076154,0.0
distance_from_session_vwap_anchor,trade_imbalance_60s,3,3,110,0.8909090909090909,5.538636363636364,-0.25,3.75,0.75,0.05378020265003897,0.16982152514872903,0.10414637673801028
distance_from_session_vwap_anchor,trade_imbalance_60s,3,4,125,0.8,3.482,-0.25,3.75,1.0,0.17050691244239632,0.9130434782608695,0.25287757237530517
distance_from_session_vwap_anchor,trade_imbalance_60s,4,0,110,0.8545454545454545,4.677272727272728,4.0,37.25,10.375,-0.5937007874015748,-0.17672600955275727,-0.25231582520975804
distance_from_session_vwap_anchor,trade_imbalance_60s,4,1,159,0.8805031446540881,6.427672955974843,4.0,80.0,11.25,-0.17547568710359407,-0.05953827460510328,-0.11496062992125984
distance_from_session_vwap_anchor,trade_imbalance_60s,4,2,142,0.8661971830985915,6.322183098591549,4.0,75.25,12.625,-0.05829596412556054,0.053621825023518345,-0.004441421547059522
distance_from_session_vwap_anchor,trade_imbalance_60s,4,3,134,0.8283582089552238,5.983208955223881,4.0,56.5,11.0,0.05388342387314638,0.17005545286506468,0.11548702822109996
distance_from_session_vwap_anchor,trade_imbalance_60s,4,4,80,0.8875,4.7625,4.0,42.5,8.5,0.17021836358852935,0.7106673161227473,0.24297779932780492
distance_from_session_vwap_anchor,wall_persistence_2s,0,0,80,0.825,9.99375,-44.5,-9.75,-15.625,0.0,0.0,0.0
distance_from_session_vwap_anchor,wall_persistence_2s,0,1,117,0.9401709401709402,6.380341880341881,-57.0,-10.0,-18.0,0.0,0.05966850828729282,0.018518518518518517
distance_from_session_vwap_anchor,wall_persistence_2s,0,2,112,0.9196428571428571,7.029017857142857,-69.5,-9.75,-15.875,0.06134969325153374,0.155257586450247,0.10375346512616095
distance_from_session_vwap_anchor,wall_persistence_2s,0,3,143,0.9370629370629371,8.414335664335665,-71.25,-9.75,-17.0,0.15698924731182795,0.28879310344827586,0.22448979591836735
distance_from_session_vwap_anchor,wall_persistence_2s,0,4,172,0.9011627906976745,8.401162790697674,-131.75,-9.75,-18.375,0.2894736842105263,0.6733333333333333,0.35800204013171855
distance_from_session_vwap_anchor,wall_persistence_2s,1,0,164,0.8048780487804879,3.535060975609756,-9.5,-3.75,-6.0,0.0,0.0,0.0
distance_from_session_vwap_anchor,wall_persistence_2s,1,1,122,0.8688524590163934,3.9651639344262297,-9.5,-3.75,-5.75,0.0,0.059587471352177235,0.020538040940517255
distance_from_session_vwap_anchor,wall_persistence_2s,1,2,110,0.9181818181818182,5.35,-9.5,-3.75,-6.25,0.06060606060606061,0.15625,0.10799327255023458
distance_from_session_vwap_anchor,wall_persistence_2s,1,3,117,0.8803418803418803,5.773504273504273,-9.75,-3.75,-6.0,0.15644820295983086,0.2878787878787879,0.20883534136546184
distance_from_session_vwap_anchor,wall_persistence_2s,1,4,111,0.8828828828828829,4.86036036036036,-9.5,-3.75,-6.25,0.2899543378995434,0.6542056074766355,0.36886993603411516
distance_from_session_vwap_anchor,wall_persistence_2s,2,0,163,0.8220858895705522,3.1564417177914113,-3.75,-0.25,-2.0,0.0,0.0,0.0
distance_from_session_vwap_anchor,wall_persistence_2s,2,1,135,0.8518518518518519,4.394444444444445,-3.75,-0.25,-1.75,0.0,0.05963302752293578,0.015463917525773196
distance_from_session_vwap_anchor,wall_persistence_2s,2,2,133,0.8796992481203008,4.738721804511278,-3.75,-0.25,-2.0,0.0603448275862069,0.15643564356435644,0.1038961038961039
distance_from_session_vwap_anchor,wall_persistence_2s,2,3,91,0.8461538461538461,4.950549450549451,-3.75,-0.25,-1.25,0.16030534351145037,0.28865979381443296,0.21142857142857144
distance_from_session_vwap_anchor,wall_persistence_2s,2,4,101,0.8514851485148515,4.242574257425742,-3.75,-0.25,-2.0,0.2894736842105263,0.562874251497006,0.3684210526315789
distance_from_session_vwap_anchor,wall_persistence_2s,3,0,143,0.7342657342657343,2.585664335664336,0.0,4.0,1.0,0.0,0.0,0.0
distance_from_session_vwap_anchor,wall_persistence_2s,3,1,115,0.9391304347826087,4.532608695652174,-0.25,3.75,1.25,0.0,0.05896805896805897,0.010869565217391304
distance_from_session_vwap_anchor,wall_persistence_2s,3,2,119,0.8403361344537815,4.126050420168068,-0.25,3.75,1.5,0.06072874493927125,0.15625,0.10526315789473684
distance_from_session_vwap_anchor,wall_persistence_2s,3,3,124,0.8709677419354839,5.080645161290323,-0.25,3.75,1.0,0.1566265060240964,0.28837209302325584,0.21511897559991933
distance_from_session_vwap_anchor,wall_persistence_2s,3,4,123,0.9105691056910569,6.087398373983739,-0.25,3.75,0.5,0.2892609699769053,0.5693160813308688,0.35374149659863946
distance_from_session_vwap_anchor,wall_persistence_2s,4,0,74,0.7297297297297297,3.8445945945945947,4.0,42.5,8.125,0.0,0.0,0.0
distance_from_session_vwap_anchor,wall_persistence_2s,4,1,135,0.8222222222222222,4.385185185185185,4.25,51.25,11.0,0.0,0.06015037593984962,0.023809523809523808
distance_from_session_vwap_anchor,wall_persistence_2s,4,2,149,0.912751677852349,6.021812080536913,4.0,58.75,10.75,0.060240963855421686,0.155467720685112,0.10780669144981413
distance_from_session_vwap_anchor,wall_persistence_2s,4,3,149,0.8791946308724832,6.305369127516778,4.0,80.0,12.25,0.15745192307692307,0.28862478777589134,0.20945945945945946
distance_from_session_vwap_anchor,wall_persistence_2s,4,4,116,0.9051724137931034,7.689655172413793,4.0,60.25,11.5,0.2925531914893617,0.5887850467289719,0.38016096175365105
distance_from_session_vwap_anchor,convexity_imbalance,0,0,146,0.8972602739726028,10.21404109589041,-59.5,-9.75,-16.25,-4.174016282225238,-0.2930622009569378,-0.5187486418948283
distance_from_session_vwap_anchor,convexity_imbalance,0,1,121,0.9173553719008265,6.708677685950414,-91.75,-9.5,-16.75,-0.2887949260042283,-0.061842918985776096,-0.17147619047619056
distance_from_session_vwap_anchor,convexity_imbalance,0,2,123,0.9186991869918699,8.526422764227643,-131.75,-9.75,-17.5,-0.05887300252312877,0.13213789452788993,0.03817663817663808
distance_from_session_vwap_anchor,convexity_imbalance,0,3,116,0.9051724137931034,6.959051724137931,-50.5,-9.75,-18.0,0.13362282878411913,0.3750194916575704,0.2390484615204332
distance_from_session_vwap_anchor,convexity_imbalance,0,4,120,0.9166666666666666,6.9,-69.5,-10.0,-17.5,0.37974801898038857,10.234359483614698,0.6101277089829357
distance_from_session_vwap_anchor,convexity_imbalance,1,0,118,0.8305084745762712,4.6673728813559325,-9.5,-3.75,-6.0,-2.8909970851894626,-0.29604301075268824,-0.5273985630342263
distance_from_session_vwap_anchor,convexity_imbalance,1,1,133,0.8646616541353384,4.201127819548872,-9.5,-3.75,-6.0,-0.286842105263158,-0.06196022333009499,-0.17268278174345664
distance_from_session_vwap_anchor,convexity_imbalance,1,2,136,0.8529411764705882,4.047794117647059,-9.5,-3.75,-6.25,-0.0605610910889689,0.13170821114369513,0.037066839433468224
distance_from_session_vwap_anchor,convexity_imbalance,1,3,119,0.8487394957983193,4.3466386554621845,-9.5,-3.75,-6.0,0.13349875930521105,0.3760988660975919,0.2393296674522125
distance_from_session_vwap_anchor,convexity_imbalance,1,4,120,0.9166666666666666,5.858333333333333,-9.5,-3.75,-6.125,0.37853461674801614,1.5121951219512195,0.5623337150289099
distance_from_session_vwap_anchor,convexity_imbalance,2,0,114,0.8245614035087719,4.7368421052631575,-3.75,-0.25,-1.75,-3.649706718805545,-0.2961956521739131,-0.5095334101382488
distance_from_session_vwap_anchor,convexity_imbalance,2,1,142,0.8309859154929577,3.362676056338028,-3.75,-0.25,-1.75,-0.2907383136740934,-0.0615564809994793,-0.17151737021302238
distance_from_session_vwap_anchor,convexity_imbalance,2,2,113,0.8584070796460177,3.997787610619469,-3.75,-0.25,-1.75,-0.06050543141779685,0.13270862974046982,0.03136282210279728
distance_from_session_vwap_anchor,convexity_imbalance,2,3,128,0.84375,4.169921875,-3.75,-0.25,-2.0,0.13447079236552928,0.3778139542532025,0.2477735224212086
distance_from_session_vwap_anchor,convexity_imbalance,2,4,128,0.8828125,4.73828125,-3.75,-0.25,-1.75,0.3778542950344328,2.198603230030554,0.5313334765602356
distance_from_session_vwap_anchor,convexity_imbalance,3,0,118,0.864406779661017,5.455508474576271,-0.25,3.75,1.0,-8.092609983385104,-0.29180343466057745,-0.501703626005749
distance_from_session_vwap_anchor,convexity_imbalance,3,1,122,0.8442622950819673,4.180327868852459,-0.25,4.0,0.875,-0.28623493131483035,-0.060977269633864184,-0.14517694676981074
distance_from_session_vwap_anchor,convexity_imbalance,3,2,140,0.8714285714285714,4.401785714285714,-0.25,3.75,1.5,-0.058232489915658325,0.13308913308913306,0.039545746427286754
distance_from_session_vwap_anchor,convexity_imbalance,3,3,126,0.8015873015873016,3.617063492063492,-0.25,3.75,1.25,0.13563320064868056,0.3759152537654167,0.23838075396278025
distance_from_session_vwap_anchor,convexity_imbalance,3,4,120,0.8833333333333333,4.535416666666666,-0.25,3.5,0.75,0.37860043736332405,2.5576508115207806,0.5813732285370115
distance_from_session_vwap_anchor,convexity_imbalance,4,0,130,0.823076923076923,5.8076923076923075,4.0,75.25,11.5,-6.870622443762781,-0.29367870314778277,-0.5103113876164828
distance_from_session_vwap_anchor,convexity_imbalance,4,1,108,0.9166666666666666,6.092592592592593,4.0,36.75,10.25,-0.29167974882260606,-0.06663924310983127,-0.18409010348260407
distance_from_session_vwap_anchor,convexity_imbalance,4,2,113,0.8495575221238938,5.061946902654867,4.0,53.25,9.25,-0.0608284213480893,0.1300034211426615,0.03954545454545455
distance_from_session_vwap_anchor,convexity_imbalance,4,3,137,0.8905109489051095,5.866788321167883,4.0,80.0,12.5,0.13696547355083943,0.3776276276276277,0.24997210547848403
distance_from_session_vwap_anchor,convexity_imbalance,4,4,137,0.8394160583941606,6.045620437956204,4.0,49.0,12.5,0.38257516747156883,3.6824027503660783,0.5765252230923329
distance_from_session_vwap_anchor,liquidity_compression,0,0,148,0.9459459459459459,9.136824324324325,-131.75,-9.75,-18.5,0.13793103448275862,0.6632124352331606,0.5774315321983716
distance_from_session_vwap_anchor,liquidity_compression,0,1,126,0.873015873015873,6.7023809523809526,-62.25,-9.75,-16.75,0.6640625,0.7503250975292588,0.7145393068469992
distance_from_session_vwap_anchor,liquidity_compression,0,2,98,0.9285714285714286,6.561224489795919,-50.0,-9.75,-17.5,0.75177304964539,0.8303571428571429,0.7912851577268917
distance_from_session_vwap_anchor,liquidity_compression,0,3,131,0.8931297709923665,5.465648854961832,-71.25,-9.5,-16.25,0.8312182741116751,0.9250720461095101,0.8720472440944882
distance_from_session_vwap_anchor,liquidity_compression,0,4,123,0.9105691056910569,11.636178861788618,-69.5,-9.75,-18.0,0.9278688524590164,3.1091891891891894,1.018450184501845
distance_from_session_vwap_anchor,liquidity_compression,1,0,137,0.9051094890510949,5.333941605839416,-9.5,-3.75,-6.0,0.2242152466367713,0.6620879120879121,0.5904761904761905
distance_from_session_vwap_anchor,liquidity_compression,1,1,124,0.8709677419354839,4.125,-9.5,-3.75,-6.0,0.6638655462184874,0.75,0.7087878266394854
distance_from_session_vwap_anchor,liquidity_compression,1,2,134,0.8283582089552238,3.9402985074626864,-9.5,-3.75,-6.0,0.7513227513227513,0.8305369127516778,0.7858190196899875
distance_from_session_vwap_anchor,liquidity_compression,1,3,127,0.8661417322834646,4.318897637795276,-9.5,-3.75,-6.25,0.8336980306345733,0.9272727272727272,0.8783505154639175
distance_from_session_vwap_anchor,liquidity_compression,1,4,104,0.8365384615384616,5.399038461538462,-9.5,-3.75,-5.875,0.9290123456790124,1.9166666666666667,1.0031707614708754
distance_from_session_vwap_anchor,liquidity_compression,2,0,108,0.8888888888888888,4.763888888888889,-3.75,-0.25,-1.75,0.12907268170426064,0.6638418079096046,0.6053234563684364
distance_from_session_vwap_anchor,liquidity_compression,2,1,136,0.8529411764705882,3.761029411764706,-3.75,-0.25,-1.75,0.6641509433962264,0.751219512195122,0.7163156601895306
distance_from_session_vwap_anchor,liquidity_compression,2,2,136,0.7941176470588235,3.542279411764706,-3.75,-0.25,-2.0,0.7516973811833172,0.8303030303030303,0.7913234881093121
distance_from_session_vwap_anchor,liquidity_compression,2,3,119,0.865546218487395,4.42436974789916,-3.75,-0.25,-1.75,0.8305647840531561,0.9269662921348315,0.8726591760299626
distance_from_session_vwap_anchor,liquidity_compression,2,4,126,0.8492063492063492,4.565476190476191,-3.75,-0.25,-1.875,0.9273570324574961,2.29247311827957,0.9969900903350555
distance_from_session_vwap_anchor,liquidity_compression,3,0,103,0.8058252427184466,3.6067961165048543,-0.25,3.75,1.25,0.23224043715846995,0.6608811748998665,0.5993820803295572
distance_from_session_vwap_anchor,liquidity_compression,3,1,126,0.9047619047619048,4.978174603174603,-0.25,3.75,1.25,0.6658227848101266,0.7510593220338984,0.710446970890441
distance_from_session_vwap_anchor,liquidity_compression,3,2,136,0.8676470588235294,4.4338235294117645,-0.25,4.0,1.25,0.7513368983957219,0.8305555555555556,0.7914333476590151
distance_from_session_vwap_anchor,liquidity_compression,3,3,127,0.8267716535433071,4.234251968503937,-0.25,3.75,1.0,0.8325,0.9267515923566879,0.8781094527363185
distance_from_session_vwap_anchor,liquidity_compression,3,4,134,0.8507462686567164,4.705223880597015,-0.25,3.75,0.75,0.9274924471299094,3.9269662921348316,1.000636699507389
distance_from_session_vwap_anchor,liquidity_compression,4,0,130,0.9076923076923077,7.9884615384615385,4.0,56.5,12.5,0.14410480349344978,0.6616666666666666,0.576650999382804
distance_from_session_vwap_anchor,liquidity_compression,4,1,114,0.8947368421052632,6.385964912280702,4.0,80.0,11.375,0.664367816091954,0.7511520737327189,0.7084900743292241
distance_from_session_vwap_anchor,liquidity_compression,4,2,121,0.859504132231405,5.774793388429752,4.0,58.25,10.0,0.7512437810945274,0.8305084745762712,0.7918050941306756
distance_from_session_vwap_anchor,liquidity_compression,4,3,122,0.8360655737704918,4.383196721311475,4.0,58.75,10.375,0.8313953488372093,0.9271137026239067,0.8660594854040444
distance_from_session_vwap_anchor,liquidity_compression,4,4,138,0.8188405797101449,4.471014492753623,4.0,54.75,10.625,0.9285714285714286,3.921985815602837,1.0221268088779845
distance_from_session_vwap_anchor,replenishment_rate_near_5s,0,0,72,0.8055555555555556,3.798611111111111,-51.0,-9.75,-17.0,2.2,58.0,42.4
distance_from_session_vwap_anchor,replenishment_rate_near_5s,0,1,109,0.926605504587156,5.4495412844036695,-47.5,-9.75,-17.0,59.2,96.0,78.0
distance_from_session_vwap_anchor,replenishment_rate_near_5s,0,2,111,0.8918918918918919,6.563063063063063,-57.0,-9.75,-15.5,96.4,150.0,115.2
distance_from_session_vwap_anchor,replenishment_rate_near_5s,0,3,167,0.9520958083832335,8.844311377245509,-71.25,-9.75,-18.5,150.2,247.2,190.4
distance_from_session_vwap_anchor,replenishment_rate_near_5s,0,4,165,0.9151515151515152,11.566666666666666,-131.75,-9.75,-18.0,247.2,5137.0,367.2
distance_from_session_vwap_anchor,replenishment_rate_near_5s,1,0,163,0.7730061349693251,3.142638036809816,-9.5,-3.75,-6.0,3.0,58.8,39.4
distance_from_session_vwap_anchor,replenishment_rate_near_5s,1,1,131,0.9007633587786259,4.494274809160306,-9.5,-3.75,-5.75,59.2,96.0,77.0
distance_from_session_vwap_anchor,replenishment_rate_near_5s,1,2,133,0.8796992481203008,4.2180451127819545,-9.75,-3.75,-6.0,96.4,149.8,125.2
distance_from_session_vwap_anchor,replenishment_rate_near_5s,1,3,97,0.8969072164948454,5.554123711340206,-9.5,-3.75,-6.25,150.8,246.2,185.8
distance_from_session_vwap_anchor,replenishment_rate_near_5s,1,4,100,0.92,6.6625,-9.5,-3.75,-6.25,249.0,1918.0,358.5
distance_from_session_vwap_anchor,replenishment_rate_near_5s,2,0,155,0.7741935483870968,2.8693548387096772,-3.75,-0.25,-2.25,0.0,58.2,38.4
distance_from_session_vwap_anchor,replenishment_rate_near_5s,2,1,145,0.8275862068965517,3.4379310344827587,-3.75,-0.25,-2.0,59.0,96.0,78.0
distance_from_session_vwap_anchor,replenishment_rate_near_5s,2,2,120,0.8833333333333333,4.295833333333333,-3.75,-0.25,-1.75,96.2,149.4,123.4
distance_from_session_vwap_anchor,replenishment_rate_near_5s,2,3,113,0.8761061946902655,5.201327433628318,-3.75,-0.25,-1.75,150.8,243.2,191.8
distance_from_session_vwap_anchor,replenishment_rate_near_5s,2,4,91,0.9340659340659341,6.282967032967033,-3.75,-0.25,-1.5,249.6,3301.4,333.8
distance_from_session_vwap_anchor,replenishment_rate_near_5s,3,0,160,0.725,2.721875,-0.25,3.75,1.25,0.0,58.8,39.3
distance_from_session_vwap_anchor,replenishment_rate_near_5s,3,1,138,0.8840579710144928,4.228260869565218,-0.25,3.75,1.0,59.0,96.0,75.30000000000001
distance_from_session_vwap_anchor,replenishment_rate_near_5s,3,2,124,0.8870967741935484,4.151209677419355,-0.25,3.75,1.125,96.6,150.2,119.6
distance_from_session_vwap_anchor,replenishment_rate_near_5s,3,3,97,0.8969072164948454,4.974226804123711,-0.25,3.75,1.25,150.2,246.8,186.0
distance_from_session_vwap_anchor,replenishment_rate_near_5s,3,4,105,0.9142857142857143,7.011904761904762,-0.25,3.75,0.75,249.2,4126.8,375.6
distance_from_session_vwap_anchor,replenishment_rate_near_5s,4,0,74,0.7567567567567568,3.4763513513513513,4.0,29.0,9.375,0.4,58.0,38.900000000000006
distance_from_session_vwap_anchor,replenishment_rate_near_5s,4,1,101,0.8712871287128713,4.099009900990099,4.0,40.0,9.75,59.0,96.2,80.2
distance_from_session_vwap_anchor,replenishment_rate_near_5s,4,2,136,0.8823529411764706,5.981617647058823,4.0,48.75,10.0,96.2,149.4,117.30000000000001
distance_from_session_vwap_anchor,replenishment_rate_near_5s,4,3,150,0.8666666666666667,6.325,4.0,75.25,12.375,150.6,246.8,188.0
distance_from_session_vwap_anchor,replenishment_rate_near_5s,4,4,163,0.8834355828220859,7.237730061349693,4.0,80.0,12.75,248.2,5341.2,348.0
distance_from_session_vwap_anchor,impact_asymmetry_10s,0,0,132,0.8939393939393939,9.714015151515152,-69.5,-9.75,-16.5,-0.16176470588235295,-0.003048780487804878,-0.004348782663144713
distance_from_session_vwap_anchor,impact_asymmetry_10s,0,1,79,0.9240506329113924,6.591772151898734,-57.0,-9.75,-15.75,-0.0029931584948688712,-0.001524390243902439,-0.0022635814889336017
distance_from_session_vwap_anchor,impact_asymmetry_10s,0,2,96,0.9479166666666666,7.294270833333333,-62.25,-10.0,-17.25,-0.001524390243902439,0.0006875214850464077,-0.00020493725419254555
distance_from_session_vwap_anchor,impact_asymmetry_10s,0,3,131,0.8854961832061069,6.675572519083969,-64.25,-9.75,-18.75,0.000708215297450425,0.002297794117647059,0.0015024038461538462
distance_from_session_vwap_anchor,impact_asymmetry_10s,0,4,185,0.9135135135135135,8.66081081081081,-131.75,-9.75,-18.25,0.00230566534914361,0.05,0.0035046728971962616
distance_from_session_vwap_anchor,impact_asymmetry_10s,1,0,127,0.8976377952755905,4.832677165354331,-9.75,-3.75,-6.5,-0.03571428571428571,-0.003048780487804878,-0.004366812227074236
distance_from_session_vwap_anchor,impact_asymmetry_10s,1,1,128,0.859375,3.837890625,-9.5,-3.75,-6.0,-0.0030120481927710845,-0.0015337423312883436,-0.0023469006643082255
distance_from_session_vwap_anchor,impact_asymmetry_10s,1,2,101,0.8811881188118812,4.6905940594059405,-9.5,-3.75,-6.0,-0.0015060240963855422,0.0006648936170212766,-0.0006198347107438017
distance_from_session_vwap_anchor,impact_asymmetry_10s,1,3,138,0.8405797101449275,4.715579710144928,-9.5,-3.75,-5.75,0.0006925207756232687,0.0023006134969325155,0.0014982740043100007
distance_from_session_vwap_anchor,impact_asymmetry_10s,1,4,129,0.8527131782945736,4.9515503875969,-9.5,-3.75,-6.25,0.0023148148148148147,0.0125,0.0034153005464480873
distance_from_session_vwap_anchor,impact_asymmetry_10s,2,0,123,0.8536585365853658,4.329268292682927,-3.75,-0.25,-2.5,-0.020833333333333332,-0.003048780487804878,-0.004557291666666667
distance_from_session_vwap_anchor,impact_asymmetry_10s,2,1,139,0.8705035971223022,3.8309352517985613,-3.75,-0.25,-1.75,-0.003033980582524272,-0.001532399299474606,-0.002240143369175627
distance_from_session_vwap_anchor,impact_asymmetry_10s,2,2,147,0.9047619047619048,5.105442176870748,-3.75,-0.25,-1.25,-0.0015151515151515152,0.0006793478260869565,-0.0006720430107526882
distance_from_session_vwap_anchor,impact_asymmetry_10s,2,3,115,0.7565217391304347,3.239130434782609,-3.75,-0.25,-1.75,0.0006915629322268327,0.0023006134969325155,0.0015625
distance_from_session_vwap_anchor,impact_asymmetry_10s,2,4,99,0.8181818181818182,3.8585858585858586,-3.75,-0.25,-2.0,0.002305327868852459,0.025,0.003246753246753247
distance_from_session_vwap_anchor,impact_asymmetry_10s,3,0,101,0.8712871287128713,4.7549504950495045,-0.25,3.75,1.5,-0.015202702702702704,-0.0030864197530864196,-0.0040650406504065045
distance_from_session_vwap_anchor,impact_asymmetry_10s,3,1,141,0.851063829787234,4.457446808510638,-0.25,3.75,1.25,-0.0030286343612334803,-0.0015290519877675841,-0.0021008403361344537
distance_from_session_vwap_anchor,impact_asymmetry_10s,3,2,151,0.8410596026490066,4.650662251655629,-0.25,4.0,0.75,-0.001516990291262136,0.0006855575868372943,-0.0004257237303415807
distance_from_session_vwap_anchor,impact_asymmetry_10s,3,3,125,0.88,3.874,-0.25,3.75,0.75,0.0007022471910112359,0.0022988505747126436,0.0015212981744421906
distance_from_session_vwap_anchor,impact_asymmetry_10s,3,4,105,0.819047619047619,4.314285714285714,-0.25,3.75,1.5,0.0023148148148148147,0.022058823529411766,0.003458498023715415
distance_from_session_vwap_anchor,impact_asymmetry_10s,4,0,140,0.8928571428571429,7.148214285714285,4.0,40.5,11.25,-0.03125,-0.0030602636534839923,-0.0047189174954301825
distance_from_session_vwap_anchor,impact_asymmetry_10s,4,1,136,0.875,5.556985294117647,4.0,51.25,10.75,-0.003043478260869565,-0.0015359168241965973,-0.0022803285780844404
distance_from_session_vwap_anchor,impact_asymmetry_10s,4,2,128,0.8203125,4.0078125,4.0,80.0,11.25,-0.0015114873035066505,0.0006890848952590959,-0.0005090310286258752
distance_from_session_vwap_anchor,impact_asymmetry_10s,4,3,114,0.8421052631578947,4.8355263157894735,4.0,75.25,9.75,0.0007062146892655367,0.0022522522522522522,0.0014846945972633659
distance_from_session_vwap_anchor,impact_asymmetry_10s,4,4,104,0.8846153846153846,7.591346153846154,4.0,60.25,11.5,0.0023006134969325155,0.01303780964797914,0.003747752953261428
distance_from_session_vwap_anchor,flow_impact,0,0,95,0.8947368421052632,5.7973684210526315,-91.75,-10.0,-17.0,-0.875,0.0015690376569037657,-0.0
distance_from_session_vwap_anchor,flow_impact,0,1,98,0.8979591836734694,5.704081632653061,-64.25,-9.75,-17.375,0.001644736842105263,0.0032102728731942215,0.0024312779774289138
distance_from_session_vwap_anchor,flow_impact,0,2,120,0.875,5.75625,-71.25,-9.75,-17.125,0.003236914600550964,0.005154639175257732,0.004076400199311335
distance_from_session_vwap_anchor,flow_impact,0,3,155,0.9419354838709677,8.143548387096773,-69.5,-10.0,-17.75,0.005187747035573123,0.009157509157509158,0.007042253521126761
distance_from_session_vwap_anchor,flow_impact,0,4,154,0.922077922077922,12.355519480519481,-131.75,-9.75,-17.0,0.009160756501182032,0.5,0.015649490595611285
distance_from_session_vwap_anchor,flow_impact,1,0,121,0.8512396694214877,4.320247933884297,-9.5,-3.75,-5.75,-0.75,0.0015664160401002505,-0.0
distance_from_session_vwap_anchor,flow_impact,1,1,142,0.823943661971831,3.801056338028169,-9.5,-3.75,-6.0,0.0015822784810126582,0.003232758620689655,0.0024350906043452136
distance_from_session_vwap_anchor,flow_impact,1,2,128,0.8828125,3.908203125,-9.75,-3.75,-6.25,0.0032407407407407406,0.005136986301369863,0.004145182180298624
distance_from_session_vwap_anchor,flow_impact,1,3,120,0.875,5.23125,-9.75,-4.0,-6.25,0.005172413793103448,0.009146341463414634,0.006646727221319008
distance_from_session_vwap_anchor,flow_impact,1,4,111,0.9009009009009009,6.092342342342342,-9.5,-3.75,-6.5,0.009191176470588236,0.21875,0.015
distance_from_session_vwap_anchor,flow_impact,2,0,130,0.8384615384615385,3.9826923076923078,-3.75,-0.25,-1.5,-0.3125,0.0015527950310559005,-0.0
distance_from_session_vwap_anchor,flow_impact,2,1,146,0.7945205479452054,3.363013698630137,-3.75,-0.25,-1.75,0.0015800561797752809,0.0032287822878228783,0.0024129636283786483
distance_from_session_vwap_anchor,flow_impact,2,2,133,0.8872180451127819,4.0507518796992485,-3.75,-0.25,-2.0,0.003246753246753247,0.00516795865633075,0.003913894324853229
distance_from_session_vwap_anchor,flow_impact,2,3,102,0.8529411764705882,4.2818627450980395,-3.75,-0.25,-1.875,0.005184331797235023,0.009146341463414634,0.006589635854341737
distance_from_session_vwap_anchor,flow_impact,2,4,111,0.8738738738738738,5.2725225225225225,-3.75,-0.25,-2.25,0.009259259259259259,0.5,0.015625
distance_from_session_vwap_anchor,flow_impact,3,0,147,0.8571428571428571,4.017006802721088,-0.25,3.75,0.75,-0.5,0.0015625,0.0
distance_from_session_vwap_anchor,flow_impact,3,1,130,0.8538461538461538,3.6557692307692307,-0.25,3.75,1.0,0.0015748031496062992,0.003232758620689655,0.0024271844660194173
distance_from_session_vwap_anchor,flow_impact,3,2,138,0.7971014492753623,3.7282608695652173,-0.25,3.75,1.0,0.003232758620689655,0.005136986301369863,0.004137938906899228
distance_from_session_vwap_anchor,flow_impact,3,3,111,0.8738738738738738,4.576576576576577,-0.25,4.0,1.25,0.005208333333333333,0.009146341463414634,0.006502890173410405
distance_from_session_vwap_anchor,flow_impact,3,4,96,0.90625,6.8671875,-0.25,3.75,1.5,0.00929368029739777,0.3333333333333333,0.014705882352941176
distance_from_session_vwap_anchor,flow_impact,4,0,129,0.813953488372093,4.327519379844961,4.0,80.0,10.5,-0.5,0.0015476190476190477,-0.0025
distance_from_session_vwap_anchor,flow_impact,4,1,106,0.8207547169811321,4.311320754716981,4.0,37.25,9.75,0.0015723270440251573,0.0032281205164992827,0.0024782415422769173
distance_from_session_vwap_anchor,flow_impact,4,2,103,0.9029126213592233,4.910194174757281,4.0,51.25,9.75,0.003246753246753247,0.005169172932330827,0.0041946308724832215
distance_from_session_vwap_anchor,flow_impact,4,3,134,0.8805970149253731,6.242537313432836,4.0,75.25,11.5,0.005184331797235023,0.009126984126984128,0.0067898121296179545
distance_from_session_vwap_anchor,flow_impact,4,4,149,0.8926174496644296,8.322147651006711,4.0,60.25,13.0,0.009159482758620689,0.4583333333333333,0.015
distance_from_session_vwap_anchor,absorption_ratio,0,0,146,0.9178082191780822,10.258561643835616,-56.75,-9.75,-17.625,2.4545454545454546,87.66666666666667,64.69298245614036
distance_from_session_vwap_anchor,absorption_ratio,0,1,133,0.8872180451127819,8.528195488721805,-131.75,-9.75,-16.75,88.0,132.1818181818182,109.14285714285714
distance_from_session_vwap_anchor,absorption_ratio,0,2,114,0.868421052631579,6.541666666666667,-59.5,-9.75,-16.25,132.2,188.28571428571428,152.41666666666669
distance_from_session_vwap_anchor,absorption_ratio,0,3,101,0.9405940594059405,6.591584158415841,-91.75,-9.75,-18.75,189.2,322.6666666666667,241.5
distance_from_session_vwap_anchor,absorption_ratio,0,4,107,0.9345794392523364,7.235981308411215,-55.5,-10.0,-17.25,324.4,4316.0,509.3333333333333
distance_from_session_vwap_anchor,absorption_ratio,1,0,111,0.9009009009009009,4.675675675675675,-9.75,-3.75,-6.0,21.2,87.06666666666666,64.36065573770492
distance_from_session_vwap_anchor,absorption_ratio,1,1,139,0.8489208633093526,4.433453237410072,-9.5,-4.0,-6.5,87.73333333333333,131.0,109.57142857142857
distance_from_session_vwap_anchor,absorption_ratio,1,2,127,0.8582677165354331,4.511811023622047,-9.5,-3.75,-6.0,132.66666666666666,188.66666666666666,155.33333333333334
distance_from_session_vwap_anchor,absorption_ratio,1,3,122,0.860655737704918,4.725409836065574,-9.5,-4.0,-6.0,188.75,322.0,244.0
distance_from_session_vwap_anchor,absorption_ratio,1,4,102,0.8431372549019608,4.7254901960784315,-9.5,-3.75,-6.0,324.0,3836.0,463.83333333333337
distance_from_session_vwap_anchor,absorption_ratio,2,0,112,0.8482142857142857,4.517857142857143,-3.75,-0.25,-2.25,12.0,87.14285714285714,65.0952380952381
distance_from_session_vwap_anchor,absorption_ratio,2,1,121,0.8016528925619835,3.1549586776859506,-3.75,-0.25,-2.0,87.8,131.33333333333334,110.93333333333334
distance_from_session_vwap_anchor,absorption_ratio,2,2,125,0.864,3.98,-3.75,-0.25,-1.75,133.0,188.0,158.0
distance_from_session_vwap_anchor,absorption_ratio,2,3,124,0.8548387096774194,4.25,-3.75,-0.25,-2.0,188.75,321.6,239.45833333333331
distance_from_session_vwap_anchor,absorption_ratio,2,4,119,0.865546218487395,5.052521008403361,-3.75,-0.25,-1.25,328.0,4132.0,548.0
distance_from_session_vwap_anchor,absorption_ratio,3,0,102,0.8137254901960784,3.892156862745098,-0.25,3.75,1.5,14.0,86.85714285714286,67.6
distance_from_session_vwap_anchor,absorption_ratio,3,1,100,0.84,4.8875,-0.25,3.5,1.5,88.57142857142857,132.0,109.12698412698413
distance_from_session_vwap_anchor,absorption_ratio,3,2,116,0.8793103448275862,3.8793103448275863,-0.25,4.0,1.0,132.33333333333334,185.8,158.33333333333331
distance_from_session_vwap_anchor,absorption_ratio,3,3,143,0.8461538461538461,4.328671328671328,-0.25,4.0,1.0,189.6,321.0,239.28571428571428
distance_from_session_vwap_anchor,absorption_ratio,3,4,140,0.9071428571428571,5.176785714285714,-0.25,4.0,0.5,324.0,4258.0,504.41666666666663
distance_from_session_vwap_anchor,absorption_ratio,4,0,130,0.8769230769230769,7.9423076923076925,4.0,41.5,12.5,12.285714285714286,87.71428571428571,64.65079365079364
distance_from_session_vwap_anchor,absorption_ratio,4,1,108,0.8981481481481481,6.613425925925926,4.0,58.25,10.75,87.8,132.0,107.80555555555554
distance_from_session_vwap_anchor,absorption_ratio,4,2,119,0.8823529411764706,5.508403361344538,4.0,75.25,10.75,132.46153846153845,188.58823529411765,158.0
distance_from_session_vwap_anchor,absorption_ratio,4,3,111,0.8198198198198198,4.826576576576577,4.0,49.0,9.0,188.83333333333334,322.5,244.22222222222223
distance_from_session_vwap_anchor,absorption_ratio,4,4,133,0.849624060150376,4.507518796992481,4.0,80.0,12.75,324.5,4618.0,623.5
distance_from_session_vwap_anchor,microprice_pressure,0,0,169,0.9467455621301775,10.371301775147929,-131.75,-9.75,-18.25,-0.46666666666715173,-0.06830601092951838,-0.11904761904770567
distance_from_session_vwap_anchor,microprice_pressure,0,1,109,0.8532110091743119,6.603211009174312,-57.0,-9.75,-17.0,-0.06692913385813881,-0.013274336283454128,-0.03731343283652677
distance_from_session_vwap_anchor,microprice_pressure,0,2,115,0.9217391304347826,6.8,-71.25,-9.75,-16.25,-0.012820512820326257,0.027027027026633732,0.006172839506083013
distance_from_session_vwap_anchor,microprice_pressure,0,3,102,0.8823529411764706,7.0931372549019605,-69.5,-9.75,-17.625,0.027777777777373558,0.08041958041940234,0.04763567121578187
distance_from_session_vwap_anchor,microprice_pressure,0,4,127,0.9212598425196851,7.775590551181103,-56.5,-10.0,-18.0,0.0813953488371529,0.40875232774730347,0.1333333333338184
distance_from_session_vwap_anchor,microprice_pressure,1,0,127,0.8740157480314961,4.667322834645669,-9.5,-3.75,-5.75,-0.37323943661976955,-0.06756756756840332,-0.10800000000017462
distance_from_session_vwap_anchor,microprice_pressure,1,1,126,0.8095238095238095,3.6587301587301586,-9.5,-3.75,-6.25,-0.06756756756779699,-0.013513513513316866,-0.03647450110899323
distance_from_session_vwap_anchor,microprice_pressure,1,2,130,0.9076923076923077,4.640384615384615,-9.75,-3.75,-5.75,-0.013274336283454128,0.027027027026633732,0.009633947134110105
distance_from_session_vwap_anchor,microprice_pressure,1,3,132,0.8484848484848485,4.992424242424242,-9.5,-3.75,-6.375,0.027272727272550885,0.08024691358029183,0.05230987917593666
distance_from_session_vwap_anchor,microprice_pressure,1,4,107,0.8878504672897196,5.1892523364485985,-9.75,-3.75,-6.25,0.08088235294174713,0.4160305343514968,0.12162162162106445
distance_from_session_vwap_anchor,microprice_pressure,2,0,111,0.7837837837837838,3.68018018018018,-3.75,-0.25,-1.75,-0.32178217821759364,-0.06923076923097445,-0.11135371179019178
distance_from_session_vwap_anchor,microprice_pressure,2,1,131,0.8244274809160306,3.196564885496183,-3.75,-0.25,-2.0,-0.06701030927797547,-0.01369863013678696,-0.0342465753419674
distance_from_session_vwap_anchor,microprice_pressure,2,2,126,0.873015873015873,4.658730158730159,-3.75,-0.25,-2.0,-0.012820512820326257,0.027027027026633732,0.005334241289650284
distance_from_session_vwap_anchor,microprice_pressure,2,3,126,0.8412698412698413,3.7837301587301586,-3.75,-0.25,-1.75,0.02760736196311579,0.08054711246222723,0.054669987546731136
distance_from_session_vwap_anchor,microprice_pressure,2,4,127,0.905511811023622,5.358267716535433,-3.75,-0.25,-1.5,0.0813953488371529,0.4130434782609882,0.11111111111131322
distance_from_session_vwap_anchor,microprice_pressure,3,0,115,0.8347826086956521,4.35,-0.25,3.75,1.0,-0.44915254237275803,-0.06896551724094024,-0.10588235294077701
distance_from_session_vwap_anchor,microprice_pressure,3,1,138,0.8405797101449275,3.4420289855072466,-0.25,3.75,1.0,-0.0666666666669092,-0.013513513513316866,-0.036974894357020574
distance_from_session_vwap_anchor,microprice_pressure,3,2,126,0.8650793650793651,4.638888888888889,-0.25,3.75,1.0,-0.013227513227320742,0.027027027026633732,0.009090909090446075
distance_from_session_vwap_anchor,microprice_pressure,3,3,138,0.855072463768116,4.353260869565218,-0.25,3.75,1.0,0.027272727272550885,0.08088235294174713,0.04875488783727633
distance_from_session_vwap_anchor,microprice_pressure,3,4,105,0.8571428571428571,5.445238095238095,-0.25,3.75,1.0,0.08285714285739232,0.4166666666666667,0.1372549019603563
distance_from_session_vwap_anchor,microprice_pressure,4,0,100,0.81,5.0625,4.0,48.75,10.25,-0.4770114942530199,-0.06818181818137721,-0.11904761904709933
distance_from_session_vwap_anchor,microprice_pressure,4,1,118,0.8898305084745762,5.9724576271186445,4.0,75.25,10.875,-0.06756756756779699,-0.013513513513316866,-0.03667503586802923
distance_from_session_vwap_anchor,microprice_pressure,4,2,124,0.8306451612903226,5.30241935483871,4.0,60.25,11.375,-0.013274336283454128,0.027131782945313414,0.005556241510930704
distance_from_session_vwap_anchor,microprice_pressure,4,3,124,0.8951612903225806,5.939516129032258,4.0,58.75,10.375,0.02739726027357392,0.08064516129040082,0.047532151546571796
distance_from_session_vwap_anchor,microprice_pressure,4,4,155,0.8774193548387097,6.461290322580645,4.0,80.0,12.0,0.0813953488371529,0.45890410958903277,0.13492063492049056
distance_from_session_vwap_anchor,cvd_acceleration,0,0,99,0.9595959595959596,12.143939393939394,-57.0,-9.5,-15.25,-311.6333333333333,-28.933333333333337,-43.8
distance_from_session_vwap_anchor,cvd_acceleration,0,1,113,0.9469026548672567,6.889380530973451,-91.75,-9.75,-17.75,-28.833333333333332,-9.666666666666666,-18.833333333333332
distance_from_session_vwap_anchor,cvd_acceleration,0,2,113,0.8672566371681416,6.70353982300885,-131.75,-9.75,-16.5,-9.433333333333332,5.0,-2.3333333333333335
distance_from_session_vwap_anchor,cvd_acceleration,0,3,133,0.924812030075188,7.913533834586466,-69.5,-9.75,-19.5,5.4,24.566666666666666,14.8
distance_from_session_vwap_anchor,cvd_acceleration,0,4,168,0.875,7.120535714285714,-71.25,-9.75,-18.25,24.9,583.2666666666667,44.25
distance_from_session_vwap_anchor,cvd_acceleration,1,0,129,0.8837209302325582,4.6937984496124034,-9.5,-3.75,-6.25,-272.7333333333333,-29.166666666666668,-48.233333333333334
distance_from_session_vwap_anchor,cvd_acceleration,1,1,125,0.872,4.268,-9.5,-3.75,-6.0,-28.03333333333333,-9.433333333333335,-18.033333333333335
distance_from_session_vwap_anchor,cvd_acceleration,1,2,125,0.88,4.708,-9.5,-3.75,-6.0,-9.4,4.666666666666666,-2.2333333333333334
distance_from_session_vwap_anchor,cvd_acceleration,1,3,120,0.8083333333333333,4.81875,-9.5,-3.75,-6.0,5.066666666666666,24.1,15.466666666666665
distance_from_session_vwap_anchor,cvd_acceleration,1,4,127,0.8661417322834646,4.5236220472440944,-9.5,-3.75,-6.0,24.83333333333333,232.9,46.23333333333333
distance_from_session_vwap_anchor,cvd_acceleration,2,0,137,0.8540145985401459,4.83029197080292,-3.75,-0.25,-1.75,-312.6666666666667,-29.333333333333332,-50.33333333333334
distance_from_session_vwap_anchor,cvd_acceleration,2,1,122,0.8934426229508197,3.7028688524590163,-3.75,-0.25,-1.75,-28.53333333333333,-9.433333333333334,-18.833333333333336
distance_from_session_vwap_anchor,cvd_acceleration,2,2,131,0.8473282442748091,4.059160305343512,-3.75,-0.25,-2.0,-9.433333333333332,4.800000000000001,-2.8666666666666654
distance_from_session_vwap_anchor,cvd_acceleration,2,3,122,0.8114754098360656,4.344262295081967,-3.75,-0.25,-2.0,5.0,24.53333333333333,12.8
distance_from_session_vwap_anchor,cvd_acceleration,2,4,113,0.831858407079646,3.8429203539823007,-3.75,-0.25,-1.75,24.799999999999997,297.1333333333333,44.3
distance_from_session_vwap_anchor,cvd_acceleration,3,0,106,0.8679245283018868,3.8867924528301887,-0.25,3.75,1.5,-383.53333333333336,-28.966666666666665,-46.13333333333333
distance_from_session_vwap_anchor,cvd_acceleration,3,1,148,0.831081081081081,4.3733108108108105,-0.25,3.75,1.125,-28.833333333333336,-9.533333333333333,-17.766666666666666
distance_from_session_vwap_anchor,cvd_acceleration,3,2,131,0.8473282442748091,3.849236641221374,-0.25,4.0,1.0,-9.433333333333334,4.866666666666665,-1.8333333333333333
distance_from_session_vwap_anchor,cvd_acceleration,3,3,118,0.8728813559322034,4.415254237288136,-0.25,3.75,1.0,5.0,24.53333333333333,12.616666666666667
distance_from_session_vwap_anchor,cvd_acceleration,3,4,123,0.8536585365853658,5.573170731707317,-0.25,3.75,0.75,25.233333333333334,220.1,46.7
distance_from_session_vwap_anchor,cvd_acceleration,4,0,155,0.8903225806451613,5.962903225806452,4.0,58.75,10.75,-245.83333333333331,-28.966666666666665,-46.36666666666667
distance_from_session_vwap_anchor,cvd_acceleration,4,1,118,0.847457627118644,5.1525423728813555,4.0,54.75,11.375,-28.89999999999999,-9.566666666666668,-17.883333333333333
distance_from_session_vwap_anchor,cvd_acceleration,4,2,125,0.832,6.284,4.0,80.0,10.75,-9.366666666666665,4.700000000000001,-1.9666666666666663
distance_from_session_vwap_anchor,cvd_acceleration,4,3,133,0.8721804511278195,5.475563909774436,4.0,75.25,11.75,5.033333333333333,24.46666666666667,12.466666666666667
distance_from_session_vwap_anchor,cvd_acceleration,4,4,94,0.8617021276595744,6.074468085106383,4.0,56.5,10.5,25.233333333333334,737.2666666666667,47.150000000000006
distance_from_session_vwap_anchor,trade_sign_autocorr_60s,0,0,146,0.952054794520548,14.20890410958904,-131.75,-9.75,-18.875,0.49843118737158887,0.8782260770211459,0.8492406302388588
distance_from_session_vwap_anchor,trade_sign_autocorr_60s,0,1,124,0.9274193548387096,7.608870967741935,-64.25,-9.75,-16.75,0.8782695350366768,0.8994699361288289,0.8883371156689883
distance_from_session_vwap_anchor,trade_sign_autocorr_60s,0,2,148,0.9121621621621622,6.054054054054054,-69.5,-9.75,-18.25,0.8995596561123912,0.9135897786291868,0.9065873796403701
distance_from_session_vwap_anchor,trade_sign_autocorr_60s,0,3,123,0.8536585365853658,5.0426829268292686,-71.25,-9.75,-16.5,0.9138299110827609,0.9273024252129685,0.9203205128205086
distance_from_session_vwap_anchor,trade_sign_autocorr_60s,0,4,84,0.8928571428571429,5.336309523809524,-46.5,-9.75,-16.25,0.9273729156238228,0.9663420442056408,0.9374876812040097
distance_from_session_vwap_anchor,trade_sign_autocorr_60s,1,0,106,0.9150943396226415,7.143867924528302,-9.5,-3.75,-6.25,0.5597464439006082,0.878218035380426,0.8554592735587163
distance_from_session_vwap_anchor,trade_sign_autocorr_60s,1,1,125,0.896,4.1,-9.5,-3.75,-6.5,0.878381968350633,0.8994633990078229,0.8914134964797369
distance_from_session_vwap_anchor,trade_sign_autocorr_60s,1,2,117,0.8717948717948718,4.207264957264957,-9.5,-3.75,-6.0,0.8995865833485289,0.9137557144531679,0.9070911867161957
distance_from_session_vwap_anchor,trade_sign_autocorr_60s,1,3,136,0.8676470588235294,4.729779411764706,-9.5,-3.75,-6.0,0.9138859783536939,0.9272787943844172,0.9199032506803696
distance_from_session_vwap_anchor,trade_sign_autocorr_60s,1,4,140,0.7857142857142857,3.2964285714285713,-9.5,-3.75,-5.75,0.9274865248404601,0.9699745324652155,0.9372717895022309
distance_from_session_vwap_anchor,trade_sign_autocorr_60s,2,0,101,0.8514851485148515,6.408415841584159,-3.75,-0.25,-2.25,0.1698806975059769,0.8781634372880706,0.8565330816118142
distance_from_session_vwap_anchor,trade_sign_autocorr_60s,2,1,124,0.8548387096774194,4.137096774193548,-3.75,-0.25,-1.75,0.8784471500567768,0.8995392838771802,0.8916448594039228
distance_from_session_vwap_anchor,trade_sign_autocorr_60s,2,2,120,0.9083333333333333,4.070833333333334,-3.75,-0.25,-1.75,0.8995962525170647,0.9136639248447409,0.9065976630391273
distance_from_session_vwap_anchor,trade_sign_autocorr_60s,2,3,122,0.819672131147541,3.8975409836065573,-3.75,-0.25,-1.75,0.9138474778758309,0.9272003094676446,0.9195919134986
distance_from_session_vwap_anchor,trade_sign_autocorr_60s,2,4,158,0.8164556962025317,3.1281645569620253,-3.75,-0.25,-1.75,0.927355853483879,0.9860546342602644,0.9385815558248187
distance_from_session_vwap_anchor,trade_sign_autocorr_60s,3,0,112,0.8035714285714286,6.875,-0.25,3.75,1.125,-0.09759000729485333,0.8782587399349803,0.8585926224214191
distance_from_session_vwap_anchor,trade_sign_autocorr_60s,3,1,122,0.8934426229508197,4.846311475409836,-0.25,3.75,0.75,0.8783076625636438,0.8995254508431983,0.8894186814473871
distance_from_session_vwap_anchor,trade_sign_autocorr_60s,3,2,113,0.8495575221238938,4.139380530973451,-0.25,4.0,0.75,0.8996343090191873,0.9136486046634242,0.9077142646485723
distance_from_session_vwap_anchor,trade_sign_autocorr_60s,3,3,127,0.8582677165354331,3.5669291338582676,-0.25,3.75,1.25,0.9137684913004381,0.9272513816422422,0.9208369791544476
distance_from_session_vwap_anchor,trade_sign_autocorr_60s,3,4,150,0.8666666666666667,3.27,-0.25,4.0,1.25,0.927350478421248,0.9971126921000345,0.9373921484358483
distance_from_session_vwap_anchor,trade_sign_autocorr_60s,4,0,160,0.875,8.2515625,4.0,60.25,14.0,0.6005926751772158,0.8781077929545528,0.850273946131539
distance_from_session_vwap_anchor,trade_sign_autocorr_60s,4,1,129,0.8372093023255814,4.534883720930233,4.0,75.25,10.0,0.8782916874076097,0.8994328287038339,0.8894758088336637
distance_from_session_vwap_anchor,trade_sign_autocorr_60s,4,2,127,0.8661417322834646,5.466535433070866,4.0,80.0,10.5,0.8996040157377252,0.913700488364312,0.9075025677224176
distance_from_session_vwap_anchor,trade_sign_autocorr_60s,4,3,116,0.8793103448275862,5.316810344827586,4.0,42.5,9.375,0.9139070442991978,0.927211765302968,0.9195715287783206
distance_from_session_vwap_anchor,trade_sign_autocorr_60s,4,4,92,0.8478260869565217,4.304347826086956,4.0,58.75,10.375,0.9274017829768296,0.9704345027891362,0.9369170778771826
bid_depth_curvature,trade_imbalance_60s,0,0,194,0.8762886597938144,3.1378865979381443,-66.25,-17.5,-21.5,-0.9375,-0.17672183662573412,-0.28138437368000413
bid_depth_curvature,trade_imbalance_60s,0,1,114,0.8596491228070176,4.048245614035087,-36.625,-17.5,-20.8125,-0.17668711656441718,-0.06023391812865497,-0.1176921263554927
bid_depth_curvature,trade_imbalance_60s,0,2,105,0.819047619047619,4.080952380952381,-63.375,-17.5,-20.875,-0.05736434108527132,0.05226480836236934,0.0
bid_depth_curvature,trade_imbalance_60s,0,3,89,0.8876404494382022,3.567415730337079,-54.25,-17.5,-20.625,0.056218057921635436,0.170018281535649,0.11280653950953679
bid_depth_curvature,trade_imbalance_60s,0,4,124,0.7338709677419355,2.560483870967742,-35.75,-17.5,-21.5,0.1710455764075067,0.940959409594096,0.2793809630326637
bid_depth_curvature,trade_imbalance_60s,1,0,135,0.8296296296296296,3.361111111111111,-17.375,-13.125,-14.75,-0.7271523178807947,-0.1773710482529118,-0.271264367816092
bid_depth_curvature,trade_imbalance_60s,1,1,118,0.847457627118644,4.319915254237288,-17.5,-13.0,-15.0,-0.17498739283913262,-0.05992217898832685,-0.1241692741004983
bid_depth_curvature,trade_imbalance_60s,1,2,118,0.8898305084745762,4.648305084745763,-17.375,-13.0,-14.875,-0.05871854363733714,0.05204928337943173,-0.0005257623554153522
bid_depth_curvature,trade_imbalance_60s,1,3,106,0.8301886792452831,4.070754716981132,-17.375,-13.0,-14.8125,0.05698529411764706,0.16982152514872903,0.11147168136683863
bid_depth_curvature,trade_imbalance_60s,1,4,149,0.8322147651006712,3.436241610738255,-17.375,-13.0,-15.125,0.17023096663815226,0.7242380261248186,0.2928526249209361
bid_depth_curvature,trade_imbalance_60s,2,0,117,0.8290598290598291,3.698717948717949,-13.0,-9.75,-11.25,-0.7797202797202797,-0.17960602549246812,-0.26646153846153847
bid_depth_curvature,trade_imbalance_60s,2,1,107,0.897196261682243,5.75,-13.0,-9.75,-11.25,-0.1752708731676227,-0.06168080185042406,-0.11522443313280889
bid_depth_curvature,trade_imbalance_60s,2,2,118,0.8983050847457628,4.586864406779661,-13.0,-9.75,-11.3125,-0.05760709010339734,0.05161290322580645,-0.00019880715705765408
bid_depth_curvature,trade_imbalance_60s,2,3,133,0.849624060150376,5.201127819548872,-12.875,-9.75,-11.25,0.05362776025236593,0.16978309648466716,0.1063301613570542
bid_depth_curvature,trade_imbalance_60s,2,4,150,0.7733333333333333,3.7716666666666665,-13.0,-9.75,-11.375,0.17050691244239632,0.9130434782608695,0.23809213584772
bid_depth_curvature,trade_imbalance_60s,3,0,104,0.8557692307692307,4.610576923076923,-9.75,-6.875,-8.25,-1.0,-0.1769651113913409,-0.23695661269402954
bid_depth_curvature,trade_imbalance_60s,3,1,128,0.9296875,6.2734375,-9.75,-6.75,-8.0625,-0.17591973244147158,-0.060759493670886074,-0.11129883396583938
bid_depth_curvature,trade_imbalance_60s,3,2,138,0.9347826086956522,7.083333333333333,-9.75,-6.75,-8.25,-0.05825667980727114,0.053621825023518345,-9.088085581002538e-05
bid_depth_curvature,trade_imbalance_60s,3,3,143,0.9230769230769231,5.503496503496503,-9.75,-6.75,-8.125,0.05434076639965361,0.17005545286506468,0.1122715404699739
bid_depth_curvature,trade_imbalance_60s,3,4,113,0.8584070796460177,4.845132743362832,-9.75,-6.75,-8.375,0.17504051863857376,0.6480282519128899,0.24126295492889854
bid_depth_curvature,trade_imbalance_60s,4,0,76,0.8421052631578947,10.055921052631579,-6.75,44.25,-4.8125,-1.0,-0.17702154230408992,-0.2749587469663295
bid_depth_curvature,trade_imbalance_60s,4,1,159,0.9245283018867925,8.828616352201259,-6.75,6.75,-5.0,-0.1737704918032787,-0.05911533691608103,-0.1075234097513723
bid_depth_curvature,trade_imbalance_60s,4,2,146,0.9178082191780822,10.349315068493151,-6.75,11.5,-5.0,-0.057912209516783476,0.05304010349288486,-0.0028572947553914315
bid_depth_curvature,trade_imbalance_60s,4,3,155,0.9225806451612903,10.317741935483872,-6.75,1.75,-5.0,0.05378020265003897,0.1697936210131332,0.10630811761749183
bid_depth_curvature,trade_imbalance_60s,4,4,89,0.8764044943820225,6.235955056179775,-6.75,10.625,-5.0,0.17021836358852935,0.7647058823529411,0.23885793871866295
bid_depth_curvature,wall_persistence_2s,0,0,232,0.7887931034482759,2.783405172413793,-63.375,-17.5,-21.9375,0.0,0.0,0.0
bid_depth_curvature,wall_persistence_2s,0,1,108,0.8796296296296297,3.75,-44.125,-17.625,-20.8125,0.0,0.058823529411764705,0.02922004014651408
bid_depth_curvature,wall_persistence_2s,0,2,119,0.8823529411764706,4.0,-54.75,-17.5,-20.875,0.0603448275862069,0.15588235294117647,0.10526315789473684
bid_depth_curvature,wall_persistence_2s,0,3,92,0.8260869565217391,3.5543478260869565,-43.0,-17.5,-19.8125,0.15798922800718132,0.2878787878787879,0.20622009569377991
bid_depth_curvature,wall_persistence_2s,0,4,73,0.8767123287671232,3.8116438356164384,-66.25,-17.625,-21.375,0.2894736842105263,0.6542056074766355,0.3525641025641026
bid_depth_curvature,wall_persistence_2s,1,0,156,0.8076923076923077,3.4150641025641026,-17.375,-13.0,-15.0,0.0,0.0,0.0
bid_depth_curvature,wall_persistence_2s,1,1,142,0.8732394366197183,3.6566901408450705,-17.5,-13.0,-14.875,0.0,0.05966850828729282,0.008724359706206948
bid_depth_curvature,wall_persistence_2s,1,2,122,0.860655737704918,4.092213114754099,-17.375,-13.0,-15.125,0.06040268456375839,0.15643564356435644,0.10578514930406524
bid_depth_curvature,wall_persistence_2s,1,3,112,0.8392857142857143,5.147321428571429,-17.5,-13.0,-14.75,0.15644820295983086,0.28879310344827586,0.2163584874229552
bid_depth_curvature,wall_persistence_2s,1,4,92,0.8478260869565217,3.421195652173913,-17.25,-13.0,-14.75,0.2900188323917137,0.6733333333333333,0.3713184670034987
bid_depth_curvature,wall_persistence_2s,2,0,102,0.7647058823529411,3.372549019607843,-12.875,-9.875,-11.375,0.0,0.0,0.0
bid_depth_curvature,wall_persistence_2s,2,1,146,0.8493150684931506,3.886986301369863,-13.0,-9.75,-11.375,0.0,0.06015037593984962,0.01366942479647671
bid_depth_curvature,wall_persistence_2s,2,2,125,0.896,5.678,-13.0,-9.75,-11.125,0.060353798126951096,0.15568862275449102,0.10263929618768329
bid_depth_curvature,wall_persistence_2s,2,3,130,0.8692307692307693,4.509615384615385,-13.0,-9.75,-11.25,0.1568627450980392,0.2882882882882883,0.21393278550358197
bid_depth_curvature,wall_persistence_2s,2,4,120,0.85,5.34375,-13.0,-9.75,-11.25,0.2925170068027211,0.5630252100840336,0.36442826911850557
bid_depth_curvature,wall_persistence_2s,3,0,86,0.8255813953488372,4.843023255813954,-9.75,-6.875,-8.375,0.0,0.0,0.0
bid_depth_curvature,wall_persistence_2s,3,1,129,0.875968992248062,5.329457364341085,-9.75,-6.875,-8.375,0.0,0.05825242718446602,0.015337423312883436
bid_depth_curvature,wall_persistence_2s,3,2,125,0.936,5.212,-9.75,-6.875,-8.375,0.060240963855421686,0.15632754342431762,0.1048158640226629
bid_depth_curvature,wall_persistence_2s,3,3,135,0.9259259259259259,6.205555555555556,-9.75,-6.875,-8.25,0.1566265060240964,0.28865979381443296,0.20945945945945946
bid_depth_curvature,wall_persistence_2s,3,4,149,0.912751677852349,6.243288590604027,-9.75,-6.875,-8.125,0.2901960784313726,0.6381578947368421,0.36823104693140796
bid_depth_curvature,wall_persistence_2s,4,0,48,0.6875,12.6875,-6.75,-0.25,-5.125,0.0,0.0,0.0
bid_depth_curvature,wall_persistence_2s,4,1,99,0.9494949494949495,7.651515151515151,-6.75,44.25,-5.125,0.0,0.059587471352177235,0.025767543859649123
bid_depth_curvature,wall_persistence_2s,4,2,132,0.8939393939393939,8.013257575757576,-6.75,3.25,-4.875,0.0611353711790393,0.15492957746478872,0.10957539704196911
bid_depth_curvature,wall_persistence_2s,4,3,155,0.9354838709677419,10.137096774193548,-6.75,11.5,-4.625,0.15698924731182795,0.28860294117647056,0.22247706422018348
bid_depth_curvature,wall_persistence_2s,4,4,189,0.9312169312169312,9.996031746031745,-6.875,1.75,-5.125,0.2892609699769053,0.5596971461852067,0.3720316622691293
bid_depth_curvature,convexity_imbalance,0,0,119,0.8067226890756303,3.403361344537815,-66.25,-17.5,-21.0,-2.0960223182145423,-0.29604301075268824,-0.5053763440860215
bid_depth_curvature,convexity_imbalance,0,1,150,0.86,3.065,-63.375,-17.5,-21.875,-0.2907383136740934,-0.0615564809994793,-0.1600759057070456
bid_depth_curvature,convexity_imbalance,0,2,134,0.8582089552238806,3.425373134328358,-47.125,-17.5,-21.0,-0.058706496352469606,0.13270862974046982,0.038192850982545046
bid_depth_curvature,convexity_imbalance,0,3,115,0.7652173913043478,2.917391304347826,-35.0,-17.625,-20.75,0.13362686606049556,0.3768996960486324,0.22920673599930375
bid_depth_curvature,convexity_imbalance,0,4,108,0.8888888888888888,4.393518518518518,-54.75,-17.5,-20.375,0.37974801898038857,10.234359483614698,0.5852665022293627
bid_depth_curvature,convexity_imbalance,1,0,118,0.847457627118644,3.8453389830508473,-17.5,-13.0,-14.5625,-6.870622443762781,-0.29367870314778277,-0.5020341411664635
bid_depth_curvature,convexity_imbalance,1,1,142,0.8591549295774648,3.915492957746479,-17.375,-13.0,-15.125,-0.2872523014510845,-0.060977269633864184,-0.16503913894025873
bid_depth_curvature,convexity_imbalance,1,2,136,0.8014705882352942,3.2849264705882355,-17.375,-13.0,-15.0,-0.0605610910889689,0.13308913308913306,0.03594334628717011
bid_depth_curvature,convexity_imbalance,1,3,125,0.848,4.352,-17.375,-13.125,-14.875,0.13499677627337214,0.3778139542532025,0.2246331346509115
bid_depth_curvature,convexity_imbalance,1,4,105,0.8761904761904762,4.333333333333333,-17.375,-13.0,-14.75,0.3791470051165229,1.3293650793650795,0.5294249439880508
bid_depth_curvature,convexity_imbalance,2,0,131,0.8091603053435115,4.755725190839694,-13.0,-9.75,-11.375,-3.649706718805545,-0.2998502790254526,-0.46713947990543736
bid_depth_curvature,convexity_imbalance,2,1,128,0.8671875,4.54296875,-13.0,-9.75,-11.25,-0.2883522727272727,-0.0628871128871128,-0.16737422058992357
bid_depth_curvature,convexity_imbalance,2,2,119,0.8403361344537815,4.819327731092437,-13.0,-9.75,-11.375,-0.0608284213480893,0.12930463576158924,0.03759852712732292
bid_depth_curvature,convexity_imbalance,2,3,127,0.8503937007874016,4.068897637795276,-13.0,-9.75,-11.25,0.13349875930521105,0.3776276276276277,0.2455523500420722
bid_depth_curvature,convexity_imbalance,2,4,120,0.8583333333333333,4.6,-13.0,-9.75,-11.125,0.37853461674801614,5.748987854251012,0.5367639372550344
bid_depth_curvature,convexity_imbalance,3,0,126,0.8968253968253969,5.904761904761905,-9.75,-6.875,-8.25,-3.793284671532846,-0.29180343466057745,-0.5224528667920555
bid_depth_curvature,convexity_imbalance,3,1,108,0.8796296296296297,5.8032407407407405,-9.75,-6.75,-8.125,-0.2887949260042283,-0.061842918985776096,-0.19825483208367906
bid_depth_curvature,convexity_imbalance,3,2,126,0.9523809523809523,5.936507936507937,-9.75,-6.75,-8.3125,-0.05887300252312877,0.13213789452788993,0.03151311783951394
bid_depth_curvature,convexity_imbalance,3,3,145,0.9103448275862069,5.412068965517242,-9.75,-6.75,-8.125,0.13362282878411913,0.37537068830966136,0.25671380899412044
bid_depth_curvature,convexity_imbalance,3,4,121,0.8760330578512396,5.710743801652892,-9.75,-6.75,-8.25,0.3778542950344328,1.5161290322580643,0.5426644646297827
bid_depth_curvature,convexity_imbalance,4,0,132,0.8863636363636364,13.295454545454545,-6.75,25.375,-4.875,-8.092609983385104,-0.2930622009569378,-0.5657093091003254
bid_depth_curvature,convexity_imbalance,4,1,98,0.9081632653061225,8.081632653061224,-6.75,-0.125,-5.375,-0.29167974882260606,-0.06422313318865036,-0.169779964994431
bid_depth_curvature,convexity_imbalance,4,2,110,0.9090909090909091,9.2,-6.75,-0.375,-5.1875,-0.05555555555555558,0.1300034211426615,0.04534228798934675
bid_depth_curvature,convexity_imbalance,4,3,114,0.9035087719298246,8.217105263157896,-6.75,1.75,-5.0625,0.13756613756613767,0.37681159420289845,0.24626207126207128
bid_depth_curvature,convexity_imbalance,4,4,171,0.9181286549707602,7.821637426900585,-6.75,44.25,-4.625,0.3830180628644575,7.7727272727272725,0.6606060606060606
bid_depth_curvature,liquidity_compression,0,0,162,0.8703703703703703,3.537037037037037,-63.375,-17.5,-21.75,0.25398373983739836,0.6620879120879121,0.6060359963842706
bid_depth_curvature,liquidity_compression,0,1,170,0.8352941176470589,3.351470588235294,-66.25,-17.5,-21.125,0.6641509433962264,0.7503250975292588,0.7159280133213782
bid_depth_curvature,liquidity_compression,0,2,145,0.7862068965517242,2.95,-45.375,-17.5,-21.125,0.7513368983957219,0.8291956305858987,0.7846003898635477
bid_depth_curvature,liquidity_compression,0,3,75,0.8666666666666667,3.276666666666667,-35.0,-17.5,-20.0,0.8305647840531561,0.9250720461095101,0.8656509695290858
bid_depth_curvature,liquidity_compression,0,4,74,0.8378378378378378,4.29054054054054,-54.75,-17.5,-20.75,0.9273570324574961,3.1091891891891894,1.0011261261261262
bid_depth_curvature,liquidity_compression,1,0,121,0.859504132231405,4.836776859504132,-17.375,-13.0,-14.75,0.350210970464135,0.6623931623931624,0.6064
bid_depth_curvature,liquidity_compression,1,1,149,0.8657718120805369,3.7332214765100673,-17.375,-13.0,-15.0,0.6638655462184874,0.7508250825082509,0.7102199223803364
bid_depth_curvature,liquidity_compression,1,2,137,0.8686131386861314,3.7645985401459856,-17.375,-13.0,-15.125,0.7513227513227513,0.8305369127516778,0.7911479944674965
bid_depth_curvature,liquidity_compression,1,3,129,0.8217054263565892,3.368217054263566,-17.375,-13.125,-14.5,0.8312829525483304,0.926657263751763,0.881578947368421
bid_depth_curvature,liquidity_compression,1,4,90,0.7888888888888889,4.041666666666667,-17.5,-13.0,-14.875,0.928,2.555093555093555,0.998172953391883
bid_depth_curvature,liquidity_compression,2,0,114,0.8947368421052632,5.964912280701754,-13.0,-9.75,-11.375,0.12907268170426064,0.6632124352331606,0.583526999316473
bid_depth_curvature,liquidity_compression,2,1,108,0.9166666666666666,5.159722222222222,-13.0,-9.75,-11.1875,0.6647727272727273,0.7510593220338984,0.7138004820275066
bid_depth_curvature,liquidity_compression,2,2,121,0.8181818181818182,4.510330578512397,-13.0,-9.75,-11.125,0.7518796992481203,0.83,0.7926634768740032
bid_depth_curvature,liquidity_compression,2,3,145,0.8137931034482758,3.553448275862069,-13.0,-9.75,-11.25,0.8321799307958477,0.9267515923566879,0.8762278978388998
bid_depth_curvature,liquidity_compression,2,4,137,0.8029197080291971,4.0036496350364965,-13.0,-9.75,-11.375,0.9288702928870293,1.8803571428571428,0.9978448275862069
bid_depth_curvature,liquidity_compression,3,0,82,0.9390243902439024,7.326219512195122,-9.75,-6.75,-8.0,0.21052631578947367,0.6638418079096046,0.5900226757369614
bid_depth_curvature,liquidity_compression,3,1,97,0.9072164948453608,6.293814432989691,-9.75,-6.875,-8.125,0.6640625,0.751219512195122,0.7073170731707317
bid_depth_curvature,liquidity_compression,3,2,134,0.8955223880597015,5.664179104477612,-9.75,-6.75,-8.375,0.75177304964539,0.8305084745762712,0.7907771567108897
bid_depth_curvature,liquidity_compression,3,3,157,0.8853503184713376,5.011146496815287,-9.75,-6.75,-8.125,0.8313953488372093,0.9272727272727272,0.8686131386861314
bid_depth_curvature,liquidity_compression,3,4,156,0.9102564102564102,5.368589743589744,-9.75,-6.875,-8.25,0.9274924471299094,2.136150234741784,0.9987684729064039
bid_depth_curvature,liquidity_compression,4,0,147,0.9319727891156463,10.670068027210885,-6.75,1.5,-4.75,0.13793103448275862,0.6610169491525424,0.551948051948052
bid_depth_curvature,liquidity_compression,4,1,102,0.9019607843137255,9.107843137254902,-6.75,-0.125,-4.75,0.664804469273743,0.7511520737327189,0.7128186222877606
bid_depth_curvature,liquidity_compression,4,2,88,0.9090909090909091,8.025568181818182,-6.75,-0.25,-5.5,0.7512437810945274,0.8305555555555556,0.7996305418719212
bid_depth_curvature,liquidity_compression,4,3,120,0.9083333333333333,7.34375,-6.75,3.75,-5.1875,0.8333333333333334,0.9265175718849841,0.86812814556717
bid_depth_curvature,liquidity_compression,4,4,168,0.8809523809523809,10.40625,-6.75,44.25,-4.875,0.9278688524590164,3.9269662921348316,1.0424518587169191
bid_depth_curvature,replenishment_rate_near_5s,0,0,164,0.75,2.4161585365853657,-53.25,-17.5,-21.5,2.4,58.8,40.0
bid_depth_curvature,replenishment_rate_near_5s,0,1,130,0.8461538461538461,2.975,-66.25,-17.5,-20.375,59.2,95.8,76.5
bid_depth_curvature,replenishment_rate_near_5s,0,2,132,0.8484848484848485,3.3806818181818183,-63.375,-17.5,-22.0,96.2,150.0,121.1
bid_depth_curvature,replenishment_rate_near_5s,0,3,98,0.8979591836734694,4.594387755102041,-49.5,-17.5,-20.0,150.8,244.2,190.6
bid_depth_curvature,replenishment_rate_near_5s,0,4,100,0.89,4.505,-54.75,-17.5,-21.0,248.2,5341.2,346.0
bid_depth_curvature,replenishment_rate_near_5s,1,0,140,0.7714285714285715,3.0089285714285716,-17.5,-13.125,-14.875,2.2,58.8,40.4
bid_depth_curvature,replenishment_rate_near_5s,1,1,143,0.8461538461538461,3.1486013986013988,-17.5,-13.0,-14.875,59.0,96.2,75.8
bid_depth_curvature,replenishment_rate_near_5s,1,2,141,0.8581560283687943,3.8333333333333335,-17.375,-13.0,-15.25,96.4,150.2,122.4
bid_depth_curvature,replenishment_rate_near_5s,1,3,107,0.8785046728971962,4.049065420560748,-17.5,-13.125,-14.625,150.2,246.4,186.6
bid_depth_curvature,replenishment_rate_near_5s,1,4,93,0.8924731182795699,6.397849462365591,-17.375,-13.0,-14.75,247.6,3301.4,360.8
bid_depth_curvature,replenishment_rate_near_5s,2,0,143,0.7622377622377622,2.9545454545454546,-13.0,-9.875,-11.375,0.4,58.8,40.0
bid_depth_curvature,replenishment_rate_near_5s,2,1,140,0.9071428571428571,4.241071428571429,-13.0,-9.75,-11.375,59.4,96.0,78.2
bid_depth_curvature,replenishment_rate_near_5s,2,2,110,0.8636363636363636,5.118181818181818,-13.0,-9.75,-11.3125,96.4,149.6,121.1
bid_depth_curvature,replenishment_rate_near_5s,2,3,121,0.8429752066115702,5.06404958677686,-13.0,-9.75,-11.25,150.6,245.6,186.4
bid_depth_curvature,replenishment_rate_near_5s,2,4,110,0.8818181818181818,6.013636363636364,-13.0,-9.75,-11.1875,247.6,1737.4,358.7
bid_depth_curvature,replenishment_rate_near_5s,3,0,111,0.8108108108108109,3.8355855855855854,-9.75,-6.875,-8.5,0.0,58.2,39.8
bid_depth_curvature,replenishment_rate_near_5s,3,1,128,0.9140625,4.931640625,-9.75,-6.875,-8.375,59.0,96.0,75.3
bid_depth_curvature,replenishment_rate_near_5s,3,2,118,0.923728813559322,5.595338983050848,-9.75,-6.875,-8.25,96.6,149.8,117.9
bid_depth_curvature,replenishment_rate_near_5s,3,3,128,0.921875,6.45703125,-9.75,-6.875,-8.125,150.6,247.2,183.8
bid_depth_curvature,replenishment_rate_near_5s,3,4,139,0.920863309352518,7.048561151079137,-9.75,-6.875,-8.125,247.8,5137.0,366.4
bid_depth_curvature,replenishment_rate_near_5s,4,0,66,0.696969696969697,3.9015151515151514,-6.75,1.5,-4.6875,0.0,58.6,30.4
bid_depth_curvature,replenishment_rate_near_5s,4,1,83,0.891566265060241,7.430722891566265,-6.75,-0.5,-5.5,59.0,96.0,81.0
bid_depth_curvature,replenishment_rate_near_5s,4,2,123,0.9349593495934959,7.5060975609756095,-6.875,10.625,-5.375,96.2,149.8,119.2
bid_depth_curvature,replenishment_rate_near_5s,4,3,170,0.9411764705882353,10.070588235294117,-6.875,6.75,-4.9375,150.2,246.8,192.2
bid_depth_curvature,replenishment_rate_near_5s,4,4,182,0.9395604395604396,13.053571428571429,-6.75,44.25,-4.5,247.2,3433.0,364.5
bid_depth_curvature,impact_asymmetry_10s,0,0,91,0.8461538461538461,3.508241758241758,-63.375,-17.625,-21.0,-0.014705882352941176,-0.003078817733990148,-0.003989361702127659
bid_depth_curvature,impact_asymmetry_10s,0,1,173,0.8439306358381503,3.582369942196532,-47.875,-17.5,-20.875,-0.0030120481927710845,-0.0015337423312883436,-0.002171814671814672
bid_depth_curvature,impact_asymmetry_10s,0,2,175,0.8685714285714285,3.637142857142857,-54.75,-17.5,-21.5,-0.001516990291262136,0.0006875214850464077,-0.0008692628650904034
bid_depth_curvature,impact_asymmetry_10s,0,3,126,0.7777777777777778,2.8313492063492065,-32.125,-17.5,-21.3125,0.0006915629322268327,0.002297794117647059,0.0013838392091180195
bid_depth_curvature,impact_asymmetry_10s,0,4,58,0.8448275862068966,3.3879310344827585,-66.25,-17.5,-20.8125,0.002336448598130841,0.015151515151515152,0.0033632963320463323
bid_depth_curvature,impact_asymmetry_10s,1,0,93,0.8387096774193549,4.147849462365591,-17.25,-13.0,-14.75,-0.03571428571428571,-0.0030864197530864196,-0.00411522633744856
bid_depth_curvature,impact_asymmetry_10s,1,1,135,0.8666666666666667,3.759259259259259,-17.375,-13.0,-15.125,-0.0030048076923076925,-0.0015337423312883436,-0.002240143369175627
bid_depth_curvature,impact_asymmetry_10s,1,2,140,0.8571428571428571,3.8892857142857142,-17.5,-13.0,-15.0,-0.0015151515151515152,0.0006648936170212766,-0.00043216018837253774
bid_depth_curvature,impact_asymmetry_10s,1,3,155,0.8193548387096774,3.7,-17.5,-13.0,-14.875,0.0007062146892655367,0.002297090352220521,0.0015527950310559005
bid_depth_curvature,impact_asymmetry_10s,1,4,100,0.84,4.3025,-17.375,-13.0,-14.875,0.002305327868852459,0.022058823529411766,0.0029316271963330787
bid_depth_curvature,impact_asymmetry_10s,2,0,123,0.8536585365853658,4.178861788617886,-13.0,-9.75,-11.0,-0.011752136752136752,-0.003048780487804878,-0.00423728813559322
bid_depth_curvature,impact_asymmetry_10s,2,1,124,0.8629032258064516,4.711693548387097,-13.0,-9.75,-11.25,-0.003043478260869565,-0.001524390243902439,-0.0023607197631700964
bid_depth_curvature,impact_asymmetry_10s,2,2,108,0.9074074074074074,5.104166666666667,-13.0,-9.75,-11.4375,-0.001524390243902439,0.0006868131868131869,-0.00034159380576565543
bid_depth_curvature,impact_asymmetry_10s,2,3,154,0.8376623376623377,4.62012987012987,-13.0,-9.75,-11.375,0.0007075471698113207,0.0023006134969325155,0.0016310310906803628
bid_depth_curvature,impact_asymmetry_10s,2,4,114,0.7631578947368421,4.072368421052632,-13.0,-9.75,-11.25,0.0023062730627306273,0.0125,0.0032362798491830753
bid_depth_curvature,impact_asymmetry_10s,3,0,148,0.918918918918919,6.101351351351352,-9.75,-6.75,-8.0,-0.10185185185185185,-0.003048780487804878,-0.004408913178423555
bid_depth_curvature,impact_asymmetry_10s,3,1,105,0.9142857142857143,5.59047619047619,-9.75,-6.75,-8.375,-0.003033980582524272,-0.0015290519877675841,-0.0023148148148148147
bid_depth_curvature,impact_asymmetry_10s,3,2,101,0.8613861386138614,6.014851485148514,-9.75,-6.875,-8.25,-0.0014970059880239522,0.0006890848952590959,-0.00040257648953301127
bid_depth_curvature,impact_asymmetry_10s,3,3,112,0.9017857142857143,5.765625,-9.75,-6.75,-8.1875,0.0007374631268436578,0.002255947497949139,0.0015712780898876405
bid_depth_curvature,impact_asymmetry_10s,3,4,157,0.910828025477707,5.296178343949045,-9.75,-6.875,-8.375,0.00230566534914361,0.025,0.003472222222222222
bid_depth_curvature,impact_asymmetry_10s,4,0,168,0.9166666666666666,10.639880952380953,-6.75,44.25,-4.75,-0.16176470588235295,-0.003071253071253071,-0.00564353457427985
bid_depth_curvature,impact_asymmetry_10s,4,1,86,0.8953488372093024,7.328488372093023,-6.75,3.25,-5.25,-0.0030286343612334803,-0.0015517241379310344,-0.002271001904977461
bid_depth_curvature,impact_asymmetry_10s,4,2,99,0.8888888888888888,8.080808080808081,-6.75,-0.125,-5.625,-0.0014985014985014985,0.0006811989100817438,-0.00017433751743375174
bid_depth_curvature,impact_asymmetry_10s,4,3,76,0.9210526315789473,8.49671052631579,-6.75,-0.5,-5.1875,0.0006931608133086876,0.0022893772893772895,0.0014913161570620703
bid_depth_curvature,impact_asymmetry_10s,4,4,193,0.9067357512953368,10.067357512953368,-6.75,10.625,-4.75,0.0023006134969325155,0.05,0.004424778761061947
bid_depth_curvature,flow_impact,0,0,165,0.806060606060606,2.8984848484848484,-52.5,-17.625,-21.875,-0.75,0.0015690376569037657,0.0
bid_depth_curvature,flow_impact,0,1,173,0.8265895953757225,3.1054913294797686,-54.75,-17.5,-20.875,0.0015723270440251573,0.0032245827010622154,0.0023504273504273503
bid_depth_curvature,flow_impact,0,2,151,0.8741721854304636,3.456953642384106,-54.25,-17.5,-20.875,0.003234750462107209,0.005154639175257732,0.004076086956521739
bid_depth_curvature,flow_impact,0,3,77,0.8181818181818182,4.240259740259741,-47.875,-17.5,-20.875,0.005208333333333333,0.009146341463414634,0.006481481481481481
bid_depth_curvature,flow_impact,0,4,56,0.9107142857142857,4.714285714285714,-66.25,-17.5,-19.875,0.009259259259259259,0.375,0.01456447963800905
bid_depth_curvature,flow_impact,1,0,140,0.8428571428571429,3.6232142857142855,-17.5,-13.0,-15.0625,-0.5,0.0015527950310559005,-0.0
bid_depth_curvature,flow_impact,1,1,159,0.8113207547169812,3.2138364779874213,-17.375,-13.0,-15.375,0.0015800561797752809,0.0032287822878228783,0.002380952380952381
bid_depth_curvature,flow_impact,1,2,138,0.8405797101449275,3.5579710144927534,-17.375,-13.0,-14.75,0.003232758620689655,0.005160550458715597,0.004043391071843757
bid_depth_curvature,flow_impact,1,3,97,0.9072164948453608,5.626288659793815,-17.375,-13.125,-14.5,0.005172413793103448,0.009129213483146067,0.006284916201117319
bid_depth_curvature,flow_impact,1,4,88,0.8409090909090909,4.247159090909091,-17.5,-13.0,-14.75,0.009259259259259259,0.4375,0.013888888888888888
bid_depth_curvature,flow_impact,2,0,111,0.8738738738738738,4.6441441441441444,-13.0,-9.75,-11.25,-0.875,0.0015368852459016393,-0.0020833333333333333
bid_depth_curvature,flow_impact,2,1,139,0.8201438848920863,3.593525179856115,-13.0,-9.75,-11.625,0.0015737410071942446,0.003232758620689655,0.0025380710659898475
bid_depth_curvature,flow_impact,2,2,118,0.7966101694915254,4.169491525423729,-13.0,-9.75,-11.25,0.003246753246753247,0.005165289256198347,0.004293955683755081
bid_depth_curvature,flow_impact,2,3,147,0.8503401360544217,5.244897959183674,-13.0,-9.75,-11.25,0.005208333333333333,0.009146341463414634,0.006502890173410405
bid_depth_curvature,flow_impact,2,4,107,0.897196261682243,5.109813084112149,-13.0,-9.75,-11.0,0.009196185286103543,0.5,0.015086206896551725
bid_depth_curvature,flow_impact,3,0,106,0.8679245283018868,5.632075471698113,-9.75,-6.75,-8.375,-0.3125,0.0015625,-0.002411873840445269
bid_depth_curvature,flow_impact,3,1,93,0.8709677419354839,5.298387096774194,-9.75,-6.875,-8.25,0.0015822784810126582,0.0032281205164992827,0.0025
bid_depth_curvature,flow_impact,3,2,127,0.905511811023622,5.307086614173229,-9.75,-6.75,-8.375,0.0032505910165484633,0.005169172932330827,0.004098360655737705
bid_depth_curvature,flow_impact,3,3,168,0.9226190476190477,5.988095238095238,-9.75,-6.875,-7.9375,0.005184331797235023,0.009146341463414634,0.006909259872189832
bid_depth_curvature,flow_impact,3,4,128,0.9296875,6.2265625,-9.75,-6.875,-8.125,0.009159482758620689,0.4583333333333333,0.013768853132233257
bid_depth_curvature,flow_impact,4,0,100,0.88,6.42,-6.75,1.375,-5.625,-0.5,0.0015476190476190477,-0.002057648015174096
bid_depth_curvature,flow_impact,4,1,58,0.896551724137931,8.301724137931034,-6.75,-0.125,-5.25,0.0015822784810126582,0.0031751336898395723,0.002500062501562539
bid_depth_curvature,flow_impact,4,2,88,0.9318181818181818,6.488636363636363,-6.75,10.625,-5.125,0.003236914600550964,0.005071599045346062,0.004134100988405625
bid_depth_curvature,flow_impact,4,3,133,0.9172932330827067,7.684210526315789,-6.75,25.375,-5.25,0.005187747035573123,0.009157509157509158,0.007158590308370044
bid_depth_curvature,flow_impact,4,4,242,0.9049586776859504,12.735537190082646,-6.75,44.25,-4.5,0.009191176470588236,0.5,0.01722525891829689
bid_depth_curvature,absorption_ratio,0,0,70,0.8285714285714286,3.2142857142857144,-63.375,-17.5,-21.625,17.333333333333332,87.66666666666667,68.75
bid_depth_curvature,absorption_ratio,0,1,100,0.84,3.6525,-47.125,-17.5,-20.75,87.8,131.0,109.70833333333334
bid_depth_curvature,absorption_ratio,0,2,124,0.8387096774193549,3.403225806451613,-66.25,-17.75,-20.75,132.5,187.0,158.33333333333331
bid_depth_curvature,absorption_ratio,0,3,166,0.8313253012048193,3.2590361445783134,-54.75,-17.5,-21.5,188.83333333333334,322.5,244.14285714285714
bid_depth_curvature,absorption_ratio,0,4,141,0.851063829787234,3.5602836879432624,-54.25,-17.5,-21.375,324.0,3392.0,488.0
bid_depth_curvature,absorption_ratio,1,0,79,0.8481012658227848,4.158227848101266,-17.5,-13.0,-14.75,22.0,87.14285714285714,72.33333333333333
bid_depth_curvature,absorption_ratio,1,1,119,0.8151260504201681,3.672268907563025,-17.375,-13.0,-14.875,88.0,132.0,107.66666666666667
bid_depth_curvature,absorption_ratio,1,2,138,0.8478260869565217,3.7934782608695654,-17.375,-13.0,-15.125,132.5,188.28571428571428,158.70238095238096
bid_depth_curvature,absorption_ratio,1,3,135,0.8740740740740741,4.109259259259259,-17.5,-13.0,-14.75,188.75,322.6666666666667,241.33333333333334
bid_depth_curvature,absorption_ratio,1,4,130,0.8307692307692308,4.048076923076923,-17.5,-13.0,-14.9375,326.0,4258.0,486.57142857142856
bid_depth_curvature,absorption_ratio,2,0,99,0.8181818181818182,3.962121212121212,-13.0,-9.75,-10.875,29.333333333333332,87.23076923076923,67.2
bid_depth_curvature,absorption_ratio,2,1,130,0.8076923076923077,4.328846153846154,-13.0,-9.75,-11.375,88.0,131.6,111.67916666666667
bid_depth_curvature,absorption_ratio,2,2,131,0.8320610687022901,4.068702290076335,-13.0,-9.75,-11.375,132.2,188.66666666666666,157.11111111111111
bid_depth_curvature,absorption_ratio,2,3,121,0.8264462809917356,4.917355371900826,-12.875,-9.75,-11.25,188.75,322.0,241.0
bid_depth_curvature,absorption_ratio,2,4,120,0.9166666666666666,5.23125,-13.0,-9.75,-11.25,324.0,4132.0,505.57142857142856
bid_depth_curvature,absorption_ratio,3,0,141,0.9078014184397163,5.0620567375886525,-9.75,-6.875,-8.0,3.4545454545454546,87.6,66.33333333333333
bid_depth_curvature,absorption_ratio,3,1,139,0.8992805755395683,5.820143884892087,-9.75,-6.875,-8.375,88.0,132.0,109.11111111111111
bid_depth_curvature,absorption_ratio,3,2,108,0.9166666666666666,6.210648148148148,-9.75,-6.875,-8.5,132.66666666666666,186.44444444444446,155.39139784946238
bid_depth_curvature,absorption_ratio,3,3,102,0.9215686274509803,5.379901960784314,-9.75,-6.75,-8.375,191.2,321.0,239.8095238095238
bid_depth_curvature,absorption_ratio,3,4,111,0.9099099099099099,6.243243243243243,-9.75,-6.875,-8.125,326.0,3510.0,630.0
bid_depth_curvature,absorption_ratio,4,0,212,0.9056603773584906,10.814858490566039,-6.75,44.25,-4.5,2.4545454545454546,87.71428571428571,55.148809523809526
bid_depth_curvature,absorption_ratio,4,1,113,0.911504424778761,10.276548672566372,-6.75,25.375,-4.875,87.73333333333333,132.1818181818182,105.41935483870968
bid_depth_curvature,absorption_ratio,4,2,100,0.94,7.725,-6.75,3.25,-5.3125,132.46153846153845,188.0,153.61111111111111
bid_depth_curvature,absorption_ratio,4,3,77,0.8831168831168831,8.88961038961039,-6.75,1.375,-4.875,190.36363636363637,316.3333333333333,244.0
bid_depth_curvature,absorption_ratio,4,4,99,0.9090909090909091,8.41161616161616,-6.75,-0.125,-5.375,324.4,4618.0,586.6666666666666
bid_depth_curvature,microprice_pressure,0,0,110,0.8363636363636363,3.297727272727273,-38.875,-17.5,-20.75,-0.3695652173907244,-0.06923076923097445,-0.10606931432873049
bid_depth_curvature,microprice_pressure,0,1,134,0.7985074626865671,3.001865671641791,-54.25,-17.5,-21.125,-0.06756756756779699,-0.013274336283454128,-0.03799716914363671
bid_depth_curvature,microprice_pressure,0,2,137,0.8686131386861314,3.366788321167883,-66.25,-17.5,-21.125,-0.012195121951663168,0.027131782945313414,0.00751879699237179
bid_depth_curvature,microprice_pressure,0,3,151,0.8211920529801324,3.2781456953642385,-54.75,-17.5,-20.875,0.027607361962509458,0.08088235294174713,0.05290102389092984
bid_depth_curvature,microprice_pressure,0,4,90,0.8777777777777778,4.5,-63.375,-17.5,-21.125,0.08088235294174713,0.3409090909093114,0.11068948134864816
bid_depth_curvature,microprice_pressure,1,0,144,0.8194444444444444,3.3975694444444446,-17.375,-13.0,-15.125,-0.44915254237275803,-0.06830601092951838,-0.1055873180872974
bid_depth_curvature,microprice_pressure,1,1,139,0.841726618705036,3.8453237410071943,-17.5,-13.125,-14.875,-0.06692913385874515,-0.013513513513316866,-0.03676470588228161
bid_depth_curvature,microprice_pressure,1,2,126,0.8809523809523809,4.025793650793651,-17.375,-13.125,-14.625,-0.013274336283454128,0.027027027026633732,0.005416423995484365
bid_depth_curvature,microprice_pressure,1,3,112,0.8392857142857143,4.223214285714286,-17.5,-13.0,-15.125,0.027272727272550885,0.08064516129040082,0.05243519245838495
bid_depth_curvature,microprice_pressure,1,4,101,0.8415841584158416,4.2450495049504955,-17.375,-13.0,-14.625,0.08203125,0.4166666666666667,0.1094674556212946
bid_depth_curvature,microprice_pressure,2,0,121,0.8099173553719008,5.101239669421488,-13.0,-9.75,-11.5,-0.46666666666715173,-0.06923076923097445,-0.10975609756133053
bid_depth_curvature,microprice_pressure,2,1,127,0.8110236220472441,3.627952755905512,-13.0,-9.75,-11.5,-0.06756756756779699,-0.014018691588717047,-0.033834586465673055
bid_depth_curvature,microprice_pressure,2,2,137,0.8613138686131386,4.456204379562044,-13.0,-9.75,-11.125,-0.013089005235087825,0.027027027026633732,0.003999999999602248
bid_depth_curvature,microprice_pressure,2,3,126,0.8650793650793651,4.466269841269841,-13.0,-9.75,-11.25,0.027472527472127695,0.08064516129040082,0.045454545454655694
bid_depth_curvature,microprice_pressure,2,4,110,0.8909090909090909,5.215909090909091,-13.0,-9.75,-11.0625,0.0813953488371529,0.35714285714251065,0.11231720527151387
bid_depth_curvature,microprice_pressure,3,0,114,0.9649122807017544,5.6381578947368425,-9.75,-6.875,-8.25,-0.3510638297866535,-0.06818181818137721,-0.11185250219493051
bid_depth_curvature,microprice_pressure,3,1,134,0.9029850746268657,5.473880597014926,-9.75,-6.875,-8.1875,-0.06692913385813881,-0.013761467889708001,-0.03649237472745881
bid_depth_curvature,microprice_pressure,3,2,123,0.9105691056910569,5.943089430894309,-9.75,-6.875,-8.375,-0.013157894736650633,0.027027027026633732,0.009615384615851022
bid_depth_curvature,microprice_pressure,3,3,130,0.8769230769230769,5.532692307692308,-9.75,-6.875,-8.25,0.027272727272550885,0.08035714285748934,0.05105586741531927
bid_depth_curvature,microprice_pressure,3,4,121,0.859504132231405,5.667355371900826,-9.625,-6.875,-8.25,0.0813953488371529,0.34033613445353694,0.12992125984237646
bid_depth_curvature,microprice_pressure,4,0,133,0.8796992481203008,12.394736842105264,-6.75,-0.125,-4.625,-0.4770114942530199,-0.06756756756840332,-0.14583333333333334
bid_depth_curvature,microprice_pressure,4,1,88,0.8636363636363636,7.3664772727272725,-6.75,-0.75,-5.625,-0.06470588235242758,-0.013513513513316866,-0.03742608154364764
bid_depth_curvature,microprice_pressure,4,2,98,0.8775510204081632,9.22704081632653,-6.75,1.375,-4.875,-0.013274336283454128,0.027027027026633732,0.009139248919836973
bid_depth_curvature,microprice_pressure,4,3,103,0.9320388349514563,9.189320388349515,-6.75,0.375,-5.25,0.027777777777373558,0.08064516129040082,0.05128205128251769
bid_depth_curvature,microprice_pressure,4,4,199,0.9396984924623115,8.559045226130653,-6.875,44.25,-4.625,0.08139534883775923,0.45890410958903277,0.15432098765450064
bid_depth_curvature,cvd_acceleration,0,0,171,0.847953216374269,3.52046783625731,-54.75,-17.5,-21.25,-383.53333333333336,-28.933333333333337,-49.766666666666666
bid_depth_curvature,cvd_acceleration,0,1,135,0.8666666666666667,3.3944444444444444,-47.25,-17.5,-21.0,-28.03333333333333,-9.433333333333334,-18.66666666666667
bid_depth_curvature,cvd_acceleration,0,2,118,0.8389830508474576,3.6271186440677967,-63.375,-17.5,-20.875,-9.433333333333332,4.733333333333334,-1.0833333333333348
bid_depth_curvature,cvd_acceleration,0,3,97,0.7938144329896907,3.38659793814433,-45.375,-17.5,-21.125,5.6,24.133333333333333,14.4
bid_depth_curvature,cvd_acceleration,0,4,105,0.819047619047619,3.019047619047619,-66.25,-17.5,-21.0,24.800000000000004,737.2666666666667,46.43333333333333
bid_depth_curvature,cvd_acceleration,1,0,130,0.8538461538461538,4.6461538461538465,-17.375,-13.0,-15.0,-312.6666666666667,-28.966666666666665,-47.21666666666667
bid_depth_curvature,cvd_acceleration,1,1,138,0.855072463768116,3.619565217391304,-17.5,-13.0,-14.875,-28.3,-9.5,-18.083333333333336
bid_depth_curvature,cvd_acceleration,1,2,108,0.8796296296296297,3.5625,-17.375,-13.0,-15.125,-9.366666666666667,4.833333333333336,-1.9333333333333345
bid_depth_curvature,cvd_acceleration,1,3,122,0.8278688524590164,3.862704918032787,-17.375,-13.125,-14.75,5.1,24.433333333333337,13.55
bid_depth_curvature,cvd_acceleration,1,4,128,0.8125,3.875,-17.375,-13.0,-14.75,24.83333333333333,232.9,44.38333333333333
bid_depth_curvature,cvd_acceleration,2,0,106,0.8962264150943396,5.2004716981132075,-13.0,-9.75,-11.0,-190.1,-29.5,-45.56666666666666
bid_depth_curvature,cvd_acceleration,2,1,130,0.8461538461538461,3.5884615384615386,-13.0,-9.75,-11.375,-28.0,-9.6,-18.066666666666666
bid_depth_curvature,cvd_acceleration,2,2,122,0.8524590163934426,4.711065573770492,-13.0,-9.75,-11.0,-9.433333333333332,4.800000000000001,-2.8833333333333333
bid_depth_curvature,cvd_acceleration,2,3,135,0.837037037037037,4.616666666666666,-13.0,-9.75,-11.5,5.0,24.53333333333333,13.466666666666665
bid_depth_curvature,cvd_acceleration,2,4,132,0.803030303030303,4.78030303030303,-13.0,-9.75,-11.25,24.933333333333334,297.1333333333333,44.900000000000006
bid_depth_curvature,cvd_acceleration,3,0,111,0.9369369369369369,6.346846846846847,-9.75,-6.75,-8.25,-311.6333333333333,-28.966666666666665,-43.8
bid_depth_curvature,cvd_acceleration,3,1,112,0.9285714285714286,6.015625,-9.75,-6.875,-8.125,-28.833333333333336,-9.466666666666667,-19.0
bid_depth_curvature,cvd_acceleration,3,2,129,0.8449612403100775,5.036821705426356,-9.75,-6.75,-8.375,-9.433333333333332,4.700000000000001,-2.6333333333333333
bid_depth_curvature,cvd_acceleration,3,3,134,0.917910447761194,5.373134328358209,-9.75,-6.75,-8.375,5.0,24.566666666666666,12.966666666666667
bid_depth_curvature,cvd_acceleration,3,4,140,0.9,6.046428571428572,-9.75,-6.875,-8.0625,24.799999999999997,287.9666666666667,47.61666666666667
bid_depth_curvature,cvd_acceleration,4,0,108,0.9351851851851852,12.444444444444445,-6.75,44.25,-5.0,-326.9,-29.066666666666666,-50.25
bid_depth_curvature,cvd_acceleration,4,1,111,0.8918918918918919,8.297297297297296,-6.75,1.375,-5.0,-28.89999999999999,-9.666666666666666,-17.7
bid_depth_curvature,cvd_acceleration,4,2,148,0.8581081081081081,7.636824324324325,-6.75,11.5,-4.875,-9.433333333333334,5.0,-2.2000000000000006
bid_depth_curvature,cvd_acceleration,4,3,138,0.8985507246376812,9.181159420289855,-6.75,1.75,-5.125,5.033333333333333,24.53333333333333,13.266666666666666
bid_depth_curvature,cvd_acceleration,4,4,120,0.9583333333333334,9.758333333333333,-6.75,10.625,-5.125,25.200000000000003,407.93333333333334,44.9
bid_depth_curvature,trade_sign_autocorr_60s,0,0,57,0.7543859649122807,3.2982456140350878,-40.625,-17.5,-20.125,0.1698806975059769,0.8782587399349803,0.864957179109172
bid_depth_curvature,trade_sign_autocorr_60s,0,1,107,0.8691588785046729,3.046728971962617,-54.75,-17.5,-21.25,0.8784471500567768,0.8994834566522417,0.8895174905956589
bid_depth_curvature,trade_sign_autocorr_60s,0,2,109,0.8715596330275229,4.004587155963303,-63.375,-17.5,-20.875,0.899622631038595,0.9137557144531679,0.9078625298451101
bid_depth_curvature,trade_sign_autocorr_60s,0,3,166,0.8072289156626506,3.3659638554216866,-66.25,-17.5,-21.75,0.913812181126986,0.9272787943844172,0.9204001705123779
bid_depth_curvature,trade_sign_autocorr_60s,0,4,186,0.8494623655913979,3.350806451612903,-53.25,-17.5,-21.125,0.9275753486279794,0.9737612916075934,0.9388644775943982
bid_depth_curvature,trade_sign_autocorr_60s,1,0,52,0.8653846153846154,3.7211538461538463,-17.375,-13.0,-15.125,0.8028512071065378,0.8782161790191165,0.8666622036721531
bid_depth_curvature,trade_sign_autocorr_60s,1,1,129,0.9069767441860465,4.4476744186046515,-17.5,-13.0,-14.75,0.878381968350633,0.8993190142098438,0.8902896106105077
bid_depth_curvature,trade_sign_autocorr_60s,1,2,139,0.8129496402877698,3.893884892086331,-17.375,-13.125,-14.625,0.8995596561123912,0.913700488364312,0.9069298452963268
bid_depth_curvature,trade_sign_autocorr_60s,1,3,135,0.8444444444444444,4.45925925925926,-17.5,-13.0,-14.875,0.9139070442991978,0.9273024252129685,0.9202596826263215
bid_depth_curvature,trade_sign_autocorr_60s,1,4,169,0.8165680473372781,3.1479289940828403,-17.375,-13.0,-15.125,0.927350478421248,0.9663420442056408,0.9373414158096249
bid_depth_curvature,trade_sign_autocorr_60s,2,0,72,0.8472222222222222,5.59375,-13.0,-9.75,-11.25,0.4402946308173513,0.8781686985011912,0.8624414950622825
bid_depth_curvature,trade_sign_autocorr_60s,2,1,132,0.8409090909090909,4.575757575757576,-13.0,-9.75,-11.25,0.8782695350366768,0.8995392838771802,0.8924107679379667
bid_depth_curvature,trade_sign_autocorr_60s,2,2,135,0.8814814814814815,5.098148148148148,-13.0,-9.75,-11.25,0.8996063132379154,0.9136639248447409,0.9063312277255022
bid_depth_curvature,trade_sign_autocorr_60s,2,3,138,0.8768115942028986,4.38768115942029,-13.0,-9.75,-11.25,0.9138299110827609,0.9272576067652437,0.919938580545207
bid_depth_curvature,trade_sign_autocorr_60s,2,4,148,0.7905405405405406,3.7128378378378377,-13.0,-9.75,-11.375,0.9274061552496834,0.9699745324652155,0.9369275376655104
bid_depth_curvature,trade_sign_autocorr_60s,3,0,123,0.9024390243902439,7.605691056910569,-9.75,-6.875,-8.0,0.6267696267696271,0.8782260770211459,0.861129179200243
bid_depth_curvature,trade_sign_autocorr_60s,3,1,137,0.8540145985401459,5.7536496350364965,-9.75,-6.875,-8.125,0.8783524904214696,0.8995254508431983,0.8896662361123242
bid_depth_curvature,trade_sign_autocorr_60s,3,2,152,0.9342105263157895,5.230263157894737,-9.75,-6.875,-8.375,0.8996056666952182,0.9136657084702788,0.9075210424908827
bid_depth_curvature,trade_sign_autocorr_60s,3,3,126,0.9126984126984127,4.940476190476191,-9.75,-6.875,-8.5,0.9137684913004381,0.927211765302968,0.919486745689611
bid_depth_curvature,trade_sign_autocorr_60s,3,4,86,0.9186046511627907,4.633720930232558,-9.75,-6.875,-8.375,0.9274017829768296,0.96213105064419,0.9360417224986277
bid_depth_curvature,trade_sign_autocorr_60s,4,0,321,0.9096573208722741,11.99221183800623,-6.75,6.75,-4.375,-0.09759000729485333,0.878218035380426,0.8377006582228109
bid_depth_curvature,trade_sign_autocorr_60s,4,1,119,0.9411764705882353,7.170168067226891,-6.75,3.25,-5.25,0.8782916874076097,0.8994328287038339,0.8887938146996405
bid_depth_curvature,trade_sign_autocorr_60s,4,2,90,0.9222222222222223,6.419444444444444,-6.75,25.375,-5.5625,0.8995865833485289,0.913599604124132,0.9060598278169438
bid_depth_curvature,trade_sign_autocorr_60s,4,3,59,0.847457627118644,7.11864406779661,-6.75,11.5,-5.5,0.9138474778758309,0.9267086717591521,0.9197052961379577
bid_depth_curvature,trade_sign_autocorr_60s,4,4,35,0.8571428571428571,5.35,-6.75,44.25,-5.75,0.927355853483879,0.9971126921000345,0.9381725998248821
trade_imbalance_60s,wall_persistence_2s,0,0,170,0.7647058823529411,5.108823529411764,-1.0,-0.17609254498714652,-0.28801180147931127,0.0,0.0,0.0
trade_imbalance_60s,wall_persistence_2s,0,1,175,0.88,3.8,-1.0,-0.17672183662573412,-0.26548956661316214,0.0,0.05963302752293578,0.020202020202020204
trade_imbalance_60s,wall_persistence_2s,0,2,169,0.9112426035502958,4.124260355029586,-0.635036496350365,-0.17672600955275727,-0.26683291770573564,0.06060606060606061,0.15632754342431762,0.10263929618768329
trade_imbalance_60s,wall_persistence_2s,0,3,84,0.8333333333333334,4.511904761904762,-0.6724470134874759,-0.17591973244147158,-0.2524014538531435,0.1568627450980392,0.28837209302325584,0.19668828076345385
trade_imbalance_60s,wall_persistence_2s,0,4,26,0.9230769230769231,5.125,-0.5989717223650386,-0.17570700046360685,-0.2459078807971213,0.2961672473867596,0.5585585585585585,0.3628720001496418
trade_imbalance_60s,wall_persistence_2s,1,0,119,0.8235294117647058,4.128151260504202,-0.17547568710359407,-0.05944055944055944,-0.12315270935960591,0.0,0.0,0.0
trade_imbalance_60s,wall_persistence_2s,1,1,168,0.9285714285714286,5.708333333333333,-0.1752708731676227,-0.05871854363733714,-0.12024226245274906,0.0,0.05856353591160221,0.01855293955665703
trade_imbalance_60s,wall_persistence_2s,1,2,150,0.88,5.906666666666666,-0.17437145174371452,-0.06168080185042406,-0.12386963590858438,0.06103286384976526,0.15643564356435644,0.10655763774919533
trade_imbalance_60s,wall_persistence_2s,1,3,117,0.9316239316239316,7.608974358974359,-0.17490494296577946,-0.05829596412556054,-0.09983464241422076,0.15698924731182795,0.28862478777589134,0.2
trade_imbalance_60s,wall_persistence_2s,1,4,70,0.9142857142857143,8.139285714285714,-0.16864897834705703,-0.05825667980727114,-0.09052015664427852,0.2892609699769053,0.5693160813308688,0.34763175896351844
trade_imbalance_60s,wall_persistence_2s,2,0,115,0.8521739130434782,3.9043478260869566,-0.05736434108527132,0.05204928337943173,-0.0034602076124567475,0.0,0.0,0.0
trade_imbalance_60s,wall_persistence_2s,2,1,117,0.8803418803418803,5.384615384615385,-0.05799185238437575,0.053621825023518345,0.0023370553103090105,0.0,0.06015037593984962,0.017241379310344827
trade_imbalance_60s,wall_persistence_2s,2,2,136,0.9117647058823529,5.889705882352941,-0.058213716108452954,0.05130751406818934,-0.012364723586800774,0.06040268456375839,0.15588235294117647,0.11163073058404857
trade_imbalance_60s,wall_persistence_2s,2,3,128,0.921875,8.001953125,-0.05822021116138763,0.053309900410076154,0.006073249258851483,0.1566265060240964,0.2878787878787879,0.21344206974128233
trade_imbalance_60s,wall_persistence_2s,2,4,127,0.905511811023622,8.51771653543307,-0.054875917511359666,0.05362776025236593,0.004492362982929021,0.2938388625592417,0.562874251497006,0.3776102088167053
trade_imbalance_60s,wall_persistence_2s,3,0,96,0.7916666666666666,4.489583333333333,0.0571263704558569,0.170018281535649,0.10844860287757224,0.0,0.0,0.0
trade_imbalance_60s,wall_persistence_2s,3,1,86,0.8837209302325582,4.122093023255814,0.05388342387314638,0.16913946587537093,0.11118840335374802,0.0,0.059587471352177235,0.019464835425053277
trade_imbalance_60s,wall_persistence_2s,3,2,85,0.8941176470588236,7.594117647058823,0.05460750853242321,0.17005545286506468,0.10817850321236326,0.060240963855421686,0.15492957746478872,0.10235131396957123
trade_imbalance_60s,wall_persistence_2s,3,3,159,0.9182389937106918,6.366352201257862,0.05378020265003897,0.16982152514872903,0.10829639012032932,0.15682656826568267,0.28865979381443296,0.22519083969465647
trade_imbalance_60s,wall_persistence_2s,3,4,198,0.9040404040404041,6.920454545454546,0.05434782608695652,0.16978309648466716,0.11497628340833077,0.2905027932960894,0.6542056074766355,0.3729825172389775
trade_imbalance_60s,wall_persistence_2s,4,0,124,0.717741935483871,2.4858870967741935,0.17050691244239632,0.940959409594096,0.28105440269209203,0.0,0.0,0.0
trade_imbalance_60s,wall_persistence_2s,4,1,78,0.782051282051282,4.208333333333333,0.17050938337801608,0.9130434782608695,0.25804192422057104,0.0,0.056074766355140186,0.004222309505106049
trade_imbalance_60s,wall_persistence_2s,4,2,83,0.8554216867469879,4.394578313253012,0.17023096663815226,0.7955555555555556,0.27491961414790994,0.0603448275862069,0.15625,0.10759493670886076
trade_imbalance_60s,wall_persistence_2s,4,3,136,0.8088235294117647,4.360294117647059,0.17021836358852935,0.6705882352941176,0.24063277597084715,0.15644820295983086,0.28879310344827586,0.22715719913584953
trade_imbalance_60s,wall_persistence_2s,4,4,202,0.8613861386138614,4.449257425742574,0.17048346055979643,0.6480282519128899,0.24167973037626292,0.2894736842105263,0.6733333333333333,0.36677084041035396
trade_imbalance_60s,convexity_imbalance,0,0,66,0.8181818181818182,9.905303030303031,-1.0,-0.17781402936378465,-0.2528051776110993,-3.7849942726231394,-0.2966696669666966,-0.5256911014596061
trade_imbalance_60s,convexity_imbalance,0,1,113,0.8849557522123894,3.7123893805309733,-1.0,-0.1769651113913409,-0.2667493796526055,-0.2907383136740934,-0.06256814186858906,-0.1666420402494163
trade_imbalance_60s,convexity_imbalance,0,2,143,0.8531468531468531,3.5576923076923075,-0.7797202797202797,-0.17672600955275727,-0.2703330751355538,-0.0605610910889689,0.1315715252707581,0.03907856093979434
trade_imbalance_60s,convexity_imbalance,0,3,162,0.8333333333333334,3.7391975308641974,-1.0,-0.17672183662573412,-0.2694916012102604,0.13447079236552928,0.37681159420289845,0.2282680332273826
trade_imbalance_60s,convexity_imbalance,0,4,142,0.852112676056338,3.882042253521127,-1.0,-0.17702154230408992,-0.27533675832072413,0.37974801898038857,3.3977564102564104,0.5776976221019325
trade_imbalance_60s,convexity_imbalance,1,0,85,0.9411764705882353,8.288235294117648,-0.17547568710359407,-0.06023391812865497,-0.11569688768606225,-4.174016282225238,-0.29604301075268824,-0.4979349853450572
trade_imbalance_60s,convexity_imbalance,1,1,102,0.8823529411764706,5.889705882352941,-0.17319098457888493,-0.05911533691608103,-0.10144220001233481,-0.28623493131483035,-0.061842918985776096,-0.15740025774082494
trade_imbalance_60s,convexity_imbalance,1,2,129,0.8914728682170543,5.6065891472868215,-0.17570700046360685,-0.05944055944055944,-0.11370262390670553,-0.05887300252312877,0.13213789452788993,0.052776212918561605
trade_imbalance_60s,convexity_imbalance,1,3,145,0.8689655172413793,5.303448275862069,-0.17668711656441718,-0.05953827460510328,-0.12033195020746888,0.13349875930521105,0.3760988660975919,0.24771154700691933
trade_imbalance_60s,convexity_imbalance,1,4,165,0.9030303030303031,6.034848484848485,-0.17490494296577946,-0.060759493670886074,-0.11932418162618796,0.3778542950344328,3.6824027503660783,0.6078937810242544
trade_imbalance_60s,convexity_imbalance,2,0,120,0.8416666666666667,6.677083333333333,-0.05732292917166867,0.053621825023518345,0.006710912705144068,-1.8204456094364354,-0.29180343466057745,-0.5260913522625381
trade_imbalance_60s,convexity_imbalance,2,1,120,0.875,5.41875,-0.05871854363733714,0.05204928337943173,-0.0025171110079831643,-0.28667601683029453,-0.06752105230807048,-0.17673853650493104
trade_imbalance_60s,convexity_imbalance,2,2,126,0.9285714285714286,7.281746031746032,-0.05822021116138763,0.053309900410076154,0.003981552254558214,-0.05734609089764575,0.13170821114369513,0.03412759357213102
trade_imbalance_60s,convexity_imbalance,2,3,126,0.8888888888888888,5.587301587301587,-0.05825667980727114,0.052507374631268436,-0.006774663222875886,0.13499677627337214,0.3778139542532025,0.2542645423967937
trade_imbalance_60s,convexity_imbalance,2,4,133,0.9398496240601504,7.0206766917293235,-0.058213716108452954,0.05279187817258883,-0.00558659217877095,0.38257516747156883,7.7727272727272725,0.57563581773225
trade_imbalance_60s,convexity_imbalance,3,0,165,0.8484848484848485,6.515151515151516,0.05362776025236593,0.16844082654978085,0.1122715404699739,-6.870622443762781,-0.29367870314778277,-0.5014382121916141
trade_imbalance_60s,convexity_imbalance,3,1,130,0.9307692307692308,5.765384615384615,0.05378020265003897,0.16982152514872903,0.10544878250528042,-0.29167974882260606,-0.06422313318865036,-0.1716705686594624
trade_imbalance_60s,convexity_imbalance,3,2,115,0.8956521739130435,5.856521739130435,0.05388342387314638,0.16917922948073702,0.1111111111111111,-0.0608284213480893,0.13270862974046982,0.03529411764705892
trade_imbalance_60s,convexity_imbalance,3,3,108,0.8796296296296297,6.101851851851852,0.05434782608695652,0.16968130921619293,0.1038997197215589,0.13362282878411913,0.3759152537654167,0.23014661335999465
trade_imbalance_60s,convexity_imbalance,3,4,108,0.8888888888888888,6.203703703703703,0.05429864253393665,0.17005545286506468,0.11095490362994137,0.38398115429917556,10.234359483614698,0.545820757880617
trade_imbalance_60s,convexity_imbalance,4,0,190,0.8263157894736842,3.9276315789473686,0.17048346055979643,0.9130434782608695,0.2532810890756948,-8.092609983385104,-0.29864029394292757,-0.5156155621550227
trade_imbalance_60s,convexity_imbalance,4,1,161,0.8074534161490683,3.701863354037267,0.1710455764075067,0.8160237388724035,0.26580226904376014,-0.286842105263158,-0.060977269633864184,-0.18115755073959394
trade_imbalance_60s,convexity_imbalance,4,2,112,0.7767857142857143,3.716517857142857,0.17023096663815226,0.6480282519128899,0.2728679101381175,-0.05808357312011403,0.13308913308913306,0.015888955665669224
trade_imbalance_60s,convexity_imbalance,4,3,85,0.8117647058823529,4.470588235294118,0.17050938337801608,0.7647058823529411,0.25903614457831325,0.13590263691683568,0.37537068830966136,0.25647574891029734
trade_imbalance_60s,convexity_imbalance,4,4,77,0.8181818181818182,4.665584415584416,0.17021836358852935,0.940959409594096,0.23054858372176407,0.3791470051165229,1.803227845600727,0.5381045965716782
trade_imbalance_60s,liquidity_compression,0,0,106,0.8301886792452831,4.17688679245283,-1.0,-0.17672183662573412,-0.260382838730984,0.2242152466367713,0.6620879120879121,0.5951854193004635
trade_imbalance_60s,liquidity_compression,0,1,128,0.8828125,3.736328125,-0.635036496350365,-0.18069916297390448,-0.2688705710012306,0.6652601969057665,0.7510593220338984,0.7122797994085123
trade_imbalance_60s,liquidity_compression,0,2,132,0.8560606060606061,3.7045454545454546,-0.9375,-0.1773710482529118,-0.2672789896670493,0.7526881720430108,0.8303030303030303,0.7843239747804063
trade_imbalance_60s,liquidity_compression,0,3,142,0.823943661971831,3.362676056338028,-0.62882096069869,-0.17672600955275727,-0.27949007189932534,0.8308580858085809,0.9269662921348315,0.8736682540363523
trade_imbalance_60s,liquidity_compression,0,4,118,0.8559322033898306,7.216101694915254,-1.0,-0.1769651113913409,-0.27713148176409175,0.9290123456790124,3.921985815602837,0.9956620329291137
trade_imbalance_60s,liquidity_compression,1,0,123,0.8861788617886179,6.485772357723577,-0.17547568710359407,-0.05911533691608103,-0.11062035735796025,0.13793103448275862,0.6602870813397129,0.5857142857142857
trade_imbalance_60s,liquidity_compression,1,1,114,0.9385964912280702,6.712719298245614,-0.17609254498714652,-0.06051191004586477,-0.11568802465721895,0.664624808575804,0.751219512195122,0.7061942663978413
trade_imbalance_60s,liquidity_compression,1,2,126,0.8492063492063492,4.853174603174603,-0.175,-0.05992217898832685,-0.11182740727486516,0.7513227513227513,0.83,0.7944991662465584
trade_imbalance_60s,liquidity_compression,1,3,139,0.9064748201438849,6.2571942446043165,-0.17668711656441718,-0.060884800700832235,-0.11904761904761904,0.8327645051194539,0.9269521410579346,0.8705148205928237
trade_imbalance_60s,liquidity_compression,1,4,124,0.8951612903225806,6.040322580645161,-0.17498739283913262,-0.05944055944055944,-0.11416631957478245,0.9279778393351801,2.119463087248322,1.023109243697479
trade_imbalance_60s,liquidity_compression,2,0,157,0.9363057324840764,7.842356687898089,-0.05871854363733714,0.05304740406320542,-0.0029791459781529296,0.21052631578947367,0.6616666666666666,0.5876565295169947
trade_imbalance_60s,liquidity_compression,2,1,136,0.8897058823529411,5.814338235294118,-0.05760709010339734,0.05173807599029911,0.00767155356303554,0.6640625,0.7511520737327189,0.7162357467974285
trade_imbalance_60s,liquidity_compression,2,2,126,0.8968253968253969,6.621031746031746,-0.05822021116138763,0.05279187817258883,-0.0022591740822276,0.75177304964539,0.8305555555555556,0.786036036036036
trade_imbalance_60s,liquidity_compression,2,3,99,0.8787878787878788,4.53030303030303,-0.05799185238437575,0.053309900410076154,0.0014684287812041115,0.8313953488372093,0.9271137026239067,0.8735632183908046
trade_imbalance_60s,liquidity_compression,2,4,107,0.8598130841121495,6.5607476635514015,-0.05829596412556054,0.053621825023518345,-0.00234009360374415,0.9285714285714286,1.826086956521739,1.001923076923077
trade_imbalance_60s,liquidity_compression,3,0,140,0.9214285714285714,7.328571428571428,0.05429864253393665,0.170018281535649,0.11244634023623434,0.12907268170426064,0.6632124352331606,0.5829646580218663
trade_imbalance_60s,liquidity_compression,3,1,127,0.889763779527559,5.765748031496063,0.05362776025236593,0.1697936210131332,0.1051799130090945,0.6638655462184874,0.7503250975292588,0.7111111111111111
trade_imbalance_60s,liquidity_compression,3,2,125,0.888,5.056,0.056218057921635436,0.17005545286506468,0.11405835543766578,0.7512437810945274,0.8305084745762712,0.7955625990491284
trade_imbalance_60s,liquidity_compression,3,3,102,0.8921568627450981,5.970588235294118,0.05562878987608753,0.16913946587537093,0.11094412678802754,0.8305647840531561,0.9272727272727272,0.8806290942558606
trade_imbalance_60s,liquidity_compression,3,4,132,0.8409090909090909,6.270833333333333,0.05378020265003897,0.16903852828878863,0.10162323880664251,0.9307958477508651,3.1091891891891894,1.0299378881987578
trade_imbalance_60s,liquidity_compression,4,0,100,0.88,5.0975,0.17021836358852935,0.7647058823529411,0.24368433941826828,0.16084873374401096,0.6638418079096046,0.5837272684094802
trade_imbalance_60s,liquidity_compression,4,1,121,0.7933884297520661,3.770661157024793,0.17050938337801608,0.6476476476476476,0.2653362897265336,0.6653992395437263,0.7503607503607503,0.7099892588614393
trade_imbalance_60s,liquidity_compression,4,2,116,0.7586206896551724,3.3426724137931036,0.17064544650751548,0.940959409594096,0.25608116163571004,0.7516973811833172,0.8303571428571429,0.791656373849442
trade_imbalance_60s,liquidity_compression,4,3,144,0.8055555555555556,3.185763888888889,0.17023096663815226,0.9130434782608695,0.24450611574445216,0.8312182741116751,0.925343811394892,0.8687565245322413
trade_imbalance_60s,liquidity_compression,4,4,144,0.8194444444444444,4.758680555555555,0.17220543806646527,0.7955555555555556,0.2678010388544183,0.9273570324574961,3.9269662921348316,0.9982206349357117
trade_imbalance_60s,replenishment_rate_near_5s,0,0,161,0.7018633540372671,2.729813664596273,-1.0,-0.17609254498714652,-0.30823117338003503,0.0,58.4,38.2
trade_imbalance_60s,replenishment_rate_near_5s,0,1,136,0.9264705882352942,3.6286764705882355,-0.6724470134874759,-0.17960602549246812,-0.26455162484574246,59.0,96.0,75.30000000000001
trade_imbalance_60s,replenishment_rate_near_5s,0,2,127,0.8740157480314961,3.8326771653543306,-0.6520566419420094,-0.17668711656441718,-0.2762103796586555,96.4,150.0,124.8
trade_imbalance_60s,replenishment_rate_near_5s,0,3,116,0.896551724137931,4.650862068965517,-0.7271523178807947,-0.17591973244147158,-0.2481612481476743,150.6,245.6,192.0
trade_imbalance_60s,replenishment_rate_near_5s,0,4,84,0.9166666666666666,9.294642857142858,-0.5921855921855922,-0.17672600955275727,-0.2652156985772064,247.8,3301.4,349.3
trade_imbalance_60s,replenishment_rate_near_5s,1,0,96,0.8541666666666666,3.4791666666666665,-0.1752708731676227,-0.05992217898832685,-0.10877100213219616,0.0,58.8,44.2
trade_imbalance_60s,replenishment_rate_near_5s,1,1,107,0.8504672897196262,4.75,-0.17391304347826086,-0.05944055944055944,-0.11856033874382499,59.6,96.0,78.6
trade_imbalance_60s,replenishment_rate_near_5s,1,2,141,0.9290780141843972,6.083333333333333,-0.17456896551724138,-0.060034305317324184,-0.1162046908315565,96.6,150.0,121.2
trade_imbalance_60s,replenishment_rate_near_5s,1,3,138,0.8913043478260869,6.786231884057971,-0.17547568710359407,-0.05871854363733714,-0.11625123074109099,150.2,246.4,190.2
trade_imbalance_60s,replenishment_rate_near_5s,1,4,142,0.9225352112676056,8.017605633802816,-0.17570700046360685,-0.05911533691608103,-0.11044136433158723,248.2,4126.8,352.4
trade_imbalance_60s,replenishment_rate_near_5s,2,0,109,0.7706422018348624,3.694954128440367,-0.05695364238410596,0.053309900410076154,0.0029749256268593286,2.2,58.8,39.8
trade_imbalance_60s,replenishment_rate_near_5s,2,1,125,0.912,4.898,-0.058213716108452954,0.053621825023518345,-0.002055076037813399,59.2,96.2,79.6
trade_imbalance_60s,replenishment_rate_near_5s,2,2,110,0.9090909090909091,5.929545454545455,-0.05829596412556054,0.05233380480905234,-0.007632756537866027,97.0,150.2,123.8
trade_imbalance_60s,replenishment_rate_near_5s,2,3,130,0.9307692307692308,7.588461538461538,-0.05799185238437575,0.05304010349288486,0.0007303921819640149,150.2,246.8,189.1
trade_imbalance_60s,replenishment_rate_near_5s,2,4,150,0.9333333333333333,9.008333333333333,-0.05825667980727114,0.05279187817258883,0.0022801328130024378,247.6,5341.2,352.6
trade_imbalance_60s,replenishment_rate_near_5s,3,0,89,0.8089887640449438,3.202247191011236,0.05429864253393665,0.170018281535649,0.11405835543766578,2.2,58.0,40.6
trade_imbalance_60s,replenishment_rate_near_5s,3,1,117,0.8632478632478633,4.561965811965812,0.05624404194470925,0.16844547563805104,0.10260336906584992,59.0,96.0,77.4
trade_imbalance_60s,replenishment_rate_near_5s,3,2,130,0.8769230769230769,5.642307692307693,0.05378020265003897,0.16982152514872903,0.11038708011549025,96.2,150.0,119.30000000000001
trade_imbalance_60s,replenishment_rate_near_5s,3,3,137,0.9416058394160584,7.678832116788321,0.05362776025236593,0.16913946587537093,0.11073541842772612,150.2,244.2,184.8
trade_imbalance_60s,replenishment_rate_near_5s,3,4,151,0.9139072847682119,8.044701986754967,0.05388342387314638,0.1697936210131332,0.10975782467072652,247.2,5137.0,376.4
trade_imbalance_60s,replenishment_rate_near_5s,4,0,169,0.7396449704142012,2.7337278106508878,0.17023096663815226,0.940959409594096,0.2830985915492958,0.2,58.8,39.0
trade_imbalance_60s,replenishment_rate_near_5s,4,1,139,0.841726618705036,3.820143884892086,0.17050691244239632,0.8160237388724035,0.27787934186471663,59.2,95.8,76.2
trade_imbalance_60s,replenishment_rate_near_5s,4,2,116,0.8275862068965517,3.4741379310344827,0.17234367056431113,0.6480282519128899,0.2580696031219255,96.2,149.2,113.69999999999999
trade_imbalance_60s,replenishment_rate_near_5s,4,3,103,0.8252427184466019,5.050970873786408,0.17005545286506468,0.4656160458452722,0.23690773067331672,150.8,247.2,193.6
trade_imbalance_60s,replenishment_rate_near_5s,4,4,97,0.845360824742268,5.951030927835052,0.17021836358852935,0.5583596214511041,0.2209737827715356,247.6,3709.6,356.2
trade_imbalance_60s,impact_asymmetry_10s,0,0,205,0.8536585365853658,5.890243902439025,-1.0,-0.1769651113913409,-0.26521496370742603,-0.10185185185185185,-0.003048780487804878,-0.004129129129129129
trade_imbalance_60s,impact_asymmetry_10s,0,1,254,0.8307086614173228,3.590551181102362,-0.6963123644251626,-0.17672183662573412,-0.26776172880976373,-0.0030241935483870967,-0.0015290519877675841,-0.0022727272727272726
trade_imbalance_60s,impact_asymmetry_10s,0,2,139,0.8776978417266187,3.7571942446043165,-1.0,-0.17791013854719667,-0.27380952380952384,-0.001516990291262136,0.000585480093676815,-0.0010183299389002036
trade_imbalance_60s,impact_asymmetry_10s,0,3,14,0.9285714285714286,4.875,-0.42835307604126865,-0.1902540176257128,-0.24511382441075183,0.0008992805755395684,0.0022988505747126436,0.0015792139685944996
trade_imbalance_60s,impact_asymmetry_10s,0,4,11,0.8181818181818182,2.2045454545454546,-0.43910925539318024,-0.1855779427359491,-0.2294557097118463,0.0023584905660377358,0.025,0.004310344827586207
trade_imbalance_60s,impact_asymmetry_10s,1,0,196,0.9183673469387755,6.975765306122449,-0.17570700046360685,-0.05953827460510328,-0.11531989577481774,-0.02,-0.003048780487804878,-0.004487227785023565
trade_imbalance_60s,impact_asymmetry_10s,1,1,193,0.9015544041450777,5.659326424870466,-0.17668711656441718,-0.05992217898832685,-0.12004875076173065,-0.003043478260869565,-0.0015337423312883436,-0.002268602540834846
trade_imbalance_60s,impact_asymmetry_10s,1,2,172,0.877906976744186,5.540697674418604,-0.17591973244147158,-0.060034305317324184,-0.12039923519753934,-0.001524390243902439,0.0006821282401091405,-0.0007966121772091921
trade_imbalance_60s,impact_asymmetry_10s,1,3,35,0.8285714285714286,5.264285714285714,-0.17391304347826086,-0.06224066390041494,-0.09766684753119913,0.0007716049382716049,0.0022935779816513763,0.0013686131386861315
trade_imbalance_60s,impact_asymmetry_10s,1,4,27,0.8518518518518519,5.407407407407407,-0.15497835497835497,-0.062266500622665005,-0.09166666666666666,0.00234375,0.05,0.00400355871886121
trade_imbalance_60s,impact_asymmetry_10s,2,0,143,0.8811188811188811,6.578671328671328,-0.05799185238437575,0.05130751406818934,-0.011382113821138212,-0.019230769230769232,-0.003048780487804878,-0.004432624113475178
trade_imbalance_60s,impact_asymmetry_10s,2,1,116,0.9482758620689655,5.243534482758621,-0.05944055944055944,0.052507374631268436,-0.008569076404058795,-0.003033980582524272,-0.0015337423312883436,-0.002299925522191002
trade_imbalance_60s,impact_asymmetry_10s,2,2,136,0.9191176470588235,6.2463235294117645,-0.05822021116138763,0.053621825023518345,-0.002082028823115128,-0.0014705882352941176,0.0006648936170212766,-0.000387121246997982
trade_imbalance_60s,impact_asymmetry_10s,2,3,112,0.875,6.165178571428571,-0.05911533691608103,0.05233380480905234,0.011216576339192144,0.0007048872180451127,0.0022522522522522522,0.0014884207498865772
trade_imbalance_60s,impact_asymmetry_10s,2,4,116,0.853448275862069,7.887931034482759,-0.054845980465815174,0.053309900410076154,0.010748175533244059,0.0023148148148148147,0.022058823529411766,0.004088034078148871
trade_imbalance_60s,impact_asymmetry_10s,3,0,62,0.9032258064516129,5.395161290322581,0.05429864253393665,0.16968130921619293,0.09254797649221513,-0.16176470588235295,-0.0031302170283806345,-0.005306577229550263
trade_imbalance_60s,impact_asymmetry_10s,3,1,45,0.8222222222222222,5.788888888888889,0.05552617662612375,0.1642029564522573,0.09509043927648579,-0.0030232558139534882,-0.001524390243902439,-0.001893939393939394
trade_imbalance_60s,impact_asymmetry_10s,3,2,103,0.8446601941747572,5.024271844660194,0.05434076639965361,0.170018281535649,0.11095983662355344,-0.0014124293785310734,0.0006875214850464077,0.0
trade_imbalance_60s,impact_asymmetry_10s,3,3,180,0.8944444444444445,5.4222222222222225,0.05378020265003897,0.16982152514872903,0.11097147513051403,0.0006925207756232687,0.0023006134969325155,0.0014976468296284144
trade_imbalance_60s,impact_asymmetry_10s,3,4,233,0.9098712446351931,7.427038626609442,0.05362776025236593,0.16844547563805104,0.1152542372881356,0.002305327868852459,0.019712601326455418,0.0035310734463276836
trade_imbalance_60s,impact_asymmetry_10s,4,0,17,0.7647058823529411,3.5,0.17023096663815226,0.5899198167239404,0.21811915312653865,-0.01179245283018868,-0.003134796238244514,-0.0045871559633027525
trade_imbalance_60s,impact_asymmetry_10s,4,1,15,0.7333333333333333,3.716666666666667,0.18306131451257168,0.3496985357450474,0.24585504500236854,-0.0027223230490018148,-0.0015625,-0.0020833333333333333
trade_imbalance_60s,impact_asymmetry_10s,4,2,73,0.821917808219178,4.075342465753424,0.17050938337801608,0.9130434782608695,0.25303867403314917,-0.001488095238095238,0.0006890848952590959,0.0
trade_imbalance_60s,impact_asymmetry_10s,4,3,282,0.7943262411347518,3.596631205673759,0.17021836358852935,0.940959409594096,0.2678378681469644,0.0006915629322268327,0.0023006134969325155,0.0015586735968814032
trade_imbalance_60s,impact_asymmetry_10s,4,4,235,0.8297872340425532,4.467021276595744,0.17005545286506468,0.7242380261248186,0.25438396720564793,0.0023006134969325155,0.011551317341722375,0.0031847133757961785
trade_imbalance_60s,flow_impact,0,0,111,0.8558558558558559,3.421171171171171,-1.0,-0.17791013854719667,-0.2963493199713672,-0.75,0.0015664160401002505,-0.0
trade_imbalance_60s,flow_impact,0,1,156,0.8269230769230769,3.0993589743589745,-0.6963123644251626,-0.1779461719362425,-0.2926177918286148,0.0015748031496062992,0.0032245827010622154,0.002470018128573421
trade_imbalance_60s,flow_impact,0,2,178,0.8370786516853933,3.7148876404494384,-0.7254901960784313,-0.17672600955275727,-0.26901269141393075,0.003232758620689655,0.005160550458715597,0.004201680672268907
trade_imbalance_60s,flow_impact,0,3,105,0.8952380952380953,4.773809523809524,-0.7797202797202797,-0.17781402936378465,-0.2546938775510204,0.005184331797235023,0.009157509157509158,0.006510416666666667
trade_imbalance_60s,flow_impact,0,4,72,0.8611111111111112,9.822916666666666,-1.0,-0.17872117400419288,-0.24012129755972528,0.009159482758620689,0.1875,0.014155982905982906
trade_imbalance_60s,flow_impact,1,0,127,0.84251968503937,4.647637795275591,-0.17609254498714652,-0.05992217898832685,-0.10850327048864948,-0.875,0.0015432098765432098,-0.002066115702479339
trade_imbalance_60s,flow_impact,1,1,85,0.9294117647058824,5.247058823529412,-0.17672183662573412,-0.0651443922095366,-0.13513513513513514,0.0015782828282828283,0.0032281205164992827,0.002183406113537118
trade_imbalance_60s,flow_impact,1,2,112,0.8928571428571429,5.178571428571429,-0.17668711656441718,-0.060759493670886074,-0.11281703689383357,0.003246753246753247,0.005169172932330827,0.004072898332076105
trade_imbalance_60s,flow_impact,1,3,149,0.912751677852349,6.375838926174497,-0.17490494296577946,-0.0607621009268795,-0.1162046908315565,0.005187747035573123,0.00904977375565611,0.006818181818181818
trade_imbalance_60s,flow_impact,1,4,149,0.8993288590604027,7.7885906040268456,-0.17570700046360685,-0.06023391812865497,-0.10620689655172413,0.009196185286103543,0.4166666666666667,0.015186915887850467
trade_imbalance_60s,flow_impact,2,0,132,0.8787878787878788,5.354166666666667,-0.057912209516783476,0.053621825023518345,0.002304477503023741,-0.75,0.0015625,-0.003612746940650712
trade_imbalance_60s,flow_impact,2,1,82,0.8658536585365854,5.323170731707317,-0.05822021116138763,0.05226480836236934,0.0031684384177781723,0.0015822784810126582,0.0032287822878228783,0.0025253169400300994
trade_imbalance_60s,flow_impact,2,2,90,0.9444444444444444,5.125,-0.05944055944055944,0.05084745762711865,-0.0006280553668667388,0.003246753246753247,0.005165289256198347,0.0042017136400728135
trade_imbalance_60s,flow_impact,2,3,128,0.8671875,5.9609375,-0.05953827460510328,0.05304740406320542,-0.007307719226480519,0.005184331797235023,0.009146341463414634,0.007002807225554471
trade_imbalance_60s,flow_impact,2,4,190,0.9210526315789473,8.580263157894738,-0.05871854363733714,0.05362776025236593,-0.0013897159515832485,0.009210526315789473,0.5,0.017047655947307245
trade_imbalance_60s,flow_impact,3,0,133,0.8571428571428571,5.214285714285714,0.05434782608695652,0.170018281535649,0.11306042884990253,-0.25,0.0015690376569037657,-0.0006510416666666666
trade_imbalance_60s,flow_impact,3,1,92,0.8478260869565217,4.233695652173913,0.056218057921635436,0.1697936210131332,0.11359000367839667,0.0015723270440251573,0.003232758620689655,0.0024969139266075636
trade_imbalance_60s,flow_impact,3,2,99,0.8888888888888888,5.166666666666667,0.05378020265003897,0.16978309648466716,0.1103865859338612,0.003246753246753247,0.005128205128205128,0.0041390728476821195
trade_imbalance_60s,flow_impact,3,3,146,0.9178082191780822,6.565068493150685,0.05562878987608753,0.16844547563805104,0.11643383736419366,0.005172413793103448,0.009146341463414634,0.00681203967688287
trade_imbalance_60s,flow_impact,3,4,152,0.9078947368421053,8.289473684210526,0.05388342387314638,0.1662971175166297,0.09422858956340391,0.009160756501182032,0.39285714285714285,0.01502394988946205
trade_imbalance_60s,flow_impact,4,0,119,0.8067226890756303,3.107142857142857,0.17021836358852935,0.9130434782608695,0.27538970240906946,-0.5,0.0015625,0.00031942078364565585
trade_imbalance_60s,flow_impact,4,1,207,0.782608695652174,3.7028985507246377,0.17048794826572605,0.940959409594096,0.2840677966101695,0.0015800561797752809,0.003232758620689655,0.0024271844660194173
trade_imbalance_60s,flow_impact,4,2,143,0.8181818181818182,3.7482517482517483,0.1710455764075067,0.6480282519128899,0.25744992672203226,0.003236914600550964,0.005136986301369863,0.003941441441441441
trade_imbalance_60s,flow_impact,4,3,94,0.8297872340425532,5.303191489361702,0.17005545286506468,0.46684350132625996,0.22327913050804615,0.005208333333333333,0.009057971014492754,0.006487493987493988
trade_imbalance_60s,flow_impact,4,4,58,0.8620689655172413,5.267241379310345,0.17023096663815226,0.4320594479830149,0.21714930308326322,0.009191176470588236,0.375,0.01294642857142857
trade_imbalance_60s,absorption_ratio,0,0,143,0.8321678321678322,6.36013986013986,-1.0,-0.1769651113913409,-0.27845303867403315,3.4545454545454546,87.66666666666667,66.0
trade_imbalance_60s,absorption_ratio,0,1,152,0.8355263157894737,3.8865131578947367,-0.6963123644251626,-0.1773710482529118,-0.2683665940300136,88.0,132.0,109.46666666666667
trade_imbalance_60s,absorption_ratio,0,2,115,0.8782608695652174,3.7804347826086957,-0.6140724946695096,-0.17672183662573412,-0.2729693741677763,132.5,188.0,153.9
trade_imbalance_60s,absorption_ratio,0,3,128,0.8671875,3.6640625,-0.6724470134874759,-0.17702154230408992,-0.25934834288247033,189.71428571428572,321.6,238.625
trade_imbalance_60s,absorption_ratio,0,4,63,0.873015873015873,4.015873015873016,-0.7271523178807947,-0.18332022029897718,-0.2615126050420168,328.0,2332.0,505.3333333333333
trade_imbalance_60s,absorption_ratio,1,0,124,0.8951612903225806,6.627016129032258,-0.1737704918032787,-0.06051191004586477,-0.11113219708548155,5.777777777777778,87.71428571428571,68.68627450980392
trade_imbalance_60s,absorption_ratio,1,1,108,0.9074074074074074,7.358796296296297,-0.17570700046360685,-0.062159214830970554,-0.11413009683706046,88.5,132.0,107.30952380952381
trade_imbalance_60s,absorption_ratio,1,2,124,0.9112903225806451,5.606854838709677,-0.17490494296577946,-0.060884800700832235,-0.12293795538334909,132.5,188.66666666666666,158.36666666666667
trade_imbalance_60s,absorption_ratio,1,3,108,0.8703703703703703,5.247685185185185,-0.17668711656441718,-0.061192873741285826,-0.11245908742263937,188.75,322.6666666666667,246.38509316770188
trade_imbalance_60s,absorption_ratio,1,4,137,0.8905109489051095,5.58029197080292,-0.17591973244147158,-0.060759493670886074,-0.12119402985074627,324.5,4618.0,570.5
trade_imbalance_60s,absorption_ratio,2,0,126,0.8333333333333334,6.192460317460317,-0.05695364238410596,0.05161290322580645,-0.004352739709126442,14.0,87.14285714285714,64.38888888888889
trade_imbalance_60s,absorption_ratio,2,1,100,0.92,7.8525,-0.05953827460510328,0.05130751406818934,-0.008646932719257745,87.8,131.33333333333334,108.91666666666666
trade_imbalance_60s,absorption_ratio,2,2,117,0.8888888888888888,5.897435897435898,-0.05944055944055944,0.05304740406320542,-0.0020435967302452314,132.46153846153845,188.28571428571428,157.6
trade_imbalance_60s,absorption_ratio,2,3,117,0.8974358974358975,6.239316239316239,-0.05992217898832685,0.052507374631268436,0.008480104370515329,189.6,322.5,243.5
trade_imbalance_60s,absorption_ratio,2,4,141,0.9432624113475178,6.4787234042553195,-0.06023391812865497,0.05304010349288486,-0.001422475106685633,326.0,4316.0,555.5
trade_imbalance_60s,absorption_ratio,3,0,123,0.959349593495935,8.215447154471544,0.05388342387314638,0.17005545286506468,0.1073558648111332,2.4545454545454546,87.0,60.4
trade_imbalance_60s,absorption_ratio,3,1,109,0.8532110091743119,5.885321100917431,0.05362776025236593,0.16968130921619293,0.1063301613570542,87.73333333333333,132.0,110.93333333333334
trade_imbalance_60s,absorption_ratio,3,2,114,0.868421052631579,5.440789473684211,0.05460750853242321,0.16844547563805104,0.11287982512449836,132.33333333333334,188.58823529411765,157.55555555555554
trade_imbalance_60s,absorption_ratio,3,3,111,0.8738738738738738,5.6891891891891895,0.053309900410076154,0.16982152514872903,0.10702702702702703,189.27272727272728,322.0,247.0
trade_imbalance_60s,absorption_ratio,3,4,144,0.8680555555555556,5.550347222222222,0.053621825023518345,0.170018281535649,0.11074619526963995,324.0,3019.6,508.57142857142856
trade_imbalance_60s,absorption_ratio,4,0,85,0.8588235294117647,5.061764705882353,0.17048346055979643,0.5015641293013556,0.2283464566929134,21.2,87.23076923076923,68.8
trade_imbalance_60s,absorption_ratio,4,1,132,0.7878787878787878,3.962121212121212,0.17023096663815226,0.7242380261248186,0.28136052514107157,87.83333333333333,132.1818181818182,108.0
trade_imbalance_60s,absorption_ratio,4,2,131,0.8091603053435115,3.6755725190839694,0.17345231455660903,0.940959409594096,0.2748735244519393,132.2,188.5,157.5
trade_imbalance_60s,absorption_ratio,4,3,137,0.8102189781021898,3.8448905109489053,0.17048794826572605,0.7955555555555556,0.25763358778625955,188.75,322.0,238.5
trade_imbalance_60s,absorption_ratio,4,4,116,0.8103448275862069,3.8922413793103448,0.17021836358852935,0.6930091185410334,0.24334188948740437,324.0,2678.0,484.07142857142856
trade_imbalance_60s,microprice_pressure,0,0,33,0.9393939393939394,14.583333333333334,-0.6520566419420094,-0.18096694056946303,-0.26853582554517136,-0.42307692307804246,-0.06830601092951838,-0.1000000000003638
trade_imbalance_60s,microprice_pressure,0,1,96,0.84375,4.075520833333333,-0.5688847235238987,-0.17609254498714652,-0.2552931456653139,-0.06756756756779699,-0.013274336283454128,-0.02941176470631035
trade_imbalance_60s,microprice_pressure,0,2,151,0.8344370860927153,3.5347682119205297,-1.0,-0.17791013854719667,-0.2799198798197296,-0.012605042017336624,0.027027027026633732,0.0076923076921957545
trade_imbalance_60s,microprice_pressure,0,3,176,0.8465909090909091,3.481534090909091,-1.0,-0.1769651113913409,-0.26715139861190396,0.027272727272550885,0.08054711246222723,0.05053342412914692
trade_imbalance_60s,microprice_pressure,0,4,166,0.8493975903614458,4.248493975903615,-1.0,-0.17668711656441718,-0.26540284360189575,0.08088235294174713,0.45890410958903277,0.11556267806251222
trade_imbalance_60s,microprice_pressure,1,0,58,0.7931034482758621,6.336206896551724,-0.17570700046360685,-0.06023391812865497,-0.10792688185101687,-0.46666666666715173,-0.06896551724154658,-0.1131682042208316
trade_imbalance_60s,microprice_pressure,1,1,98,0.9183673469387755,5.98469387755102,-0.17591973244147158,-0.06051191004586477,-0.10989212971575976,-0.06451612903280572,-0.013761467889708001,-0.036297760210800334
trade_imbalance_60s,microprice_pressure,1,2,125,0.936,6.18,-0.1748099891422367,-0.05992217898832685,-0.11678832116788321,-0.013274336283454128,0.027131782945313414,0.00925925925912452
trade_imbalance_60s,microprice_pressure,1,3,149,0.87248322147651,5.625838926174497,-0.17547568710359407,-0.05944055944055944,-0.12160804020100502,0.027777777777373558,0.08088235294174713,0.05113636363603291
trade_imbalance_60s,microprice_pressure,1,4,192,0.9010416666666666,6.134114583333333,-0.1748768472906404,-0.05953827460510328,-0.11323903228100113,0.0813953488371529,0.3897637795271294,0.1285355537935781
trade_imbalance_60s,microprice_pressure,2,0,113,0.8672566371681416,6.95575221238938,-0.05911533691608103,0.05304740406320542,0.008684034736138945,-0.40604026845661184,-0.06896551724094024,-0.11458333333303017
trade_imbalance_60s,microprice_pressure,2,1,106,0.9056603773584906,4.900943396226415,-0.05822021116138763,0.05226480836236934,0.007711594802020239,-0.0666666666669092,-0.013513513513316866,-0.0329388560157895
trade_imbalance_60s,microprice_pressure,2,2,126,0.8809523809523809,6.470238095238095,-0.058213716108452954,0.052507374631268436,0.004988306712444644,-0.013274336283454128,0.027027027026633732,0.00589540851675944
trade_imbalance_60s,microprice_pressure,2,3,133,0.8947368421052632,6.052631578947368,-0.05829596412556054,0.053309900410076154,-0.003691983122362869,0.027472527472127695,0.08064516129040082,0.04814814814866016
trade_imbalance_60s,microprice_pressure,2,4,143,0.9300699300699301,7.486013986013986,-0.05871854363733714,0.05304010349288486,-0.011470985155195682,0.08139534883775923,0.4565217391306457,0.1321839080458934
trade_imbalance_60s,microprice_pressure,3,0,184,0.8804347826086957,6.388586956521739,0.05388342387314638,0.16982152514872903,0.11293348417971966,-0.44915254237275803,-0.06862745098017815,-0.11569230769237038
trade_imbalance_60s,microprice_pressure,3,1,137,0.8686131386861314,4.751824817518248,0.05627376425855513,0.16968130921619293,0.1064516129032258,-0.06692913385813881,-0.013513513513316866,-0.037777777778198164
trade_imbalance_60s,microprice_pressure,3,2,123,0.9105691056910569,5.538617886178862,0.053621825023518345,0.16978309648466716,0.10218889829483614,-0.013089005235087825,0.027027027026633732,0.004854368932380264
trade_imbalance_60s,microprice_pressure,3,3,102,0.8627450980392157,6.715686274509804,0.05434076639965361,0.16903852828878863,0.11129126694590821,0.02739726027357392,0.08064516129040082,0.05278637770910185
trade_imbalance_60s,microprice_pressure,3,4,76,0.9210526315789473,8.131578947368421,0.05576400569284513,0.1697936210131332,0.11290668094791806,0.08181818181765266,0.34033613445353694,0.12192192192166354
trade_imbalance_60s,microprice_pressure,4,0,234,0.8461538461538461,4.060897435897436,0.17048794826572605,0.8160237388724035,0.25549864293184255,-0.4770114942530199,-0.06756756756840332,-0.11123241145044933
trade_imbalance_60s,microprice_pressure,4,1,185,0.745945945945946,3.4108108108108106,0.17005545286506468,0.940959409594096,0.27491961414790994,-0.06756756756779699,-0.013513513513316866,-0.0401069518714697
trade_imbalance_60s,microprice_pressure,4,2,96,0.8333333333333334,4.286458333333333,0.17109067017082785,0.563971340839304,0.2629709222866299,-0.013157894736650633,0.027027027026633732,0.007440476190216335
trade_imbalance_60s,microprice_pressure,4,3,62,0.8225806451612904,4.120967741935484,0.17023096663815226,0.6476476476476476,0.24566776988462863,0.027272727272550885,0.08064516129040082,0.046306306306481325
trade_imbalance_60s,microprice_pressure,4,4,44,0.8181818181818182,5.113636363636363,0.170018281535649,0.5621788283658787,0.23360622702544862,0.0813953488371529,0.4166666666666667,0.1195540388932083
trade_imbalance_60s,cvd_acceleration,0,0,222,0.8783783783783784,5.509009009009009,-1.0,-0.17672600955275727,-0.286185905715743,-312.6666666666667,-29.066666666666666,-50.74999999999999
trade_imbalance_60s,cvd_acceleration,0,1,186,0.8602150537634409,3.5618279569892475,-1.0,-0.17672183662573412,-0.2697093777290177,-28.89999999999999,-9.466666666666667,-18.700000000000003
trade_imbalance_60s,cvd_acceleration,0,2,137,0.7591240875912408,3.7755474452554743,-1.0,-0.17781402936378465,-0.26515151515151514,-9.433333333333332,4.7666666666666675,-2.8
trade_imbalance_60s,cvd_acceleration,0,3,61,0.8688524590163934,4.065573770491803,-0.6724470134874759,-0.18191232309285468,-0.2570093457943925,5.066666666666666,22.966666666666665,10.933333333333332
trade_imbalance_60s,cvd_acceleration,0,4,20,1.0,4.4125,-1.0,-0.19241192411924118,-0.25073226403107834,25.400000000000002,54.733333333333334,31.033333333333335
trade_imbalance_60s,cvd_acceleration,1,0,201,0.8905472636815921,6.587064676616915,-0.17547568710359407,-0.05953827460510328,-0.1263044260525369,-383.53333333333336,-28.933333333333337,-49.766666666666666
trade_imbalance_60s,cvd_acceleration,1,1,162,0.8765432098765432,5.2253086419753085,-0.17609254498714652,-0.05911533691608103,-0.11894226018500648,-28.833333333333332,-9.5,-18.93333333333333
trade_imbalance_60s,cvd_acceleration,1,2,137,0.927007299270073,5.9416058394160585,-0.17668711656441718,-0.05992217898832685,-0.10325581395348837,-9.233333333333334,5.0,-2.5666666666666664
trade_imbalance_60s,cvd_acceleration,1,3,80,0.8875,5.921875,-0.1743486973947896,-0.062106210621062106,-0.10875779204961003,5.066666666666666,23.766666666666666,13.1
trade_imbalance_60s,cvd_acceleration,1,4,46,0.8913043478260869,7.282608695652174,-0.17391304347826086,-0.06023391812865497,-0.0874500227379566,25.5,87.86666666666667,41.61666666666667
trade_imbalance_60s,cvd_acceleration,2,0,114,0.9210526315789473,6.557017543859649,-0.05822021116138763,0.05204928337943173,-0.013621651446242769,-245.83333333333331,-29.0,-43.21666666666667
trade_imbalance_60s,cvd_acceleration,2,1,147,0.9183673469387755,5.414965986394558,-0.058213716108452954,0.053621825023518345,-0.0007358351729212656,-28.866666666666667,-9.566666666666668,-17.433333333333334
trade_imbalance_60s,cvd_acceleration,2,2,125,0.872,6.214,-0.05829596412556054,0.053309900410076154,0.0013550135501355014,-9.4,4.866666666666667,-2.2333333333333334
trade_imbalance_60s,cvd_acceleration,2,3,131,0.8778625954198473,7.148854961832061,-0.05871854363733714,0.05304740406320542,0.005050505050505051,5.0,24.53333333333333,13.633333333333335
trade_imbalance_60s,cvd_acceleration,2,4,108,0.8888888888888888,6.944444444444445,-0.05606407322654462,0.05279187817258883,0.008582069553327137,24.799999999999997,737.2666666666667,40.266666666666666
trade_imbalance_60s,cvd_acceleration,3,0,61,0.9016393442622951,5.786885245901639,0.0571263704558569,0.1662971175166297,0.0978494623655914,-111.06666666666666,-28.966666666666665,-42.7
trade_imbalance_60s,cvd_acceleration,3,1,78,0.8461538461538461,6.394230769230769,0.05378020265003897,0.170018281535649,0.09738604303341378,-28.566666666666666,-9.433333333333334,-18.21666666666667
trade_imbalance_60s,cvd_acceleration,3,2,108,0.8703703703703703,5.949074074074074,0.05473372781065089,0.1697936210131332,0.10861502687312644,-9.333333333333334,4.933333333333334,-2.383333333333333
trade_imbalance_60s,cvd_acceleration,3,3,178,0.9101123595505618,6.140449438202247,0.05362776025236593,0.16844547563805104,0.11566283292978208,5.0,24.566666666666666,12.899999999999999
trade_imbalance_60s,cvd_acceleration,3,4,201,0.8855721393034826,6.167910447761194,0.05388342387314638,0.17005545286506468,0.11280653950953679,24.83333333333333,583.2666666666667,47.800000000000004
trade_imbalance_60s,cvd_acceleration,4,0,28,0.7857142857142857,5.651785714285714,0.1766839378238342,0.5899198167239404,0.24728780909279124,-105.7,-29.166666666666668,-41.93333333333334
trade_imbalance_60s,cvd_acceleration,4,1,53,0.8490566037735849,4.061320754716981,0.17023096663815226,0.6525934861278649,0.25303867403314917,-27.4,-9.9,-18.53333333333333
trade_imbalance_60s,cvd_acceleration,4,2,118,0.847457627118644,3.5338983050847457,0.17048346055979643,0.7955555555555556,0.2728581314878893,-9.433333333333334,4.833333333333336,-0.4833333333333334
trade_imbalance_60s,cvd_acceleration,4,3,176,0.7784090909090909,3.742897727272727,0.17021836358852935,0.940959409594096,0.2568183655856086,5.4,24.53333333333333,15.116666666666667
trade_imbalance_60s,cvd_acceleration,4,4,250,0.808,4.194,0.17050691244239632,0.8160237388724035,0.25493539941375676,24.800000000000004,407.93333333333334,51.63333333333334
trade_imbalance_60s,trade_sign_autocorr_60s,0,0,99,0.8080808080808081,8.015151515151516,-0.9375,-0.17570700046360685,-0.2824803149606299,0.483606557377049,0.8782260770211459,0.8520087200249143
trade_imbalance_60s,trade_sign_autocorr_60s,0,1,107,0.9158878504672897,4.2172897196261685,-0.6140724946695096,-0.17547568710359407,-0.2797147385103011,0.878381968350633,0.8994834566522417,0.8910198058338297
trade_imbalance_60s,trade_sign_autocorr_60s,0,2,130,0.9076923076923077,4.296153846153846,-0.5736040609137056,-0.17791013854719667,-0.2666967006958679,0.899622631038595,0.9136639248447409,0.9071016883692706
trade_imbalance_60s,trade_sign_autocorr_60s,0,3,123,0.8373983739837398,3.6402439024390243,-0.5989717223650386,-0.17668711656441718,-0.25573192239858905,0.9138951911903107,0.9273024252129685,0.9194604938725904
trade_imbalance_60s,trade_sign_autocorr_60s,0,4,166,0.8132530120481928,3.0180722891566263,-0.635036496350365,-0.17609254498714652,-0.2663668639053255,0.927350478421248,0.9971126921000345,0.9370076925518286
trade_imbalance_60s,trade_sign_autocorr_60s,1,0,131,0.9236641221374046,9.564885496183207,-0.1724137931034483,-0.05825667980727114,-0.11446833236490413,0.5924525913403632,0.8781939359049671,0.8503664184911767
trade_imbalance_60s,trade_sign_autocorr_60s,1,1,115,0.9043478260869565,5.8304347826086955,-0.17490494296577946,-0.05871854363733714,-0.11015288122304978,0.8782916874076097,0.8990423879213628,0.8905013703234463
trade_imbalance_60s,trade_sign_autocorr_60s,1,2,126,0.8571428571428571,4.9523809523809526,-0.17362858580775037,-0.06023391812865497,-0.10824674657496813,0.8995962525170647,0.9137557144531679,0.9073598030277809
trade_imbalance_60s,trade_sign_autocorr_60s,1,3,138,0.9202898550724637,5.5851449275362315,-0.1752708731676227,-0.05829596412556054,-0.12229850006555061,0.913812181126986,0.9272513816422422,0.920952782816925
trade_imbalance_60s,trade_sign_autocorr_60s,1,4,114,0.8596491228070176,4.18859649122807,-0.17503059975520197,-0.05944055944055944,-0.11524372831748697,0.9274331268268172,0.9663420442056408,0.9377151457118511
trade_imbalance_60s,trade_sign_autocorr_60s,2,0,141,0.9148936170212766,10.306737588652481,-0.057912209516783476,0.05388342387314638,-0.0013000827325375251,0.49843118737158887,0.878218035380426,0.8535784331865426
trade_imbalance_60s,trade_sign_autocorr_60s,2,1,120,0.875,5.947916666666667,-0.05799185238437575,0.05378020265003897,-0.003132469065823122,0.8784712261800376,0.8994217598252002,0.8885158917028719
trade_imbalance_60s,trade_sign_autocorr_60s,2,2,114,0.9649122807017544,6.184210526315789,-0.05732292917166867,0.05362776025236593,-0.003202422494198386,0.8995596561123912,0.9136657084702788,0.9064668196816504
trade_imbalance_60s,trade_sign_autocorr_60s,2,3,135,0.8666666666666667,4.803703703703704,-0.058213716108452954,0.05226480836236934,0.0,0.9138020069026008,0.9272512077294699,0.9201509484054168
trade_imbalance_60s,trade_sign_autocorr_60s,2,4,115,0.8608695652173913,4.1869565217391305,-0.05822021116138763,0.05204928337943173,0.0049261083743842365,0.9274017829768296,0.9650145029165226,0.9376681764643873
trade_imbalance_60s,trade_sign_autocorr_60s,3,0,146,0.9246575342465754,10.63527397260274,0.05434782608695652,0.1697936210131332,0.1045414332977962,0.5597464439006082,0.8782127856089823,0.8575188905170867
trade_imbalance_60s,trade_sign_autocorr_60s,3,1,140,0.8714285714285714,5.189285714285714,0.0576234788833214,0.17021836358852935,0.11406849899445426,0.8783524904214696,0.8995254508431983,0.888904254834127
trade_imbalance_60s,trade_sign_autocorr_60s,3,2,121,0.9008264462809917,5.074380165289257,0.05429864253393665,0.16903852828878863,0.10287539936102237,0.8995865833485289,0.913700488364312,0.9076664545019565
trade_imbalance_60s,trade_sign_autocorr_60s,3,3,114,0.8508771929824561,4.473684210526316,0.056833558863328824,0.16978309648466716,0.12320554072759489,0.9137684913004381,0.9270968025685004,0.9200815598971352
trade_imbalance_60s,trade_sign_autocorr_60s,3,4,103,0.8737864077669902,3.912621359223301,0.056218057921635436,0.17005545286506468,0.10461718293395675,0.9274865248404601,0.9660079051383393,0.9376635511421398
trade_imbalance_60s,trade_sign_autocorr_60s,4,0,108,0.8055555555555556,4.784722222222222,0.17220543806646527,0.940959409594096,0.2582235795635299,-0.09759000729485333,0.8782587399349803,0.8562473609635396
trade_imbalance_60s,trade_sign_autocorr_60s,4,1,142,0.852112676056338,4.107394366197183,0.17023096663815226,0.6705882352941176,0.2590495570364157,0.8782695350366768,0.8995392838771802,0.8909789612161316
trade_imbalance_60s,trade_sign_autocorr_60s,4,2,134,0.7985074626865671,4.009328358208955,0.17050938337801608,0.6476476476476476,0.2686265401084377,0.8996056666952182,0.913369032798289,0.9066998552030007
trade_imbalance_60s,trade_sign_autocorr_60s,4,3,114,0.7894736842105263,3.787280701754386,0.1710455764075067,0.6480282519128899,0.2425973580373992,0.9138859783536939,0.9272787943844172,0.9196803542144394
trade_imbalance_60s,trade_sign_autocorr_60s,4,4,126,0.7936507936507936,3.392857142857143,0.17048346055979643,0.7106673161227473,0.2563296723927532,0.927355853483879,0.9704345027891362,0.937804138584132
wall_persistence_2s,convexity_imbalance,0,0,103,0.7281553398058253,7.320388349514563,0.0,0.0,0.0,-2.482902658946216,-0.2961956521739131,-0.4974496288441145
wall_persistence_2s,convexity_imbalance,0,1,132,0.7878787878787878,3.183712121212121,0.0,0.0,0.0,-0.2907383136740934,-0.060977269633864184,-0.16138986485240503
wall_persistence_2s,convexity_imbalance,0,2,128,0.828125,3.814453125,0.0,0.0,0.0,-0.058706496352469606,0.13308913308913306,0.040725721147863325
wall_persistence_2s,convexity_imbalance,0,3,142,0.7394366197183099,3.0985915492957745,0.0,0.0,0.0,0.13447079236552928,0.3778139542532025,0.2309675753965344
wall_persistence_2s,convexity_imbalance,0,4,119,0.8487394957983193,3.7436974789915967,0.0,0.0,0.0,0.37860043736332405,2.619455782312925,0.5204752374224944
wall_persistence_2s,convexity_imbalance,1,0,87,0.8390804597701149,4.807471264367816,0.0,0.059587471352177235,0.02097902097902098,-3.7849942726231394,-0.30000000000000004,-0.48774389244138394
wall_persistence_2s,convexity_imbalance,1,1,121,0.8677685950413223,4.109504132231405,0.0,0.05966850828729282,0.013333333333333334,-0.2930622009569378,-0.061884816753926764,-0.17186494684273423
wall_persistence_2s,convexity_imbalance,1,2,142,0.8943661971830986,4.926056338028169,0.0,0.05925925925925926,0.01229260935143288,-0.05734609089764575,0.13349875930521105,0.04980518226220376
wall_persistence_2s,convexity_imbalance,1,3,130,0.9,4.9788461538461535,0.0,0.06015037593984962,0.020078837152007884,0.13518609608132492,0.3760988660975919,0.23096310657467078
wall_persistence_2s,convexity_imbalance,1,4,144,0.8888888888888888,4.684027777777778,0.0,0.05925925925925926,0.02187786685812293,0.38257516747156883,3.6824027503660783,0.587250322814016
wall_persistence_2s,convexity_imbalance,2,0,94,0.8936170212765957,5.843085106382978,0.06130268199233716,0.15568862275449102,0.1020061943207127,-3.4033932218933676,-0.29367870314778277,-0.4806732204903661
wall_persistence_2s,convexity_imbalance,2,1,110,0.9181818181818182,5.547727272727273,0.0603448275862069,0.15632754342431762,0.10734766064633688,-0.29180343466057745,-0.06050543141779685,-0.17401100223985638
wall_persistence_2s,convexity_imbalance,2,2,118,0.9067796610169492,5.088983050847458,0.060353798126951096,0.15625,0.10453489336984483,-0.058232489915658325,0.1286342976697208,0.041458397199367725
wall_persistence_2s,convexity_imbalance,2,3,159,0.8679245283018868,4.727987421383648,0.060240963855421686,0.15643564356435644,0.10759493670886076,0.13499677627337214,0.37681159420289845,0.24874917709019084
wall_persistence_2s,convexity_imbalance,2,4,142,0.8943661971830986,6.214788732394366,0.06060606060606061,0.15384615384615385,0.10644963472511065,0.37974801898038857,2.5457454819277108,0.5916731640764262
wall_persistence_2s,convexity_imbalance,3,0,140,0.8857142857142857,6.898214285714285,0.15766738660907129,0.2879581151832461,0.22321048901488305,-8.092609983385104,-0.29935720844811753,-0.5554472871091336
wall_persistence_2s,convexity_imbalance,3,1,136,0.9044117647058824,5.0900735294117645,0.15682656826568267,0.28837209302325584,0.22064834108030135,-0.2851690294438386,-0.05887300252312877,-0.1675962319656275
wall_persistence_2s,convexity_imbalance,3,2,125,0.856,6.168,0.15644820295983086,0.28865979381443296,0.2095006090133983,-0.05555555555555558,0.13362282878411913,0.0359499755580901
wall_persistence_2s,convexity_imbalance,3,3,109,0.8990825688073395,6.410550458715596,0.1568627450980392,0.28862478777589134,0.2052401746724891,0.1369091518605431,0.37853461674801614,0.25731895223420653
wall_persistence_2s,convexity_imbalance,3,4,114,0.8859649122807017,6.7631578947368425,0.15698924731182795,0.28879310344827586,0.20858367077879275,0.380506442912796,10.234359483614698,0.5793955469563183
wall_persistence_2s,convexity_imbalance,4,0,200,0.87,6.445,0.2892609699769053,0.6733333333333333,0.37557315919998574,-3.649706718805545,-0.2961860465116279,-0.5385988504551857
wall_persistence_2s,convexity_imbalance,4,1,125,0.904,6.3,0.2894736842105263,0.6381578947368421,0.3627450980392157,-0.29167974882260606,-0.06586350056260426,-0.16776455588610273
wall_persistence_2s,convexity_imbalance,4,2,110,0.8636363636363636,6.045454545454546,0.29411764705882354,0.5711206896551724,0.3762892108771665,-0.05808357312011403,0.12693489306392514,0.023495989304812892
wall_persistence_2s,convexity_imbalance,4,3,84,0.9285714285714286,6.875,0.29056603773584905,0.5630252100840336,0.3549245595430783,0.13362686606049556,0.3778542950344328,0.22981937375511496
wall_persistence_2s,convexity_imbalance,4,4,104,0.9230769230769231,7.064903846153846,0.2894736842105263,0.5668202764976958,0.3590910132703812,0.3791470051165229,2.558865248226951,0.558043545053349
wall_persistence_2s,liquidity_compression,0,0,136,0.8308823529411765,3.917279411764706,0.0,0.0,0.0,0.23224043715846995,0.6638655462184874,0.6063651829871415
wall_persistence_2s,liquidity_compression,0,1,156,0.8205128205128205,3.2868589743589745,0.0,0.0,0.0,0.6666666666666666,0.7516973811833172,0.7153577139509051
wall_persistence_2s,liquidity_compression,0,2,135,0.8148148148148148,3.248148148148148,0.0,0.0,0.0,0.7525510204081632,0.8312182741116751,0.7886944818304172
wall_persistence_2s,liquidity_compression,0,3,110,0.7181818181818181,3.5454545454545454,0.0,0.0,0.0,0.8318098720292505,0.924643584521385,0.8783951268393018
wall_persistence_2s,liquidity_compression,0,4,87,0.7011494252873564,7.747126436781609,0.0,0.0,0.0,0.930672268907563,1.8803571428571428,0.9895104895104895
wall_persistence_2s,liquidity_compression,1,0,91,0.9010989010989011,5.434065934065934,0.0,0.05925925925925926,0.024154589371980676,0.14410480349344978,0.6638418079096046,0.6118143459915611
wall_persistence_2s,liquidity_compression,1,1,107,0.897196261682243,4.577102803738318,0.0,0.06015037593984962,0.031914893617021274,0.6654929577464789,0.7508250825082509,0.7116154873164219
wall_persistence_2s,liquidity_compression,1,2,132,0.8333333333333334,4.244318181818182,0.0,0.059369202226345084,0.0161787566458962,0.7526881720430108,0.83,0.793800760324866
wall_persistence_2s,liquidity_compression,1,3,154,0.9090909090909091,4.444805194805195,0.0,0.05966850828729282,0.009274655963302753,0.8312829525483304,0.9274924471299094,0.8794699872286079
wall_persistence_2s,liquidity_compression,1,4,140,0.8714285714285714,5.055357142857143,0.0,0.058823529411764705,0.01518288474810214,0.9291217257318952,3.921985815602837,0.9989224137931034
wall_persistence_2s,liquidity_compression,2,0,136,0.9117647058823529,6.819852941176471,0.060353798126951096,0.15643564356435644,0.11062765423464985,0.2242152466367713,0.6647727272727273,0.5923509521802821
wall_persistence_2s,liquidity_compression,2,1,124,0.8870967741935484,5.058467741935484,0.06060606060606061,0.15625,0.10170034263024752,0.6666666666666666,0.7513368983957219,0.714818324704142
wall_persistence_2s,liquidity_compression,2,2,120,0.8916666666666667,4.70625,0.06227106227106227,0.15625,0.11006035362121727,0.7518796992481203,0.8303030303030303,0.7851746613159525
wall_persistence_2s,liquidity_compression,2,3,118,0.8813559322033898,4.540254237288136,0.060240963855421686,0.15555555555555556,0.10191496267445635,0.8326848249027238,0.9240506329113924,0.8689600346896004
wall_persistence_2s,liquidity_compression,2,4,125,0.896,5.912,0.06103286384976526,0.15632754342431762,0.10706638115631692,0.9279778393351801,2.29247311827957,1.0077519379844961
wall_persistence_2s,liquidity_compression,3,0,130,0.9307692307692308,7.407692307692308,0.15682656826568267,0.2879581151832461,0.21240909879639708,0.15661016949152542,0.6641509433962264,0.5801212912503785
wall_persistence_2s,liquidity_compression,3,1,124,0.8709677419354839,6.889112903225806,0.15942028985507245,0.28860294117647056,0.2162678443052275,0.664804469273743,0.7513227513227513,0.7135785007072135
wall_persistence_2s,liquidity_compression,3,2,115,0.8695652173913043,5.2043478260869565,0.1568627450980392,0.2882882882882883,0.2159090909090909,0.7522935779816514,0.8305555555555556,0.7906976744186046
wall_persistence_2s,liquidity_compression,3,3,114,0.868421052631579,4.831140350877193,0.1566265060240964,0.28865979381443296,0.21134808853118714,0.8315789473684211,0.9272727272727272,0.870157238712868
wall_persistence_2s,liquidity_compression,3,4,141,0.8865248226950354,6.611702127659575,0.15644820295983086,0.28879310344827586,0.21428571428571427,0.9290322580645162,3.9269662921348316,1.018181818181818
wall_persistence_2s,liquidity_compression,4,0,131,0.9236641221374046,8.278625954198473,0.2896039603960396,0.6733333333333333,0.373134328358209,0.12907268170426064,0.6640625,0.5689655172413793
wall_persistence_2s,liquidity_compression,4,1,113,0.9292035398230089,6.480088495575221,0.2900188323917137,0.5887850467289719,0.36024844720496896,0.6652601969057665,0.7512437810945274,0.7043478260869566
wall_persistence_2s,liquidity_compression,4,2,121,0.8677685950413223,6.452479338842975,0.29591836734693877,0.562874251497006,0.375,0.75177304964539,0.8305369127516778,0.7923976608187134
wall_persistence_2s,liquidity_compression,4,3,128,0.890625,5.525390625,0.2894736842105263,0.6381578947368421,0.36393738711619505,0.8325,0.9265175718849841,0.8677835133166545
wall_persistence_2s,liquidity_compression,4,4,130,0.8538461538461538,5.7615384615384615,0.2892609699769053,0.5596330275229358,0.36432358138621634,0.9278688524590164,1.9166666666666667,1.0338333669953301
wall_persistence_2s,replenishment_rate_near_5s,0,0,291,0.7079037800687286,2.8135738831615122,0.0,0.0,0.0,0.0,58.4,37.6
wall_persistence_2s,replenishment_rate_near_5s,0,1,167,0.844311377245509,3.940119760479042,0.0,0.0,0.0,59.4,96.2,76.0
wall_persistence_2s,replenishment_rate_near_5s,0,2,98,0.8571428571428571,3.931122448979592,0.0,0.0,0.0,96.4,149.6,125.3
wall_persistence_2s,replenishment_rate_near_5s,0,3,49,0.8775510204081632,4.739795918367347,0.0,0.0,0.0,150.8,245.6,182.2
wall_persistence_2s,replenishment_rate_near_5s,0,4,19,0.8947368421052632,23.88157894736842,0.0,0.0,0.0,247.8,638.8,303.2
wall_persistence_2s,replenishment_rate_near_5s,1,0,159,0.8176100628930818,3.1635220125786163,0.0,0.06015037593984962,0.0,0.8,59.0,38.4
wall_persistence_2s,replenishment_rate_near_5s,1,1,149,0.9060402684563759,4.968120805369128,0.0,0.05963302752293578,0.01282051282051282,59.2,96.0,75.4
wall_persistence_2s,replenishment_rate_near_5s,1,2,114,0.9035087719298246,5.296052631578948,0.0,0.05925925925925926,0.025,96.6,150.2,121.1
wall_persistence_2s,replenishment_rate_near_5s,1,3,125,0.912,5.242,0.0,0.058919803600654665,0.03380281690140845,150.2,246.4,188.6
wall_persistence_2s,replenishment_rate_near_5s,1,4,76,0.8947368421052632,5.707236842105263,0.0013513513513513514,0.05966850828729282,0.03414605714951821,247.6,4126.8,336.5
wall_persistence_2s,replenishment_rate_near_5s,2,0,70,0.8714285714285714,3.2642857142857142,0.0603448275862069,0.15555555555555556,0.10818713450292397,3.0,59.0,45.400000000000006
wall_persistence_2s,replenishment_rate_near_5s,2,1,105,0.9047619047619048,4.238095238095238,0.060240963855421686,0.15625,0.10909090909090909,59.4,96.0,81.2
wall_persistence_2s,replenishment_rate_near_5s,2,2,144,0.9097222222222222,5.465277777777778,0.06072874493927125,0.15625,0.09912749891088629,96.4,150.0,124.69999999999999
wall_persistence_2s,replenishment_rate_near_5s,2,3,158,0.879746835443038,5.80379746835443,0.06040268456375839,0.15632754342431762,0.10645289860735554,151.0,246.2,189.60000000000002
wall_persistence_2s,replenishment_rate_near_5s,2,4,147,0.891156462585034,6.918367346938775,0.060353798126951096,0.15644820295983086,0.11401425178147269,247.6,5137.0,364.0
wall_persistence_2s,replenishment_rate_near_5s,3,0,55,0.8,3.75,0.1566265060240964,0.2882882882882883,0.21008403361344538,7.6,58.6,42.2
wall_persistence_2s,replenishment_rate_near_5s,3,1,111,0.8648648648648649,3.945945945945946,0.1568627450980392,0.28865979381443296,0.21578947368421053,59.2,96.0,78.0
wall_persistence_2s,replenishment_rate_near_5s,3,2,139,0.8705035971223022,5.046762589928058,0.15766738660907129,0.2839506172839506,0.21145374449339208,96.6,149.8,118.0
wall_persistence_2s,replenishment_rate_near_5s,3,3,135,0.9259259259259259,7.85,0.15745192307692307,0.28837209302325584,0.21238938053097345,150.6,247.2,188.6
wall_persistence_2s,replenishment_rate_near_5s,3,4,183,0.912568306010929,8.158469945355192,0.15682656826568267,0.28879310344827586,0.2196078431372549,248.6,3806.8,360.8
wall_persistence_2s,replenishment_rate_near_5s,4,0,49,0.7755102040816326,3.5510204081632653,0.2925170068027211,0.6733333333333333,0.35185185185185186,14.2,58.8,48.0
wall_persistence_2s,replenishment_rate_near_5s,4,1,91,0.8901098901098901,4.343406593406593,0.2943396226415094,0.5630252100840336,0.3702127659574468,59.0,96.2,78.4
wall_persistence_2s,replenishment_rate_near_5s,4,2,129,0.875968992248062,5.236434108527132,0.2901960784313726,0.5585585585585585,0.3603411513859275,96.8,150.2,116.2
wall_persistence_2s,replenishment_rate_near_5s,4,3,156,0.8974358974358975,7.435897435897436,0.2899543378995434,0.5711206896551724,0.3685959083755901,150.8,247.2,190.7
wall_persistence_2s,replenishment_rate_near_5s,4,4,198,0.9292929292929293,8.328282828282829,0.2892609699769053,0.5693160813308688,0.37277455856184694,249.2,5341.2,377.0
wall_persistence_2s,impact_asymmetry_10s,0,0,141,0.8085106382978723,6.445035460992908,0.0,0.0,0.0,-0.03571428571428571,-0.003048780487804878,-0.004201680672268907
wall_persistence_2s,impact_asymmetry_10s,0,1,143,0.8391608391608392,3.449300699300699,0.0,0.0,0.0,-0.003048780487804878,-0.0015822784810126582,-0.0022277227722772275
wall_persistence_2s,impact_asymmetry_10s,0,2,158,0.8164556962025317,3.5253164556962027,0.0,0.0,0.0,-0.0015337423312883436,0.0006793478260869565,-0.000774060582822086
wall_persistence_2s,impact_asymmetry_10s,0,3,101,0.7128712871287128,2.871287128712871,0.0,0.0,0.0,0.0007048872180451127,0.002305327868852459,0.0013636363636363637
wall_persistence_2s,impact_asymmetry_10s,0,4,78,0.6923076923076923,3.3974358974358974,0.0,0.0,0.0,0.0023148148148148147,0.025,0.003926701570680628
wall_persistence_2s,impact_asymmetry_10s,1,0,170,0.888235294117647,4.894117647058824,0.0,0.060240963855421686,0.020356365896612452,-0.10185185185185185,-0.0030602636534839923,-0.004363638671676653
wall_persistence_2s,impact_asymmetry_10s,1,1,190,0.8894736842105263,4.631578947368421,0.0,0.05963302752293578,0.015082081986515915,-0.003048780487804878,-0.0015350877192982456,-0.002266092014884224
wall_persistence_2s,impact_asymmetry_10s,1,2,133,0.8796992481203008,4.704887218045113,0.0,0.05925925925925926,0.02336448598130841,-0.0015290519877675841,0.0006925207756232687,-0.0007961783439490446
wall_persistence_2s,impact_asymmetry_10s,1,3,71,0.8873239436619719,4.440140845070423,0.0,0.059587471352177235,0.020689655172413793,0.000749400479616307,0.0023006134969325155,0.0015182186234817814
wall_persistence_2s,impact_asymmetry_10s,1,4,57,0.8245614035087719,4.355263157894737,0.0,0.060353798126951096,0.0,0.002336448598130841,0.022058823529411766,0.003472222222222222
wall_persistence_2s,impact_asymmetry_10s,2,0,174,0.9137931034482759,5.216954022988506,0.06060606060606061,0.15643564356435644,0.1046915858574853,-0.03125,-0.003096846846846847,-0.00448439510939511
wall_persistence_2s,impact_asymmetry_10s,2,1,182,0.8901098901098901,4.990384615384615,0.06072874493927125,0.15517241379310345,0.10564306661080855,-0.003033980582524272,-0.0015359168241965973,-0.002324441562852159
wall_persistence_2s,impact_asymmetry_10s,2,2,119,0.8907563025210085,5.285714285714286,0.06040268456375839,0.15492957746478872,0.10638297872340426,-0.001524390243902439,0.0006875214850464077,-0.0009380863039399625
wall_persistence_2s,impact_asymmetry_10s,2,3,78,0.8333333333333334,4.727564102564102,0.06177606177606178,0.15682656826568267,0.11121794871794871,0.0007075471698113207,0.0023006134969325155,0.0014912010245707239
wall_persistence_2s,impact_asymmetry_10s,2,4,68,0.9117647058823529,8.430147058823529,0.06202090592334495,0.15625,0.10879853292055292,0.0023062730627306273,0.019712601326455418,0.0035443773996652775
wall_persistence_2s,impact_asymmetry_10s,3,0,104,0.9134615384615384,8.661057692307692,0.15698924731182795,0.28862478777589134,0.2010452961672474,-0.16176470588235295,-0.003048780487804878,-0.004599493834360939
wall_persistence_2s,impact_asymmetry_10s,3,1,81,0.8395061728395061,4.743827160493828,0.1588785046728972,0.2892609699769053,0.1956521739130435,-0.0030160857908847183,-0.0015337423312883436,-0.0022361359570661895
wall_persistence_2s,impact_asymmetry_10s,3,2,123,0.9024390243902439,5.969512195121951,0.1568627450980392,0.2878787878787879,0.21142857142857144,-0.001524390243902439,0.0006868131868131869,-0.00033692722371967657
wall_persistence_2s,impact_asymmetry_10s,3,3,153,0.8562091503267973,5.11437908496732,0.15822784810126583,0.2894736842105263,0.21739130434782608,0.0007374631268436578,0.0022988505747126436,0.0015484234234234234
wall_persistence_2s,impact_asymmetry_10s,3,4,160,0.91875,6.8375,0.15767634854771784,0.28865979381443296,0.23147827258899864,0.0023234200743494425,0.05,0.003484265506793807
wall_persistence_2s,impact_asymmetry_10s,4,0,32,0.90625,11.015625,0.2896039603960396,0.5585585585585585,0.35005693551811323,-0.017550143266475644,-0.003142637249871729,-0.004700929347688837
wall_persistence_2s,impact_asymmetry_10s,4,1,25,0.96,10.54,0.2951653944020356,0.5309090909090909,0.378419452887538,-0.002802690582959641,-0.0015337423312883436,-0.0020442156268927923
wall_persistence_2s,impact_asymmetry_10s,4,2,88,0.9204545454545454,6.5397727272727275,0.2925714285714286,0.6542056074766355,0.36360252835568563,-0.0014928343949044587,0.0007022471910112359,0.0
wall_persistence_2s,impact_asymmetry_10s,4,3,218,0.8853211009174312,5.479357798165138,0.2899543378995434,0.6733333333333333,0.37017268445839874,0.0007075471698113207,0.0023006134969325155,0.0015611073975044564
wall_persistence_2s,impact_asymmetry_10s,4,4,257,0.8793774319066148,6.461089494163424,0.2901960784313726,0.6381578947368421,0.37037037037037035,0.00230566534914361,0.012228260869565218,0.003458498023715415
wall_persistence_2s,flow_impact,0,0,173,0.7745664739884393,3.25,0.0,0.0,0.0,-0.25,0.0015737410071942446,0.0
wall_persistence_2s,flow_impact,0,1,158,0.759493670886076,2.819620253164557,0.0,0.0,0.0,0.0015923566878980893,0.003246753246753247,0.0023771850512356845
wall_persistence_2s,flow_impact,0,2,110,0.8454545454545455,3.5,0.0,0.0,0.0,0.003246753246753247,0.005184331797235023,0.004113689234718434
wall_persistence_2s,flow_impact,0,3,97,0.7938144329896907,4.610824742268041,0.0,0.0,0.0,0.005208333333333333,0.009057971014492754,0.006578947368421052
wall_persistence_2s,flow_impact,0,4,82,0.7926829268292683,8.125,0.0,0.0,0.0,0.009375,0.5,0.016666666666666666
wall_persistence_2s,flow_impact,1,0,121,0.8677685950413223,4.055785123966942,0.0,0.058823529411764705,0.010471204188481676,-0.875,0.0015822784810126582,-0.0008865248226950354
wall_persistence_2s,flow_impact,1,1,120,0.8666666666666667,4.139583333333333,0.0,0.0603448275862069,0.019904931669637554,0.0015822784810126582,0.003232758620689655,0.002454998392799743
wall_persistence_2s,flow_impact,1,2,145,0.8827586206896552,4.1,0.0,0.059587471352177235,0.01858736059479554,0.003246753246753247,0.005184331797235023,0.004032258064516129
wall_persistence_2s,flow_impact,1,3,117,0.905982905982906,5.799145299145299,0.0,0.060353798126951096,0.020134228187919462,0.005187747035573123,0.009146341463414634,0.006696428571428571
wall_persistence_2s,flow_impact,1,4,117,0.8803418803418803,5.467948717948718,0.0,0.060240963855421686,0.01948051948051948,0.009236453201970444,0.5,0.015625
wall_persistence_2s,flow_impact,2,0,108,0.8888888888888888,4.729166666666667,0.06040268456375839,0.1568627450980392,0.10522523888973154,-0.75,0.0015748031496062992,-0.0010246555880146224
wall_persistence_2s,flow_impact,2,1,111,0.8558558558558559,4.1058558558558556,0.06130268199233716,0.15682656826568267,0.11458333333333333,0.00159846547314578,0.0032407407407407406,0.002527216174183515
wall_persistence_2s,flow_impact,2,2,125,0.848,4.366,0.06072874493927125,0.15625,0.10552763819095477,0.003246753246753247,0.005169172932330827,0.004125412541254125
wall_persistence_2s,flow_impact,2,3,138,0.9057971014492754,5.878623188405797,0.06060606060606061,0.15643564356435644,0.09875356125356125,0.005208333333333333,0.009157509157509158,0.006890190972222222
wall_persistence_2s,flow_impact,2,4,138,0.9492753623188406,7.65036231884058,0.06077348066298342,0.15632754342431762,0.11470188994465907,0.009259259259259259,0.4583333333333333,0.014840996811545562
wall_persistence_2s,flow_impact,3,0,116,0.8793103448275862,5.612068965517241,0.15789473684210525,0.2878787878787879,0.21123670707220943,-0.5,0.0015782828282828283,-0.0020326546800634587
wall_persistence_2s,flow_impact,3,1,118,0.8389830508474576,4.908898305084746,0.15822784810126583,0.2894736842105263,0.21134808853118714,0.001644736842105263,0.003236914600550964,0.0023234521835268102
wall_persistence_2s,flow_impact,3,2,125,0.856,4.854,0.15798922800718132,0.2894736842105263,0.2052401746724891,0.003257328990228013,0.005154639175257732,0.004261363636363636
wall_persistence_2s,flow_impact,3,3,125,0.936,6.222,0.15873015873015872,0.28862478777589134,0.22395833333333334,0.005208333333333333,0.009159482758620689,0.006696428571428571
wall_persistence_2s,flow_impact,3,4,136,0.9264705882352942,9.323529411764707,0.15698924731182795,0.28865979381443296,0.217358024691358,0.009196185286103543,0.4166666666666667,0.015967445208766598
wall_persistence_2s,flow_impact,4,0,102,0.9019607843137255,5.16421568627451,0.2925170068027211,0.6542056074766355,0.3602947992954482,-0.3125,0.0015822784810126582,0.0
wall_persistence_2s,flow_impact,4,1,113,0.8761061946902655,4.827433628318584,0.2899543378995434,0.562874251497006,0.35714285714285715,0.0015822784810126582,0.0032287822878228783,0.0024834437086092716
wall_persistence_2s,flow_impact,4,2,115,0.8956521739130435,5.4021739130434785,0.2900188323917137,0.6733333333333333,0.36886993603411516,0.003246753246753247,0.005136986301369863,0.004143646408839779
wall_persistence_2s,flow_impact,4,3,143,0.8811188811188811,6.449300699300699,0.2905027932960894,0.6381578947368421,0.373134328358209,0.005208333333333333,0.00909090909090909,0.00663716814159292
wall_persistence_2s,flow_impact,4,4,147,0.9047619047619048,9.732993197278912,0.2896039603960396,0.5630252100840336,0.37628865979381443,0.009160756501182032,0.375,0.0136986301369863
wall_persistence_2s,absorption_ratio,0,0,121,0.743801652892562,6.667355371900826,0.0,0.0,0.0,17.333333333333332,87.66666666666667,62.333333333333336
wall_persistence_2s,absorption_ratio,0,1,126,0.7698412698412699,3.367063492063492,0.0,0.0,0.0,87.8,131.66666666666666,108.68253968253968
wall_persistence_2s,absorption_ratio,0,2,109,0.8256880733944955,3.621559633027523,0.0,0.0,0.0,133.0,188.0,157.33333333333334
wall_persistence_2s,absorption_ratio,0,3,120,0.8,3.004166666666667,0.0,0.0,0.0,188.75,322.6666666666667,250.5
wall_persistence_2s,absorption_ratio,0,4,125,0.816,3.73,0.0,0.0,0.0,324.4,2332.0,471.5
wall_persistence_2s,absorption_ratio,1,0,123,0.8861788617886179,4.5182926829268295,0.0,0.06224066390041494,0.01904761904761905,3.4545454545454546,87.6,62.285714285714285
wall_persistence_2s,absorption_ratio,1,1,136,0.9044117647058824,5.082720588235294,0.0,0.06206896551724138,0.026340288924558586,89.0,131.33333333333334,107.45833333333334
wall_persistence_2s,absorption_ratio,1,2,120,0.8916666666666667,4.647916666666666,0.0,0.06130268199233716,0.01855293955665703,132.33333333333334,188.66666666666666,157.46428571428572
wall_persistence_2s,absorption_ratio,1,3,116,0.8620689655172413,4.362068965517241,0.0,0.06227106227106227,0.017897897897897898,190.0,321.6,243.875
wall_persistence_2s,absorption_ratio,1,4,106,0.8773584905660378,5.0,0.0,0.06179775280898876,0.02304697867822702,326.0,3836.0,548.6
wall_persistence_2s,absorption_ratio,2,0,133,0.9172932330827067,6.725563909774436,0.06326034063260341,0.15798922800718132,0.10576923076923077,12.285714285714286,87.23076923076923,64.72727272727273
wall_persistence_2s,absorption_ratio,2,1,113,0.8672566371681416,5.15929203539823,0.06325301204819277,0.15643564356435644,0.10869565217391304,87.83333333333333,132.0,114.0
wall_persistence_2s,absorption_ratio,2,2,140,0.9071428571428571,5.0964285714285715,0.06382978723404255,0.1588785046728972,0.1115625813731447,132.5,188.58823529411765,155.06666666666666
wall_persistence_2s,absorption_ratio,2,3,107,0.8598130841121495,4.710280373831775,0.0625,0.15789473684210525,0.10180995475113122,189.6,319.0,231.4
wall_persistence_2s,absorption_ratio,2,4,108,0.8888888888888888,5.460648148148148,0.06234413965087282,0.15891472868217055,0.1157882590826172,324.0,4132.0,485.07142857142856
wall_persistence_2s,absorption_ratio,3,0,119,0.9159663865546218,7.554621848739496,0.15986584684181107,0.2857142857142857,0.21604938271604937,2.4545454545454546,87.71428571428571,70.70967741935483
wall_persistence_2s,absorption_ratio,3,1,120,0.85,7.06875,0.1591549295774648,0.2905027932960894,0.21808417634569752,87.73333333333333,132.0,108.29166666666666
wall_persistence_2s,absorption_ratio,3,2,98,0.8775510204081632,5.576530612244898,0.16044776119402984,0.2896039603960396,0.22302403262189832,133.11111111111111,188.0,158.6470588235294
wall_persistence_2s,absorption_ratio,3,3,133,0.8872180451127819,5.304511278195489,0.1608832807570978,0.2900188323917137,0.2125,188.75,322.5,240.66666666666666
wall_persistence_2s,absorption_ratio,3,4,131,0.8854961832061069,6.0038167938931295,0.1591203104786546,0.28829787234042553,0.20809248554913296,324.0,4618.0,674.0
wall_persistence_2s,absorption_ratio,4,0,105,0.9142857142857143,7.583333333333333,0.2925531914893617,0.5585585585585585,0.37037037037037035,23.26530612244898,87.38461538461539,67.16666666666667
wall_persistence_2s,absorption_ratio,4,1,106,0.8867924528301887,7.438679245283019,0.2961672473867596,0.6381578947368421,0.36188370921707985,87.8,132.1818181818182,108.0
wall_persistence_2s,absorption_ratio,4,2,134,0.8432835820895522,5.292910447761194,0.29518072289156627,0.6733333333333333,0.3903249137643262,132.2,188.5,155.85714285714286
wall_persistence_2s,absorption_ratio,4,3,125,0.896,6.784,0.29056603773584905,0.5711206896551724,0.36363636363636365,189.2,322.0,244.0
wall_persistence_2s,absorption_ratio,4,4,131,0.9312977099236641,6.177480916030534,0.2925170068027211,0.6542056074766355,0.36423841059602646,328.8888888888889,3510.0,520.4
wall_persistence_2s,microprice_pressure,0,0,106,0.6698113207547169,6.71933962264151,0.0,0.0,0.0,-0.42307692307804246,-0.06923076923097445,-0.10515258735055491
wall_persistence_2s,microprice_pressure,0,1,120,0.7833333333333333,3.425,0.0,0.0,0.0,-0.06701030927797547,-0.013513513513316866,-0.03400599806870257
wall_persistence_2s,microprice_pressure,0,2,131,0.7938931297709924,3.24618320610687,0.0,0.0,0.0,-0.013513513513316866,0.026315789473301265,0.006756756756658433
wall_persistence_2s,microprice_pressure,0,3,164,0.8109756097560976,3.402439024390244,0.0,0.0,0.0,0.027272727272550885,0.08054711246222723,0.051503094606838815
wall_persistence_2s,microprice_pressure,0,4,100,0.86,4.0625,0.0,0.0,0.0,0.08088235294174713,0.35279187817286584,0.10741758241723194
wall_persistence_2s,microprice_pressure,1,0,68,0.8823529411764706,4.930147058823529,0.0,0.0603448275862069,0.014927406639223696,-0.40604026845661184,-0.06830601092951838,-0.11104598341232
wall_persistence_2s,microprice_pressure,1,1,110,0.8545454545454545,4.3522727272727275,0.0,0.059369202226345084,0.004503076636211076,-0.0671641791050206,-0.01369863013678696,-0.03765182186180027
wall_persistence_2s,microprice_pressure,1,2,149,0.8657718120805369,4.889261744966443,0.0,0.060240963855421686,0.014059753954305799,-0.013274336283454128,0.027027027026633732,0.006756756756658433
wall_persistence_2s,microprice_pressure,1,3,153,0.8954248366013072,4.470588235294118,0.0,0.05966850828729282,0.018633540372670808,0.02739726027357392,0.08064516129040082,0.05199999999967986
wall_persistence_2s,microprice_pressure,1,4,141,0.900709219858156,4.75354609929078,0.0,0.05963302752293578,0.029900332225913623,0.08064516129040082,0.40875232774730347,0.1308411214959051
wall_persistence_2s,microprice_pressure,2,0,74,0.8918918918918919,5.945945945945946,0.06177606177606178,0.15588235294117647,0.10709696074021718,-0.4770114942530199,-0.06923076923158078,-0.11920122887840989
wall_persistence_2s,microprice_pressure,2,1,110,0.8636363636363636,4.159090909090909,0.06040268456375839,0.1566265060240964,0.1016449736084453,-0.06692913385874515,-0.013513513513316866,-0.0325454648136656
wall_persistence_2s,microprice_pressure,2,2,132,0.9166666666666666,4.840909090909091,0.06060606060606061,0.15584415584415584,0.11470188994465907,-0.013227513227320742,0.027027027026633732,0.010204081632461264
wall_persistence_2s,microprice_pressure,2,3,131,0.8854961832061069,6.551526717557252,0.060353798126951096,0.15625,0.0979020979020979,0.027131782945313414,0.08041958041940234,0.047445255474788915
wall_persistence_2s,microprice_pressure,2,4,174,0.896551724137931,5.728448275862069,0.0611353711790393,0.15643564356435644,0.10957539704196911,0.08088235294174713,0.32352941176456324,0.12082869855415387
wall_persistence_2s,microprice_pressure,3,0,140,0.8928571428571429,5.892857142857143,0.15682656826568267,0.2894736842105263,0.2308261163975908,-0.44915254237275803,-0.06818181818137721,-0.11586026200893684
wall_persistence_2s,microprice_pressure,3,1,137,0.8759124087591241,5.018248175182482,0.15767634854771784,0.2892609699769053,0.22264631043256997,-0.06756756756840332,-0.013761467889708001,-0.039325842696901724
wall_persistence_2s,microprice_pressure,3,2,118,0.9067796610169492,6.442796610169491,0.15789473684210525,0.28735632183908044,0.21105619064132403,-0.013089005235087825,0.027027027026633732,0.007301587301299151
wall_persistence_2s,microprice_pressure,3,3,112,0.875,6.033482142857143,0.1568627450980392,0.2878787878787879,0.20225987106603283,0.027777777777373558,0.08064516129040082,0.04860812784621278
wall_persistence_2s,microprice_pressure,3,4,114,0.8947368421052632,8.31140350877193,0.15698924731182795,0.28829787234042553,0.20774333520634325,0.0813953488371529,0.4565217391306457,0.13947678992917645
wall_persistence_2s,microprice_pressure,4,0,233,0.9098712446351931,6.194206008583691,0.2899543378995434,0.6733333333333333,0.36891679748822603,-0.46666666666715173,-0.06923076923097445,-0.12111801242281217
wall_persistence_2s,microprice_pressure,4,1,144,0.8472222222222222,5.194444444444445,0.2894736842105263,0.5668202764976958,0.3600210514951959,-0.06756756756779699,-0.013513513513316866,-0.036408624955583946
wall_persistence_2s,microprice_pressure,4,2,91,0.9230769230769231,7.087912087912088,0.2925170068027211,0.5630252100840336,0.36024844720496896,-0.013274336283454128,0.027027027026633732,0.0
wall_persistence_2s,microprice_pressure,4,3,61,0.8524590163934426,7.040983606557377,0.2896039603960396,0.49940191387559807,0.3791208791208791,0.027272727272550885,0.07894736842081329,0.04736842105194228
wall_persistence_2s,microprice_pressure,4,4,92,0.9130434782608695,8.505434782608695,0.2925714285714286,0.5585585585585585,0.3766275314570769,0.08139534883775923,0.45890410958903277,0.14495798319342915
wall_persistence_2s,cvd_acceleration,0,0,113,0.831858407079646,7.081858407079646,0.0,0.0,0.0,-297.23333333333335,-29.166666666666668,-44.666666666666664
wall_persistence_2s,cvd_acceleration,0,1,160,0.81875,3.4640625,0.0,0.0,0.0,-28.66666666666667,-9.733333333333333,-17.65
wall_persistence_2s,cvd_acceleration,0,2,172,0.7383720930232558,3.207848837209302,0.0,0.0,0.0,-9.433333333333334,5.0,-2.950000000000001
wall_persistence_2s,cvd_acceleration,0,3,121,0.7520661157024794,3.378099173553719,0.0,0.0,0.0,5.1,24.333333333333332,13.8
wall_persistence_2s,cvd_acceleration,0,4,58,0.8275862068965517,4.017241379310345,0.0,0.0,0.0,25.400000000000002,181.93333333333334,37.366666666666674
wall_persistence_2s,cvd_acceleration,1,0,172,0.9186046511627907,5.213662790697675,0.0,0.05963302752293578,0.026415470494417864,-383.53333333333336,-28.966666666666665,-47.516666666666666
wall_persistence_2s,cvd_acceleration,1,1,164,0.8902439024390244,4.184451219512195,0.0,0.05966850828729282,0.019232547387887194,-28.433333333333337,-9.5,-19.116666666666667
wall_persistence_2s,cvd_acceleration,1,2,143,0.8671328671328671,4.944055944055944,0.0,0.06015037593984962,0.011049723756906077,-9.433333333333334,4.800000000000001,-2.799999999999999
wall_persistence_2s,cvd_acceleration,1,3,85,0.8470588235294118,4.358823529411764,0.0,0.057007125890736345,0.009389671361502348,5.0,24.033333333333335,11.566666666666666
wall_persistence_2s,cvd_acceleration,1,4,60,0.8333333333333334,4.604166666666667,0.0,0.059587471352177235,0.025436073185054687,24.799999999999997,297.1333333333333,39.25
wall_persistence_2s,cvd_acceleration,2,0,203,0.8916256157635468,5.525862068965517,0.060714285714285714,0.15643564356435644,0.1048158640226629,-245.83333333333331,-28.933333333333337,-48.43333333333332
wall_persistence_2s,cvd_acceleration,2,1,139,0.8920863309352518,5.616906474820144,0.060240963855421686,0.15471698113207547,0.10244988864142539,-28.866666666666667,-9.433333333333335,-18.0
wall_persistence_2s,cvd_acceleration,2,2,126,0.9206349206349206,4.944444444444445,0.06040268456375839,0.15584415584415584,0.1102017563361494,-9.066666666666666,4.933333333333334,-1.433333333333334
wall_persistence_2s,cvd_acceleration,2,3,82,0.8780487804878049,6.067073170731708,0.0611353711790393,0.15632754342431762,0.10942350332594235,5.299999999999999,23.93333333333333,12.083333333333334
wall_persistence_2s,cvd_acceleration,2,4,73,0.8767123287671232,5.085616438356165,0.0603448275862069,0.15625,0.10648148148148148,24.800000000000004,407.93333333333334,46.599999999999994
wall_persistence_2s,cvd_acceleration,3,0,97,0.865979381443299,6.425257731958763,0.1568627450980392,0.28862478777589134,0.19292604501607716,-239.93333333333337,-29.0,-46.233333333333334
wall_persistence_2s,cvd_acceleration,3,1,102,0.8921568627450981,5.612745098039215,0.15745192307692307,0.28837209302325584,0.20135310173835214,-28.833333333333332,-9.633333333333333,-18.56666666666667
wall_persistence_2s,cvd_acceleration,3,2,105,0.9333333333333333,6.428571428571429,0.15766738660907129,0.28865979381443296,0.2097902097902098,-9.4,5.0,-1.9666666666666663
wall_persistence_2s,cvd_acceleration,3,3,146,0.8835616438356164,6.441780821917808,0.1566265060240964,0.28879310344827586,0.22504977600796416,5.033333333333333,24.433333333333337,13.216666666666667
wall_persistence_2s,cvd_acceleration,3,4,174,0.867816091954023,6.25,0.15644820295983086,0.2879581151832461,0.22302403262189832,24.83333333333333,583.2666666666667,49.96666666666666
wall_persistence_2s,cvd_acceleration,4,0,39,0.9487179487179487,9.0,0.2892609699769053,0.5585585585585585,0.3592233009708738,-326.9,-29.099999999999998,-51.166666666666664
wall_persistence_2s,cvd_acceleration,4,1,59,0.9152542372881356,7.101694915254237,0.2925531914893617,0.5625,0.3525641025641026,-28.89999999999999,-9.833333333333332,-18.53333333333333
wall_persistence_2s,cvd_acceleration,4,2,77,0.922077922077922,8.064935064935066,0.29056603773584905,0.5427509293680297,0.3722772277227723,-9.366666666666667,4.866666666666667,-1.1000000000000014
wall_persistence_2s,cvd_acceleration,4,3,190,0.9052631578947369,6.207894736842105,0.2896039603960396,0.6733333333333333,0.3728602552131964,5.066666666666666,24.53333333333333,16.0
wall_persistence_2s,cvd_acceleration,4,4,258,0.8604651162790697,5.749031007751938,0.2894736842105263,0.6542056074766355,0.371892454511188,24.566666666666666,737.2666666666667,47.13333333333333
wall_persistence_2s,trade_sign_autocorr_60s,0,0,86,0.6744186046511628,8.517441860465116,0.0,0.0,0.0,-0.09759000729485333,0.8772632356311596,0.8579784035358149
wall_persistence_2s,trade_sign_autocorr_60s,0,1,109,0.8440366972477065,3.3577981651376145,0.0,0.0,0.0,0.8783076625636438,0.8994834566522417,0.8905562972852721
wall_persistence_2s,trade_sign_autocorr_60s,0,2,125,0.784,3.83,0.0,0.0,0.0,0.899622631038595,0.9137228490319984,0.9062781331438043
wall_persistence_2s,trade_sign_autocorr_60s,0,3,145,0.8068965517241379,3.2379310344827585,0.0,0.0,0.0,0.9137557144531679,0.9272513816422422,0.9202349876660857
wall_persistence_2s,trade_sign_autocorr_60s,0,4,159,0.7987421383647799,3.157232704402516,0.0,0.0,0.0,0.9274411317995743,0.966398800176487,0.9398115359751859
wall_persistence_2s,trade_sign_autocorr_60s,1,0,82,0.926829268292683,6.237804878048781,0.0,0.05847373637264618,0.022725318197454422,0.4402946308173513,0.8782916874076097,0.8495427757044614
wall_persistence_2s,trade_sign_autocorr_60s,1,1,118,0.8728813559322034,5.432203389830509,0.0,0.058823529411764705,0.024573863636363637,0.8784471500567768,0.8995596561123912,0.8907636902274375
wall_persistence_2s,trade_sign_autocorr_60s,1,2,128,0.8984375,4.494140625,0.0,0.05966850828729282,0.017059508220573255,0.8996040157377252,0.9136389099464458,0.9071388393286972
wall_persistence_2s,trade_sign_autocorr_60s,1,3,135,0.8888888888888888,4.431481481481481,0.0,0.05907172995780591,0.014084507042253521,0.9138951911903107,0.9272003094676446,0.9210685864794026
wall_persistence_2s,trade_sign_autocorr_60s,1,4,160,0.85,3.821875,0.0,0.060240963855421686,0.01799104493715272,0.9273024252129685,0.9860546342602644,0.9374366929430833
wall_persistence_2s,trade_sign_autocorr_60s,2,0,124,0.9032258064516129,8.11491935483871,0.06040268456375839,0.15632754342431762,0.10969417129171177,0.6223983413529254,0.8782695350366768,0.8567896083748103
wall_persistence_2s,trade_sign_autocorr_60s,2,1,121,0.8925619834710744,5.039256198347108,0.0603448275862069,0.15555555555555556,0.10180995475113122,0.8784734102573452,0.8993172838399475,0.8905706452876267
wall_persistence_2s,trade_sign_autocorr_60s,2,2,126,0.9206349206349206,5.025793650793651,0.06134969325153374,0.15643564356435644,0.10637068011314721,0.8996056666952182,0.9136639248447409,0.9070356771478298
wall_persistence_2s,trade_sign_autocorr_60s,2,3,125,0.92,5.596,0.060714285714285714,0.15584415584415584,0.10869565217391304,0.9138299110827609,0.927211765302968,0.9202080892358279
wall_persistence_2s,trade_sign_autocorr_60s,2,4,127,0.8267716535433071,3.4901574803149606,0.06077348066298342,0.15644820295983086,0.10179640718562874,0.9274331268268172,0.9637174400497357,0.9379848997656869
wall_persistence_2s,trade_sign_autocorr_60s,3,0,153,0.934640522875817,10.156862745098039,0.1566265060240964,0.28860294117647056,0.21604938271604937,0.49843118737158887,0.8782127856089823,0.8569632329124633
wall_persistence_2s,trade_sign_autocorr_60s,3,1,145,0.896551724137931,5.155172413793103,0.15767634854771784,0.28879310344827586,0.21983914209115282,0.878381968350633,0.8995254508431983,0.8901403716522513
wall_persistence_2s,trade_sign_autocorr_60s,3,2,129,0.8992248062015504,5.62984496124031,0.1568627450980392,0.28837209302325584,0.20809248554913296,0.8995962525170647,0.913700488364312,0.9082688126555651
wall_persistence_2s,trade_sign_autocorr_60s,3,3,96,0.8541666666666666,5.018229166666667,0.15798922800718132,0.2846153846153846,0.21010432326545486,0.9138859783536939,0.9270968025685004,0.9195715287783206
wall_persistence_2s,trade_sign_autocorr_60s,3,4,100,0.82,3.89,0.15682656826568267,0.28862478777589134,0.2157336406483164,0.927355853483879,0.9593851902173932,0.9349504100382865
wall_persistence_2s,trade_sign_autocorr_60s,4,0,179,0.9162011173184358,9.861731843575418,0.2896039603960396,0.562874251497006,0.3722772277227723,0.6005926751772158,0.8782587399349803,0.8502009535830324
wall_persistence_2s,trade_sign_autocorr_60s,4,1,130,0.9,6.0115384615384615,0.2892609699769053,0.6733333333333333,0.3570767934905281,0.8783524904214696,0.8994328287038339,0.8887255263287509
wall_persistence_2s,trade_sign_autocorr_60s,4,2,115,0.9130434782608695,5.4021739130434785,0.29056603773584905,0.5668202764976958,0.37158469945355194,0.8995865833485289,0.9134547002481597,0.9061087335502075
wall_persistence_2s,trade_sign_autocorr_60s,4,3,122,0.8114754098360656,4.504098360655738,0.2894736842105263,0.6381578947368421,0.3617296918767507,0.9137684913004381,0.9272576067652437,0.9197019672255562
wall_persistence_2s,trade_sign_autocorr_60s,4,4,77,0.922077922077922,4.366883116883117,0.2894736842105263,0.6542056074766355,0.373134328358209,0.9272787943844172,0.9524162452577926,0.9358478891818823
convexity_imbalance,liquidity_compression,0,0,104,0.8942307692307693,8.100961538461538,-1.6,-0.2961860465116279,-0.4989130674341054,0.15661016949152542,0.6632124352331606,0.5584312398265887
convexity_imbalance,liquidity_compression,0,1,99,0.9292929292929293,6.797979797979798,-1.7169686439976835,-0.29180343466057745,-0.4484810343841181,0.664804469273743,0.7507788161993769,0.7099892588614393
convexity_imbalance,liquidity_compression,0,2,108,0.8333333333333334,4.986111111111111,-1.370330588375701,-0.3035107188782611,-0.4777115318779133,0.752983293556086,0.8305084745762712,0.7925148795563755
convexity_imbalance,liquidity_compression,0,3,121,0.8264462809917356,4.756198347107438,-1.2468448608432077,-0.2966696669666966,-0.47120135363790183,0.8305647840531561,0.9272727272727272,0.8714953271028038
convexity_imbalance,liquidity_compression,0,4,194,0.8092783505154639,6.96520618556701,-8.092609983385104,-0.29780219780219763,-0.6025466319540977,0.9273570324574961,3.9269662921348316,1.0261488925748852
convexity_imbalance,liquidity_compression,1,0,130,0.9538461538461539,6.234615384615385,-0.2887949260042283,-0.061884816753926764,-0.1646716092171036,0.2242152466367713,0.6614906832298136,0.5857974630900395
convexity_imbalance,liquidity_compression,1,1,157,0.8662420382165605,4.687898089171974,-0.29167974882260606,-0.0615564809994793,-0.17001689189189184,0.6640625,0.751219512195122,0.7097345132743362
convexity_imbalance,liquidity_compression,1,2,122,0.8278688524590164,4.01844262295082,-0.2864616276618175,-0.060977269633864184,-0.16979854303238273,0.7525510204081632,0.8305369127516778,0.7933140637465832
convexity_imbalance,liquidity_compression,1,3,135,0.837037037037037,4.124074074074074,-0.2847584638030243,-0.06256814186858906,-0.18656163113994428,0.8318098720292505,0.9247967479674797,0.8716271463614064
convexity_imbalance,liquidity_compression,1,4,82,0.8780487804878049,5.152439024390244,-0.286842105263158,-0.061842918985776096,-0.16877637130801681,0.9274924471299094,1.495049504950495,0.9954012133699635
convexity_imbalance,liquidity_compression,2,0,120,0.9083333333333333,6.945833333333334,-0.0608284213480893,0.1282038986261299,0.030739326109313736,0.314410480349345,0.6627906976744186,0.6128941052489534
convexity_imbalance,liquidity_compression,2,1,129,0.8914728682170543,4.955426356589148,-0.0605610910889689,0.13308913308913306,0.04652068126520681,0.664367816091954,0.7511520737327189,0.7164179104477612
convexity_imbalance,liquidity_compression,2,2,161,0.8633540372670807,4.787267080745342,-0.058232489915658325,0.13270862974046982,0.03218240331642397,0.7513368983957219,0.83,0.7903225806451613
convexity_imbalance,liquidity_compression,2,3,136,0.8823529411764706,4.650735294117647,-0.06050543141779685,0.13213789452788993,0.03679991417826456,0.8315789473684211,0.9271137026239067,0.870379604136406
convexity_imbalance,liquidity_compression,2,4,79,0.7721518987341772,4.598101265822785,-0.05734609089764575,0.12878925211996695,0.050802139037433136,0.9288702928870293,1.2379310344827585,0.981651376146789
convexity_imbalance,liquidity_compression,3,0,123,0.7886178861788617,5.666666666666667,0.13362282878411913,0.3740079365079366,0.24574660330633835,0.14410480349344978,0.6638418079096046,0.5996168582375478
convexity_imbalance,liquidity_compression,3,1,141,0.851063829787234,5.216312056737588,0.13499677627337214,0.3778139542532025,0.2275287164045946,0.6638655462184874,0.7510593220338984,0.7121212121212122
convexity_imbalance,liquidity_compression,3,2,141,0.8794326241134752,4.569148936170213,0.13349875930521105,0.3768996960486324,0.23416289592760187,0.7513227513227513,0.8303030303030303,0.7899159663865546
convexity_imbalance,liquidity_compression,3,3,130,0.8461538461538461,4.726923076923077,0.1360112755461591,0.3744954152104101,0.25198324652526394,0.8313953488372093,0.9265175718849841,0.872419813578891
convexity_imbalance,liquidity_compression,3,4,91,0.945054945054945,4.686813186813187,0.13750000000000018,0.3760988660975919,0.2612477138792928,0.9279778393351801,1.4428571428571428,0.9914346895074947
convexity_imbalance,liquidity_compression,4,0,149,0.9261744966442953,5.530201342281879,0.3791470051165229,1.803227845600727,0.5529457364341086,0.12907268170426064,0.6623931623931624,0.5782312925170068
convexity_imbalance,liquidity_compression,4,1,100,0.87,4.39,0.37860043736332405,1.6424773808413393,0.5434997199996204,0.664624808575804,0.7503250975292588,0.7086673940889037
convexity_imbalance,liquidity_compression,4,2,93,0.8387096774193549,5.491935483870968,0.3778542950344328,1.1841871584699455,0.5178944436707978,0.7512437810945274,0.8305555555555556,0.7868561278863233
convexity_imbalance,liquidity_compression,4,3,104,0.9038461538461539,4.65625,0.38398115429917556,2.3601456471367097,0.5413098297118917,0.8308580858085809,0.9269521410579346,0.8783662911569888
convexity_imbalance,liquidity_compression,4,4,179,0.8770949720670391,6.994413407821229,0.3830180628644575,10.234359483614698,0.718225083986562,0.9278688524590164,3.1091891891891894,1.0360360360360361
convexity_imbalance,replenishment_rate_near_5s,0,0,107,0.7102803738317757,2.7990654205607477,-1.9707013574660635,-0.2961956521739131,-0.4911375228112864,0.6,58.8,41.8
convexity_imbalance,replenishment_rate_near_5s,0,1,116,0.8793103448275862,4.299568965517241,-1.7652220311851543,-0.2930622009569378,-0.47905957305484737,59.6,96.0,80.4
convexity_imbalance,replenishment_rate_near_5s,0,2,118,0.8559322033898306,5.008474576271187,-2.8909970851894626,-0.3035107188782611,-0.5011098437552958,96.2,150.0,122.0
convexity_imbalance,replenishment_rate_near_5s,0,3,146,0.9041095890410958,7.534246575342466,-3.649706718805545,-0.29604301075268824,-0.5009073591078552,150.8,247.2,193.7
convexity_imbalance,replenishment_rate_near_5s,0,4,137,0.8759124087591241,10.864963503649635,-8.092609983385104,-0.2961860465116279,-0.6080605608273804,247.6,5341.2,368.8
convexity_imbalance,replenishment_rate_near_5s,1,0,151,0.7814569536423841,3.130794701986755,-0.2864616276618175,-0.060977269633864184,-0.16322669418644642,0.4,58.8,38.6
convexity_imbalance,replenishment_rate_near_5s,1,1,128,0.8515625,3.92578125,-0.28623493131483035,-0.0605610910889689,-0.18294034343971816,59.0,96.2,76.0
convexity_imbalance,replenishment_rate_near_5s,1,2,141,0.8652482269503546,4.99822695035461,-0.2883522727272727,-0.06196022333009499,-0.1682085786375106,96.2,149.2,121.0
convexity_imbalance,replenishment_rate_near_5s,1,3,95,0.968421052631579,6.126315789473685,-0.2907383136740934,-0.0608284213480893,-0.16083099906629306,150.2,244.2,188.0
convexity_imbalance,replenishment_rate_near_5s,1,4,109,0.9541284403669725,6.823394495412844,-0.29180343466057745,-0.05887300252312877,-0.17147619047619056,247.8,2097.4,353.4
convexity_imbalance,replenishment_rate_near_5s,2,0,150,0.7733333333333333,3.0233333333333334,-0.058706496352469606,0.13349875930521105,0.03708654915658094,2.4,58.8,41.2
convexity_imbalance,replenishment_rate_near_5s,2,1,134,0.9029850746268657,4.287313432835821,-0.05808357312011403,0.13170821114369513,0.03637642103383465,59.0,96.0,76.2
convexity_imbalance,replenishment_rate_near_5s,2,2,120,0.9,6.2125,-0.05802076278655521,0.13362282878411913,0.040169709867864,96.6,149.6,121.1
convexity_imbalance,replenishment_rate_near_5s,2,3,117,0.8888888888888888,6.322649572649572,-0.057376004080071485,0.13362686606049556,0.041303384069750315,150.2,244.2,188.2
convexity_imbalance,replenishment_rate_near_5s,2,4,103,0.912621359223301,6.961165048543689,-0.058232489915658325,0.13213789452788993,0.03529411764705892,250.2,2972.8,360.0
convexity_imbalance,replenishment_rate_near_5s,3,0,122,0.7377049180327869,3.1762295081967213,0.1364770574372718,0.3760988660975919,0.24630402591533013,0.0,58.2,39.8
convexity_imbalance,replenishment_rate_near_5s,3,1,139,0.8848920863309353,4.571942446043166,0.13499677627337214,0.3778542950344328,0.2393296674522125,59.0,96.0,76.6
convexity_imbalance,replenishment_rate_near_5s,3,2,135,0.8888888888888888,4.412962962962963,0.13447079236552928,0.3749805265617697,0.2455523500420722,97.4,150.0,119.2
convexity_imbalance,replenishment_rate_near_5s,3,3,116,0.8706896551724138,6.135775862068965,0.1369091518605431,0.3768996960486324,0.23937131103342574,150.6,246.4,187.8
convexity_imbalance,replenishment_rate_near_5s,3,4,112,0.8928571428571429,6.955357142857143,0.13590263691683568,0.3759152537654167,0.2528372433485633,247.2,2012.2,347.3
convexity_imbalance,replenishment_rate_near_5s,4,0,94,0.8085106382978723,3.297872340425532,0.37974801898038857,1.6106242312423122,0.49377126357199275,0.0,58.6,38.8
convexity_imbalance,replenishment_rate_near_5s,4,1,107,0.8785046728971962,4.369158878504673,0.37853461674801614,2.198603230030554,0.5702879150814898,59.0,96.0,78.0
convexity_imbalance,replenishment_rate_near_5s,4,2,110,0.9181818181818182,4.511363636363637,0.3843754062134408,2.619455782312925,0.5732913630177718,96.4,150.2,120.5
convexity_imbalance,replenishment_rate_near_5s,4,3,150,0.8866666666666667,6.008333333333334,0.3791470051165229,10.234359483614698,0.5758934061049689,150.6,245.6,183.4
convexity_imbalance,replenishment_rate_near_5s,4,4,163,0.9202453987730062,8.18558282208589,0.38257516747156883,7.7727272727272725,0.6289622231871472,249.2,4126.8,367.2
convexity_imbalance,impact_asymmetry_10s,0,0,58,0.9310344827586207,16.211206896551722,-4.174016282225238,-0.29367870314778277,-0.4968845638380515,-0.16176470588235295,-0.003048780487804878,-0.004746316975988256
convexity_imbalance,impact_asymmetry_10s,0,1,54,0.8518518518518519,6.074074074074074,-3.4033932218933676,-0.28667601683029453,-0.5102533594624861,-0.0030120481927710845,-0.0015517241379310344,-0.002118711695607763
convexity_imbalance,impact_asymmetry_10s,0,2,107,0.822429906542056,5.168224299065421,-2.387096774193548,-0.2907383136740934,-0.4974496288441145,-0.001524390243902439,0.0006868131868131869,-0.0002626050420168067
convexity_imbalance,impact_asymmetry_10s,0,3,183,0.8306010928961749,4.637978142076503,-3.793284671532846,-0.29180343466057745,-0.5079646017699115,0.0006931608133086876,0.0023006134969325155,0.0015822784810126582
convexity_imbalance,impact_asymmetry_10s,0,4,221,0.8642533936651584,6.003393665158371,-8.092609983385104,-0.2864616276618175,-0.5181876460491759,0.0023062730627306273,0.025,0.0035971223021582736
convexity_imbalance,impact_asymmetry_10s,1,0,85,0.9058823529411765,5.647058823529412,-0.28623493131483035,-0.06050543141779685,-0.1867605633802818,-0.10185185185185185,-0.003048780487804878,-0.00436046511627907
convexity_imbalance,impact_asymmetry_10s,1,1,112,0.9017857142857143,4.926339285714286,-0.28465594438553077,-0.058706496352469606,-0.15705652505049827,-0.0030241935483870967,-0.0015432098765432098,-0.0022522858278672233
convexity_imbalance,impact_asymmetry_10s,1,2,124,0.9032258064516129,4.274193548387097,-0.2847584638030243,-0.058232489915658325,-0.15621983465690703,-0.001483679525222552,0.0006890848952590959,-0.0003702763504582498
convexity_imbalance,impact_asymmetry_10s,1,3,152,0.8223684210526315,4.225328947368421,-0.2851690294438386,-0.05808357312011403,-0.17186795729233484,0.0007211538461538462,0.002297090352220521,0.0016158041308888373
convexity_imbalance,impact_asymmetry_10s,1,4,150,0.8533333333333334,5.086666666666667,-0.28300258843830894,-0.06196022333009499,-0.17910522361844294,0.0023234200743494425,0.022058823529411766,0.0033713838061664152
convexity_imbalance,impact_asymmetry_10s,2,0,137,0.8394160583941606,5.105839416058394,-0.05677295500304358,0.13349875930521105,0.05144649703729531,-0.03571428571428571,-0.0030602636534839923,-0.004405286343612335
convexity_imbalance,impact_asymmetry_10s,2,1,141,0.8936170212765957,4.927304964539007,-0.05734609089764575,0.13499677627337214,0.038785766393774956,-0.0030286343612334803,-0.0015337423312883436,-0.0022522522522522522
convexity_imbalance,impact_asymmetry_10s,2,2,131,0.8854961832061069,5.412213740458015,-0.05508045977011489,0.13362282878411913,0.06219245489338432,-0.0015060240963855422,0.0006811989100817438,-0.00040257648953301127
convexity_imbalance,impact_asymmetry_10s,2,3,115,0.8608695652173913,4.593478260869565,-0.05802076278655521,0.13362686606049556,0.028786181421823986,0.0007048872180451127,0.0023006134969325155,0.0014705882352941176
convexity_imbalance,impact_asymmetry_10s,2,4,99,0.8686868686868687,6.065656565656566,-0.054878048780487854,0.13170821114369513,0.015846538782318675,0.00230566534914361,0.01053639846743295,0.0034916201117318434
convexity_imbalance,impact_asymmetry_10s,3,0,171,0.8830409356725146,5.029239766081871,0.13750000000000018,0.3776276276276277,0.2422210005497527,-0.03125,-0.003048780487804878,-0.004398826979472141
convexity_imbalance,impact_asymmetry_10s,3,1,155,0.8387096774193549,3.8112903225806454,0.13563320064868056,0.37853461674801614,0.23354876615746178,-0.003033980582524272,-0.0015337423312883436,-0.002216916780354707
convexity_imbalance,impact_asymmetry_10s,3,2,126,0.8333333333333334,4.613095238095238,0.13518609608132492,0.3778139542532025,0.2565947789522089,-0.001516990291262136,0.0006811989100817438,-0.0007263271162123386
convexity_imbalance,impact_asymmetry_10s,3,3,83,0.8072289156626506,4.837349397590361,0.13590263691683568,0.3778542950344328,0.2523494717739321,0.0006915629322268327,0.0021413276231263384,0.001307531380753138
convexity_imbalance,impact_asymmetry_10s,3,4,88,0.9090909090909091,7.605113636363637,0.13756613756613767,0.3768996960486324,0.24168858207319754,0.002305327868852459,0.05,0.0034798702887909936
convexity_imbalance,impact_asymmetry_10s,4,0,172,0.8895348837209303,5.405523255813954,0.380506442912796,3.3977564102564104,0.5736151436436595,-0.01765536723163842,-0.003067484662576687,-0.004383220253386909
convexity_imbalance,impact_asymmetry_10s,4,1,161,0.8695652173913043,4.74223602484472,0.37860043736332405,1.5613700025464732,0.5902101769911503,-0.003043478260869565,-0.001524390243902439,-0.002320185614849188
convexity_imbalance,impact_asymmetry_10s,4,2,135,0.9185185185185185,5.677777777777778,0.3791470051165229,3.6824027503660783,0.6078937810242544,-0.0015151515151515152,0.0006855575868372943,-0.0007716049382716049
convexity_imbalance,impact_asymmetry_10s,4,3,90,0.9111111111111111,5.694444444444445,0.3830180628644575,5.748987854251012,0.5297457714793122,0.000708215297450425,0.0022988505747126436,0.0014200064525379983
convexity_imbalance,impact_asymmetry_10s,4,4,64,0.828125,7.90625,0.3834586466165413,10.234359483614698,0.529144993295704,0.0023006134969325155,0.020350564468211527,0.0037254412254412255
convexity_imbalance,flow_impact,0,0,112,0.8303571428571429,4.470982142857143,-2.387096774193548,-0.2930622009569378,-0.516816748066748,-0.3125,0.0015527950310559005,0.0
convexity_imbalance,flow_impact,0,1,130,0.8153846153846154,4.473076923076923,-3.793284671532846,-0.2864616276618175,-0.5047006354220395,0.0015822784810126582,0.003232758620689655,0.0024827678786683324
convexity_imbalance,flow_impact,0,2,109,0.8440366972477065,4.314220183486238,-8.092609983385104,-0.29180343466057745,-0.5271245409445269,0.003246753246753247,0.005136986301369863,0.004125412541254125
convexity_imbalance,flow_impact,0,3,140,0.8642857142857143,5.9714285714285715,-3.7849942726231394,-0.2872523014510845,-0.5023892027663248,0.005208333333333333,0.009146341463414634,0.006909722222222222
convexity_imbalance,flow_impact,0,4,131,0.9007633587786259,12.179389312977099,-4.174016282225238,-0.286842105263158,-0.5060975609756098,0.009236453201970444,0.39285714285714285,0.015625
convexity_imbalance,flow_impact,1,0,123,0.8536585365853658,3.928861788617886,-0.28103780277693313,-0.05802076278655521,-0.17186494684273423,-0.25,0.0015664160401002505,0.0
convexity_imbalance,flow_impact,1,1,138,0.8188405797101449,3.6503623188405796,-0.2847584638030243,-0.05808357312011403,-0.16167661382628606,0.0015822784810126582,0.0032287822878228783,0.0024135172499495164
convexity_imbalance,flow_impact,1,2,123,0.8861788617886179,4.319105691056911,-0.28623493131483035,-0.058706496352469606,-0.17850686169775665,0.003234750462107209,0.005128205128205128,0.004166666666666667
convexity_imbalance,flow_impact,1,3,119,0.907563025210084,5.453781512605042,-0.2851690294438386,-0.0608284213480893,-0.17168338907469338,0.005208333333333333,0.009157509157509158,0.006696428571428571
convexity_imbalance,flow_impact,1,4,119,0.9159663865546218,6.733193277310924,-0.28300258843830894,-0.06422313318865036,-0.1592760180995475,0.009210526315789473,0.5,0.018292682926829267
convexity_imbalance,flow_impact,2,0,138,0.8768115942028986,4.364130434782608,-0.05625892970816648,0.13362282878411913,0.038391150535848684,-0.75,0.0015527950310559005,-0.0020411223673687017
convexity_imbalance,flow_impact,2,1,128,0.84375,4.34375,-0.057376004080071485,0.13518609608132492,0.034141494435612096,0.0015723270440251573,0.003232758620689655,0.0025167856087158482
convexity_imbalance,flow_impact,2,2,126,0.8650793650793651,4.438492063492063,-0.05734609089764575,0.13499677627337214,0.03913518299881935,0.003232758620689655,0.005165289256198347,0.0041183545084494885
convexity_imbalance,flow_impact,2,3,100,0.89,6.405,-0.057216589861751155,0.12893907563025198,0.0355705366589687,0.005184331797235023,0.008992805755395683,0.006393903715332287
convexity_imbalance,flow_impact,2,4,130,0.8769230769230769,6.684615384615385,-0.053724053724053755,0.13349875930521105,0.04932126696832573,0.009160756501182032,0.4583333333333333,0.014196103167928232
convexity_imbalance,flow_impact,3,0,133,0.8195488721804511,4.404135338345864,0.1364770574372718,0.3778139542532025,0.2455523500420722,-0.875,0.0015625,-0.0007552870090634441
convexity_imbalance,flow_impact,3,1,111,0.8108108108108109,3.72972972972973,0.13563320064868056,0.3734375000000001,0.2595102646549591,0.0015748031496062992,0.0032245827010622154,0.0023277467411545625
convexity_imbalance,flow_impact,3,2,131,0.8778625954198473,4.383587786259542,0.1369091518605431,0.3760988660975919,0.2437633642195296,0.0032407407407407406,0.005160550458715597,0.004076086956521739
convexity_imbalance,flow_impact,3,3,120,0.8833333333333333,6.01875,0.13758419398293675,0.37853461674801614,0.23655615796044221,0.005187747035573123,0.008974358974358974,0.006585745749671891
convexity_imbalance,flow_impact,3,4,127,0.8818897637795275,6.30511811023622,0.13594831314878886,0.37681159420289845,0.24577547264513977,0.009159482758620689,0.5,0.014285714285714285
convexity_imbalance,flow_impact,4,0,116,0.8620689655172413,4.896551724137931,0.39187574671445635,2.3601456471367097,0.5793955469563183,-0.75,0.0015690376569037657,-0.0005324744757174393
convexity_imbalance,flow_impact,4,1,115,0.8869565217391304,4.058695652173913,0.37974801898038857,3.6824027503660783,0.5398601398601398,0.0015737410071942446,0.0032216494845360823,0.0023510971786833857
convexity_imbalance,flow_impact,4,2,133,0.8571428571428571,4.62406015037594,0.3834586466165413,1.6424773808413393,0.5631578947368421,0.003246753246753247,0.005169172932330827,0.004080118694362018
convexity_imbalance,flow_impact,4,3,143,0.9020979020979021,5.758741258741258,0.380506442912796,5.748987854251012,0.5852083333333333,0.005172413793103448,0.009146341463414634,0.00663716814159292
convexity_imbalance,flow_impact,4,4,114,0.9298245614035088,8.74561403508772,0.37860043736332405,10.234359483614698,0.5785272983378789,0.00929368029739777,0.4375,0.01601906158357771
convexity_imbalance,absorption_ratio,0,0,123,0.8943089430894309,10.333333333333334,-8.092609983385104,-0.286842105263158,-0.48839278359008154,2.4545454545454546,87.06666666666666,65.375
convexity_imbalance,absorption_ratio,0,1,115,0.8521739130434782,6.034782608695652,-3.7849942726231394,-0.2864616276618175,-0.5369075369075369,87.8,132.0,108.25
convexity_imbalance,absorption_ratio,0,2,121,0.8347107438016529,5.243801652892562,-3.793284671532846,-0.29367870314778277,-0.49363268006284633,132.2,188.5,154.8
convexity_imbalance,absorption_ratio,0,3,127,0.8582677165354331,5.4704724409448815,-1.9707013574660635,-0.28667601683029453,-0.5067142614312425,188.75,322.0,244.0
convexity_imbalance,absorption_ratio,0,4,115,0.8260869565217391,5.202173913043478,-2.0960223182145423,-0.29604301075268824,-0.5222088835534212,324.0,4316.0,630.0
convexity_imbalance,absorption_ratio,1,0,109,0.8623853211009175,5.623853211009174,-0.2806027916169145,-0.05677295500304358,-0.17335858585858577,3.4545454545454546,87.6,63.111111111111114
convexity_imbalance,absorption_ratio,1,1,106,0.8490566037735849,4.054245283018868,-0.28623493131483035,-0.05808357312011403,-0.1663478149558093,87.73333333333333,132.1818181818182,111.25
convexity_imbalance,absorption_ratio,1,2,138,0.8840579710144928,5.070652173913044,-0.2819500941047901,-0.057376004080071485,-0.16824188385438144,132.75,188.58823529411765,158.75
convexity_imbalance,absorption_ratio,1,3,125,0.88,4.718,-0.2847584638030243,-0.057216589861751155,-0.15240864303375945,188.83333333333334,322.6666666666667,237.5
convexity_imbalance,absorption_ratio,1,4,123,0.8861788617886179,4.548780487804878,-0.2851690294438386,-0.05625892970816648,-0.1597222222222222,332.0,2773.3333333333335,488.5
convexity_imbalance,absorption_ratio,2,0,109,0.8532110091743119,5.087155963302752,-0.053724053724053755,0.13349875930521105,0.048263888888888884,20.0,87.23076923076923,66.4
convexity_imbalance,absorption_ratio,2,1,122,0.8442622950819673,5.555327868852459,-0.054878048780487854,0.13499677627337214,0.03915332665781235,87.8,131.6,108.51111111111112
convexity_imbalance,absorption_ratio,2,2,123,0.8699186991869918,4.943089430894309,-0.05614973262032086,0.13563320064868056,0.03298887122416527,132.33333333333334,187.55555555555554,156.66666666666666
convexity_imbalance,absorption_ratio,2,3,111,0.8738738738738738,4.441441441441442,-0.0560334098514812,0.13662706461895102,0.03956957691367091,189.27272727272728,321.0,229.57142857142858
convexity_imbalance,absorption_ratio,2,4,136,0.8970588235294118,5.948529411764706,-0.05145878576149565,0.1360112755461591,0.03907555872025692,324.0,4258.0,497.57142857142856
convexity_imbalance,absorption_ratio,3,0,130,0.9,5.759615384615385,0.139414192045771,0.3776276276276277,0.24102919946186824,5.777777777777778,87.66666666666667,67.01176470588236
convexity_imbalance,absorption_ratio,3,1,133,0.849624060150376,5.8007518796992485,0.13750000000000018,0.37537068830966136,0.23027905954735217,87.84313725490196,132.0,108.0
convexity_imbalance,absorption_ratio,3,2,116,0.896551724137931,4.174568965517241,0.13948461473255902,0.37974801898038857,0.2518622814289108,132.66666666666666,188.66666666666666,155.08333333333334
convexity_imbalance,absorption_ratio,3,3,109,0.7706422018348624,3.658256880733945,0.13696547355083943,0.3778542950344328,0.26011135623489856,189.71428571428572,316.8,254.0
convexity_imbalance,absorption_ratio,3,4,113,0.8761061946902655,5.278761061946903,0.1369091518605431,0.3791470051165229,0.25647574891029734,326.0,3836.0,509.0
convexity_imbalance,absorption_ratio,4,0,130,0.8615384615384616,5.884615384615385,0.38486842105263164,7.7727272727272725,0.5490338290741517,17.333333333333332,87.71428571428571,60.70833333333333
convexity_imbalance,absorption_ratio,4,1,125,0.88,6.098,0.380506442912796,10.234359483614698,0.5877339640337642,88.0,132.0,109.16666666666667
convexity_imbalance,absorption_ratio,4,2,103,0.8640776699029126,4.808252427184466,0.38689493118496143,1.5613700025464732,0.5812176612625043,132.5,188.0,161.5
convexity_imbalance,absorption_ratio,4,3,129,0.9147286821705426,5.796511627906977,0.3830180628644575,5.748987854251012,0.5725443300510098,188.75,321.0,240.5
convexity_imbalance,absorption_ratio,4,4,114,0.9122807017543859,5.425438596491228,0.3840579710144927,2.3601456471367097,0.5773652584789899,327.2,4618.0,579.75
convexity_imbalance,microprice_pressure,0,0,291,0.8591065292096219,7.147766323024055,-8.092609983385104,-0.286842105263158,-0.5378773125608568,-0.4770114942530199,-0.06818181818137721,-0.13366336633589526
convexity_imbalance,microprice_pressure,0,1,142,0.8169014084507042,4.524647887323944,-3.649706718805545,-0.29180343466057745,-0.4707610777050001,-0.06756756756779699,-0.01492537313485324,-0.041241496598862185
convexity_imbalance,microprice_pressure,0,2,99,0.8585858585858586,5.815656565656566,-3.793284671532846,-0.29367870314778277,-0.48758710801393734,-0.012820512820326257,0.027027027026633732,0.0
convexity_imbalance,microprice_pressure,0,3,57,0.8771929824561403,6.315789473684211,-1.4393939393939394,-0.2883522727272727,-0.47120135363790183,0.027777777777373558,0.0795454545453443,0.04929577464766529
convexity_imbalance,microprice_pressure,0,4,33,0.8484848484848485,9.931818181818182,-3.7849942726231394,-0.2872523014510845,-0.5261631643210591,0.0813953488371529,0.4166666666666667,0.11363636363603291
convexity_imbalance,microprice_pressure,1,0,161,0.8633540372670807,4.875776397515528,-0.2864616276618175,-0.05802076278655521,-0.18648282097649194,-0.44915254237275803,-0.06756756756840332,-0.1
convexity_imbalance,microprice_pressure,1,1,171,0.8362573099415205,3.865497076023392,-0.28667601683029453,-0.057376004080071485,-0.16322669418644642,-0.0666666666669092,-0.01369863013678696,-0.03909465020600086
convexity_imbalance,microprice_pressure,1,2,115,0.8956521739130435,4.458695652173913,-0.28623493131483035,-0.061842918985776096,-0.1469907407407408,-0.013274336283454128,0.026946107784169726,0.004201680672849761
convexity_imbalance,microprice_pressure,1,3,119,0.8907563025210085,5.529411764705882,-0.2847584638030243,-0.057216589861751155,-0.1674311926605505,0.027472527472127695,0.08064516129040082,0.045454545454655694
convexity_imbalance,microprice_pressure,1,4,56,0.9285714285714286,6.25,-0.2851690294438386,-0.058232489915658325,-0.15860391878867414,0.0813953488371529,0.3333333333333333,0.11435897435876541
convexity_imbalance,microprice_pressure,2,0,78,0.9102564102564102,6.17948717948718,-0.05625892970816648,0.13362686606049556,0.038290173219681645,-0.3510638297866535,-0.06944444444525288,-0.09788551734891371
convexity_imbalance,microprice_pressure,2,1,127,0.8582677165354331,4.931102362204724,-0.05614973262032086,0.13518609608132492,0.013984235952199331,-0.06756756756779699,-0.013513513513316866,-0.03623188405739105
convexity_imbalance,microprice_pressure,2,2,154,0.8896103896103896,4.839285714285714,-0.053724053724053755,0.1289582212659135,0.03959688122096883,-0.013227513227320742,0.027027027026633732,0.008931419457439915
convexity_imbalance,microprice_pressure,2,3,148,0.8513513513513513,4.736486486486487,-0.05349874006590416,0.13563320064868056,0.048514815355422625,0.027272727272550885,0.08088235294174713,0.047678870543677476
convexity_imbalance,microprice_pressure,2,4,114,0.8508771929824561,5.866228070175438,-0.05677295500304358,0.13362282878411913,0.05542646027166526,0.08163265306211542,0.3999999999996362,0.1084715374266428
convexity_imbalance,microprice_pressure,3,0,52,0.7884615384615384,3.6826923076923075,0.13590263691683568,0.3768996960486324,0.24815283298262025,-0.26595744680889766,-0.06896551724094024,-0.10046948356830399
convexity_imbalance,microprice_pressure,3,1,110,0.8818181818181818,4.922727272727273,0.1360112755461591,0.37853461674801614,0.24109021629921712,-0.06521739130403148,-0.013274336283454128,-0.030816714149599043
convexity_imbalance,microprice_pressure,3,2,139,0.8561151079136691,5.487410071942446,0.13594831314878886,0.3776276276276277,0.22835905921927135,-0.013157894736650633,0.026315789473301265,0.00925925925912452
convexity_imbalance,microprice_pressure,3,3,165,0.8303030303030303,4.734848484848484,0.13662706461895102,0.3778139542532025,0.24996182623301277,0.02739726027357392,0.08054711246222723,0.052941176470388505
convexity_imbalance,microprice_pressure,3,4,156,0.8846153846153846,5.277243589743589,0.14236832986832992,0.37860043736332405,0.25721553186882506,0.0813953488371529,0.4565217391306457,0.12034482758645026
convexity_imbalance,microprice_pressure,4,0,40,0.85,5.55,0.38398115429917556,2.198603230030554,0.5322681491582738,-0.32608695652137004,-0.07068062827238464,-0.10910973084871026
convexity_imbalance,microprice_pressure,4,1,72,0.8194444444444444,4.277777777777778,0.3791470051165229,1.0956780457250235,0.4881451467608422,-0.0636363636367605,-0.014018691588717047,-0.030818370165434317
convexity_imbalance,microprice_pressure,4,2,114,0.8947368421052632,5.418859649122807,0.380506442912796,5.748987854251012,0.5507137577869285,-0.013274336283454128,0.027131782945313414,0.011453051232820144
convexity_imbalance,microprice_pressure,4,3,133,0.8872180451127819,5.234962406015038,0.3834586466165413,10.234359483614698,0.5443850267379678,0.027272727272550885,0.08035714285748934,0.05319148936177953
convexity_imbalance,microprice_pressure,4,4,262,0.9083969465648855,6.208969465648855,0.38257516747156883,7.7727272727272725,0.645716406652796,0.08088235294174713,0.45890410958903277,0.14733893557422562
convexity_imbalance,cvd_acceleration,0,0,72,0.875,10.67361111111111,-3.7849942726231394,-0.29935720844811753,-0.5158693418316513,-326.9,-29.7,-45.766666666666666
convexity_imbalance,cvd_acceleration,0,1,83,0.8554216867469879,7.271084337349397,-6.870622443762781,-0.2930622009569378,-0.471372901678657,-28.866666666666667,-9.566666666666668,-17.833333333333332
convexity_imbalance,cvd_acceleration,0,2,114,0.8070175438596491,4.390350877192983,-1.9707013574660635,-0.29367870314778277,-0.5081169386673923,-9.366666666666667,4.933333333333334,-0.9333333333333331
convexity_imbalance,cvd_acceleration,0,3,166,0.8614457831325302,5.311746987951807,-3.649706718805545,-0.3044340302811823,-0.520139282409236,5.0,24.53333333333333,13.249999999999998
convexity_imbalance,cvd_acceleration,0,4,191,0.8534031413612565,6.4214659685863875,-8.092609983385104,-0.29180343466057745,-0.5369075369075369,25.200000000000003,737.2666666666667,46.5
convexity_imbalance,cvd_acceleration,1,0,107,0.9439252336448598,5.63785046728972,-0.28667601683029453,-0.06256814186858906,-0.1699969493593656,-312.6666666666667,-29.46666666666667,-48.7
convexity_imbalance,cvd_acceleration,1,1,119,0.8823529411764706,4.7100840336134455,-0.2907383136740934,-0.06263087759375607,-0.17187096774193544,-28.833333333333336,-9.533333333333333,-18.266666666666666
convexity_imbalance,cvd_acceleration,1,2,109,0.8715596330275229,5.059633027522936,-0.2883522727272727,-0.060977269633864184,-0.1597222222222222,-9.433333333333334,4.866666666666667,-1.1000000000000014
convexity_imbalance,cvd_acceleration,1,3,138,0.8043478260869565,4.4148550724637685,-0.286842105263158,-0.06433686245222514,-0.16734126984126985,5.066666666666666,24.333333333333332,14.783333333333335
convexity_imbalance,cvd_acceleration,1,4,153,0.8758169934640523,4.519607843137255,-0.29167974882260606,-0.0615564809994793,-0.18564095814688075,24.800000000000004,233.73333333333335,45.4
convexity_imbalance,cvd_acceleration,2,0,135,0.8962962962962963,5.583333333333333,-0.06050543141779685,0.13213789452788993,0.04838709677419373,-246.4666666666667,-28.966666666666665,-47.49999999999999
convexity_imbalance,cvd_acceleration,2,1,132,0.8636363636363636,4.895833333333333,-0.0605610910889689,0.13170821114369513,0.03709889410484252,-28.433333333333337,-9.433333333333334,-19.11666666666667
convexity_imbalance,cvd_acceleration,2,2,132,0.8560606060606061,5.231060606060606,-0.057216589861751155,0.13308913308913306,0.035400536168234686,-9.433333333333332,4.633333333333333,-3.3166666666666664
convexity_imbalance,cvd_acceleration,2,3,122,0.9016393442622951,5.489754098360656,-0.05614973262032086,0.13112687155240343,0.040436480491710614,5.033333333333333,24.566666666666666,14.016666666666666
convexity_imbalance,cvd_acceleration,2,4,104,0.8269230769230769,4.605769230769231,-0.0608284213480893,0.13270862974046982,0.01726346738531731,24.799999999999997,207.86666666666667,41.083333333333336
convexity_imbalance,cvd_acceleration,3,0,157,0.8343949044585988,4.342356687898089,0.13499677627337214,0.3778139542532025,0.23076923076923062,-204.39999999999998,-28.933333333333337,-43.666666666666664
convexity_imbalance,cvd_acceleration,3,1,160,0.8875,4.21875,0.13362282878411913,0.3760988660975919,0.23974200450137545,-28.566666666666666,-9.466666666666667,-17.933333333333334
convexity_imbalance,cvd_acceleration,3,2,125,0.824,5.092,0.13349875930521105,0.3768996960486324,0.24577547264513977,-9.433333333333332,5.0,-2.3999999999999986
convexity_imbalance,cvd_acceleration,3,3,101,0.8910891089108911,6.1905940594059405,0.1364770574372718,0.3759152537654167,0.24444444444444446,5.0,24.53333333333333,11.866666666666665
convexity_imbalance,cvd_acceleration,3,4,83,0.8554216867469879,6.015060240963855,0.13362686606049556,0.3749805265617697,0.26372535111363316,24.83333333333333,294.4333333333333,46.23333333333333
convexity_imbalance,cvd_acceleration,4,0,155,0.9032258064516129,6.441935483870968,0.380506442912796,3.6824027503660783,0.6166175024582105,-383.53333333333336,-29.066666666666666,-47.733333333333334
convexity_imbalance,cvd_acceleration,4,1,132,0.8787878787878788,4.043560606060606,0.37853461674801614,1.6031420765027322,0.5573084399768731,-28.89999999999999,-9.5,-18.166666666666664
convexity_imbalance,cvd_acceleration,4,2,145,0.903448275862069,5.437931034482759,0.37860043736332405,5.748987854251012,0.5792442497261774,-9.4,4.7666666666666675,-2.2333333333333334
convexity_imbalance,cvd_acceleration,4,3,99,0.8484848484848485,6.303030303030303,0.3791470051165229,10.234359483614698,0.5237373737373736,5.066666666666666,23.900000000000002,12.933333333333332
convexity_imbalance,cvd_acceleration,4,4,94,0.8829787234042553,6.013297872340425,0.3778542950344328,7.7727272727272725,0.558043545053349,25.5,583.2666666666667,48.8
convexity_imbalance,trade_sign_autocorr_60s,0,0,171,0.8713450292397661,10.641812865497077,-4.174016282225238,-0.2961860465116279,-0.5570881226053641,0.4402946308173513,0.8782161790191165,0.8546924713890645
convexity_imbalance,trade_sign_autocorr_60s,0,1,127,0.8346456692913385,4.820866141732283,-6.870622443762781,-0.299874590005788,-0.5060975609756098,0.8782695350366768,0.8994699361288289,0.8879182721679459
convexity_imbalance,trade_sign_autocorr_60s,0,2,115,0.8782608695652174,5.282608695652174,-3.793284671532846,-0.2961956521739131,-0.5014382121916141,0.8996040157377252,0.9134547002481597,0.9063312277255022
convexity_imbalance,trade_sign_autocorr_60s,0,3,114,0.8070175438596491,4.868421052631579,-2.0132196162046907,-0.2930622009569378,-0.4430841497834722,0.914009831092574,0.9271812466426873,0.9198909632661205
convexity_imbalance,trade_sign_autocorr_60s,0,4,98,0.8571428571428571,3.933673469387755,-8.092609983385104,-0.29180343466057745,-0.5699176769915005,0.9274017829768296,0.9658816503500012,0.935326025993872
convexity_imbalance,trade_sign_autocorr_60s,1,0,98,0.8571428571428571,8.232142857142858,-0.29167974882260606,-0.06263087759375607,-0.16890435767145523,0.483606557377049,0.8781939359049671,0.8487225794401297
convexity_imbalance,trade_sign_autocorr_60s,1,1,116,0.8793103448275862,4.661637931034483,-0.2847584638030243,-0.0608284213480893,-0.19014828738512957,0.8784712261800376,0.8995392838771802,0.8907584151371901
convexity_imbalance,trade_sign_autocorr_60s,1,2,122,0.8934426229508197,4.526639344262295,-0.2883522727272727,-0.06196022333009499,-0.1806749026290166,0.8995596561123912,0.9137557144531679,0.907091761839709
convexity_imbalance,trade_sign_autocorr_60s,1,3,132,0.8939393939393939,3.918560606060606,-0.2872523014510845,-0.061842918985776096,-0.1634850395506134,0.9139692683911446,0.9272576067652437,0.9202357157538835
convexity_imbalance,trade_sign_autocorr_60s,1,4,156,0.8397435897435898,3.793269230769231,-0.2907383136740934,-0.0615564809994793,-0.16003330819507283,0.9273729156238228,0.9971126921000345,0.9368800871380971
convexity_imbalance,trade_sign_autocorr_60s,2,0,109,0.8623853211009175,8.206422018348624,-0.05677295500304358,0.13308913308913306,0.03759852712732292,0.5016611295681075,0.8781145633033103,0.8575542432739461
convexity_imbalance,trade_sign_autocorr_60s,2,1,129,0.9224806201550387,5.114341085271318,-0.06050543141779685,0.12704860624737346,0.04692393736017886,0.8783076625636438,0.8995254508431983,0.8887936611502151
convexity_imbalance,trade_sign_autocorr_60s,2,2,131,0.916030534351145,4.963740458015267,-0.05887300252312877,0.13170821114369513,0.032400589101620136,0.8995962525170647,0.913700488364312,0.90774284983926
convexity_imbalance,trade_sign_autocorr_60s,2,3,124,0.8467741935483871,4.502016129032258,-0.05614973262032086,0.13349875930521105,0.043936527213099374,0.9138020069026008,0.9273024252129685,0.9204085455213735
convexity_imbalance,trade_sign_autocorr_60s,2,4,132,0.803030303030303,3.606060606060606,-0.0605610910889689,0.13270862974046982,0.027084812876092546,0.927350478421248,0.9699745324652155,0.9384885294464798
convexity_imbalance,trade_sign_autocorr_60s,3,0,108,0.9166666666666666,7.215277777777778,0.1373106060606062,0.37681159420289845,0.24116671867686068,-0.09759000729485333,0.8782587399349803,0.8557367421593902
convexity_imbalance,trade_sign_autocorr_60s,3,1,131,0.9007633587786259,5.530534351145038,0.13447079236552928,0.3768996960486324,0.23018042646254777,0.8782916874076097,0.8994203742102921,0.8905798842209718
convexity_imbalance,trade_sign_autocorr_60s,3,2,128,0.8359375,5.072265625,0.13362282878411913,0.3776276276276277,0.2505528444835097,0.8997501076091586,0.9135897786291868,0.906389267674915
convexity_imbalance,trade_sign_autocorr_60s,3,3,143,0.8321678321678322,4.169580419580419,0.13563320064868056,0.3760988660975919,0.24441907661085738,0.913812181126986,0.9272512077294699,0.9200448209006933
convexity_imbalance,trade_sign_autocorr_60s,3,4,114,0.8157894736842105,3.210526315789474,0.13590263691683568,0.3778139542532025,0.2503212603516987,0.927355853483879,0.9654694303292461,0.9361514782430198
convexity_imbalance,trade_sign_autocorr_60s,4,0,139,0.9064748201438849,9.129496402877697,0.3830180628644575,10.234359483614698,0.6806350858927641,0.1698806975059769,0.878218035380426,0.8524153069222605
convexity_imbalance,trade_sign_autocorr_60s,4,1,121,0.8677685950413223,5.024793388429752,0.3778542950344328,2.198603230030554,0.5867666815942678,0.8790795203108759,0.8994834566522417,0.8912993117638995
convexity_imbalance,trade_sign_autocorr_60s,4,2,129,0.8914728682170543,4.492248062015504,0.38625294579732916,2.136706668316219,0.5412519083969465,0.8995865833485289,0.9137228490319984,0.9074349868255243
convexity_imbalance,trade_sign_autocorr_60s,4,3,111,0.9009009009009009,5.243243243243243,0.37860043736332405,3.6824027503660783,0.554131236736031,0.9137684913004381,0.9266501380665069,0.9195095077565174
convexity_imbalance,trade_sign_autocorr_60s,4,4,124,0.8709677419354839,3.8004032258064515,0.38398115429917556,3.3977564102564104,0.5302502084169467,0.9274061552496834,0.9737612916075934,0.9392692718310719
liquidity_compression,replenishment_rate_near_5s,0,0,109,0.8073394495412844,3.5091743119266057,0.2242152466367713,0.6638418079096046,0.6083333333333333,0.0,58.0,40.4
liquidity_compression,replenishment_rate_near_5s,0,1,114,0.8859649122807017,4.81359649122807,0.12907268170426064,0.6614349775784754,0.5971385262061526,59.0,96.0,77.3
liquidity_compression,replenishment_rate_near_5s,0,2,120,0.9,6.114583333333333,0.16084873374401096,0.664367816091954,0.597424684159378,96.4,150.0,121.4
liquidity_compression,replenishment_rate_near_5s,0,3,133,0.9323308270676691,7.571428571428571,0.21052631578947367,0.6641509433962264,0.5798816568047337,150.2,246.2,191.4
liquidity_compression,replenishment_rate_near_5s,0,4,148,0.9391891891891891,8.942567567567568,0.13793103448275862,0.664624808575804,0.5802531362007168,247.6,1918.0,358.2
liquidity_compression,replenishment_rate_near_5s,1,0,136,0.7794117647058824,3.2886029411764706,0.6647727272727273,0.7503250975292588,0.7108303576976945,2.4,58.8,38.4
liquidity_compression,replenishment_rate_near_5s,1,1,140,0.9214285714285714,4.075,0.6652601969057665,0.7510593220338984,0.7116446882172172,59.2,96.0,78.0
liquidity_compression,replenishment_rate_near_5s,1,2,128,0.875,4.74609375,0.6658227848101266,0.7513227513227513,0.7138097350038807,96.2,150.2,119.2
liquidity_compression,replenishment_rate_near_5s,1,3,115,0.9391304347826087,6.332608695652174,0.664804469273743,0.7513368983957219,0.710431654676259,150.2,246.8,187.2
liquidity_compression,replenishment_rate_near_5s,1,4,105,0.8857142857142857,8.280952380952382,0.6653992395437263,0.7512437810945274,0.7151607963246555,247.2,3268.8,347.2
liquidity_compression,replenishment_rate_near_5s,2,0,158,0.7468354430379747,2.9335443037974684,0.7516973811833172,0.8305647840531561,0.7914143104348962,0.6,58.8,42.0
liquidity_compression,replenishment_rate_near_5s,2,1,128,0.859375,4.4453125,0.7522935779816514,0.8308580858085809,0.7941581553698545,59.0,96.2,75.30000000000001
liquidity_compression,replenishment_rate_near_5s,2,2,118,0.9322033898305084,5.440677966101695,0.7518796992481203,0.8305369127516778,0.7853805073431241,96.2,149.4,120.7
liquidity_compression,replenishment_rate_near_5s,2,3,103,0.8446601941747572,5.116504854368932,0.75177304964539,0.8297413793103449,0.7917933130699089,150.8,243.6,186.0
liquidity_compression,replenishment_rate_near_5s,2,4,117,0.905982905982906,6.326923076923077,0.7522123893805309,0.8305555555555556,0.7857142857142857,247.8,5137.0,349.2
liquidity_compression,replenishment_rate_near_5s,3,0,135,0.7777777777777778,2.8796296296296298,0.8318098720292505,0.9273570324574961,0.8739946380697051,0.4,58.0,37.0
liquidity_compression,replenishment_rate_near_5s,3,1,132,0.8560606060606061,4.236742424242424,0.8321799307958477,0.9267515923566879,0.8783783783783784,59.0,96.0,76.4
liquidity_compression,replenishment_rate_near_5s,3,2,129,0.8604651162790697,4.432170542635659,0.8312182741116751,0.9272727272727272,0.8697368421052631,96.6,150.0,119.6
liquidity_compression,replenishment_rate_near_5s,3,3,117,0.8888888888888888,5.301282051282051,0.8315789473684211,0.9271137026239067,0.8668478260869565,151.2,243.0,188.4
liquidity_compression,replenishment_rate_near_5s,3,4,111,0.9279279279279279,6.495495495495495,0.8312829525483304,0.925,0.8736263736263736,249.2,5341.2,362.2
liquidity_compression,replenishment_rate_near_5s,4,0,86,0.686046511627907,2.8052325581395348,0.929745889387145,1.3944444444444444,0.9874559624212662,0.0,58.8,42.3
liquidity_compression,replenishment_rate_near_5s,4,1,110,0.8727272727272727,3.9204545454545454,0.9274924471299094,1.4131944444444444,0.9890474821981672,59.2,96.0,78.9
liquidity_compression,replenishment_rate_near_5s,4,2,129,0.8604651162790697,4.482558139534884,0.9279778393351801,1.7238805970149254,1.0035087719298246,96.6,150.0,121.8
liquidity_compression,replenishment_rate_near_5s,4,3,156,0.8910256410256411,7.386217948717949,0.928,2.4444444444444446,1.0332780791641551,150.2,247.2,191.9
liquidity_compression,replenishment_rate_near_5s,4,4,143,0.8881118881118881,9.847902097902098,0.9278688524590164,3.9269662921348316,1.0539130434782609,248.2,3806.8,377.0
liquidity_compression,impact_asymmetry_10s,0,0,136,0.8897058823529411,6.661764705882353,0.2222222222222222,0.664367816091954,0.5896029126458213,-0.16176470588235295,-0.0030594405594405595,-0.004424783039153505
liquidity_compression,impact_asymmetry_10s,0,1,122,0.8852459016393442,4.686475409836065,0.30927835051546393,0.6638655462184874,0.6090065424231065,-0.0030120481927710845,-0.001524390243902439,-0.0022723016933719102
liquidity_compression,impact_asymmetry_10s,0,2,136,0.8823529411764706,5.536764705882353,0.13793103448275862,0.6640625,0.5890165066214774,-0.001524390243902439,0.0006875214850464077,-0.0002289772869556507
liquidity_compression,impact_asymmetry_10s,0,3,110,0.8818181818181818,5.909090909090909,0.21052631578947367,0.6627906976744186,0.5880699088145898,0.0007022471910112359,0.002297090352220521,0.0014256278970769085
liquidity_compression,impact_asymmetry_10s,0,4,119,0.9411764705882353,9.340336134453782,0.12907268170426064,0.6641509433962264,0.5689655172413793,0.002336448598130841,0.05,0.003985122210414453
liquidity_compression,impact_asymmetry_10s,1,0,133,0.9022556390977443,6.011278195488722,0.6647727272727273,0.751219512195122,0.7111111111111111,-0.019230769230769232,-0.003048780487804878,-0.004694835680751174
liquidity_compression,impact_asymmetry_10s,1,1,119,0.8739495798319328,4.302521008403361,0.664624808575804,0.7510593220338984,0.7169811320754716,-0.0030120481927710845,-0.0015337423312883436,-0.0022727272727272726
liquidity_compression,impact_asymmetry_10s,1,2,125,0.864,4.718,0.6657571623465212,0.7511520737327189,0.7124824684431977,-0.0015114873035066505,0.0006890848952590959,-0.0005399568034557236
liquidity_compression,impact_asymmetry_10s,1,3,123,0.8943089430894309,4.715447154471545,0.6670428893905191,0.7507788161993769,0.7099892588614393,0.0007211538461538462,0.0023006134969325155,0.0014705882352941176
liquidity_compression,impact_asymmetry_10s,1,4,123,0.8536585365853658,5.987804878048781,0.664804469273743,0.7512437810945274,0.7096774193548387,0.002305327868852459,0.014705882352941176,0.0034875183553597653
liquidity_compression,impact_asymmetry_10s,2,0,108,0.8611111111111112,5.164351851851852,0.75177304964539,0.8301886792452831,0.7911916793982842,-0.016666666666666666,-0.003078817733990148,-0.0042253856408303175
liquidity_compression,impact_asymmetry_10s,2,1,139,0.8776978417266187,4.534172661870503,0.7513368983957219,0.8303030303030303,0.7911479944674965,-0.0030286343612334803,-0.0015337423312883436,-0.0023427041499330657
liquidity_compression,impact_asymmetry_10s,2,2,129,0.8449612403100775,4.85077519379845,0.7513227513227513,0.8305555555555556,0.7853025936599424,-0.001516990291262136,0.0006720430107526882,-0.000501002004008016
liquidity_compression,impact_asymmetry_10s,2,3,119,0.8151260504201681,4.052521008403361,0.7516973811833172,0.8305369127516778,0.78998778998779,0.0006925207756232687,0.00228310502283105,0.001675603217158177
liquidity_compression,impact_asymmetry_10s,2,4,128,0.859375,5.037109375,0.7525252525252525,0.8305647840531561,0.7964957524271845,0.0023006134969325155,0.025,0.0034653601229688185
liquidity_compression,impact_asymmetry_10s,3,0,139,0.841726618705036,4.530575539568345,0.8317422434367542,0.9271137026239067,0.873015873015873,-0.03125,-0.003048780487804878,-0.004405286343612335
liquidity_compression,impact_asymmetry_10s,3,1,122,0.8934426229508197,5.211065573770492,0.8321799307958477,0.9269521410579346,0.8783307486254053,-0.0030120481927710845,-0.0015337423312883436,-0.002173913043478261
liquidity_compression,impact_asymmetry_10s,3,2,119,0.8907563025210085,4.670168067226891,0.8308580858085809,0.9265175718849841,0.8699106256206555,-0.0015151515151515152,0.0006821282401091405,-0.0006198347107438017
liquidity_compression,impact_asymmetry_10s,3,3,121,0.8099173553719008,3.597107438016529,0.8312182741116751,0.9272727272727272,0.8769497400346621,0.0006915629322268327,0.0023006134969325155,0.0015625
liquidity_compression,impact_asymmetry_10s,3,4,122,0.8524590163934426,4.588114754098361,0.8315789473684211,0.9273570324574961,0.869230647434172,0.0023148148148148147,0.022058823529411766,0.0033558558558558563
liquidity_compression,impact_asymmetry_10s,4,0,107,0.9252336448598131,9.5,0.9279778393351801,3.921985815602837,1.0,-0.017857142857142856,-0.003048780487804878,-0.0042643923240938165
liquidity_compression,impact_asymmetry_10s,4,1,121,0.8264462809917356,4.785123966942149,0.9290322580645162,2.29247311827957,1.0049875311720697,-0.003043478260869565,-0.0015290519877675841,-0.0022482014388489208
liquidity_compression,impact_asymmetry_10s,4,2,114,0.8947368421052632,5.399122807017544,0.9291217257318952,3.1091891891891894,1.009103111573157,-0.0014985014985014985,0.0006634819532908704,-0.0004429662146903142
liquidity_compression,impact_asymmetry_10s,4,3,150,0.82,5.238333333333333,0.9274924471299094,2.136150234741784,1.0072093023255815,0.0006931608133086876,0.0022988505747126436,0.0015053497360482655
liquidity_compression,impact_asymmetry_10s,4,4,130,0.823076923076923,6.253846153846154,0.9278688524590164,3.9269662921348316,1.0093654729733907,0.00230566534914361,0.020350564468211527,0.003353425049364262
liquidity_compression,flow_impact,0,0,135,0.8814814814814815,4.812962962962963,0.14410480349344978,0.6640625,0.5840579710144927,-0.375,0.0015664160401002505,0.0
liquidity_compression,flow_impact,0,1,100,0.87,5.075,0.13793103448275862,0.6627906976744186,0.6024643749689678,0.0015822784810126582,0.0032216494845360823,0.0025031328320802007
liquidity_compression,flow_impact,0,2,115,0.9043478260869565,5.019565217391304,0.30927835051546393,0.6641509433962264,0.5935563816604709,0.0032407407407407406,0.005160550458715597,0.0043761220825852785
liquidity_compression,flow_impact,0,3,131,0.8854961832061069,6.528625954198473,0.12907268170426064,0.6632124352331606,0.5904255319148937,0.005172413793103448,0.009146341463414634,0.006711409395973154
liquidity_compression,flow_impact,0,4,141,0.9290780141843972,9.856382978723405,0.2222222222222222,0.664367816091954,0.5704347826086956,0.009160756501182032,0.39285714285714285,0.016260162601626018
liquidity_compression,flow_impact,1,0,120,0.8666666666666667,4.56875,0.6657571623465212,0.7507788161993769,0.7169130206280383,-0.75,0.0015690376569037657,-0.0003727361357528062
liquidity_compression,flow_impact,1,1,121,0.859504132231405,3.450413223140496,0.6670428893905191,0.7510593220338984,0.7162471395881007,0.0015723270440251573,0.003232758620689655,0.00234375
liquidity_compression,flow_impact,1,2,118,0.847457627118644,4.254237288135593,0.6658227848101266,0.7511520737327189,0.7083937313243054,0.003234750462107209,0.00510204081632653,0.00394504681408122
liquidity_compression,flow_impact,1,3,131,0.8931297709923665,6.1393129770992365,0.664624808575804,0.7512437810945274,0.7105263157894737,0.005184331797235023,0.009126984126984128,0.006578947368421052
liquidity_compression,flow_impact,1,4,132,0.9242424242424242,7.159090909090909,0.6647727272727273,0.7491749174917491,0.7109313194820336,0.009159482758620689,0.5,0.01516921551968281
liquidity_compression,flow_impact,2,0,131,0.8091603053435115,4.366412213740458,0.7522123893805309,0.8305555555555556,0.7857142857142857,-0.75,0.0015625,-0.0006510416666666666
liquidity_compression,flow_impact,2,1,118,0.7966101694915254,3.2733050847457625,0.7513227513227513,0.8283313325330132,0.7896851773521059,0.0015737410071942446,0.0032287822878228783,0.0024834437086092716
liquidity_compression,flow_impact,2,2,131,0.8702290076335878,4.183206106870229,0.7526881720430108,0.8305084745762712,0.7913306451612904,0.003246753246753247,0.005154639175257732,0.004166666666666667
liquidity_compression,flow_impact,2,3,129,0.8837209302325582,5.567829457364341,0.75177304964539,0.8303030303030303,0.7908309455587392,0.005208333333333333,0.009146341463414634,0.006603773584905661
liquidity_compression,flow_impact,2,4,113,0.9026548672566371,6.3053097345132745,0.7525252525252525,0.8301886792452831,0.794392523364486,0.009259259259259259,0.375,0.015909090909090907
liquidity_compression,flow_impact,3,0,110,0.8545454545454545,3.977272727272727,0.8308580858085809,0.9240506329113924,0.8698237338629593,-0.875,0.001478494623655914,-0.0008232592400017331
liquidity_compression,flow_impact,3,1,137,0.8613138686131386,3.545620437956204,0.8312182741116751,0.9272727272727272,0.8783542039355993,0.0015748031496062992,0.0032245827010622154,0.0024104683195592287
liquidity_compression,flow_impact,3,2,125,0.824,3.884,0.8312829525483304,0.9269521410579346,0.8726591760299626,0.003232758620689655,0.005169172932330827,0.004104477611940298
liquidity_compression,flow_impact,3,3,126,0.9126984126984127,5.410714285714286,0.8317422434367542,0.9273570324574961,0.8763431924441586,0.005187747035573123,0.009146341463414634,0.006451881451881452
liquidity_compression,flow_impact,3,4,124,0.8387096774193549,5.814516129032258,0.8305647840531561,0.9269662921348315,0.8654515327257664,0.009210526315789473,0.4583333333333333,0.01435969868173258
liquidity_compression,flow_impact,4,0,126,0.8333333333333334,4.226190476190476,0.9279778393351801,3.1091891891891894,0.9980343143259631,-0.5,0.0015090543259557343,-0.0011433033100025098
liquidity_compression,flow_impact,4,1,146,0.7945205479452054,4.965753424657534,0.928,2.136150234741784,1.0118347338935574,0.0015782828282828283,0.003232758620689655,0.0024402153201219514
liquidity_compression,flow_impact,4,2,133,0.8872180451127819,4.791353383458647,0.9274924471299094,3.9269662921348316,1.0283687943262412,0.003246753246753247,0.00516795865633075,0.004048582995951417
liquidity_compression,flow_impact,4,3,105,0.8666666666666667,5.826190476190476,0.9285714285714286,3.921985815602837,0.9933774834437086,0.005208333333333333,0.009157509157509158,0.007142857142857143
liquidity_compression,flow_impact,4,4,111,0.9009009009009009,11.66891891891892,0.9318181818181818,2.4444444444444446,1.0252707581227436,0.009191176470588236,0.5,0.014705882352941176
liquidity_compression,absorption_ratio,0,0,143,0.9020979020979021,8.201048951048952,0.15661016949152542,0.6654929577464789,0.5752688172043011,2.4545454545454546,87.06666666666666,63.5
liquidity_compression,absorption_ratio,0,1,107,0.9158878504672897,6.913551401869159,0.12907268170426064,0.6658227848101266,0.6122448979591837,87.83333333333333,132.0,108.4
liquidity_compression,absorption_ratio,0,2,114,0.9210526315789473,6.035087719298246,0.303862660944206,0.6652601969057665,0.5994531101008475,132.66666666666666,188.58823529411765,158.8989898989899
liquidity_compression,absorption_ratio,0,3,118,0.8389830508474576,5.330508474576271,0.25398373983739836,0.6638655462184874,0.5904508611955421,189.2,322.6666666666667,241.53333333333333
liquidity_compression,absorption_ratio,0,4,119,0.907563025210084,6.180672268907563,0.13793103448275862,0.6657571623465212,0.5914893617021276,326.4,4316.0,521.0
liquidity_compression,absorption_ratio,1,0,124,0.8870967741935484,4.949596774193548,0.6666666666666666,0.7518796992481203,0.7152338255977497,16.0,87.66666666666667,60.75
liquidity_compression,absorption_ratio,1,1,111,0.8468468468468469,5.626126126126126,0.6666666666666666,0.75177304964539,0.7127659574468085,87.73333333333333,131.0,108.33333333333333
liquidity_compression,absorption_ratio,1,2,127,0.8582677165354331,5.090551181102362,0.6666666666666666,0.7516973811833172,0.7106164383561644,132.46153846153845,188.0,154.0
liquidity_compression,absorption_ratio,1,3,102,0.9019607843137255,4.5588235294117645,0.6681614349775785,0.7522123893805309,0.7105754102773043,190.0,322.0,240.25
liquidity_compression,absorption_ratio,1,4,137,0.9051094890510949,5.180656934306569,0.6661129568106312,0.7522935779816514,0.7174418604651163,324.0,4132.0,488.6666666666667
liquidity_compression,absorption_ratio,2,0,102,0.8627450980392157,5.5,0.7525252525252525,0.8318098720292505,0.7959663906958407,22.0,87.6,65.97910447761194
liquidity_compression,absorption_ratio,2,1,138,0.8333333333333334,4.65036231884058,0.7525510204081632,0.8321799307958477,0.7915172930720633,88.0,131.6,109.37394957983193
liquidity_compression,absorption_ratio,2,2,131,0.8778625954198473,4.232824427480916,0.752983293556086,0.8303030303030303,0.78998778998779,132.33333333333334,188.5,159.2941176470588
liquidity_compression,absorption_ratio,2,3,116,0.8448275862068966,3.9698275862068964,0.7526673132880698,0.8312829525483304,0.7916705721437076,188.75,322.0,237.5
liquidity_compression,absorption_ratio,2,4,114,0.8508771929824561,5.5855263157894735,0.752913752913753,0.8313953488372093,0.7879611330698286,324.5,4618.0,583.25
liquidity_compression,absorption_ratio,3,0,127,0.8503937007874016,4.533464566929134,0.8325,0.9267515923566879,0.8661909009812667,12.285714285714286,86.7741935483871,66.5
liquidity_compression,absorption_ratio,3,1,118,0.8559322033898306,5.029661016949152,0.8326848249027238,0.9273570324574961,0.8738445462583394,88.11111111111111,132.0,110.76190476190476
liquidity_compression,absorption_ratio,3,2,119,0.865546218487395,3.8739495798319328,0.8330019880715706,0.9250720461095101,0.8786127167630058,132.2,188.0,152.0
liquidity_compression,absorption_ratio,3,3,115,0.8521739130434782,4.628260869565217,0.8328313253012049,0.925343811394892,0.8795811518324608,188.75,320.2857142857143,235.0
liquidity_compression,absorption_ratio,3,4,122,0.8770491803278688,4.674180327868853,0.8322082931533269,0.9272727272727272,0.8708920753504439,326.0,4258.0,520.0
liquidity_compression,absorption_ratio,4,0,105,0.8666666666666667,9.8,0.9285714285714286,3.9269662921348316,0.99609375,17.333333333333332,87.71428571428571,66.66666666666667
liquidity_compression,absorption_ratio,4,1,127,0.8346456692913385,5.793307086614173,0.928,3.921985815602837,1.0214285714285714,88.33333333333333,132.1818181818182,107.66666666666667
liquidity_compression,absorption_ratio,4,2,110,0.8272727272727273,5.197727272727272,0.9278688524590164,2.136150234741784,1.001086956521739,133.0,188.66666666666666,157.8
liquidity_compression,absorption_ratio,4,3,150,0.8733333333333333,5.581666666666667,0.9274924471299094,2.119463087248322,1.0031707614708754,190.0,322.5,250.05555555555554
liquidity_compression,absorption_ratio,4,4,109,0.8532110091743119,4.8577981651376145,0.9309309309309309,3.1091891891891894,1.0115207373271888,324.0,3836.0,555.0
liquidity_compression,microprice_pressure,0,0,110,0.9545454545454546,8.784090909090908,0.13793103448275862,0.6650246305418719,0.5705099878763158,-0.44915254237275803,-0.06923076923097445,-0.1317894736848757
liquidity_compression,microprice_pressure,0,1,114,0.8596491228070176,5.375,0.12907268170426064,0.6640625,0.5964050317498593,-0.06593406593431912,-0.013513513513316866,-0.03744284358617733
liquidity_compression,microprice_pressure,0,2,133,0.9022556390977443,5.94172932330827,0.31257078142695355,0.6652601969057665,0.6098562628336756,-0.013089005235087825,0.027027027026633732,0.005494505494425539
liquidity_compression,microprice_pressure,0,3,127,0.8503937007874016,5.425196850393701,0.14410480349344978,0.6647727272727273,0.6062176165803109,0.027272727272550885,0.08088235294174713,0.04929577464766529
liquidity_compression,microprice_pressure,0,4,138,0.9130434782608695,6.981884057971015,0.16084873374401096,0.664624808575804,0.5811631291083346,0.08088235294174713,0.4565217391306457,0.12329385222801648
liquidity_compression,microprice_pressure,1,0,124,0.8629032258064516,4.836693548387097,0.6658227848101266,0.75177304964539,0.7161786188262027,-0.4770114942530199,-0.06862745098017815,-0.10760255022250931
liquidity_compression,microprice_pressure,1,1,128,0.8515625,4.55859375,0.6654929577464789,0.7516973811833172,0.7101608822831844,-0.06756756756779699,-0.013274336283454128,-0.03756720430131584
liquidity_compression,microprice_pressure,1,2,123,0.9105691056910569,5.821138211382114,0.6661442006269592,0.7513368983957219,0.7116883116883117,-0.013227513227320742,0.027027027026633732,0.007936507936392445
liquidity_compression,microprice_pressure,1,3,138,0.8768115942028986,5.030797101449275,0.6653992395437263,0.7513227513227513,0.7114624890532256,0.027950310559390346,0.08041958041940234,0.05364450127823754
liquidity_compression,microprice_pressure,1,4,109,0.8807339449541285,5.275229357798165,0.6657571623465212,0.7510593220338984,0.7116154873164219,0.08278145695415635,0.45890410958903277,0.125
liquidity_compression,microprice_pressure,2,0,125,0.816,4.538,0.7525510204081632,0.8305647840531561,0.796875,-0.2692307692304894,-0.06896551724094024,-0.10396039603923175
liquidity_compression,microprice_pressure,2,1,122,0.8688524590163934,4.245901639344262,0.7522123893805309,0.8305369127516778,0.7977982373784791,-0.06701030927797547,-0.013513513513316866,-0.03768939393921755
liquidity_compression,microprice_pressure,2,2,145,0.8827586206896552,4.818965517241379,0.7525252525252525,0.8301886792452831,0.7885572139303483,-0.013157894736650633,0.027027027026633732,0.005617977528648528
liquidity_compression,microprice_pressure,2,3,115,0.8434782608695652,4.821739130434783,0.754863813229572,0.8308580858085809,0.7885714285714286,0.02739726027357392,0.08064516129040082,0.04867256637226092
liquidity_compression,microprice_pressure,2,4,114,0.8421052631578947,5.2214912280701755,0.7518796992481203,0.8305555555555556,0.7857142857142857,0.0816993464056092,0.4160305343514968,0.11348484848470738
liquidity_compression,microprice_pressure,3,0,121,0.8760330578512396,4.541322314049586,0.8312182741116751,0.9274924471299094,0.8726591760299626,-0.4152542372885364,-0.06756756756840332,-0.11240310077482718
liquidity_compression,microprice_pressure,3,1,134,0.8134328358208955,3.470149253731343,0.8321799307958477,0.926657263751763,0.872527504681648,-0.06756756756779699,-0.013513513513316866,-0.035111427216179436
liquidity_compression,microprice_pressure,3,2,113,0.8053097345132744,4.311946902654867,0.8315789473684211,0.9272727272727272,0.8764044943820225,-0.013274336283454128,0.02682926829220378,0.009090909090446075
liquidity_compression,microprice_pressure,3,3,134,0.9029850746268657,4.561567164179104,0.8313953488372093,0.9267515923566879,0.8736157035637433,0.027272727272550885,0.08064516129040082,0.047532151546571796
liquidity_compression,microprice_pressure,3,4,120,0.8916666666666667,5.9125,0.8317422434367542,0.9271137026239067,0.8698935288947947,0.0813953488371529,0.3333333333333333,0.11874487284633992
liquidity_compression,microprice_pressure,4,0,142,0.8098591549295775,7.589788732394366,0.928,3.9269662921348316,1.0067706095723912,-0.46666666666715173,-0.06818181818137721,-0.13066870784556767
liquidity_compression,microprice_pressure,4,1,124,0.8225806451612904,4.838709677419355,0.929745889387145,2.29247311827957,0.9939021762551175,-0.0671641791050206,-0.013761467889708001,-0.03463735008578321
liquidity_compression,microprice_pressure,4,2,107,0.8878504672897196,4.878504672897196,0.9290322580645162,3.1091891891891894,1.0104321907600595,-0.013274336283454128,0.027131782945313414,0.007142857142753201
liquidity_compression,microprice_pressure,4,3,108,0.8333333333333334,5.99537037037037,0.9321739130434783,2.4444444444444446,0.9976908866995073,0.028301886792178266,0.08064516129040082,0.05019379844998184
liquidity_compression,microprice_pressure,4,4,140,0.9142857142857143,6.808928571428571,0.9278688524590164,3.921985815602837,1.038018018018018,0.08235294117669885,0.40875232774730347,0.14686274509798142
liquidity_compression,cvd_acceleration,0,0,115,0.8521739130434782,5.9195652173913045,0.2167780252412769,0.6609642301710731,0.599294947121034,-272.7333333333333,-29.166666666666668,-46.233333333333334
liquidity_compression,cvd_acceleration,0,1,128,0.9140625,6.1328125,0.13793103448275862,0.6614349775784754,0.6100308843359867,-28.866666666666667,-9.633333333333333,-18.066666666666666
liquidity_compression,cvd_acceleration,0,2,147,0.8707482993197279,6.48639455782313,0.30927835051546393,0.6638418079096046,0.5941176470588235,-9.4,5.0,-2.0666666666666664
liquidity_compression,cvd_acceleration,0,3,120,0.9416666666666667,6.86875,0.12907268170426064,0.6632124352331606,0.5784199584199584,5.033333333333333,24.566666666666666,15.2
liquidity_compression,cvd_acceleration,0,4,116,0.9051724137931034,6.586206896551724,0.15661016949152542,0.6627906976744186,0.5702899460273629,25.633333333333336,407.93333333333334,49.18333333333334
liquidity_compression,cvd_acceleration,1,0,124,0.8709677419354839,5.449596774193548,0.6638655462184874,0.751219512195122,0.7167967549628173,-245.83333333333331,-28.933333333333337,-43.65
liquidity_compression,cvd_acceleration,1,1,126,0.8888888888888888,4.152777777777778,0.6666666666666666,0.7510593220338984,0.7114308439621624,-28.89999999999999,-9.633333333333331,-17.68333333333333
liquidity_compression,cvd_acceleration,1,2,127,0.8976377952755905,4.55511811023622,0.6647727272727273,0.7507788161993769,0.7059925093632958,-9.433333333333332,4.666666666666666,-2.333333333333332
liquidity_compression,cvd_acceleration,1,3,128,0.8515625,5.23828125,0.6650246305418719,0.7511520737327189,0.7125617188445963,5.0,24.200000000000003,13.966666666666669
liquidity_compression,cvd_acceleration,1,4,121,0.8842975206611571,6.402892561983471,0.6640625,0.7503607503607503,0.7098901098901099,24.83333333333333,334.70000000000005,44.03333333333333
liquidity_compression,cvd_acceleration,2,0,131,0.9236641221374046,4.851145038167939,0.7513227513227513,0.8305369127516778,0.7886944818304172,-383.53333333333336,-28.966666666666665,-48.0
liquidity_compression,cvd_acceleration,2,1,135,0.8222222222222222,4.225925925925926,0.7512437810945274,0.8289473684210527,0.7818448023426061,-28.433333333333337,-9.433333333333334,-18.5
liquidity_compression,cvd_acceleration,2,2,108,0.8518518518518519,5.418981481481482,0.755011135857461,0.8301886792452831,0.7934647431911453,-9.366666666666665,4.866666666666667,-1.5666666666666667
liquidity_compression,cvd_acceleration,2,3,130,0.8076923076923077,4.763461538461539,0.7516973811833172,0.8305084745762712,0.79462824083994,5.1,24.433333333333337,12.950000000000001
liquidity_compression,cvd_acceleration,2,4,121,0.8512396694214877,4.4958677685950414,0.7522123893805309,0.8305555555555556,0.7915194346289752,24.9,294.4333333333333,44.3
liquidity_compression,cvd_acceleration,3,0,123,0.9024390243902439,5.109756097560975,0.8308580858085809,0.9271137026239067,0.8783783783783784,-312.6666666666667,-28.966666666666665,-48.36666666666666
liquidity_compression,cvd_acceleration,3,1,130,0.8846153846153846,4.8403846153846155,0.8312182741116751,0.924643584521385,0.8721668512366187,-28.833333333333336,-9.466666666666667,-17.51666666666667
liquidity_compression,cvd_acceleration,3,2,144,0.8055555555555556,4.342013888888889,0.8312829525483304,0.9269662921348315,0.8695022717355032,-9.433333333333334,4.800000000000001,-2.3000000000000003
liquidity_compression,cvd_acceleration,3,3,109,0.8440366972477065,4.137614678899083,0.8305647840531561,0.9272727272727272,0.8795411089866156,5.0,24.3,12.299999999999999
liquidity_compression,cvd_acceleration,3,4,120,0.8583333333333333,4.4125,0.8315789473684211,0.9242902208201893,0.8664841215856667,24.799999999999997,737.2666666666667,41.38333333333333
liquidity_compression,cvd_acceleration,4,0,133,0.8872180451127819,8.911654135338345,0.9290123456790124,3.921985815602837,1.0085227272727273,-326.9,-29.066666666666666,-49.33333333333333
liquidity_compression,cvd_acceleration,4,1,107,0.8691588785046729,4.775700934579439,0.9297124600638977,2.555093555093555,1.011764705882353,-28.833333333333332,-9.566666666666668,-19.666666666666668
liquidity_compression,cvd_acceleration,4,2,99,0.8484848484848485,4.292929292929293,0.9274924471299094,1.7662337662337662,0.9856733524355301,-9.299999999999997,4.933333333333334,-2.666666666666667
liquidity_compression,cvd_acceleration,4,3,139,0.8561151079136691,6.079136690647482,0.9273570324574961,2.4444444444444446,1.008298755186722,5.066666666666666,24.53333333333333,13.933333333333334
liquidity_compression,cvd_acceleration,4,4,147,0.8095238095238095,5.7772108843537415,0.9278688524590164,3.9269662921348316,1.022408963585434,24.866666666666664,583.2666666666667,47.6
liquidity_compression,trade_sign_autocorr_60s,0,0,165,0.9393939393939394,10.75909090909091,0.13793103448275862,0.664367816091954,0.5652173913043478,-0.09759000729485333,0.878218035380426,0.8377952117468678
liquidity_compression,trade_sign_autocorr_60s,0,1,100,0.95,6.025,0.303862660944206,0.6632124352331606,0.60506789721906,0.8784952962931581,0.8994217598252002,0.8901575303156009
liquidity_compression,trade_sign_autocorr_60s,0,2,118,0.8898305084745762,5.491525423728813,0.14410480349344978,0.6638418079096046,0.5961940778886385,0.8996056666952182,0.9137228490319984,0.9077442552041219
liquidity_compression,trade_sign_autocorr_60s,0,3,106,0.8490566037735849,4.44811320754717,0.31257078142695355,0.6641509433962264,0.6040555948098665,0.9137684913004381,0.9272787943844172,0.9218693113154374
liquidity_compression,trade_sign_autocorr_60s,0,4,136,0.8602941176470589,3.7830882352941178,0.12907268170426064,0.6638655462184874,0.5974196428571429,0.9274061552496834,0.9971126921000345,0.9402612383080389
liquidity_compression,trade_sign_autocorr_60s,1,0,111,0.8918918918918919,8.216216216216216,0.664804469273743,0.7512437810945274,0.7138263665594855,0.6373964114260562,0.8782587399349803,0.8578526797604457
liquidity_compression,trade_sign_autocorr_60s,1,1,109,0.8990825688073395,5.330275229357798,0.664624808575804,0.7513227513227513,0.7076222980659841,0.8784471500567768,0.8995254508431983,0.8904448371346629
liquidity_compression,trade_sign_autocorr_60s,1,2,115,0.9043478260869565,5.1,0.6647727272727273,0.75,0.7116154873164219,0.8995962525170647,0.9137557144531679,0.9073825068860466
liquidity_compression,trade_sign_autocorr_60s,1,3,136,0.8823529411764706,4.604779411764706,0.6652601969057665,0.751219512195122,0.7094729776357642,0.9138859783536939,0.9272513816422422,0.9203162722909491
liquidity_compression,trade_sign_autocorr_60s,1,4,153,0.8300653594771242,3.369281045751634,0.6666666666666666,0.7510593220338984,0.7168316831683168,0.927350478421248,0.9860546342602644,0.9370769848873516
liquidity_compression,trade_sign_autocorr_60s,2,0,92,0.8043478260869565,6.434782608695652,0.7516973811833172,0.8303030303030303,0.7920893141945773,0.1698806975059769,0.8780213729889738,0.8567909846254527
liquidity_compression,trade_sign_autocorr_60s,2,1,129,0.8449612403100775,4.263565891472868,0.7522935779816514,0.8305647840531561,0.7942122186495176,0.8783076625636438,0.8992175273865419,0.8897677871096991
liquidity_compression,trade_sign_autocorr_60s,2,2,148,0.9054054054054054,5.04222972972973,0.75177304964539,0.8308580858085809,0.7918523624277675,0.8995596561123912,0.9136639248447409,0.9072432164043487
liquidity_compression,trade_sign_autocorr_60s,2,3,130,0.8538461538461538,4.578846153846154,0.7522123893805309,0.8305369127516778,0.7849652249510976,0.9138299110827609,0.9273024252129685,0.9195800578547912
liquidity_compression,trade_sign_autocorr_60s,2,4,126,0.8253968253968254,3.6785714285714284,0.7513368983957219,0.8296422487223168,0.7892352092352093,0.927355853483879,0.9660079051383393,0.9357868149178287
liquidity_compression,trade_sign_autocorr_60s,3,0,102,0.8529411764705882,7.424019607843137,0.8312182741116751,0.9272727272727272,0.8613500036135,0.4402946308173513,0.8779903907307995,0.8540338725265864
liquidity_compression,trade_sign_autocorr_60s,3,1,149,0.8657718120805369,4.501677852348993,0.8336980306345733,0.9265175718849841,0.8754208754208754,0.8782695350366768,0.8995392838771802,0.8904346619756068
liquidity_compression,trade_sign_autocorr_60s,3,2,125,0.84,4.0,0.8312829525483304,0.9269521410579346,0.8716271463614064,0.8996063132379154,0.9136657084702788,0.9064608470879196
liquidity_compression,trade_sign_autocorr_60s,3,3,128,0.859375,3.646484375,0.8315789473684211,0.9269662921348315,0.8755762953324284,0.9139611255539131,0.9272003094676446,0.9193684415618358
liquidity_compression,trade_sign_autocorr_60s,3,4,120,0.8666666666666667,3.8541666666666665,0.8317422434367542,0.9271137026239067,0.8794457483300235,0.9274331268268172,0.9699745324652155,0.9369972327635008
liquidity_compression,trade_sign_autocorr_60s,4,0,155,0.8838709677419355,9.888709677419355,0.9285714285714286,2.4444444444444446,1.0283687943262412,0.49843118737158887,0.8782260770211459,0.8582197916039118
liquidity_compression,trade_sign_autocorr_60s,4,1,137,0.8686131386861314,5.408759124087592,0.9274924471299094,2.555093555093555,0.9978448275862069,0.8783524904214696,0.8994203742102921,0.889981785063749
liquidity_compression,trade_sign_autocorr_60s,4,2,119,0.8739495798319328,4.689075630252101,0.928,3.921985815602837,1.0021739130434784,0.8995865833485289,0.9136389099464458,0.9066361421453215
liquidity_compression,trade_sign_autocorr_60s,4,3,124,0.8306451612903226,5.233870967741935,0.9273570324574961,3.1091891891891894,1.0240813220265275,0.9138020069026008,0.9270561909098877,0.919835972451641
liquidity_compression,trade_sign_autocorr_60s,4,4,89,0.7865168539325843,3.758426966292135,0.9327354260089686,3.9269662921348316,0.9895104895104895,0.9274432847667367,0.9658816503500012,0.9370083972980612
replenishment_rate_near_5s,impact_asymmetry_10s,0,0,173,0.7976878612716763,3.310693641618497,0.8,59.0,37.8,-0.10185185185185185,-0.0030594405594405595,-0.004662522202486678
replenishment_rate_near_5s,impact_asymmetry_10s,0,1,107,0.794392523364486,3.147196261682243,8.4,58.2,44.6,-0.0030120481927710845,-0.0015432098765432098,-0.0021929824561403508
replenishment_rate_near_5s,impact_asymmetry_10s,0,2,105,0.7142857142857143,3.033333333333333,0.0,58.8,39.8,-0.0015151515151515152,0.0006925207756232687,-0.000496031746031746
replenishment_rate_near_5s,impact_asymmetry_10s,0,3,91,0.7142857142857143,2.85989010989011,6.6,58.8,41.8,0.0007048872180451127,0.0023006134969325155,0.0015625
replenishment_rate_near_5s,impact_asymmetry_10s,0,4,146,0.7671232876712328,2.9726027397260273,0.4,58.0,38.8,0.0023148148148148147,0.05,0.003759611035730439
replenishment_rate_near_5s,impact_asymmetry_10s,1,0,135,0.9333333333333333,4.855555555555555,59.0,96.2,76.0,-0.16176470588235295,-0.003048780487804878,-0.0042643923240938165
replenishment_rate_near_5s,impact_asymmetry_10s,1,1,132,0.8636363636363636,3.6458333333333335,59.6,96.0,78.5,-0.0030286343612334803,-0.001532399299474606,-0.0022650318079211985
replenishment_rate_near_5s,impact_asymmetry_10s,1,2,100,0.9,4.6425,59.0,96.2,74.1,-0.0015290519877675841,0.000663129973474801,-0.0007764274691358025
replenishment_rate_near_5s,impact_asymmetry_10s,1,3,118,0.8220338983050848,3.5572033898305087,59.0,96.4,79.69999999999999,0.000708215297450425,0.002259036144578313,0.0015259425761263723
replenishment_rate_near_5s,impact_asymmetry_10s,1,4,136,0.8676470588235294,4.395220588235294,59.2,96.2,78.0,0.002305327868852459,0.022058823529411766,0.0035807839589294733
replenishment_rate_near_5s,impact_asymmetry_10s,2,0,114,0.8947368421052632,5.482456140350878,96.4,149.6,121.3,-0.017550143266475644,-0.003048780487804878,-0.004304169548463591
replenishment_rate_near_5s,impact_asymmetry_10s,2,1,125,0.872,4.908,96.6,150.2,122.6,-0.0030160857908847183,-0.0015337423312883436,-0.002180232558139535
replenishment_rate_near_5s,impact_asymmetry_10s,2,2,124,0.9354838709677419,5.143145161290323,96.6,150.0,125.5,-0.001516990291262136,0.0006811989100817438,-0.0007756949970480273
replenishment_rate_near_5s,impact_asymmetry_10s,2,3,140,0.8428571428571429,4.5375,96.4,150.2,117.6,0.0007062146892655367,0.0023006134969325155,0.0016025641025641025
replenishment_rate_near_5s,impact_asymmetry_10s,2,4,118,0.8898305084745762,5.3559322033898304,96.6,150.0,116.9,0.0023148148148148147,0.01262135922330097,0.0032573635514811985
replenishment_rate_near_5s,impact_asymmetry_10s,3,0,119,0.8907563025210085,7.0210084033613445,150.6,246.4,190.0,-0.0189873417721519,-0.003048780487804878,-0.004595588235294118
replenishment_rate_near_5s,impact_asymmetry_10s,3,1,137,0.8978102189781022,4.8083941605839415,150.2,245.6,182.6,-0.003043478260869565,-0.0015350877192982456,-0.0022727272727272726
replenishment_rate_near_5s,impact_asymmetry_10s,3,2,121,0.9173553719008265,5.987603305785124,150.8,246.2,193.4,-0.001524390243902439,0.0006931608133086876,-0.000501002004008016
replenishment_rate_near_5s,impact_asymmetry_10s,3,3,131,0.8931297709923665,5.820610687022901,150.8,247.2,185.6,0.0007022471910112359,0.002297090352220521,0.0015082956259426848
replenishment_rate_near_5s,impact_asymmetry_10s,3,4,113,0.911504424778761,9.212389380530974,150.8,246.8,191.6,0.00230566534914361,0.012228260869565218,0.003481894150417827
replenishment_rate_near_5s,impact_asymmetry_10s,4,0,81,0.9629629629629629,15.061728395061728,249.6,1691.0,336.4,-0.01641341743119266,-0.003048780487804878,-0.004223864836325237
replenishment_rate_near_5s,impact_asymmetry_10s,4,1,120,0.9166666666666666,6.939583333333333,247.6,1737.4,341.6,-0.0030148423005565863,-0.0015337423312883436,-0.0023276752250070117
replenishment_rate_near_5s,impact_asymmetry_10s,4,2,171,0.8830409356725146,5.694444444444445,247.8,5341.2,375.4,-0.0014928343949044587,0.0006890848952590959,-0.0003884400248601616
replenishment_rate_near_5s,impact_asymmetry_10s,4,3,141,0.900709219858156,6.129432624113475,248.2,2012.2,357.0,0.0007075471698113207,0.0023006134969325155,0.001429388221841052
replenishment_rate_near_5s,impact_asymmetry_10s,4,4,108,0.9166666666666666,10.631944444444445,247.6,5137.0,380.70000000000005,0.0023062730627306273,0.020350564468211527,0.003432949830348336
replenishment_rate_near_5s,flow_impact,0,0,151,0.7417218543046358,3.0347682119205297,0.0,58.8,37.6,-0.5,0.0015690376569037657,0.0
replenishment_rate_near_5s,flow_impact,0,1,131,0.732824427480916,2.645038167938931,0.4,58.4,40.0,0.0015822784810126582,0.003232758620689655,0.002380952380952381
replenishment_rate_near_5s,flow_impact,0,2,121,0.7603305785123967,2.977272727272727,9.0,58.8,42.4,0.003246753246753247,0.005165289256198347,0.004
replenishment_rate_near_5s,flow_impact,0,3,108,0.7777777777777778,3.1921296296296298,0.8,58.8,40.6,0.005208333333333333,0.009146341463414634,0.006681547619047619
replenishment_rate_near_5s,flow_impact,0,4,110,0.8272727272727273,3.743181818181818,2.2,59.0,37.8,0.009191176470588236,0.5,0.01610671936758893
replenishment_rate_near_5s,flow_impact,1,0,133,0.8721804511278195,4.092105263157895,59.2,95.8,77.2,-0.28125,0.001524390243902439,-0.0010869565217391304
replenishment_rate_near_5s,flow_impact,1,1,118,0.8305084745762712,3.569915254237288,59.0,96.2,77.6,0.0015822784810126582,0.0032287822878228783,0.0024773337261063105
replenishment_rate_near_5s,flow_impact,1,2,124,0.9112903225806451,3.528225806451613,59.0,96.0,77.0,0.003246753246753247,0.005136986301369863,0.004153701054815261
replenishment_rate_near_5s,flow_impact,1,3,121,0.9090909090909091,5.0309917355371905,59.2,96.0,78.4,0.005187747035573123,0.009146341463414634,0.006377551020408163
replenishment_rate_near_5s,flow_impact,1,4,124,0.8709677419354839,4.889112903225806,59.0,96.2,77.1,0.009259259259259259,0.39285714285714285,0.01554520358868185
replenishment_rate_near_5s,flow_impact,2,0,117,0.905982905982906,4.038461538461538,96.6,150.0,122.0,-0.875,0.0015748031496062992,-0.0006038647342995169
replenishment_rate_near_5s,flow_impact,2,1,131,0.8320610687022901,3.8606870229007635,96.4,149.8,121.2,0.0015822784810126582,0.003236914600550964,0.0024366471734892786
replenishment_rate_near_5s,flow_impact,2,2,148,0.8716216216216216,4.760135135135135,96.4,150.2,118.5,0.0032407407407407406,0.005169172932330827,0.004171016005567154
replenishment_rate_near_5s,flow_impact,2,3,120,0.9083333333333333,5.777083333333334,96.6,150.2,122.8,0.005184331797235023,0.009126984126984128,0.0066726823708206685
replenishment_rate_near_5s,flow_impact,2,4,105,0.9142857142857143,7.238095238095238,96.6,149.4,118.2,0.009159482758620689,0.10714285714285714,0.015350877192982455
replenishment_rate_near_5s,flow_impact,3,0,108,0.8703703703703703,5.868055555555555,151.4,246.2,191.7,-0.75,0.0015737410071942446,0.0
replenishment_rate_near_5s,flow_impact,3,1,112,0.8839285714285714,4.828125,150.8,247.2,187.5,0.001639344262295082,0.003234750462107209,0.0025198101706722397
replenishment_rate_near_5s,flow_impact,3,2,110,0.9,5.338636363636364,150.2,246.8,182.9,0.003246753246753247,0.005172413793103448,0.004079686386808048
replenishment_rate_near_5s,flow_impact,3,3,142,0.9154929577464789,6.515845070422535,150.6,246.2,189.1,0.005208333333333333,0.009157509157509158,0.006738044794188862
replenishment_rate_near_5s,flow_impact,3,4,148,0.9256756756756757,8.93581081081081,151.0,246.8,191.10000000000002,0.009196185286103543,0.4583333333333333,0.015009010002942042
replenishment_rate_near_5s,flow_impact,4,0,112,0.8839285714285714,5.462053571428571,247.8,5341.2,347.8,-0.3125,0.0015800561797752809,-0.0006395911850921273
replenishment_rate_near_5s,flow_impact,4,1,128,0.8984375,5.642578125,249.0,3268.8,356.2,0.0016195524146054182,0.003232758620689655,0.0024312779774289138
replenishment_rate_near_5s,flow_impact,4,2,118,0.8898305084745762,5.531779661016949,247.6,1918.0,356.7,0.003246753246753247,0.005184331797235023,0.004081700653072105
replenishment_rate_near_5s,flow_impact,4,3,129,0.9147286821705426,8.387596899224807,249.2,5137.0,363.6,0.005208333333333333,0.008951406649616368,0.0068359375
replenishment_rate_near_5s,flow_impact,4,4,133,0.9548872180451128,14.753759398496241,248.2,3433.0,362.0,0.009160756501182032,0.375,0.014018691588785047
replenishment_rate_near_5s,absorption_ratio,0,0,196,0.7857142857142857,3.19515306122449,0.6,59.6,35.5,3.4545454545454546,87.66666666666667,62.16666666666667
replenishment_rate_near_5s,absorption_ratio,0,1,133,0.7518796992481203,2.892857142857143,0.4,59.2,42.0,88.0,131.0,106.66666666666667
replenishment_rate_near_5s,absorption_ratio,0,2,100,0.79,3.0225,7.6,59.4,43.900000000000006,132.5,188.66666666666666,152.0
replenishment_rate_near_5s,absorption_ratio,0,3,96,0.7708333333333334,3.1458333333333335,6.6,59.2,41.900000000000006,190.0,324.0,234.75
replenishment_rate_near_5s,absorption_ratio,0,4,76,0.7763157894736842,3.5197368421052633,8.6,59.6,44.7,326.0,2332.0,465.0
replenishment_rate_near_5s,absorption_ratio,1,0,129,0.9069767441860465,4.651162790697675,59.6,96.6,79.0,2.4545454545454546,87.23076923076923,69.0
replenishment_rate_near_5s,absorption_ratio,1,1,127,0.8818897637795275,4.352362204724409,59.6,96.0,76.4,87.8,132.0,108.0
replenishment_rate_near_5s,absorption_ratio,1,2,121,0.9008264462809917,4.1735537190082646,59.6,96.6,78.0,132.5,188.75,158.66666666666666
replenishment_rate_near_5s,absorption_ratio,1,3,117,0.8290598290598291,3.3824786324786325,59.6,96.4,79.0,189.6,322.6666666666667,244.28571428571428
replenishment_rate_near_5s,absorption_ratio,1,4,107,0.8691588785046729,4.546728971962617,60.0,96.6,77.2,328.0,3288.0,476.0
replenishment_rate_near_5s,absorption_ratio,2,0,98,0.8877551020408163,6.709183673469388,97.6,149.4,119.6,23.26530612244898,87.73333333333333,67.26176470588236
replenishment_rate_near_5s,absorption_ratio,2,1,124,0.8709677419354839,3.909274193548387,96.6,150.6,118.1,88.0,132.0,107.81818181818181
replenishment_rate_near_5s,absorption_ratio,2,2,135,0.8740740740740741,5.203703703703703,96.6,150.2,120.4,132.5,188.0,159.66666666666666
replenishment_rate_near_5s,absorption_ratio,2,3,128,0.90625,4.3359375,97.2,150.2,122.9,189.27272727272728,322.0,241.0
replenishment_rate_near_5s,absorption_ratio,2,4,116,0.8706896551724138,5.773706896551724,97.6,149.4,122.7,324.5,2154.0,551.85
replenishment_rate_near_5s,absorption_ratio,3,0,106,0.9339622641509434,8.31367924528302,150.8,245.4,187.7,27.0,87.1304347826087,62.71428571428571
replenishment_rate_near_5s,absorption_ratio,3,1,118,0.8898305084745762,7.487288135593221,151.0,246.8,189.5,87.8,132.2,108.82211538461539
replenishment_rate_near_5s,absorption_ratio,3,2,114,0.8859649122807017,5.730263157894737,151.0,247.6,192.10000000000002,132.46153846153845,188.58823529411765,154.4
replenishment_rate_near_5s,absorption_ratio,3,3,139,0.8705035971223022,5.307553956834532,151.4,247.2,183.8,188.75,322.0,229.2
replenishment_rate_near_5s,absorption_ratio,3,4,124,0.9274193548387096,6.022177419354839,150.8,247.2,193.5,324.0,3510.0,516.0
replenishment_rate_near_5s,absorption_ratio,4,0,72,0.9583333333333334,16.48263888888889,251.4,2972.8,336.2,19.197080291970803,87.71428571428571,68.10714285714286
replenishment_rate_near_5s,absorption_ratio,4,1,99,0.898989898989899,10.3989898989899,249.0,3433.0,362.2,87.84313725490196,131.65217391304347,114.0
replenishment_rate_near_5s,absorption_ratio,4,2,131,0.8931297709923665,5.812977099236641,247.6,5137.0,351.8,132.33333333333334,188.28571428571428,157.5
replenishment_rate_near_5s,absorption_ratio,4,3,121,0.9090909090909091,7.702479338842975,248.2,1918.0,356.2,190.36363636363637,321.6,253.53846153846155
replenishment_rate_near_5s,absorption_ratio,4,4,177,0.903954802259887,5.704802259887006,248.6,5341.2,369.6,327.2,4618.0,642.5
replenishment_rate_near_5s,microprice_pressure,0,0,107,0.6915887850467289,2.7313084112149535,0.2,58.8,37.2,-0.2509025270762019,-0.06756756756840332,-0.10431654676237183
replenishment_rate_near_5s,microprice_pressure,0,1,151,0.8013245033112583,2.9619205298013247,0.8,58.4,39.2,-0.06701030927797547,-0.013513513513316866,-0.03658536585377684
replenishment_rate_near_5s,microprice_pressure,0,2,162,0.7716049382716049,3.2746913580246915,0.0,58.8,40.5,-0.013274336283454128,0.027272727272550885,0.006371753246639855
replenishment_rate_near_5s,microprice_pressure,0,3,132,0.803030303030303,3.2178030303030303,0.0,58.6,39.599999999999994,0.027472527472127695,0.07961783439532155,0.051956284152765875
replenishment_rate_near_5s,microprice_pressure,0,4,70,0.6857142857142857,3.2071428571428573,0.0,58.0,41.8,0.0813953488371529,0.4130434782609882,0.10784313725525863
replenishment_rate_near_5s,microprice_pressure,1,0,124,0.8709677419354839,4.491935483870968,59.6,96.0,79.1,-0.46666666666715173,-0.06818181818137721,-0.10458546840042496
replenishment_rate_near_5s,microprice_pressure,1,1,144,0.8402777777777778,3.6822916666666665,59.0,96.2,77.1,-0.0671641791050206,-0.013761467889708001,-0.03976880607297062
replenishment_rate_near_5s,microprice_pressure,1,2,116,0.9310344827586207,4.478448275862069,59.4,96.0,79.1,-0.013274336283454128,0.027027027026633732,0.006319554848838985
replenishment_rate_near_5s,microprice_pressure,1,3,143,0.8671328671328671,4.064685314685315,59.0,96.0,74.0,0.027272727272550885,0.08088235294174713,0.04929577464766529
replenishment_rate_near_5s,microprice_pressure,1,4,94,0.9042553191489362,4.61436170212766,59.0,96.0,78.4,0.0816993464056092,0.32352941176456324,0.10804195804181896
replenishment_rate_near_5s,microprice_pressure,2,0,133,0.8796992481203008,5.0394736842105265,96.4,150.2,115.4,-0.4152542372885364,-0.06830601092951838,-0.11458333333303017
replenishment_rate_near_5s,microprice_pressure,2,1,129,0.8682170542635659,4.843023255813954,96.6,149.8,118.2,-0.06756756756779699,-0.013513513513316866,-0.03237410071960767
replenishment_rate_near_5s,microprice_pressure,2,2,117,0.8888888888888888,4.861111111111111,96.6,150.0,124.8,-0.013089005235087825,0.027027027026633732,0.008474576271206994
replenishment_rate_near_5s,microprice_pressure,2,3,135,0.8962962962962963,5.6537037037037035,96.6,150.2,123.6,0.027777777777373558,0.08064516129040082,0.05172413793115993
replenishment_rate_near_5s,microprice_pressure,2,4,108,0.8888888888888888,4.787037037037037,96.4,150.2,125.1,0.0813953488371529,0.4166666666666667,0.11363636363603291
replenishment_rate_near_5s,microprice_pressure,3,0,126,0.8968253968253969,6.525793650793651,150.8,247.2,191.1,-0.32608695652137004,-0.06896551724154658,-0.12128567225651446
replenishment_rate_near_5s,microprice_pressure,3,1,100,0.85,5.9,150.2,246.2,184.8,-0.06692913385813881,-0.013513513513316866,-0.033712121211465274
replenishment_rate_near_5s,microprice_pressure,3,2,134,0.917910447761194,6.753731343283582,150.8,247.2,193.9,-0.013274336283454128,0.027027027026633732,0.0067579908676028335
replenishment_rate_near_5s,microprice_pressure,3,3,100,0.88,5.9675,150.6,246.4,178.5,0.028301886792178266,0.08024691358029183,0.04669331395355887
replenishment_rate_near_5s,microprice_pressure,3,4,161,0.937888198757764,6.883540372670807,150.6,245.6,192.0,0.08139534883775923,0.3897637795271294,0.12857142857198292
replenishment_rate_near_5s,microprice_pressure,4,0,132,0.9318181818181818,10.74810606060606,247.6,5341.2,345.79999999999995,-0.4770114942530199,-0.06862745098017815,-0.1363636363639671
replenishment_rate_near_5s,microprice_pressure,4,1,97,0.8762886597938144,6.046391752577319,251.0,3709.6,362.0,-0.06756756756779699,-0.013761467889708001,-0.03508771929773502
replenishment_rate_near_5s,microprice_pressure,4,2,93,0.9247311827956989,7.43010752688172,248.2,3806.8,375.4,-0.013157894736650633,0.027131782945313414,0.009803921568163787
replenishment_rate_near_5s,microprice_pressure,4,3,111,0.8828828828828829,7.475225225225225,248.6,5137.0,355.4,0.027777777777373558,0.08064516129040082,0.05172413793115993
replenishment_rate_near_5s,microprice_pressure,4,4,188,0.9202127659574468,8.047872340425531,247.6,4126.8,351.6,0.08088235294174713,0.45890410958903277,0.14973690231090586
replenishment_rate_near_5s,cvd_acceleration,0,0,47,0.8085106382978723,3.1595744680851063,12.0,58.4,46.8,-312.6666666666667,-28.966666666666665,-38.53333333333333
replenishment_rate_near_5s,cvd_acceleration,0,1,164,0.7804878048780488,3.089939024390244,8.4,58.4,40.0,-28.433333333333337,-9.433333333333335,-16.866666666666667
replenishment_rate_near_5s,cvd_acceleration,0,2,221,0.755656108597285,2.936651583710407,0.0,58.8,32.8,-9.433333333333334,5.0,-2.2666666666666657
replenishment_rate_near_5s,cvd_acceleration,0,3,147,0.7346938775510204,3.2193877551020407,8.6,58.8,42.0,5.066666666666666,24.53333333333333,13.366666666666665
replenishment_rate_near_5s,cvd_acceleration,0,4,45,0.7777777777777778,3.238888888888889,23.2,58.8,46.8,24.800000000000004,220.1,37.66666666666667
replenishment_rate_near_5s,cvd_acceleration,1,0,103,0.8543689320388349,3.820388349514563,59.2,96.0,79.0,-171.76666666666668,-28.933333333333337,-39.733333333333334
replenishment_rate_near_5s,cvd_acceleration,1,1,148,0.8851351351351351,4.052364864864865,59.0,96.0,75.1,-28.566666666666666,-9.466666666666667,-16.966666666666665
replenishment_rate_near_5s,cvd_acceleration,1,2,129,0.9069767441860465,5.482558139534884,59.0,96.0,79.0,-9.433333333333332,4.933333333333334,-2.0666666666666664
replenishment_rate_near_5s,cvd_acceleration,1,3,141,0.8936170212765957,4.207446808510638,59.2,96.2,78.0,5.0,24.433333333333337,13.366666666666664
replenishment_rate_near_5s,cvd_acceleration,1,4,103,0.8446601941747572,3.737864077669903,59.0,96.0,77.6,24.83333333333333,163.0,36.9
replenishment_rate_near_5s,cvd_acceleration,2,0,140,0.8928571428571429,5.328571428571428,96.4,150.0,124.9,-139.46666666666667,-29.0,-45.35
replenishment_rate_near_5s,cvd_acceleration,2,1,120,0.9,5.020833333333333,96.2,150.2,121.3,-28.833333333333336,-9.5,-19.333333333333336
replenishment_rate_near_5s,cvd_acceleration,2,2,112,0.9196428571428571,5.566964285714286,96.6,148.8,119.2,-9.2,4.7666666666666675,-2.016666666666666
replenishment_rate_near_5s,cvd_acceleration,2,3,129,0.875968992248062,4.875968992248062,96.2,149.8,117.8,5.0,24.46666666666667,13.733333333333334
replenishment_rate_near_5s,cvd_acceleration,2,4,123,0.8373983739837398,4.3272357723577235,96.4,150.0,117.8,25.233333333333334,407.93333333333334,45.4
replenishment_rate_near_5s,cvd_acceleration,3,0,141,0.8865248226950354,4.76241134751773,150.2,246.4,184.0,-239.93333333333337,-29.166666666666664,-48.0
replenishment_rate_near_5s,cvd_acceleration,3,1,116,0.9224137931034483,6.036637931034483,150.6,246.2,191.10000000000002,-28.866666666666667,-9.833333333333329,-20.016666666666666
replenishment_rate_near_5s,cvd_acceleration,3,2,96,0.9270833333333334,7.2109375,151.4,246.2,188.8,-9.299999999999997,4.800000000000001,-2.283333333333334
replenishment_rate_near_5s,cvd_acceleration,3,3,121,0.9173553719008265,8.34297520661157,150.8,246.8,187.8,5.033333333333333,24.3,14.466666666666667
replenishment_rate_near_5s,cvd_acceleration,3,4,150,0.8666666666666667,6.408333333333333,150.2,247.2,191.8,24.53333333333333,161.06666666666666,44.33333333333333
replenishment_rate_near_5s,cvd_acceleration,4,0,193,0.9222797927461139,9.5,247.6,4126.8,356.2,-383.53333333333336,-29.066666666666666,-61.56666666666666
replenishment_rate_near_5s,cvd_acceleration,4,1,76,0.9473684210526315,7.940789473684211,249.6,3268.8,336.1,-28.89999999999999,-9.833333333333332,-19.166666666666668
replenishment_rate_near_5s,cvd_acceleration,4,2,66,0.8939393939393939,7.537878787878788,249.2,1737.4,364.29999999999995,-9.299999999999997,4.866666666666667,-2.95
replenishment_rate_near_5s,cvd_acceleration,4,3,86,0.9069767441860465,8.116279069767442,247.2,996.2,343.2,5.066666666666666,23.666666666666668,12.533333333333331
replenishment_rate_near_5s,cvd_acceleration,4,4,203,0.8916256157635468,7.044334975369458,247.6,5341.2,377.6,24.799999999999997,737.2666666666667,58.766666666666666
replenishment_rate_near_5s,trade_sign_autocorr_60s,0,0,107,0.6635514018691588,3.210280373831776,0.0,59.0,30.8,-0.09759000729485333,0.878006668191611,0.8393590659877088
replenishment_rate_near_5s,trade_sign_autocorr_60s,0,1,102,0.8725490196078431,3.4338235294117645,3.4,59.0,38.2,0.8782695350366768,0.8993109446581364,0.8910159933130273
replenishment_rate_near_5s,trade_sign_autocorr_60s,0,2,111,0.7747747747747747,3.15990990990991,2.2,58.8,43.8,0.8995596561123912,0.9136176117611786,0.905839444430048
replenishment_rate_near_5s,trade_sign_autocorr_60s,0,3,129,0.813953488372093,3.0949612403100777,5.0,58.8,40.4,0.913812181126986,0.9272513816422422,0.9211319841256685
replenishment_rate_near_5s,trade_sign_autocorr_60s,0,4,175,0.7257142857142858,2.775714285714286,4.8,58.4,40.0,0.9274411317995743,0.9860546342602644,0.9401204084074426
replenishment_rate_near_5s,trade_sign_autocorr_60s,1,0,91,0.9010989010989011,5.857142857142857,59.4,96.2,80.4,0.6080051376822609,0.8782587399349803,0.8637010943203995
replenishment_rate_near_5s,trade_sign_autocorr_60s,1,1,111,0.8558558558558559,4.256756756756757,59.2,96.0,76.8,0.8784471500567768,0.8995392838771802,0.8904346619756068
replenishment_rate_near_5s,trade_sign_autocorr_60s,1,2,135,0.8666666666666667,4.340740740740741,59.0,96.0,77.2,0.8996343090191873,0.913700488364312,0.9078785676505299
replenishment_rate_near_5s,trade_sign_autocorr_60s,1,3,141,0.8936170212765957,3.9397163120567376,59.6,96.0,77.0,0.9137557144531679,0.9272576067652437,0.9199947203632611
replenishment_rate_near_5s,trade_sign_autocorr_60s,1,4,146,0.8835616438356164,3.6386986301369864,59.2,96.0,75.8,0.9272787943844172,0.966398800176487,0.9365313309107595
replenishment_rate_near_5s,trade_sign_autocorr_60s,2,0,106,0.9339622641509434,7.375,96.6,149.4,119.2,0.6005926751772158,0.8782161790191165,0.8590852196400705
replenishment_rate_near_5s,trade_sign_autocorr_60s,2,1,126,0.8333333333333334,4.978174603174603,96.6,150.2,122.69999999999999,0.8782916874076097,0.8995254508431983,0.8904648815944398
replenishment_rate_near_5s,trade_sign_autocorr_60s,2,2,120,0.9166666666666666,4.9375,96.6,149.8,124.0,0.8995865833485289,0.9133628727859178,0.9060825212066287
replenishment_rate_near_5s,trade_sign_autocorr_60s,2,3,143,0.8671328671328671,4.506993006993007,96.4,150.0,122.8,0.9137228490319984,0.9271979834771807,0.920187206731316
replenishment_rate_near_5s,trade_sign_autocorr_60s,2,4,128,0.8828125,3.787109375,96.4,150.2,117.4,0.9274432847667367,0.9658816503500012,0.9375328143671189
replenishment_rate_near_5s,trade_sign_autocorr_60s,3,0,146,0.9383561643835616,10.835616438356164,150.2,246.8,191.60000000000002,0.6206451457247685,0.8781686985011912,0.8524930471381871
replenishment_rate_near_5s,trade_sign_autocorr_60s,3,1,136,0.9044117647058824,5.604779411764706,151.6,244.2,192.2,0.878381968350633,0.8994328287038339,0.8897377299368725
replenishment_rate_near_5s,trade_sign_autocorr_60s,3,2,127,0.9212598425196851,5.368110236220472,150.2,247.2,189.2,0.8996056666952182,0.9136389099464458,0.9063789571574036
replenishment_rate_near_5s,trade_sign_autocorr_60s,3,3,101,0.8712871287128713,5.138613861386139,150.8,241.6,183.6,0.9138474778758309,0.9268360272194238,0.9176773124362465
replenishment_rate_near_5s,trade_sign_autocorr_60s,3,4,114,0.8508771929824561,4.399122807017544,151.2,246.2,184.60000000000002,0.9273024252129685,0.9737612916075934,0.9367049156361369
replenishment_rate_near_5s,trade_sign_autocorr_60s,4,0,174,0.9367816091954023,13.382183908045977,248.6,3709.6,366.4,0.49843118737158887,0.8782127856089823,0.8523829811981679
replenishment_rate_near_5s,trade_sign_autocorr_60s,4,1,149,0.9261744966442953,6.261744966442953,247.8,5341.2,356.2,0.8783524904214696,0.8994699361288289,0.8894636518343163
replenishment_rate_near_5s,trade_sign_autocorr_60s,4,2,130,0.9230769230769231,6.328846153846154,247.6,4126.8,376.70000000000005,0.8996063132379154,0.9136639248447409,0.9077591407238511
replenishment_rate_near_5s,trade_sign_autocorr_60s,4,3,110,0.8272727272727273,6.213636363636364,247.6,3806.8,329.6,0.9137684913004381,0.9272512077294699,0.9198877327715052
replenishment_rate_near_5s,trade_sign_autocorr_60s,4,4,60,0.9166666666666666,4.645833333333333,257.6,1404.4,365.79999999999995,0.927355853483879,0.9576893666399844,0.9358950394624035
impact_asymmetry_10s,flow_impact,0,0,53,0.8490566037735849,4.971698113207547,-0.03571428571428571,-0.0031779661016949155,-0.0049504950495049506,-0.875,-0.0013020833333333333,-0.022727272727272728
impact_asymmetry_10s,flow_impact,0,1,3,1.0,4.833333333333333,-0.0031512605042016808,-0.003048780487804878,-0.0031512605042016808,0.0031120331950207467,0.003205128205128205,0.0031960227272727275
impact_asymmetry_10s,flow_impact,0,2,105,0.8380952380952381,3.3976190476190475,-0.0048828125,-0.003043478260869565,-0.0036326378539493294,0.003232758620689655,0.005169172932330827,0.0044896030245746696
impact_asymmetry_10s,flow_impact,0,3,192,0.8958333333333334,5.08203125,-0.008928571428571428,-0.003048780487804878,-0.004089996654399465,0.005208333333333333,0.009157509157509158,0.006950483091787439
impact_asymmetry_10s,flow_impact,0,4,269,0.895910780669145,8.526022304832713,-0.16176470588235295,-0.003071253071253071,-0.005859375,0.009159482758620689,0.5,0.015
impact_asymmetry_10s,flow_impact,1,0,45,0.8888888888888888,4.2555555555555555,-0.0029850746268656717,-0.0015337423312883436,-0.0020718232044198894,-0.5,0.0015527950310559005,-0.0125
impact_asymmetry_10s,flow_impact,1,1,172,0.813953488372093,2.9622093023255816,-0.0029411764705882353,-0.001532399299474606,-0.001993377483443709,0.0016025641025641025,0.0032281205164992827,0.002584425762325449
impact_asymmetry_10s,flow_impact,1,2,217,0.8940092165898618,4.53110599078341,-0.0030120481927710845,-0.0015290519877675841,-0.002335164835164835,0.003234750462107209,0.005160550458715597,0.004032258064516129
impact_asymmetry_10s,flow_impact,1,3,121,0.9008264462809917,6.696280991735537,-0.0030286343612334803,-0.001524390243902439,-0.0025157232704402514,0.005184331797235023,0.009146341463414634,0.00625
impact_asymmetry_10s,flow_impact,1,4,67,0.8805970149253731,6.276119402985074,-0.003033980582524272,-0.0015337423312883436,-0.002403846153846154,0.009259259259259259,0.4583333333333333,0.015350877192982455
impact_asymmetry_10s,flow_impact,2,0,365,0.8575342465753425,4.498630136986302,-0.0015060240963855422,0.0006925207756232687,0.0,-0.3125,0.0015690376569037657,-0.0
impact_asymmetry_10s,flow_impact,2,1,145,0.9172413793103448,5.841379310344828,-0.001516990291262136,0.0006890848952590959,-0.0010744985673352436,0.0015723270440251573,0.003205128205128205,0.002124645892351275
impact_asymmetry_10s,flow_impact,2,2,41,0.7804878048780488,4.7560975609756095,-0.001488095238095238,0.0006875214850464077,-0.001012965964343598,0.003246753246753247,0.00512749445676275,0.003787878787878788
impact_asymmetry_10s,flow_impact,2,3,33,0.9393939393939394,5.787878787878788,-0.0014970059880239522,0.0005924170616113745,-0.0010107816711590297,0.005208333333333333,0.008928571428571428,0.006944444444444444
impact_asymmetry_10s,flow_impact,2,4,38,0.9473684210526315,6.717105263157895,-0.001488095238095238,0.0006596306068601583,-0.0010421493666975595,0.009259259259259259,0.375,0.017857142857142856
impact_asymmetry_10s,flow_impact,3,0,116,0.8275862068965517,4.064655172413793,0.0007022471910112359,0.0022988505747126436,0.0011886014813252059,-0.125,0.0015625,-0.0015102798659541708
impact_asymmetry_10s,flow_impact,3,1,264,0.8106060606060606,3.9109848484848486,0.0007062146892655367,0.0023006134969325155,0.001550609227239662,0.0015737410071942446,0.003232758620689655,0.0023534865050844865
impact_asymmetry_10s,flow_impact,3,2,119,0.9327731092436975,5.573529411764706,0.0007075471698113207,0.002297794117647059,0.0016666666666666668,0.0032407407407407406,0.005136986301369863,0.0038888888888888888
impact_asymmetry_10s,flow_impact,3,3,67,0.8208955223880597,5.611940298507463,0.0006931608133086876,0.0023006134969325155,0.0016741071428571428,0.005172413793103448,0.008928571428571428,0.006329113924050633
impact_asymmetry_10s,flow_impact,3,4,56,0.875,7.165178571428571,0.0007455268389662028,0.002242152466367713,0.0016725401353694692,0.009210526315789473,0.375,0.013888888888888888
impact_asymmetry_10s,flow_impact,4,0,43,0.7906976744186046,3.988372093023256,0.002336448598130841,0.025,0.0037313432835820895,-0.5,-0.00013819789939192924,-0.017241379310344827
impact_asymmetry_10s,flow_impact,4,1,38,0.7631578947368421,3.1184210526315788,0.0023148148148148147,0.003105590062111801,0.0025055803571428573,0.0023544520547945204,0.003232758620689655,0.002879174157800112
impact_asymmetry_10s,flow_impact,4,2,140,0.8142857142857143,3.9410714285714286,0.00230566534914361,0.004901960784313725,0.002965174041868521,0.003236914600550964,0.005165289256198347,0.00419581240317356
impact_asymmetry_10s,flow_impact,4,3,209,0.8899521531100478,6.307416267942584,0.002305327868852459,0.007352941176470588,0.0037688442211055275,0.005208333333333333,0.009146341463414634,0.006711409395973154
impact_asymmetry_10s,flow_impact,4,4,191,0.9109947643979057,8.863874345549739,0.0023148148148148147,0.05,0.004843173431734318,0.009160756501182032,0.375,0.015625
impact_asymmetry_10s,absorption_ratio,0,0,369,0.8753387533875339,6.44579945799458,-0.16176470588235295,-0.0031512605042016808,-0.005376344086021506,2.4545454545454546,87.71428571428571,63.27272727272727
impact_asymmetry_10s,absorption_ratio,0,1,198,0.898989898989899,6.325757575757576,-0.014705882352941176,-0.003125,-0.003743916661059903,87.8,131.0,102.53571428571428
impact_asymmetry_10s,absorption_ratio,0,2,31,0.8387096774193549,5.07258064516129,-0.008333333333333333,-0.0031302170283806345,-0.003424657534246575,132.66666666666666,187.0,146.30769230769232
impact_asymmetry_10s,absorption_ratio,0,3,2,1.0,1.875,-0.006097560975609756,-0.0031779661016949155,-0.004637763538652336,196.33333333333334,216.0,206.16666666666669
impact_asymmetry_10s,absorption_ratio,0,4,1,1.0,10.25,-0.003246753246753247,-0.003246753246753247,-0.003246753246753247,346.0,346.0,346.0
impact_asymmetry_10s,absorption_ratio,1,0,4,0.75,2.5625,-0.0030864197530864196,-0.0029296875,-0.0029949784791965567,83.66666666666667,87.66666666666667,85.66666666666666
impact_asymmetry_10s,absorption_ratio,1,1,157,0.8407643312101911,4.32484076433121,-0.0031201248049922,-0.0019723865877712033,-0.0027445109780439123,89.71428571428571,132.0,117.66666666666667
impact_asymmetry_10s,absorption_ratio,1,2,279,0.9032258064516129,4.92921146953405,-0.003096846846846847,-0.0016891891891891893,-0.002335164835164835,132.33333333333334,188.66666666666666,156.0
impact_asymmetry_10s,absorption_ratio,1,3,154,0.8571428571428571,4.99512987012987,-0.002815315315315315,-0.0016711229946524064,-0.0019364845081239349,189.6,319.0,218.67857142857144
impact_asymmetry_10s,absorption_ratio,1,4,7,1.0,3.9285714285714284,-0.002106741573033708,-0.0017241379310344827,-0.001838235294117647,352.0,1014.6666666666666,374.5
impact_asymmetry_10s,absorption_ratio,2,2,13,0.8461538461538461,2.423076923076923,-0.0016666666666666668,-0.0014231499051233396,-0.0015432098765432098,150.66666666666666,183.0,177.5
impact_asymmetry_10s,absorption_ratio,2,3,155,0.8774193548387097,4.441935483870968,-0.0016698473282442748,-0.0008692628650904034,-0.0013686131386861315,188.75,322.6666666666667,265.8181818181818
impact_asymmetry_10s,absorption_ratio,2,4,433,0.8799076212471132,5.338337182448037,-0.0016286644951140066,0.0008223684210526315,-0.00037101996762007553,324.0,4618.0,670.0
impact_asymmetry_10s,absorption_ratio,3,1,17,0.6470588235294118,2.1029411764705883,0.001953125,0.0023510971786833857,0.002240143369175627,107.63636363636364,131.66666666666666,125.2
impact_asymmetry_10s,absorption_ratio,3,2,148,0.8108108108108109,3.9510135135135136,0.0015182186234817814,0.0023584905660377358,0.001973936810272487,133.27272727272728,188.58823529411765,164.3095238095238
impact_asymmetry_10s,absorption_ratio,3,3,277,0.855595667870036,5.054151624548736,0.0008741258741258741,0.002347417840375587,0.0015592515592515593,188.75,322.0,244.0
impact_asymmetry_10s,absorption_ratio,3,4,159,0.8742138364779874,5.226415094339623,0.0008237232289950577,0.0022865853658536584,0.0010984182776801407,324.0,1584.0,391.0
impact_asymmetry_10s,absorption_ratio,4,0,228,0.8771929824561403,6.857456140350878,0.00294811320754717,0.05,0.005199032738095238,5.777777777777778,87.23076923076923,67.85
impact_asymmetry_10s,absorption_ratio,4,1,229,0.8427947598253275,5.973799126637554,0.002365930599369085,0.007190265486725664,0.003238341968911917,87.73333333333333,132.1818181818182,108.0
impact_asymmetry_10s,absorption_ratio,4,2,130,0.8769230769230769,5.946153846153846,0.0023584905660377358,0.005319148936170213,0.0027027816736792895,132.2,188.0,150.4116883116883
impact_asymmetry_10s,absorption_ratio,4,3,13,0.8461538461538461,4.8076923076923075,0.0023584905660377358,0.0045045045045045045,0.002798507462686567,190.6,273.0,212.5
impact_asymmetry_10s,absorption_ratio,4,4,1,1.0,1.5,0.009259259259259259,0.009259259259259259,0.009259259259259259,1863.0,1863.0,1863.0
impact_asymmetry_10s,microprice_pressure,0,0,22,0.9545454545454546,25.420454545454547,-0.10185185185185185,-0.0031645569620253164,-0.006311487268518518,-0.4242424242420384,-0.07142857142874466,-0.10613266583216804
impact_asymmetry_10s,microprice_pressure,0,1,67,0.8955223880597015,6.75,-0.16176470588235295,-0.0030864197530864196,-0.0045045045045045045,-0.0625,-0.013274336283454128,-0.027638190954651993
impact_asymmetry_10s,microprice_pressure,0,2,150,0.8733333333333333,5.656666666666666,-0.03125,-0.003048780487804878,-0.004345727715292933,-0.012195121951663168,0.027027027026633732,0.009646401985567838
impact_asymmetry_10s,microprice_pressure,0,3,176,0.8806818181818182,4.748579545454546,-0.016666666666666666,-0.003048780487804878,-0.004262877980228726,0.02739726027357392,0.08088235294174713,0.05409698996663792
impact_asymmetry_10s,microprice_pressure,0,4,207,0.8792270531400966,5.8478260869565215,-0.019230769230769232,-0.003048780487804878,-0.0045045045045045045,0.08139534883775923,0.4130434782609882,0.1302521008401527
impact_asymmetry_10s,microprice_pressure,1,0,16,0.8125,3.421875,-0.0030048076923076925,-0.0015337423312883436,-0.00210389729936414,-0.19696969696997257,-0.06944444444404023,-0.08017135862898309
impact_asymmetry_10s,microprice_pressure,1,1,103,0.8446601941747572,4.509708737864078,-0.0030160857908847183,-0.0015923566878980893,-0.0022522522522522522,-0.06756756756779699,-0.013513513513316866,-0.03125
impact_asymmetry_10s,microprice_pressure,1,2,139,0.8705035971223022,4.631294964028777,-0.0030120481927710845,-0.0015337423312883436,-0.0022865853658536584,-0.012820512820326257,0.027272727272550885,0.010752688171730066
impact_asymmetry_10s,microprice_pressure,1,3,181,0.8729281767955801,4.273480662983426,-0.003048780487804878,-0.0015337423312883436,-0.002216916780354707,0.027472527472127695,0.08054711246222723,0.04838709677399796
impact_asymmetry_10s,microprice_pressure,1,4,182,0.8956043956043956,5.434065934065934,-0.0030232558139534882,-0.0015350877192982456,-0.0023277548132941243,0.08088235294174713,0.37804878048804574,0.11795102819572398
impact_asymmetry_10s,microprice_pressure,2,0,90,0.8888888888888888,5.722222222222222,-0.001483679525222552,0.0006925207756232687,-8.865248226950355e-05,-0.3695652173907244,-0.06830601092951838,-0.11374887488758154
impact_asymmetry_10s,microprice_pressure,2,1,111,0.9099099099099099,4.454954954954955,-0.001524390243902439,0.0006915629322268327,0.0,-0.06593406593431912,-0.013513513513316866,-0.038961038961133454
impact_asymmetry_10s,microprice_pressure,2,2,133,0.8571428571428571,3.9661654135338344,-0.0015060240963855422,0.0006855575868372943,-0.0005252100840336134,-0.013274336283454128,0.027027027026633732,0.004201680672849761
impact_asymmetry_10s,microprice_pressure,2,3,149,0.8053691275167785,4.525167785234899,-0.001532399299474606,0.000663129973474801,-0.0008692628650904034,0.027607361962509458,0.08064516129040082,0.050000000000485066
impact_asymmetry_10s,microprice_pressure,2,4,139,0.920863309352518,6.534172661870503,-0.0015290519877675841,0.0006931608133086876,-0.0008152173913043478,0.0813953488371529,0.45890410958903277,0.12068965517270651
impact_asymmetry_10s,microprice_pressure,3,0,213,0.8450704225352113,4.300469483568075,0.0007075471698113207,0.002297090352220521,0.0016666666666666668,-0.4770114942530199,-0.06756756756779699,-0.109442060085712
impact_asymmetry_10s,microprice_pressure,3,1,182,0.7692307692307693,3.76510989010989,0.0007048872180451127,0.0023006134969325155,0.001497903473628283,-0.06701030927797547,-0.013513513513316866,-0.03650460345670581
impact_asymmetry_10s,microprice_pressure,3,2,99,0.9090909090909091,5.563131313131313,0.0007455268389662028,0.0023006134969325155,0.0014910536779324055,-0.013089005235087825,0.026666666667248744,0.006329113924948615
impact_asymmetry_10s,microprice_pressure,3,3,69,0.927536231884058,6.753623188405797,0.0007022471910112359,0.002297794117647059,0.0014258555133079848,0.027272727272550885,0.08064516129040082,0.047826086956774816
impact_asymmetry_10s,microprice_pressure,3,4,58,0.8620689655172413,5.586206896551724,0.0007062146892655367,0.0023006134969325155,0.0013808687789833365,0.08285714285739232,0.4166666666666667,0.1320524727191999
impact_asymmetry_10s,microprice_pressure,4,0,281,0.8612099644128114,6.108540925266904,0.00230566534914361,0.022058823529411766,0.0034782608695652175,-0.46666666666715173,-0.06756756756840332,-0.11904761904770567
impact_asymmetry_10s,microprice_pressure,4,1,158,0.8544303797468354,4.310126582278481,0.0023148148148148147,0.0125,0.003494879733269826,-0.0671641791050206,-0.013513513513316866,-0.041801075268570756
impact_asymmetry_10s,microprice_pressure,4,2,101,0.8910891089108911,6.381188118811881,0.002305327868852459,0.05,0.003324468085106383,-0.013274336283454128,0.027027027026633732,0.0
impact_asymmetry_10s,microprice_pressure,4,3,46,0.8695652173913043,9.701086956521738,0.002379619260918253,0.019712601326455418,0.003488447559709242,0.02941176470631035,0.07894736842111645,0.045454545454655694
impact_asymmetry_10s,microprice_pressure,4,4,35,0.8571428571428571,10.42142857142857,0.002365930599369085,0.025,0.00358719646799117,0.0813953488371529,0.4565217391306457,0.12068965517210017
impact_asymmetry_10s,cvd_acceleration,0,0,156,0.9166666666666666,8.490384615384615,-0.01641341743119266,-0.003048780487804878,-0.003978807835190813,-272.7333333333333,-28.966666666666665,-42.58333333333333
impact_asymmetry_10s,cvd_acceleration,0,1,227,0.8810572687224669,5.127753303964758,-0.017550143266475644,-0.003048780487804878,-0.004411764705882353,-28.866666666666667,-9.433333333333334,-18.66666666666667
impact_asymmetry_10s,cvd_acceleration,0,2,181,0.850828729281768,5.1312154696132595,-0.16176470588235295,-0.003094059405940594,-0.0049157303370786515,-9.433333333333332,4.800000000000001,-3.299999999999999
impact_asymmetry_10s,cvd_acceleration,0,3,56,0.8928571428571429,7.116071428571429,-0.0189873417721519,-0.003048780487804878,-0.004261501210653753,5.033333333333333,23.400000000000002,12.066666666666666
impact_asymmetry_10s,cvd_acceleration,0,4,3,1.0,31.25,-0.004519400352733686,-0.0031512605042016808,-0.004124365482233503,30.800000000000004,42.46666666666667,37.66666666666667
impact_asymmetry_10s,cvd_acceleration,1,0,263,0.8783269961977186,4.785171102661597,-0.003033980582524272,-0.001532399299474606,-0.00228740581270183,-326.9,-29.166666666666664,-49.766666666666666
impact_asymmetry_10s,cvd_acceleration,1,1,187,0.8770053475935828,4.570855614973262,-0.003043478260869565,-0.001524390243902439,-0.0022522522522522522,-28.733333333333327,-9.6,-18.733333333333334
impact_asymmetry_10s,cvd_acceleration,1,2,111,0.8648648648648649,4.8175675675675675,-0.0030241935483870967,-0.0015725943556613396,-0.0023234200743494425,-9.366666666666665,4.7,-3.2333333333333343
impact_asymmetry_10s,cvd_acceleration,1,3,48,0.8541666666666666,4.760416666666667,-0.0029411764705882353,-0.0015723270440251573,-0.002067264737523476,5.066666666666666,23.733333333333334,10.100000000000001
impact_asymmetry_10s,cvd_acceleration,1,4,14,0.7857142857142857,3.732142857142857,-0.002815315315315315,-0.0015360983102918587,-0.0021966242165930606,24.933333333333334,220.1,37.349999999999994
impact_asymmetry_10s,cvd_acceleration,2,0,168,0.8809523809523809,5.0788690476190474,-0.001516990291262136,0.0006793478260869565,-0.0009174342814048696,-383.53333333333336,-28.933333333333337,-51.96666666666666
impact_asymmetry_10s,cvd_acceleration,2,1,130,0.8692307692307693,4.253846153846154,-0.001524390243902439,0.0006821282401091405,-0.0009459401464866102,-28.89999999999999,-9.533333333333333,-18.4
impact_asymmetry_10s,cvd_acceleration,2,2,121,0.8181818181818182,4.973140495867769,-0.0015114873035066505,0.0006793478260869565,-0.00028153153153153153,-9.433333333333332,4.8,-1.8333333333333333
impact_asymmetry_10s,cvd_acceleration,2,3,100,0.92,6.1525,-0.001481042654028436,0.0006811989100817438,-0.00025735169778138525,5.333333333333332,23.2,12.3
impact_asymmetry_10s,cvd_acceleration,2,4,104,0.8942307692307693,4.966346153846154,-0.0015060240963855422,0.0006890848952590959,0.000169134766673033,24.799999999999997,737.2666666666667,45.88333333333334
impact_asymmetry_10s,cvd_acceleration,3,0,28,0.8571428571428571,8.241071428571429,0.0007088846880907373,0.002144607843137255,0.0011897653040913452,-312.6666666666667,-29.5,-39.4
impact_asymmetry_10s,cvd_acceleration,3,1,44,0.8181818181818182,4.545454545454546,0.0007485029940119761,0.002259036144578313,0.001434767483269623,-27.566666666666666,-9.433333333333335,-16.566666666666666
impact_asymmetry_10s,cvd_acceleration,3,2,98,0.8673469387755102,4.612244897959184,0.000708215297450425,0.0022988505747126436,0.0014602209498867287,-9.333333333333334,4.800000000000001,-0.6333333333333337
impact_asymmetry_10s,cvd_acceleration,3,3,171,0.8304093567251462,4.355263157894737,0.0006925207756232687,0.0022865853658536584,0.0015822784810126582,5.066666666666666,24.433333333333337,13.5
impact_asymmetry_10s,cvd_acceleration,3,4,282,0.8439716312056738,4.63031914893617,0.0006915629322268327,0.0023006134969325155,0.0015586735968814032,24.53333333333333,334.70000000000005,48.88333333333333
impact_asymmetry_10s,cvd_acceleration,4,0,8,0.875,13.09375,0.002365930599369085,0.014849869451697128,0.003573862730435056,-297.23333333333335,-29.46666666666667,-41.849999999999994
impact_asymmetry_10s,cvd_acceleration,4,1,35,0.9142857142857143,6.864285714285714,0.002305327868852459,0.01262135922330097,0.0035557986870897156,-28.166666666666668,-9.966666666666667,-16.3
impact_asymmetry_10s,cvd_acceleration,4,2,112,0.8839285714285714,5.758928571428571,0.0023148148148148147,0.025,0.003487296123977377,-9.433333333333334,4.933333333333334,0.0
impact_asymmetry_10s,cvd_acceleration,4,3,248,0.8467741935483871,5.654233870967742,0.0023148148148148147,0.05,0.003801216389244558,5.0,24.46666666666667,15.0
impact_asymmetry_10s,cvd_acceleration,4,4,219,0.867579908675799,6.7271689497716896,0.0023006134969325155,0.020350564468211527,0.003289473684210526,24.53333333333333,287.9666666666667,41.03333333333333
impact_asymmetry_10s,trade_sign_autocorr_60s,0,0,173,0.9075144508670521,11.171965317919074,-0.16176470588235295,-0.003080082135523614,-0.006081081081081081,0.5016611295681075,0.8781939359049671,0.8454137262761607
impact_asymmetry_10s,trade_sign_autocorr_60s,0,1,100,0.88,5.0925,-0.03571428571428571,-0.003048780487804878,-0.004335404971932638,0.8788644249395088,0.8995392838771802,0.8909514040334254
impact_asymmetry_10s,trade_sign_autocorr_60s,0,2,108,0.8796296296296297,4.502314814814815,-0.010026737967914439,-0.003048780487804878,-0.0041580695616724415,0.899622631038595,0.9138020069026008,0.9060283715884214
impact_asymmetry_10s,trade_sign_autocorr_60s,0,3,116,0.8879310344827587,4.219827586206897,-0.016666666666666666,-0.003048780487804878,-0.004221030882172778,0.913812181126986,0.9267014159341208,0.9198538966466412
impact_asymmetry_10s,trade_sign_autocorr_60s,0,4,125,0.856,3.928,-0.015625,-0.003048780487804878,-0.003989361702127659,0.9274061552496834,0.9860546342602644,0.9395958250055527
impact_asymmetry_10s,trade_sign_autocorr_60s,1,0,57,0.8070175438596491,7.2368421052631575,-0.0030286343612334803,-0.0015432098765432098,-0.0023148148148148147,0.6005926751772158,0.8782260770211459,0.8626058706309446
impact_asymmetry_10s,trade_sign_autocorr_60s,1,1,103,0.9029126213592233,5.303398058252427,-0.0030241935483870967,-0.0015359168241965973,-0.002289758534554538,0.8784734102573452,0.8995962525170647,0.8908413138087188
impact_asymmetry_10s,trade_sign_autocorr_60s,1,2,130,0.8538461538461538,4.713461538461538,-0.003033980582524272,-0.001532399299474606,-0.0022550544931841795,0.8996040157377252,0.9137557144531679,0.9074687772739709
impact_asymmetry_10s,trade_sign_autocorr_60s,1,3,159,0.9056603773584906,4.8427672955974845,-0.003043478260869565,-0.0015337423312883436,-0.0022896393817973667,0.9138299110827609,0.927211765302968,0.9204149847016303
impact_asymmetry_10s,trade_sign_autocorr_60s,1,4,173,0.8554913294797688,3.3684971098265897,-0.0030120481927710845,-0.0015290519877675841,-0.0022277227722772275,0.9274432847667367,0.9737612916075934,0.9370568930530855
impact_asymmetry_10s,trade_sign_autocorr_60s,2,0,118,0.8728813559322034,7.15042372881356,-0.0014928343949044587,0.0006793478260869565,0.0,-0.09759000729485333,0.8781145633033103,0.858174553680173
impact_asymmetry_10s,trade_sign_autocorr_60s,2,1,150,0.8933333333333333,4.628333333333333,-0.001524390243902439,0.0006868131868131869,-0.000399622082631122,0.8782916874076097,0.8995865833485289,0.8891989392963122
impact_asymmetry_10s,trade_sign_autocorr_60s,2,2,130,0.9230769230769231,4.963461538461538,-0.0015114873035066505,0.0006855575868372943,-0.0005348089102024381,0.8996750208611682,0.9137684913004381,0.9074785786869155
impact_asymmetry_10s,trade_sign_autocorr_60s,2,3,114,0.8157894736842105,4.482456140350878,-0.001516990291262136,0.0006925207756232687,-0.0007911471633869111,0.9138474778758309,0.9273024252129685,0.9198571745703221
impact_asymmetry_10s,trade_sign_autocorr_60s,2,4,109,0.8623853211009175,4.043577981651376,-0.0015060240963855422,0.0006821282401091405,-0.0010080645161290322,0.9274331268268172,0.9971126921000345,0.9375838026280452
impact_asymmetry_10s,trade_sign_autocorr_60s,3,0,109,0.8899082568807339,6.942660550458716,0.0007048872180451127,0.0023006134969325155,0.0014009962640099626,0.1698806975059769,0.8782587399349803,0.8588070476944265
impact_asymmetry_10s,trade_sign_autocorr_60s,3,1,137,0.8613138686131386,4.401459854014599,0.0007062146892655367,0.0023006134969325155,0.001517779705117086,0.8782695350366768,0.8994050515986111,0.8887938146996405
impact_asymmetry_10s,trade_sign_autocorr_60s,3,2,134,0.8507462686567164,4.598880597014926,0.0006931608133086876,0.0022988505747126436,0.0015493641445824264,0.8996063132379154,0.913700488364312,0.9070919261438259
impact_asymmetry_10s,trade_sign_autocorr_60s,3,3,131,0.816793893129771,4.7251908396946565,0.00072992700729927,0.0022658610271903325,0.0015151515151515152,0.9140087379200943,0.9272787943844172,0.919882440727153
impact_asymmetry_10s,trade_sign_autocorr_60s,3,4,111,0.8018018018018018,3.1486486486486487,0.000744047619047619,0.0023006134969325155,0.0016589250165892503,0.927355853483879,0.9663420442056408,0.9361617012317088
impact_asymmetry_10s,trade_sign_autocorr_60s,4,0,165,0.8909090909090909,9.643939393939394,0.0023148148148148147,0.05,0.0045871559633027525,0.49843118737158887,0.8781686985011912,0.8484588737842096
impact_asymmetry_10s,trade_sign_autocorr_60s,4,1,132,0.8712121212121212,5.892045454545454,0.0023148148148148147,0.022058823529411766,0.0031160372848948376,0.8783524904214696,0.8995596561123912,0.8901387064508159
impact_asymmetry_10s,trade_sign_autocorr_60s,4,2,119,0.9159663865546218,5.621848739495798,0.002305327868852459,0.010330578512396695,0.0032751091703056767,0.8996056666952182,0.9136657084702788,0.9072289758472026
impact_asymmetry_10s,trade_sign_autocorr_60s,4,3,102,0.8333333333333334,4.022058823529412,0.002336448598130841,0.008,0.0034562945973496432,0.9138859783536939,0.927350478421248,0.9201496602050304
impact_asymmetry_10s,trade_sign_autocorr_60s,4,4,103,0.7864077669902912,3.929611650485437,0.0023584905660377358,0.015151515151515152,0.0032258064516129032,0.9274017829768296,0.9658816503500012,0.9391978786533765
flow_impact,absorption_ratio,0,0,20,0.85,5.6375,-0.75,-0.008064516129032258,-0.02199074074074074,27.0,86.5,65.63333333333333
flow_impact,absorption_ratio,0,1,25,0.76,5.4,-0.25,-0.004166666666666667,-0.034722222222222224,87.84313725490196,131.0,105.33333333333333
flow_impact,absorption_ratio,0,2,65,0.8307692307692308,3.0538461538461537,-0.875,0.0018148820326678765,-0.007936507936507936,132.5,187.0,158.0
flow_impact,absorption_ratio,0,3,155,0.8258064516129032,3.5629032258064517,-0.25,0.0018115942028985507,0.00116921768707483,189.2,324.0,257.0
flow_impact,absorption_ratio,0,4,336,0.8690476190476191,4.890625,-0.3125,0.0018115942028985507,0.0,326.0,4618.0,650.0
flow_impact,absorption_ratio,1,0,16,0.875,2.734375,0.0029411764705882353,0.0033783783783783786,0.0032189434129089303,76.0,87.66666666666667,81.03333333333333
flow_impact,absorption_ratio,1,1,124,0.7338709677419355,2.526209677419355,0.001984126984126984,0.003372681281618887,0.002777777777777778,88.0,131.66666666666666,111.25
flow_impact,absorption_ratio,1,2,180,0.8555555555555555,3.629166666666667,0.0018159806295399517,0.0033682634730538923,0.0025768860273545683,132.33333333333334,188.75,160.7888888888889
flow_impact,absorption_ratio,1,3,165,0.8484848484848485,4.542424242424242,0.0018174474959612278,0.0033783783783783786,0.0024647887323943664,189.6,320.5,239.11111111111111
flow_impact,absorption_ratio,1,4,115,0.9043478260869565,5.8478260869565215,0.0018211920529801326,0.003355704697986577,0.0024834437086092716,326.4,4258.0,467.0
flow_impact,absorption_ratio,2,0,114,0.8070175438596491,3.287280701754386,0.003424657534246575,0.005357142857142857,0.004503837656865648,48.13333333333333,87.38461538461539,72.0625
flow_impact,absorption_ratio,2,1,159,0.8616352201257862,4.794025157232705,0.0033783783783783786,0.005335365853658537,0.004320987654320987,87.83333333333333,132.1818181818182,111.42857142857143
flow_impact,absorption_ratio,2,2,151,0.8741721854304636,4.877483443708609,0.0033783783783783786,0.005319148936170213,0.004098360655737705,132.2,188.66666666666666,151.33333333333334
flow_impact,absorption_ratio,2,3,129,0.9069767441860465,5.050387596899225,0.0033783783783783786,0.005357142857142857,0.004241071428571428,189.27272727272728,322.0,232.0
flow_impact,absorption_ratio,2,4,48,0.8541666666666666,5.119791666666667,0.0033783783783783786,0.005319148936170213,0.004152869757174393,324.4,2678.0,437.65
flow_impact,absorption_ratio,3,0,190,0.8842105263157894,5.064473684210526,0.00536480686695279,0.009375,0.007171249177173528,28.0,87.73333333333333,70.08695652173913
flow_impact,absorption_ratio,3,1,171,0.9064327485380117,6.080409356725146,0.00536480686695279,0.00938566552901024,0.006711409395973154,88.0,132.0,108.33333333333333
flow_impact,absorption_ratio,3,2,115,0.8782608695652174,6.823913043478261,0.005357142857142857,0.009328358208955223,0.006797583081570997,132.5,188.75,155.5
flow_impact,absorption_ratio,3,3,79,0.9113924050632911,5.734177215189874,0.005376344086021506,0.009375,0.006377551020408163,188.83333333333334,322.0,231.4
flow_impact,absorption_ratio,3,4,45,0.8666666666666667,5.566666666666666,0.005434782608695652,0.009259259259259259,0.0075,324.5,3392.0,453.0
flow_impact,absorption_ratio,4,0,261,0.896551724137931,9.39080459770115,0.009408602150537635,0.5,0.015476190476190477,2.4545454545454546,87.71428571428571,51.714285714285715
flow_impact,absorption_ratio,4,1,121,0.9256198347107438,8.964876033057852,0.009453781512605041,0.4166666666666667,0.016666666666666666,87.8,130.0,105.9047619047619
flow_impact,absorption_ratio,4,2,90,0.9,5.902777777777778,0.00944767441860465,0.4375,0.014852941176470588,132.46153846153845,188.0,159.10160427807486
flow_impact,absorption_ratio,4,3,72,0.8472222222222222,7.166666666666667,0.009433962264150943,0.4583333333333333,0.014974892395982783,190.6,320.2857142857143,242.5
flow_impact,absorption_ratio,4,4,56,0.9285714285714286,6.575892857142857,0.009433962264150943,0.375,0.017857142857142856,324.0,2292.0,460.55555555555554
flow_impact,microprice_pressure,0,0,120,0.875,4.35625,-0.09375,0.0015800561797752809,-0.0,-0.4770114942530199,-0.06830601092951838,-0.11306818181825898
flow_impact,microprice_pressure,0,1,135,0.837037037037037,3.964814814814815,-0.3125,0.001524390243902439,0.0,-0.06504065040644491,-0.013513513513316866,-0.03513513513462385
flow_impact,microprice_pressure,0,2,149,0.87248322147651,4.305369127516778,-0.875,0.0015737410071942446,0.0,-0.012077294685392795,0.027027027026633732,0.009433962264665752
flow_impact,microprice_pressure,0,3,115,0.782608695652174,3.9282608695652175,-0.75,0.0015748031496062992,-0.001,0.027607361962509458,0.08064516129040082,0.04922279792784442
flow_impact,microprice_pressure,0,4,102,0.8725490196078431,5.580882352941177,-0.75,0.0015782828282828283,-0.0014412214247740563,0.0813953488371529,0.3409090909093114,0.11590608465606542
flow_impact,microprice_pressure,1,0,142,0.8098591549295775,3.977112676056338,0.0015822784810126582,0.0032407407407407406,0.0024659469977761305,-0.44915254237275803,-0.06818181818137721,-0.10272937057349432
flow_impact,microprice_pressure,1,1,142,0.7887323943661971,3.683098591549296,0.0015822784810126582,0.0032216494845360823,0.002406340324612762,-0.06756756756779699,-0.013513513513316866,-0.036297760210800334
flow_impact,microprice_pressure,1,2,101,0.8811881188118812,4.227722772277228,0.0016025641025641025,0.003232758620689655,0.0025252525252525255,-0.013274336283454128,0.026666666667248744,0.006944444444040225
flow_impact,microprice_pressure,1,3,137,0.8540145985401459,3.9963503649635035,0.0015822784810126582,0.003234750462107209,0.0024271844660194173,0.027272727272550885,0.08041958041940234,0.04744525547357625
flow_impact,microprice_pressure,1,4,99,0.8585858585858586,4.853535353535354,0.0016313213703099511,0.0032216494845360823,0.0023277467411545625,0.08181818181765266,0.45890410958903277,0.12068965517270651
flow_impact,microprice_pressure,2,0,118,0.847457627118644,4.298728813559322,0.003246753246753247,0.005128205128205128,0.0041452829200597004,-0.37323943661976955,-0.06944444444404023,-0.11323271908622701
flow_impact,microprice_pressure,2,1,120,0.85,3.9833333333333334,0.003246753246753247,0.005165289256198347,0.004166666666666667,-0.06756756756779699,-0.013274336283454128,-0.03784695696473742
flow_impact,microprice_pressure,2,2,122,0.8934426229508197,4.434426229508197,0.003246753246753247,0.005160550458715597,0.003961975085392807,-0.013274336283454128,0.027027027026633732,0.0067117117114321445
flow_impact,microprice_pressure,2,3,142,0.8873239436619719,4.758802816901408,0.003246753246753247,0.005184331797235023,0.004114945076597211,0.027472527472127695,0.08088235294174713,0.05291153415419103
flow_impact,microprice_pressure,2,4,118,0.847457627118644,4.52542372881356,0.003289473684210526,0.00516795865633075,0.00419581240317356,0.0813953488371529,0.34033613445353694,0.12227143309094876
flow_impact,microprice_pressure,3,0,113,0.8938053097345132,6.269911504424779,0.005208333333333333,0.00909090909090909,0.006996268656716418,-0.40604026845661184,-0.06862745098078449,-0.125
flow_impact,microprice_pressure,3,1,127,0.8818897637795275,5.061023622047244,0.005208333333333333,0.009146341463414634,0.006622516556291391,-0.06701030927797547,-0.013513513513316866,-0.03623188405739105
flow_impact,microprice_pressure,3,2,124,0.8548387096774194,5.707661290322581,0.005184331797235023,0.009057971014492754,0.006578947368421052,-0.013157894736650633,0.027027027026633732,0.007142857142753201
flow_impact,microprice_pressure,3,3,110,0.8818181818181818,6.040909090909091,0.005208333333333333,0.009159482758620689,0.006484203707394857,0.027131782945313414,0.08064516129040082,0.04898417050996311
flow_impact,microprice_pressure,3,4,147,0.9251700680272109,6.350340136054422,0.005208333333333333,0.00904977375565611,0.006944444444444444,0.08163265306211542,0.4130434782609882,0.12068965517270651
flow_impact,microprice_pressure,4,0,128,0.890625,11.37890625,0.009210526315789473,0.375,0.0153125,-0.46666666666715173,-0.06756756756840332,-0.11742516216327203
flow_impact,microprice_pressure,4,1,97,0.8762886597938144,6.180412371134021,0.009160756501182032,0.39285714285714285,0.017241379310344827,-0.06692913385813881,-0.013761467889708001,-0.03749999999975747
flow_impact,microprice_pressure,4,2,124,0.8951612903225806,7.096774193548387,0.009236453201970444,0.4583333333333333,0.014705882352941176,-0.012820512820326257,0.027027027026633732,0.005617977528042198
flow_impact,microprice_pressure,4,3,117,0.905982905982906,7.346153846153846,0.009196185286103543,0.5,0.013349514563106795,0.02739726027357392,0.08088235294174713,0.052631578947512025
flow_impact,microprice_pressure,4,4,154,0.922077922077922,8.214285714285714,0.009191176470588236,0.5,0.016129032258064516,0.08139534883775923,0.4565217391306457,0.14218328840979666
flow_impact,cvd_acceleration,0,0,110,0.8727272727272727,4.286363636363636,-0.5,0.0015664160401002505,-0.0,-383.53333333333336,-28.966666666666665,-52.349999999999994
flow_impact,cvd_acceleration,0,1,114,0.8333333333333334,3.831140350877193,-0.5,0.0015690376569037657,-0.002409988385598142,-28.933333333333337,-9.533333333333333,-17.133333333333333
flow_impact,cvd_acceleration,0,2,150,0.84,4.895,-0.75,0.0015625,-0.0034749034749034747,-9.433333333333332,4.800000000000001,-0.36666666666666714
flow_impact,cvd_acceleration,0,3,117,0.8717948717948718,4.613247863247863,-0.875,0.0015625,-0.0030120481927710845,5.033333333333333,23.766666666666666,12.866666666666667
flow_impact,cvd_acceleration,0,4,131,0.8320610687022901,4.25763358778626,-0.0625,0.0015625,0.000723589001447178,24.53333333333333,737.2666666666667,51.00000000000001
flow_impact,cvd_acceleration,1,0,159,0.8553459119496856,4.29874213836478,0.0015723270440251573,0.0032281205164992827,0.0024875621890547263,-240.40000000000003,-29.0,-49.43333333333333
flow_impact,cvd_acceleration,1,1,102,0.8627450980392157,3.6642156862745097,0.0016025641025641025,0.0032216494845360823,0.0024370446626544185,-28.89999999999999,-9.666666666666668,-17.516666666666666
flow_impact,cvd_acceleration,1,2,77,0.8181818181818182,3.9415584415584415,0.0015822784810126582,0.0031887755102040817,0.0024779735682819385,-9.366666666666665,4.800000000000001,-3.033333333333333
flow_impact,cvd_acceleration,1,3,105,0.780952380952381,3.642857142857143,0.0015737410071942446,0.003232758620689655,0.00244140625,5.333333333333332,24.433333333333337,14.7
flow_impact,cvd_acceleration,1,4,179,0.8379888268156425,4.350558659217877,0.0015800561797752809,0.003232758620689655,0.0023885350318471337,24.800000000000004,294.4333333333333,51.333333333333336
flow_impact,cvd_acceleration,2,0,165,0.8909090909090909,4.696969696969697,0.003234750462107209,0.00516795865633075,0.004032258064516129,-326.9,-29.23333333333333,-51.166666666666664
flow_impact,cvd_acceleration,2,1,130,0.8538461538461538,3.576923076923077,0.003246753246753247,0.005165289256198347,0.004209274071074213,-28.433333333333337,-9.433333333333335,-18.416666666666664
flow_impact,cvd_acceleration,2,2,84,0.9047619047619048,4.351190476190476,0.003232758620689655,0.005169172932330827,0.004366895499618611,-9.433333333333334,4.833333333333336,-2.0166666666666657
flow_impact,cvd_acceleration,2,3,109,0.8440366972477065,4.424311926605505,0.0032407407407407406,0.005154639175257732,0.004189944134078212,5.133333333333333,24.53333333333333,12.333333333333332
flow_impact,cvd_acceleration,2,4,134,0.8432835820895522,4.942164179104478,0.003236914600550964,0.005136986301369863,0.004074384330391196,24.83333333333333,233.73333333333335,43.08333333333333
flow_impact,cvd_acceleration,3,0,119,0.9243697478991597,7.19327731092437,0.005172413793103448,0.009126984126984128,0.00641025641025641,-272.7333333333333,-29.099999999999998,-42.56666666666666
flow_impact,cvd_acceleration,3,1,129,0.8914728682170543,5.362403100775194,0.005208333333333333,0.009157509157509158,0.006622516556291391,-28.733333333333327,-9.5,-18.999999999999996
flow_impact,cvd_acceleration,3,2,121,0.8760330578512396,4.710743801652892,0.005187747035573123,0.009057971014492754,0.007042253521126761,-9.433333333333334,4.866666666666665,-2.799999999999999
flow_impact,cvd_acceleration,3,3,135,0.8518518518518519,5.446296296296296,0.005208333333333333,0.009146341463414634,0.006944444444444444,5.0,24.3,15.100000000000001
flow_impact,cvd_acceleration,3,4,118,0.9067796610169492,6.934322033898305,0.005208333333333333,0.008951406649616368,0.006489061141698059,24.933333333333334,287.9666666666667,38.61666666666667
flow_impact,cvd_acceleration,4,0,69,0.9130434782608695,14.26086956521739,0.009196185286103543,0.13871951219512196,0.013188073394495414,-142.43333333333334,-28.966666666666665,-40.13333333333333
flow_impact,cvd_acceleration,4,1,147,0.9183673469387755,7.010204081632653,0.009159482758620689,0.1875,0.015217391304347827,-28.866666666666667,-9.466666666666667,-18.833333333333332
flow_impact,cvd_acceleration,4,2,190,0.8578947368421053,6.25,0.009191176470588236,0.5,0.017383087201125177,-9.4,5.0,-2.7
flow_impact,cvd_acceleration,4,3,156,0.9166666666666666,7.969551282051282,0.009259259259259259,0.5,0.015649490595611285,5.066666666666666,24.46666666666667,13.583333333333334
flow_impact,cvd_acceleration,4,4,59,0.9322033898305084,10.478813559322035,0.009160756501182032,0.375,0.01261467889908257,24.566666666666666,219.76666666666668,38.33333333333333
flow_impact,trade_sign_autocorr_60s,0,0,122,0.8524590163934426,6.702868852459017,-0.75,0.0015625,-0.00016937669376693767,-0.09759000729485333,0.8781145633033103,0.8579167964592426
flow_impact,trade_sign_autocorr_60s,0,1,139,0.8848920863309353,4.267985611510792,-0.75,0.0015748031496062992,-0.00013528138528138528,0.878381968350633,0.8995865833485289,0.8891240925755355
flow_impact,trade_sign_autocorr_60s,0,2,126,0.8888888888888888,4.329365079365079,-0.5,0.0015737410071942446,-0.00016578249336870026,0.8996750208611682,0.9137684913004381,0.9076794335739906
flow_impact,trade_sign_autocorr_60s,0,3,125,0.792,3.182,-0.875,0.0015782828282828283,-0.0013020833333333333,0.9139070442991978,0.927350478421248,0.9202649851287998
flow_impact,trade_sign_autocorr_60s,0,4,109,0.8348623853211009,3.529816513761468,-0.5,0.0015723270440251573,0.0,0.9274331268268172,0.9971126921000345,0.936563153239314
flow_impact,trade_sign_autocorr_60s,1,0,80,0.85,5.9875,0.0015822784810126582,0.0032287822878228783,0.002493781094527363,0.1698806975059769,0.8782916874076097,0.8620102949500998
flow_impact,trade_sign_autocorr_60s,1,1,112,0.8482142857142857,4.227678571428571,0.0015822784810126582,0.003236914600550964,0.002396263971826673,0.8784955493514127,0.8994834566522417,0.8904941748202231
flow_impact,trade_sign_autocorr_60s,1,2,133,0.8421052631578947,3.8703007518796992,0.0015822784810126582,0.0032245827010622154,0.002380952380952381,0.8996063132379154,0.913599604124132,0.9078625298451101
flow_impact,trade_sign_autocorr_60s,1,3,132,0.8409090909090909,4.301136363636363,0.0015800561797752809,0.003232758620689655,0.002418826392789323,0.9138474778758309,0.9272787943844172,0.9212577104576032
flow_impact,trade_sign_autocorr_60s,1,4,164,0.8048780487804879,3.0640243902439024,0.0016025641025641025,0.003234750462107209,0.0024630608283002587,0.927355853483879,0.9737612916075934,0.9370875665072604
flow_impact,trade_sign_autocorr_60s,2,0,62,0.8870967741935484,5.19758064516129,0.003246753246753247,0.005154639175257732,0.004105980040843063,0.5016611295681075,0.8782260770211459,0.8647554330723819
flow_impact,trade_sign_autocorr_60s,2,1,120,0.9166666666666666,5.04375,0.003246753246753247,0.005128205128205128,0.004201680672268907,0.8784734102573452,0.8996040157377252,0.8902561791249841
flow_impact,trade_sign_autocorr_60s,2,2,125,0.888,4.734,0.0032407407407407406,0.005154639175257732,0.003968253968253968,0.8996056666952182,0.9136176117611786,0.9067937746519156
flow_impact,trade_sign_autocorr_60s,2,3,136,0.8676470588235294,4.65625,0.003246753246753247,0.005172413793103448,0.0041981557723760644,0.9138299110827609,0.9272576067652437,0.9195722695566103
flow_impact,trade_sign_autocorr_60s,2,4,177,0.807909604519774,3.286723163841808,0.003246753246753247,0.00516795865633075,0.004032258064516129,0.9273729156238228,0.9699745324652155,0.9383798335657203
flow_impact,trade_sign_autocorr_60s,3,0,122,0.8770491803278688,7.008196721311475,0.005184331797235023,0.009157509157509158,0.007185064384954253,0.6298076923076935,0.878218035380426,0.8571272048289089
flow_impact,trade_sign_autocorr_60s,3,1,145,0.8689655172413793,5.913793103448276,0.005208333333333333,0.009057971014492754,0.00646551724137931,0.8783076625636438,0.8995392838771802,0.890593368546216
flow_impact,trade_sign_autocorr_60s,3,2,128,0.9140625,5.90234375,0.005184331797235023,0.009146341463414634,0.006852034684065934,0.8997015237084146,0.9136639248447409,0.9072143625909831
flow_impact,trade_sign_autocorr_60s,3,3,132,0.8712121212121212,5.481060606060606,0.005187747035573123,0.009146341463414634,0.0066578014184397166,0.913812181126986,0.9272512077294699,0.9196537352034392
flow_impact,trade_sign_autocorr_60s,3,4,94,0.925531914893617,5.00531914893617,0.005208333333333333,0.00904977375565611,0.006342523063720231,0.9274017829768296,0.9660079051383393,0.9368700412209641
flow_impact,trade_sign_autocorr_60s,4,0,235,0.9191489361702128,13.002127659574468,0.009191176470588236,0.5,0.018018018018018018,0.49843118737158887,0.8776409620410136,0.8401005082519527
flow_impact,trade_sign_autocorr_60s,4,1,105,0.8952380952380953,5.726190476190476,0.009236453201970444,0.5,0.013059701492537313,0.8786195550720259,0.8995962525170647,0.8900068556680234
flow_impact,trade_sign_autocorr_60s,4,2,108,0.8888888888888888,5.7407407407407405,0.009160756501182032,0.21875,0.013888888888888888,0.899622631038595,0.9138020069026008,0.9063835187442428
flow_impact,trade_sign_autocorr_60s,4,3,96,0.9166666666666666,4.841145833333333,0.009196185286103543,0.4583333333333333,0.015355603448275863,0.9141730111631154,0.9271812466426873,0.9202474701611095
flow_impact,trade_sign_autocorr_60s,4,4,76,0.8552631578947368,4.2269736842105265,0.009159482758620689,0.14285714285714285,0.014087301587301586,0.9275522675759549,0.9860546342602644,0.9378097917200663
absorption_ratio,microprice_pressure,0,0,119,0.8907563025210085,10.247899159663865,3.4545454545454546,87.06666666666666,64.5,-0.4242424242420384,-0.06896551724154658,-0.125
absorption_ratio,microprice_pressure,0,1,108,0.8888888888888888,5.56712962962963,2.4545454545454546,87.23076923076923,64.95,-0.06756756756840332,-0.012820512820326257,-0.03756720430131584
absorption_ratio,microprice_pressure,0,2,124,0.8467741935483871,5.05241935483871,5.777777777777778,87.6,66.93333333333334,-0.012195121951663168,0.027777777777373558,0.006580086580167214
absorption_ratio,microprice_pressure,0,3,120,0.8666666666666667,5.714583333333334,16.0,87.16666666666667,66.59926470588235,0.028301886792178266,0.08064516129040082,0.05263157894781519
absorption_ratio,microprice_pressure,0,4,130,0.8846153846153846,6.301923076923077,18.8,87.71428571428571,61.70833333333333,0.08163265306211542,0.4565217391306457,0.14218328840979666
absorption_ratio,microprice_pressure,1,0,120,0.825,5.55,88.0,131.66666666666666,106.5,-0.3829337094502989,-0.06862745098078449,-0.11477892186546038
absorption_ratio,microprice_pressure,1,1,111,0.8018018018018018,4.418918918918919,87.73333333333333,132.0,113.2,-0.06756756756779699,-0.013157894736650633,-0.03233830845783814
absorption_ratio,microprice_pressure,1,2,117,0.905982905982906,6.217948717948718,87.8,132.1818181818182,110.0952380952381,-0.012605042017336624,0.027777777777373558,0.0076923076921957545
absorption_ratio,microprice_pressure,1,3,118,0.864406779661017,5.095338983050848,87.84313725490196,131.65217391304347,108.68055555555556,0.028634361233950283,0.08139534883775923,0.05415079969558671
absorption_ratio,microprice_pressure,1,4,135,0.8740740740740741,6.296296296296297,87.83333333333333,131.33333333333334,106.14285714285714,0.08139534883775923,0.3742690058473575,0.11728395061709307
absorption_ratio,microprice_pressure,2,0,124,0.8387096774193549,4.899193548387097,132.2,188.0,157.58333333333331,-0.46666666666715173,-0.06923076923158078,-0.11295001664529991
absorption_ratio,microprice_pressure,2,1,128,0.859375,4.35546875,132.75,188.0,157.05555555555554,-0.06756756756779699,-0.014018691588717047,-0.038196286472157226
absorption_ratio,microprice_pressure,2,2,120,0.8916666666666667,5.120833333333334,132.46153846153845,188.66666666666666,151.88888888888889,-0.012077294685392795,0.027472527472127695,0.008782742680978117
absorption_ratio,microprice_pressure,2,3,112,0.9017857142857143,4.912946428571429,132.33333333333334,188.58823529411765,155.46428571428572,0.028301886792178266,0.08088235294174713,0.04875488783727633
absorption_ratio,microprice_pressure,2,4,117,0.8632478632478633,5.05982905982906,132.66666666666666,188.28571428571428,159.6,0.0816993464056092,0.37804878048804574,0.12068965517270651
absorption_ratio,microprice_pressure,3,0,125,0.88,4.634,190.0,322.5,235.0,-0.4770114942530199,-0.06818181818137721,-0.1081871345025623
absorption_ratio,microprice_pressure,3,1,127,0.7952755905511811,4.072834645669292,188.83333333333334,320.2857142857143,240.66666666666666,-0.06692913385813881,-0.012820512820326257,-0.035714285713766
absorption_ratio,microprice_pressure,3,2,119,0.8823529411764706,4.665966386554622,188.75,322.0,240.5,-0.012747875354155743,0.027027027026633732,0.007936507936392445
absorption_ratio,microprice_pressure,3,3,128,0.8359375,4.666015625,188.75,322.6666666666667,244.06060606060606,0.028000000000247383,0.08064516129040082,0.047233554308453066
absorption_ratio,microprice_pressure,3,4,102,0.9313725490196079,6.617647058823529,190.0,321.0,257.25,0.08181818181765266,0.4166666666666667,0.12034482758675344
absorption_ratio,microprice_pressure,4,0,113,0.8672566371681416,5.1415929203539825,324.4,3392.0,604.0,-0.4152542372885364,-0.06862745098017815,-0.11194029850715499
absorption_ratio,microprice_pressure,4,1,127,0.8740157480314961,4.344488188976378,326.0,4132.0,507.3333333333333,-0.06701030927797547,-0.013274336283454128,-0.038834951456616786
absorption_ratio,microprice_pressure,4,2,121,0.8677685950413223,5.072314049586777,324.0,4618.0,516.0,-0.01239669421556755,0.027777777777373558,0.004672897196239016
absorption_ratio,microprice_pressure,4,3,123,0.8617886178861789,5.475609756097561,324.0,3836.0,468.85714285714283,0.027950310559390346,0.0813953488371529,0.04940711462404579
absorption_ratio,microprice_pressure,4,4,117,0.9316239316239316,6.510683760683761,327.2,4258.0,538.5714285714286,0.08181818181765266,0.45890410958903277,0.1288659793814683
absorption_ratio,cvd_acceleration,0,0,96,0.9270833333333334,10.466145833333334,24.139737991266376,87.71428571428571,72.24198717948718,-147.23333333333335,-29.066666666666666,-42.166666666666664
absorption_ratio,cvd_acceleration,0,1,146,0.8561643835616438,5.542808219178082,20.428571428571427,87.66666666666667,62.08333333333333,-28.966666666666665,-9.633333333333331,-18.916666666666664
absorption_ratio,cvd_acceleration,0,2,161,0.8633540372670807,5.0729813664596275,2.4545454545454546,87.6,58.0,-9.5,5.166666666666664,-2.333333333333333
absorption_ratio,cvd_acceleration,0,3,126,0.8412698412698413,5.712301587301587,14.0,87.23076923076923,67.45,5.4,24.800000000000004,14.533333333333333
absorption_ratio,cvd_acceleration,0,4,72,0.9305555555555556,8.35763888888889,19.197080291970803,87.23076923076923,70.90483870967742,25.200000000000003,219.76666666666668,41.8
absorption_ratio,cvd_acceleration,1,0,142,0.8732394366197183,5.338028169014085,87.8,132.1818181818182,111.63,-272.7333333333333,-29.099999999999998,-47.60000000000001
absorption_ratio,cvd_acceleration,1,1,129,0.8992248062015504,4.571705426356589,88.0,131.11111111111111,106.33333333333333,-28.66666666666667,-9.633333333333333,-18.0
absorption_ratio,cvd_acceleration,1,2,115,0.8347826086956521,6.006521739130434,88.33333333333333,132.0,111.0,-9.433333333333334,5.333333333333336,-2.5999999999999996
absorption_ratio,cvd_acceleration,1,3,110,0.8363636363636363,5.8113636363636365,87.73333333333333,132.0,109.0,5.8,24.83333333333333,14.983333333333334
absorption_ratio,cvd_acceleration,1,4,105,0.819047619047619,6.261904761904762,87.8,131.66666666666666,105.0,25.366666666666667,186.73333333333335,41.03333333333333
absorption_ratio,cvd_acceleration,2,0,135,0.8962962962962963,4.970370370370371,132.5,188.28571428571428,156.0,-311.6333333333333,-29.666666666666664,-51.166666666666664
absorption_ratio,cvd_acceleration,2,1,113,0.9026548672566371,4.8053097345132745,132.33333333333334,188.66666666666666,159.2941176470588,-28.733333333333327,-9.666666666666668,-18.066666666666666
absorption_ratio,cvd_acceleration,2,2,98,0.8979591836734694,4.760204081632653,132.66666666666666,185.0,154.4,-9.4,5.1,-1.449999999999999
absorption_ratio,cvd_acceleration,2,3,121,0.8512396694214877,4.896694214876033,132.46153846153845,188.5,152.5,5.366666666666666,24.933333333333334,14.466666666666667
absorption_ratio,cvd_acceleration,2,4,134,0.8134328358208955,4.8414179104477615,132.2,188.58823529411765,160.6727272727273,25.233333333333334,294.4333333333333,49.0
absorption_ratio,cvd_acceleration,3,0,124,0.8629032258064516,5.092741935483871,189.6,322.5,244.64285714285714,-326.9,-29.166666666666664,-45.21666666666667
absorption_ratio,cvd_acceleration,3,1,112,0.8482142857142857,4.486607142857143,188.75,322.6666666666667,247.26190476190476,-28.53333333333333,-9.6,-17.866666666666667
absorption_ratio,cvd_acceleration,3,2,117,0.8547008547008547,5.217948717948718,189.27272727272728,321.6,237.42857142857142,-9.433333333333335,5.333333333333332,-2.3666666666666663
absorption_ratio,cvd_acceleration,3,3,112,0.875,4.196428571428571,188.75,322.0,242.16666666666669,5.5,24.866666666666664,12.883333333333333
absorption_ratio,cvd_acceleration,3,4,136,0.8676470588235294,5.216911764705882,188.83333333333334,316.8,238.77777777777777,25.233333333333334,334.70000000000005,47.233333333333334
absorption_ratio,cvd_acceleration,4,0,104,0.8653846153846154,5.795673076923077,328.0,3836.0,576.5,-383.53333333333336,-29.5,-47.7
absorption_ratio,cvd_acceleration,4,1,101,0.8910891089108911,4.715346534653466,324.0,2602.0,468.5,-29.0,-9.666666666666666,-20.433333333333337
absorption_ratio,cvd_acceleration,4,2,110,0.8909090909090909,5.443181818181818,328.8888888888889,4132.0,484.16666666666663,-9.566666666666668,5.066666666666666,-1.7666666666666666
absorption_ratio,cvd_acceleration,4,3,132,0.8636363636363636,5.920454545454546,324.0,4258.0,540.0,5.433333333333333,24.9,12.399999999999999
absorption_ratio,cvd_acceleration,4,4,154,0.8896103896103896,4.691558441558442,324.4,4618.0,624.0,25.400000000000002,737.2666666666667,46.983333333333334
absorption_ratio,trade_sign_autocorr_60s,0,0,221,0.9004524886877828,10.27262443438914,2.4545454545454546,87.38461538461539,55.46666666666667,0.49843118737158887,0.8776905503726301,0.8401182636208845
absorption_ratio,trade_sign_autocorr_60s,0,1,96,0.875,4.255208333333333,17.333333333333332,87.71428571428571,67.47435897435898,0.8786195550720259,0.8997015237084146,0.8909895584271574
absorption_ratio,trade_sign_autocorr_60s,0,2,84,0.8928571428571429,5.723214285714286,31.692307692307693,87.6,70.47222222222223,0.8999033927876191,0.9139692683911446,0.9065550077225296
absorption_ratio,trade_sign_autocorr_60s,0,3,88,0.875,4.440340909090909,24.0,87.73333333333333,72.46296296296296,0.9140236133525871,0.9272512077294699,0.9197961310407179
absorption_ratio,trade_sign_autocorr_60s,0,4,112,0.8125,3.5848214285714284,16.0,87.23076923076923,66.2,0.9274061552496834,0.9860546342602644,0.9401661319999466
absorption_ratio,trade_sign_autocorr_60s,1,0,98,0.8673469387755102,10.604591836734693,87.84313725490196,132.0,105.54301075268818,0.6522359142678933,0.8783524904214696,0.8585071750123343
absorption_ratio,trade_sign_autocorr_60s,1,1,122,0.8688524590163934,5.395491803278689,87.8,132.1818181818182,110.95294117647059,0.8787560008133127,0.899717796609867,0.8907631452450916
absorption_ratio,trade_sign_autocorr_60s,1,2,127,0.8503937007874016,5.0137795275590555,87.83333333333333,132.0,108.0,0.8997774865120203,0.9138299110827609,0.9074349868255243
absorption_ratio,trade_sign_autocorr_60s,1,3,119,0.8571428571428571,4.275210084033613,87.8,132.2,110.66666666666667,0.914009831092574,0.9267086717591521,0.9198865124954152
absorption_ratio,trade_sign_autocorr_60s,1,4,135,0.837037037037037,3.6462962962962964,88.0,132.0,108.4,0.9274432847667367,0.966398800176487,0.9387038803003578
absorption_ratio,trade_sign_autocorr_60s,2,0,72,0.8472222222222222,7.305555555555555,132.46153846153845,188.0,155.38306451612902,0.1698806975059769,0.8784734102573452,0.863339129730045
absorption_ratio,trade_sign_autocorr_60s,2,1,116,0.8879310344827587,6.049568965517241,132.5,188.58823529411765,155.55,0.8784955493514127,0.8997501076091586,0.8912630900521941
absorption_ratio,trade_sign_autocorr_60s,2,2,130,0.9,4.5211538461538465,132.33333333333334,187.0,158.53333333333333,0.8997552877959736,0.9139391642187074,0.9076944162102778
absorption_ratio,trade_sign_autocorr_60s,2,3,144,0.8680555555555556,4.204861111111111,132.5,188.75,156.75,0.9140306273013852,0.927355853483879,0.9207847447929225
absorption_ratio,trade_sign_autocorr_60s,2,4,139,0.8489208633093526,3.6223021582733814,132.5,188.5,157.33333333333334,0.9274017829768296,0.9632432033938626,0.9362267875440401
absorption_ratio,trade_sign_autocorr_60s,3,0,75,0.8933333333333333,7.883333333333334,188.75,315.2,249.0,0.6005926751772158,0.8782587399349803,0.8583781971484116
absorption_ratio,trade_sign_autocorr_60s,3,1,128,0.890625,4.69921875,188.83333333333334,322.0,234.6,0.8786478665138296,0.899730031439383,0.8902926043934571
absorption_ratio,trade_sign_autocorr_60s,3,2,122,0.8688524590163934,4.549180327868853,189.6,321.6,241.75,0.899761465481971,0.9139611255539131,0.9070806415104343
absorption_ratio,trade_sign_autocorr_60s,3,3,145,0.8689655172413793,4.889655172413793,189.27272727272728,324.0,245.0,0.9140586016826177,0.9271707254876914,0.9203120317613896
absorption_ratio,trade_sign_autocorr_60s,3,4,131,0.8015267175572519,3.5553435114503817,189.2,322.6666666666667,235.33333333333334,0.9273729156238228,0.9737612916075934,0.9374818261061925
absorption_ratio,trade_sign_autocorr_60s,4,0,135,0.9185185185185185,7.5814814814814815,324.0,4618.0,624.0,0.67289778449137,0.8784471500567768,0.8617624596511979
absorption_ratio,trade_sign_autocorr_60s,4,1,139,0.8920863309352518,4.748201438848921,331.2,4258.0,581.3333333333334,0.8784952962931581,0.899704553281849,0.8888475726722632
absorption_ratio,trade_sign_autocorr_60s,4,2,138,0.8913043478260869,5.052536231884058,324.5,3510.0,506.32142857142856,0.8999317242636288,0.9139222779978239,0.9076379046067591
absorption_ratio,trade_sign_autocorr_60s,4,3,105,0.8,4.70952380952381,328.0,3019.6,502.0,0.9140087379200943,0.9270041518045045,0.9193379282020497
absorption_ratio,trade_sign_autocorr_60s,4,4,83,0.8795180722891566,3.674698795180723,326.0,2332.0,424.0,0.9274331268268172,0.9653502755367306,0.9362187554844017
microprice_pressure,cvd_acceleration,0,0,37,0.8918918918918919,15.554054054054054,-0.42307692307804246,-0.06830601092951838,-0.10638297872355906,-196.2,-30.566666666666663,-45.233333333333334
microprice_pressure,cvd_acceleration,0,1,65,0.8769230769230769,5.476923076923077,-0.4242424242420384,-0.06818181818137721,-0.10800000000017462,-28.0,-9.533333333333333,-16.03333333333333
microprice_pressure,cvd_acceleration,0,2,99,0.8383838383838383,5.8106060606060606,-0.32178217821759364,-0.06756756756840332,-0.11111111111070689,-9.366666666666667,4.800000000000001,-0.13333333333333333
microprice_pressure,cvd_acceleration,0,3,185,0.8432432432432433,5.195945945945946,-0.46666666666715173,-0.06896551724154658,-0.11458333333303017,4.933333333333334,24.3,14.7
microprice_pressure,cvd_acceleration,0,4,236,0.8728813559322034,5.476694915254237,-0.4770114942530199,-0.06862745098017815,-0.11854012860233828,24.46666666666667,737.2666666666667,45.58333333333333
microprice_pressure,cvd_acceleration,1,0,93,0.8387096774193549,5.981182795698925,-0.06756756756779699,-0.013513513513316866,-0.03125,-326.9,-29.0,-46.666666666666664
microprice_pressure,cvd_acceleration,1,1,102,0.9019607843137255,4.269607843137255,-0.06603773584962862,-0.013761467889708001,-0.034138994477568005,-28.866666666666667,-9.433333333333334,-18.083333333333336
microprice_pressure,cvd_acceleration,1,2,118,0.8559322033898306,4.184322033898305,-0.06521739130403148,-0.013274336283454128,-0.033017285716899394,-9.433333333333332,4.833333333333336,-1.5999999999999999
microprice_pressure,cvd_acceleration,1,3,157,0.8152866242038217,4.001592356687898,-0.06692913385874515,-0.013513513513316866,-0.041666666666666664,5.166666666666664,24.333333333333332,14.233333333333334
microprice_pressure,cvd_acceleration,1,4,152,0.8223684210526315,4.378289473684211,-0.06756756756779699,-0.013513513513316866,-0.03867521367465088,24.866666666666664,331.50000000000006,44.483333333333334
microprice_pressure,cvd_acceleration,2,0,135,0.8888888888888888,4.92037037037037,-0.012605042017336624,0.027131782945313414,0.00925925925912452,-297.23333333333335,-28.933333333333337,-48.93333333333334
microprice_pressure,cvd_acceleration,2,1,135,0.8592592592592593,3.97962962962963,-0.013274336283454128,0.027027027026633732,0.009090909090446075,-28.666666666666668,-9.433333333333334,-18.266666666666666
microprice_pressure,cvd_acceleration,2,2,142,0.8591549295774648,4.991197183098592,-0.01239669421556755,0.027027027026633732,0.007790883937559556,-9.433333333333332,4.866666666666665,-2.866666666666666
microprice_pressure,cvd_acceleration,2,3,117,0.8974358974358975,6.087606837606837,-0.012820512820326257,0.027027027026633732,0.004950495049949192,5.0,24.3,12.899999999999999
microprice_pressure,cvd_acceleration,2,4,92,0.9021739130434783,6.432065217391305,-0.013274336283454128,0.027027027026633732,0.0011961722490620257,24.433333333333337,583.2666666666667,43.56666666666667
microprice_pressure,cvd_acceleration,3,0,176,0.8636363636363636,5.1789772727272725,0.02739726027357392,0.07961783439532155,0.05111459421823383,-311.6333333333333,-28.966666666666665,-46.3
microprice_pressure,cvd_acceleration,3,1,170,0.888235294117647,5.020588235294118,0.027272727272550885,0.08064516129040082,0.05454545454510177,-28.833333333333336,-9.6,-18.066666666666666
microprice_pressure,cvd_acceleration,3,2,126,0.8492063492063492,4.412698412698413,0.027777777777373558,0.08064516129040082,0.04878371232128605,-9.4,4.866666666666667,-3.4333333333333327
microprice_pressure,cvd_acceleration,3,3,85,0.8705882352941177,5.429411764705883,0.027472527472127695,0.08088235294174713,0.0497835497832663,5.066666666666666,23.7,12.8
microprice_pressure,cvd_acceleration,3,4,65,0.8153846153846154,6.369230769230769,0.027272727272550885,0.08064516129040082,0.045454545454655694,24.53333333333333,294.4333333333333,42.56666666666666
microprice_pressure,cvd_acceleration,4,0,181,0.9337016574585635,5.845303867403315,0.08088235294174713,0.45890410958903277,0.12068965517270651,-383.53333333333336,-28.89999999999999,-46.93333333333333
microprice_pressure,cvd_acceleration,4,1,150,0.8533333333333334,5.496666666666667,0.08139534883775923,0.33561643835613114,0.12146318248657431,-28.833333333333332,-9.833333333333332,-19.666666666666668
microprice_pressure,cvd_acceleration,4,2,136,0.8676470588235294,6.044117647058823,0.0813953488371529,0.3897637795271294,0.1317782285326151,-9.433333333333332,4.700000000000001,-2.183333333333334
microprice_pressure,cvd_acceleration,4,3,78,0.9102564102564102,7.964743589743589,0.08247422680384868,0.3409090909093114,0.11363636363603291,5.066666666666666,23.900000000000002,11.883333333333333
microprice_pressure,cvd_acceleration,4,4,76,0.881578947368421,6.194078947368421,0.0813953488371529,0.4565217391306457,0.14071829996494972,25.233333333333334,219.76666666666668,52.900000000000006
microprice_pressure,trade_sign_autocorr_60s,0,0,145,0.8758620689655172,11.175862068965516,-0.4242424242420384,-0.06818181818137721,-0.1363636363639671,-0.09759000729485333,0.8782161790191165,0.8520093518717341
microprice_pressure,trade_sign_autocorr_60s,0,1,130,0.8923076923076924,5.082692307692308,-0.46666666666715173,-0.06862745098078449,-0.11255066589425647,0.8783524904214696,0.8995596561123912,0.8890837628800492
microprice_pressure,trade_sign_autocorr_60s,0,2,124,0.8467741935483871,4.88508064516129,-0.4152542372885364,-0.06896551724094024,-0.1081939799326695,0.8996056666952182,0.913599604124132,0.9074922989718929
microprice_pressure,trade_sign_autocorr_60s,0,3,102,0.8627450980392157,3.963235294117647,-0.4770114942530199,-0.06962025316412716,-0.1025751072966159,0.9139129827189414,0.9272576067652437,0.9200339013797676
microprice_pressure,trade_sign_autocorr_60s,0,4,120,0.8166666666666667,3.870833333333333,-0.44915254237275803,-0.06944444444404023,-0.10747844994936409,0.9272787943844172,0.9663420442056408,0.9360047952067956
microprice_pressure,trade_sign_autocorr_60s,1,0,116,0.853448275862069,5.711206896551724,-0.06756756756840332,-0.013513513513316866,-0.03606906338670039,0.1698806975059769,0.8780213729889738,0.8548653311426656
microprice_pressure,trade_sign_autocorr_60s,1,1,120,0.9083333333333333,5.254166666666666,-0.06701030927797547,-0.014018691588717047,-0.03846153846097877,0.8782587399349803,0.8994328287038339,0.8903624474366513
microprice_pressure,trade_sign_autocorr_60s,1,2,118,0.8898305084745762,4.578389830508475,-0.0671641791050206,-0.013761467889708001,-0.03565062388588558,0.8995865833485289,0.913700488364312,0.9064830701416196
microprice_pressure,trade_sign_autocorr_60s,1,3,148,0.8175675675675675,3.8614864864864864,-0.06756756756779699,-0.013513513513316866,-0.03536519664491304,0.9138020069026008,0.9272512077294699,0.9196991859703232
microprice_pressure,trade_sign_autocorr_60s,1,4,119,0.7647058823529411,3.176470588235294,-0.06756756756779699,-0.01369863013678696,-0.03749999999975747,0.9274411317995743,0.9658816503500012,0.9375648748914895
microprice_pressure,trade_sign_autocorr_60s,2,0,108,0.8518518518518519,8.337962962962964,-0.012820512820326257,0.027027027026633732,0.008675157958502194,0.6223983413529254,0.8781686985011912,0.8559387569683223
microprice_pressure,trade_sign_autocorr_60s,2,1,126,0.8888888888888888,4.946428571428571,-0.013274336283454128,0.027027027026633732,0.0068030359125259565,0.8784952962931581,0.8994633990078229,0.8889888004175994
microprice_pressure,trade_sign_autocorr_60s,2,2,124,0.9274193548387096,5.397177419354839,-0.013513513513316866,0.027027027026633732,0.004252252252020602,0.8995962525170647,0.9136389099464458,0.9054504530571027
microprice_pressure,trade_sign_autocorr_60s,2,3,132,0.8484848484848485,4.117424242424242,-0.013274336283454128,0.026946107784169726,0.0084843255681335,0.9139070442991978,0.9272513816422422,0.9196945991886001
microprice_pressure,trade_sign_autocorr_60s,2,4,131,0.8702290076335878,3.5209923664122136,-0.013227513227320742,0.026315789473301265,0.007936507936392445,0.9273024252129685,0.9737612916075934,0.9383001697977291
microprice_pressure,trade_sign_autocorr_60s,3,0,95,0.9157894736842105,9.439473684210526,0.027777777777373558,0.08024691358029183,0.05172413793115993,0.6440727189090641,0.8781939359049671,0.8612657869340226
microprice_pressure,trade_sign_autocorr_60s,3,1,123,0.8292682926829268,4.310975609756097,0.027777777777373558,0.08054711246222723,0.04838709677399796,0.8783076625636438,0.8994834566522417,0.8905588808611076
microprice_pressure,trade_sign_autocorr_60s,3,2,118,0.8559322033898306,4.078389830508475,0.02739726027357392,0.08064516129040082,0.052921100180659174,0.8996750208611682,0.9137557144531679,0.9077947180808446
microprice_pressure,trade_sign_autocorr_60s,3,3,132,0.8636363636363636,5.443181818181818,0.027131782945313414,0.07894736842111645,0.045454545454655694,0.913812181126986,0.9272003094676446,0.9212728618256719
microprice_pressure,trade_sign_autocorr_60s,3,4,153,0.869281045751634,3.820261437908497,0.027272727272550885,0.08064516129040082,0.05089820359232059,0.927355853483879,0.9860546342602644,0.9370945826773625
microprice_pressure,trade_sign_autocorr_60s,4,0,157,0.9171974522292994,9.264331210191083,0.0813953488371529,0.4130434782609882,0.1369863013702949,0.483606557377049,0.8782260770211459,0.8505362889955711
microprice_pressure,trade_sign_autocorr_60s,4,1,122,0.8852459016393442,5.586065573770492,0.0813953488371529,0.35714285714251065,0.1144345238092986,0.8782916874076097,0.8993172838399475,0.890181248502262
microprice_pressure,trade_sign_autocorr_60s,4,2,137,0.8978102189781022,5.341240875912408,0.08088235294174713,0.4565217391306457,0.12222222222165631,0.8996040157377252,0.9137228490319984,0.9074075638237131
microprice_pressure,trade_sign_autocorr_60s,4,3,107,0.897196261682243,5.19392523364486,0.08088235294174713,0.45890410958903277,0.12406015037534719,0.9137684913004381,0.9268656440510384,0.9203736025284229
microprice_pressure,trade_sign_autocorr_60s,4,4,98,0.8469387755102041,3.818877551020408,0.08203125,0.40875232774730347,0.11683294032233485,0.9274432847667367,0.966398800176487,0.9385199879414835
cvd_acceleration,trade_sign_autocorr_60s,0,0,89,0.9325842696629213,13.426966292134832,-272.7333333333333,-29.099999999999998,-44.233333333333334,0.5924525913403632,0.8781939359049671,0.8619040828917232
cvd_acceleration,trade_sign_autocorr_60s,0,1,109,0.9174311926605505,5.396788990825688,-326.9,-29.266666666666662,-44.8,0.8782916874076097,0.8995392838771802,0.8904381887807292
cvd_acceleration,trade_sign_autocorr_60s,0,2,127,0.8976377952755905,4.769685039370079,-383.53333333333336,-28.966666666666665,-49.43333333333333,0.8996877067126963,0.9136639248447409,0.9073825068860466
cvd_acceleration,trade_sign_autocorr_60s,0,3,150,0.8466666666666667,5.423333333333333,-245.83333333333331,-28.966666666666665,-46.983333333333334,0.9138299110827609,0.9272003094676446,0.9211228894001394
cvd_acceleration,trade_sign_autocorr_60s,0,4,150,0.8733333333333333,3.986666666666667,-312.6666666666667,-28.933333333333337,-47.766666666666666,0.9274061552496834,0.9659296195003577,0.937466950921341
cvd_acceleration,trade_sign_autocorr_60s,1,0,108,0.9074074074074074,8.62962962962963,-28.866666666666667,-9.6,-16.96666666666667,0.5016611295681075,0.8782587399349803,0.8558221479953971
cvd_acceleration,trade_sign_autocorr_60s,1,1,118,0.8898305084745762,4.4025423728813555,-28.66666666666667,-9.5,-16.85,0.878611144650086,0.8994834566522417,0.8900414937915988
cvd_acceleration,trade_sign_autocorr_60s,1,2,121,0.9173553719008265,4.6384297520661155,-28.733333333333327,-9.466666666666667,-18.6,0.8996040157377252,0.9136657084702788,0.907548527909353
cvd_acceleration,trade_sign_autocorr_60s,1,3,126,0.873015873015873,4.162698412698413,-28.89999999999999,-9.433333333333335,-18.016666666666666,0.9139070442991978,0.9273024252129685,0.9203069726138244
cvd_acceleration,trade_sign_autocorr_60s,1,4,151,0.8079470198675497,3.1490066225165565,-28.833333333333336,-9.533333333333333,-19.96666666666667,0.9275522675759549,0.9737612916075934,0.937938711367213
cvd_acceleration,trade_sign_autocorr_60s,2,0,170,0.8117647058823529,6.557352941176471,-9.333333333333334,5.0,-2.1333333333333333,-0.09759000729485333,0.8773615395915875,0.8428671405519137
cvd_acceleration,trade_sign_autocorr_60s,2,1,119,0.907563025210084,5.55672268907563,-9.433333333333334,5.0,-2.166666666666668,0.8788077688968996,0.8994203742102921,0.8902896106105077
cvd_acceleration,trade_sign_autocorr_60s,2,2,119,0.8739495798319328,4.989495798319328,-9.433333333333334,5.0,-2.9,0.8995596561123912,0.9137228490319984,0.9062781331438043
cvd_acceleration,trade_sign_autocorr_60s,2,3,110,0.8636363636363636,3.984090909090909,-9.433333333333332,4.7666666666666675,-2.0,0.913812181126986,0.9272513816422422,0.9197727116302247
cvd_acceleration,trade_sign_autocorr_60s,2,4,107,0.8598130841121495,3.572429906542056,-9.433333333333332,4.800000000000001,-2.7333333333333334,0.9275753486279794,0.9860546342602644,0.9381699714758078
cvd_acceleration,trade_sign_autocorr_60s,3,0,153,0.8758169934640523,8.683006535947712,5.033333333333333,24.3,14.2,0.1698806975059769,0.8781145633033103,0.8543518796031364
cvd_acceleration,trade_sign_autocorr_60s,3,1,132,0.8484848484848485,4.287878787878788,5.066666666666666,24.566666666666666,12.333333333333332,0.8782695350366768,0.8994633990078229,0.8899943203658862
cvd_acceleration,trade_sign_autocorr_60s,3,2,117,0.8547008547008547,4.7585470085470085,5.133333333333333,24.53333333333333,14.233333333333334,0.8996485386607482,0.9137557144531679,0.9074165842806208
cvd_acceleration,trade_sign_autocorr_60s,3,3,125,0.888,4.364,5.066666666666666,24.46666666666667,12.899999999999999,0.9138020069026008,0.9272787943844172,0.9197052961379577
cvd_acceleration,trade_sign_autocorr_60s,3,4,97,0.8144329896907216,4.041237113402062,5.299999999999999,24.200000000000003,14.7,0.927350478421248,0.9658816503500012,0.9379560322979927
cvd_acceleration,trade_sign_autocorr_60s,4,0,105,0.9428571428571428,9.514285714285714,24.799999999999997,331.50000000000006,46.43333333333333,0.49843118737158887,0.8782161790191165,0.8576059639952769
cvd_acceleration,trade_sign_autocorr_60s,4,1,146,0.8561643835616438,5.549657534246576,24.800000000000004,737.2666666666667,41.349999999999994,0.8783524904214696,0.8995254508431983,0.8900346223860282
cvd_acceleration,trade_sign_autocorr_60s,4,2,141,0.8723404255319149,5.115248226950355,24.933333333333334,232.9,53.26666666666667,0.8995865833485289,0.9133132000586658,0.906789271277248
cvd_acceleration,trade_sign_autocorr_60s,4,3,113,0.8053097345132744,4.3097345132743365,24.9,583.2666666666667,41.03333333333333,0.9137684913004381,0.9272576067652437,0.9196739206067546
cvd_acceleration,trade_sign_autocorr_60s,4,4,119,0.8235294117647058,3.7205882352941178,25.299999999999997,407.93333333333334,47.63333333333334,0.927355853483879,0.9971126921000345,0.9366831893888428
