status,side,band_k,horizon_s,target_col,milestone_ticks,threshold_points,vol_filter_name,vol_filter_col,vol_filter_top_frac,n_total,n_train,n_val,n_test,n_pos_train,n_pos_val,n_pos_test,train_positive_rate,val_positive_rate,test_positive_rate,val_roc_auc,val_pr_auc,val_log_loss,val_brier,test_roc_auc,test_pr_auc,test_log_loss,test_brier,best_iteration,top_shap_1,top_shap_2,top_shap_3,top_shap_4,top_shap_5,top_shap_6,top_shap_7,top_shap_8,top_shap_9,top_shap_10,top_gain_1,top_gain_2,top_gain_3,top_gain_4,top_gain_5,top_gain_6,top_gain_7,top_gain_8,top_gain_9,top_gain_10,auc_gap_abs,pr_gap_abs,logloss_gap,min_pos_any_split,min_rows_eval_split,sample_size_score,stability_score,positive_support_score,score_balanced,score_conservative,score_trade_focus
ok,lower,1,600,mr_pts_t600,4,1.0,vol1m_top30,realized_vol_1m,0.3,1025,666,205,154,613,190,145,0.9204204204204204,0.926829268292683,0.9415584415584416,0.6091228070175438,0.9419859436699888,0.2594786652991893,0.0674943846309152,0.7923371647509578,0.9784314678385392,0.2176931642958444,0.0542770394935004,13.0,sigma0,bid_liquidity_shock,realized_vol_5m,bid_queue_change_rate,depth_mid_ask,volume_burst_ratio,depth_near_ask,wall_strength_opposite_5_2s_avg,bid_curvature_l5,distance_from_value_area_low,sigma0,realized_vol_5m,depth_mid_ask,bid_liquidity_shock,depth_near_ask,liquidity_compression,distance_from_value_area_low,net_liquidity_shock,volume_burst_ratio,bid_queue_change_rate,0.183214357733414,0.0364455241685504,-0.04178550100334488,145,154,6.933423025730715,0.8901700590490178,4.983606621708336,0.8823621824718008,0.8706330965036232,0.8954406588385442
ok,lower,1,300,mr_pts_t300,4,1.0,vol1m_top30,realized_vol_1m,0.3,1025,666,205,154,595,187,141,0.8933933933933934,0.9121951219512195,0.9155844155844156,0.7131610219845514,0.964268466375918,0.2941438148795806,0.0794971514525898,0.7449536279323513,0.9700730893263568,0.285562196634334,0.0765383722670152,8.0,sigma0,distance_from_overnight_high,distance0,bid_curvature_l5,bid_queue_depletion_rate,wall_strength_opposite_3,ask_depth_curvature,best_bid_queue_norm,depth_near_ask,depth_mid_ask,distance_from_overnight_high,sigma0,distance0,bid_curvature_l5,ask_depth_curvature,depth_mid_ask,best_bid_queue_norm,depth_near_ask,wall_strength_opposite_3,realized_volatility_30s,0.03179260594779987,0.00580462295043882,-0.008581618245246558,141,154,6.933423025730715,0.9812013855508808,4.955827057601261,0.8691685489896714,0.869068943756889,0.8835071940677807
ok,upper,1,600,mr_pts_t600,4,1.0,vol30_top30,realized_volatility_30s,0.3,1023,664,205,154,607,190,141,0.914156626506024,0.926829268292683,0.9155844155844156,0.6221052631578947,0.9534902357163322,0.2570115266208814,0.0673404858855589,0.7326786688488816,0.96375658155448,0.2666083778592522,0.0730875483508347,46.0,bid_queue_change_rate,abs_vwap_slope_pts_per_s,cancel_rate_ask,cooldown_seconds,best_ask_queue_norm,cancel_ratio,trade_sign_autocorr_60s,impact_efficiency_3s,impact_decay_5s,distance_from_range_extreme_norm,bid_queue_change_rate,abs_vwap_slope_pts_per_s,cancel_rate_ask,impact_decay_5s,cooldown_seconds,distance_from_range_extreme_norm,impact_efficiency_3s,best_ask_queue_norm,cancel_ratio,z_anchor_vwap,0.11057340569098684,0.010266345838147783,0.009596851238370785,141,154,6.931471805599453,0.9395801242354327,4.955827057601261,0.857545904600854,0.854553503483022,0.873427870975904
ok,lower,1,600,mr_pts_t600,4,1.0,vol30_top30,realized_volatility_30s,0.3,1025,666,205,154,615,191,143,0.9234234234234234,0.9317073170731708,0.9285714285714286,0.5751682872101721,0.9423807151449048,0.2469323255629728,0.0632921393636354,0.7279084551811824,0.9696542823372778,0.2389093164018639,0.0632516379971841,37.0,distance0,bid_curvature_l5,bid_liquidity_shock,depth_mid_ask,distance_from_overnight_high,bid_queue_depletion_rate,sigma0,remove_rate_near_bid,best_ask_queue_norm,distance_from_prior_day_high,bid_liquidity_shock,distance0,depth_mid_ask,bid_curvature_l5,bid_queue_depletion_rate,remove_rate_near_bid,best_bid_queue_norm,distance_from_overnight_high,dsigma_dt,rv_pre_pts2,0.1527401679710103,0.02727356719237295,-0.008023009161108874,143,154,6.933423025730715,0.9099931324183084,4.969813299576001,0.8550621317803151,0.8490775304312539,0.8730742864310472
ok,lower,3,600,mr_pts_t600,4,1.0,vol30_top30,realized_volatility_30s,0.3,1026,666,206,154,604,191,140,0.9069069069069068,0.9271844660194176,0.9090909090909092,0.6286212914485166,0.9592333824647764,0.2568369634668573,0.0669020406450049,0.7183673469387755,0.9572040859251144,0.2933376941928439,0.0807925398241808,23.0,depth_near_bid,ask_queue_depletion_rate,trade_imbalance_60s,flow_toxicity_30s,distance_from_overnight_low,vwap_slope_pts_per_s,depth_far_bid,prior_day_rth_high,cancel_rate_bid,wall_strength_opposite_3_5s_avg,ask_queue_depletion_rate,depth_near_bid,trade_imbalance_60s,depth_far_bid,flow_toxicity_30s,vwap_slope_pts_per_s,distance_from_overnight_low,wall_strength_opposite_3_5s_avg,distance_from_ema_21,distance0,0.08974605549025882,0.0020292965396619955,0.036500730725986585,140,154,6.934397209928558,0.9541123239850395,4.948759890378168,0.8506894773446045,0.8503125781642003,0.8673561747181078
ok,lower,3,600,mr_pts_t600,12,3.0,vol30_top30,realized_volatility_30s,0.3,1026,666,206,154,464,161,118,0.6966966966966966,0.7815533980582524,0.7662337662337663,0.7538992408557625,0.91913071673354,0.4510195754404253,0.1451185221920436,0.7648305084745763,0.8970579864419301,0.4788937358037282,0.152960152029334,279.0,average_true_range,distance_from_overnight_high,return_last_5m,cvd_acceleration,vwap_drift,overnight_high,rv_pre_pts2,bid_depth_curvature,distance_from_overnight_low,abs_vwap_slope_pts_per_s,average_true_range,distance_from_overnight_high,distance_from_overnight_low,vwap_drift,return_last_5m,wall_persistence_2s,distance_from_prior_day_high,depth_mid_bid,abs_vwap_slope_pts_per_s,absorption_ratio,0.0109312676188138,0.022072730291609832,0.02787416036330287,118,154,6.934397209928558,0.9834980010447882,4.77912349311153,0.8481548698716261,0.8502637006858255,0.8417539846371367
ok,upper,1,600,mr_pts_t600,4,1.0,vol1m_top30,realized_vol_1m,0.3,1023,664,205,154,607,190,138,0.914156626506024,0.926829268292683,0.8961038961038961,0.7575438596491229,0.9772391885144648,0.2462616708041828,0.0657895763839677,0.7069746376811594,0.957950709186876,0.3215814541648752,0.0911605537484695,45.0,distance_from_session_vwap_anchor,bid_queue_change_rate,abs_vwap_slope_pts_per_s,cancel_rate_ask,time_of_day_sin,replenishment_rate_near_5s,vwap_slope_pts_per_s,cancel_ratio,sigma0,realized_vol_1m,bid_queue_change_rate,distance_from_session_vwap_anchor,abs_vwap_slope_pts_per_s,cancel_rate_ask,sigma0,time_of_day_sin,impact_decay_5s,replenishment_rate_near_5s,cancel_ratio,best_bid_queue_norm,0.05056922196796343,0.019288479327588814,0.07531978336069242,138,154,6.931471805599453,0.9650711493522239,4.9344739331306915,0.8474910456984028,0.8483918699434617,0.8633116308865274
ok,lower,3,600,mr_pts_t600,8,2.0,vol30_top30,realized_volatility_30s,0.3,1026,666,206,154,548,174,127,0.8228228228228228,0.8446601941747572,0.8246753246753247,0.7068965517241378,0.919203010462082,0.4062827907007715,0.1245102045333459,0.7465733449985419,0.9126218191323028,0.4092999396056767,0.1267864934902755,81.0,trade_imbalance_60s,depth_near_bid,distance_from_session_vwap_anchor,depth_mid_bid,z_anchor_vwap,distance_from_overnight_high,bid_depth_curvature,depth_mid_ask,spread_mid_ratio,remove_rate_near_bid,depth_near_bid,depth_mid_bid,trade_imbalance_60s,z_anchor_vwap,distance_from_overnight_high,spread_mid_ratio,distance_from_overnight_low,bid_depth_curvature,distance_from_session_vwap_anchor,distance_from_ema_21,0.0396767932744041,0.00658119132977919,0.003017148904905176,127,154,6.934397209928558,0.9768710076979084,4.852030263919617,0.8464148382226733,0.8489985881330515,0.8498277114675028
ok,lower,1,600,mr_pts_t600,4,1.0,none,,,3413,2218,683,512,1924,584,452,0.8674481514878268,0.8550512445095169,0.8828125,0.6678514598035146,0.9130708257980752,0.3985921145798693,0.1199942502495433,0.6727138643067847,0.9377718107147084,0.3486478510262852,0.1001890403990408,16.0,realized_volatility_30s,queue_imbalance_std_5s,distance_from_overnight_high,depth_near_bid,realized_vol_5m,update_rate_ask,bid_liquidity_shock,average_true_range,realized_vol_1m,replenishment_rate_near_5s,queue_imbalance_std_5s,realized_volatility_30s,realized_vol_5m,realized_vol_1m,update_rate_ask,average_true_range,distance_from_overnight_high,replenishment_rate_near_5s,remove_rate_near_bid,tick_rate,0.004862404503270135,0.024700984916633195,-0.04994426355358411,452,512,8.135639903354386,0.9852183052900483,6.115892125483034,0.8424988909836132,0.8632389115549362,0.8607607890171993
ok,lower,1,180,mr_pts_t180,4,1.0,vol1m_top30,realized_vol_1m,0.3,1025,666,205,154,577,184,141,0.8663663663663663,0.8975609756097561,0.9155844155844156,0.6498447204968946,0.9451597824383214,0.3315976180888766,0.092173658892305,0.6805782869612658,0.9594909512951836,0.297343981530601,0.0788385956286879,5.0,depth_near_ask,sigma0,add_rate_ask,sma_spread_20_50,depth_mid_ask,curvature_pressure_l5,microprice,distance0,update_rate_bid,distance_from_prior_day_low,depth_near_ask,depth_mid_ask,impact_efficiency_10s,sigma0,update_rate_bid,sma_spread_20_50,macd_signal,curvature_pressure_l5,distance_from_prior_day_low,microprice,0.030733566464371198,0.014331168856862142,-0.034253636558275624,141,154,6.933423025730715,0.9774676323393834,4.955827057601261,0.8388121820676182,0.8426161823653576,0.8601174681443947
ok,upper,3,600,mr_pts_t600,4,1.0,vol30_top30,realized_volatility_30s,0.3,1042,677,208,157,608,192,143,0.8980797636632201,0.9230769230769232,0.910828025477707,0.62548828125,0.9539785155485784,0.2696544757492511,0.0707762093883517,0.6873126873126874,0.9491594537137849,0.2915404823545847,0.0794862947746024,17.0,depth_far_bid,bid_queue_change_rate,distance_from_range_extreme_norm,distance_from_session_vwap_anchor,dist_day_high,depth_mid_bid,OFI_5s,impact_efficiency_10s,vwap_slope_pts_per_s,distance_from_overnight_high,depth_far_bid,bid_queue_change_rate,distance_from_range_extreme_norm,distance_from_session_vwap_anchor,dist_day_high,depth_mid_bid,vwap_slope_pts_per_s,OFI_5s,distance_from_range_extreme,impact_efficiency_10s,0.061824406062687354,0.0048190618347935255,0.021886006605333574,143,157,6.949856455000773,0.9666782660512596,4.969813299576001,0.8364959608742731,0.840057589816823,0.8569309232789712
ok,lower,3,600,mr_pts_t600,8,2.0,vol5m_top30,realized_vol_5m,0.3,1026,666,206,154,544,167,130,0.8168168168168168,0.8106796116504854,0.8441558441558441,0.6629049593121448,0.8824622960684954,0.4824654715147041,0.1526527270842547,0.7057692307692308,0.9160935424483968,0.4307733536679671,0.130945322641873,3.0,depth_mid_ask,remove_rate_near_bid,z_anchor_vwap,depth_near_ask,depth_mid_bid,distance_from_overnight_high,trade_sign_autocorr_10s,ask_liquidity_shock,spread_volatility,liquidity_slope_bid,depth_mid_ask,depth_mid_bid,depth_near_ask,spread_volatility,remove_rate_near_bid,distance_from_overnight_high,z_anchor_vwap,ask_liquidity_shock,liquidity_slope_bid,trade_sign_autocorr_10s,0.042864271457086045,0.03363124637990145,-0.051692117846736996,130,154,6.934397209928558,0.9617522410815063,4.875197323201151,0.8299700051957464,0.8333008929698607,0.84021178161978
ok,upper,1,180,mr_pts_t180,4,1.0,vol1m_top30,realized_vol_1m,0.3,1023,664,205,154,575,183,134,0.8659638554216867,0.8926829268292683,0.8701298701298701,0.6860407352210631,0.9498334560462176,0.3296683329124723,0.0936190924289342,0.6749999999999999,0.9328207894411272,0.3722800309931226,0.1098860536920869,32.0,cancel_ratio,time_of_day_sin,replenishment_rate_near_5s,weighted_OBI_l5,distance_from_session_vwap_anchor,opening_range_width,stoch_d_3,best_ask_queue_norm,since_touch_any_seconds,impact_efficiency_3s,replenishment_rate_near_5s,cancel_ratio,time_of_day_sin,distance_from_session_vwap_anchor,weighted_OBI_l5,opening_range_width,since_touch_any_seconds,impact_efficiency_3s,stoch_d_3,cooldown_seconds,0.011040735221063191,0.017012666605090376,0.04261169808065035,134,154,6.931471805599453,0.9859732990869232,4.90527477843843,0.8267394377011092,0.8331288529674803,0.8431178787485334
ok,lower,3,300,mr_pts_t300,8,2.0,vol30_top30,realized_volatility_30s,0.3,1026,666,206,154,498,168,116,0.7477477477477478,0.8155339805825242,0.7532467532467533,0.6978383458646615,0.901551276521501,0.4454412521572888,0.1402395719077608,0.7291288566243194,0.8735226156787105,0.5206132490560209,0.1693855623512312,281.0,trade_imbalance_60s,z_anchor_vwap,macd_hist,bid_depth_curvature,distance0,spread_volatility,depth_mid_ask,wall_persistence_2s,depth_near_bid,vwap_drift,trade_imbalance_60s,macd_hist,z_anchor_vwap,depth_near_bid,depth_mid_bid,distance0,distance_from_overnight_high,ask_queue_depletion_rate,vwap_drift,bid_depth_curvature,0.03129051075965783,0.028028660842790543,0.07517199689873211,116,154,6.934397209928558,0.9703404141987757,4.762173934797756,0.8231443021416343,0.8276619089967039,0.8195422986822796
ok,lower,3,600,mr_pts_t600,4,1.0,none,,,3419,2222,684,513,1925,583,463,0.8663366336633663,0.8523391812865497,0.9025341130604289,0.6587979552672248,0.9149293965850528,0.4034630707765346,0.1232807778408631,0.6278185745140388,0.9362312360020972,0.3158791455670143,0.0883008911723784,77.0,realized_vol_1m,distance_from_prior_day_high,spread_volatility,vwap_slope_pts_per_s,depth_near_ask,impact_decay_5s,realized_volatility_30s,OFI_30s,distance_from_overnight_high,wall_persistence_2s,realized_vol_1m,distance_from_prior_day_high,depth_near_ask,realized_volatility_30s,vwap_slope_pts_per_s,wall_persistence_2s,ask_queue_depletion_rate,distance_from_prior_day_low,spread_volatility,remove_rate_near_ask,0.03097938075318607,0.021301839417044444,-0.0875839252095203,463,513,8.13739583005665,0.9738593899148846,6.139884552226255,0.8228101899051765,0.8453777498635197,0.8485968876127321
ok,lower,1,300,mr_pts_t300,4,1.0,none,,,3413,2218,683,512,1832,550,427,0.8259693417493237,0.8052708638360175,0.833984375,0.6404784688995215,0.8694892221163095,0.4743601228063371,0.150664638082919,0.6562060889929742,0.8993087719877373,0.4234986190023263,0.1301013550832895,53.0,realized_volatility_30s,distance_from_overnight_high,queue_imbalance_std_5s,realized_vol_1m,update_rate_ask,cancel_rate_ask,bid_liquidity_shock,realized_vol_5m,distance_from_overnight_low,liquidity_slope_ask,realized_vol_1m,queue_imbalance_std_5s,realized_volatility_30s,distance_from_overnight_high,update_rate_ask,distance_from_overnight_low,ask_convexity,depth_near_ask,cancel_rate_ask,bid_curvature_l5,0.015727620093452632,0.029819549871427764,-0.05086150380401078,427,512,8.135639903354386,0.9772264150175598,6.059123195581797,0.8197113763400519,0.8429370113370973,0.8342229850913674
ok,lower,3,300,mr_pts_t300,4,1.0,vol30_top30,realized_volatility_30s,0.3,1026,666,206,154,587,189,136,0.8813813813813813,0.9174757281553398,0.8831168831168831,0.6137566137566137,0.9432165906047308,0.2809079914100789,0.0750295230136081,0.6580882352941176,0.9287856689755608,0.3495851536875192,0.1010654569766016,96.0,trade_imbalance_60s,depth_near_bid,distance_from_overnight_low,macd_hist,bid_convexity,spread_volatility,ask_queue_depletion_rate,distance_from_prior_day_high,macd,depth_mid_ask,trade_imbalance_60s,depth_near_bid,distance_from_overnight_low,bid_convexity,macd_hist,ask_queue_depletion_rate,ema_spread_9_21,macd,distance_from_prior_day_high,liquidity_slope_bid,0.04433162153750392,0.014430921629170035,0.0686771622774403,136,154,6.934397209928558,0.9706187284166631,4.919980925828125,0.8168611063500824,0.8232875625037415,0.837080531839425
ok,upper,1,180,mr_pts_t180,4,1.0,none,,,3407,2214,681,512,1713,505,405,0.7737127371273713,0.7415565345080763,0.791015625,0.6632313231323133,0.8428534741098158,0.543311227362096,0.1815124962086665,0.6665512864889811,0.8806254475621867,0.4839288975965167,0.1562783603021194,72.0,realized_volatility_30s,cancel_rate_bid,spread_volatility,since_touch_any_seconds,add_rate_bid,realized_vol_1m,average_true_range,best_ask_queue_norm,z_anchor_vwap,cooldown_seconds,realized_volatility_30s,cancel_rate_bid,realized_vol_1m,since_touch_any_seconds,average_true_range,add_rate_bid,z_anchor_vwap,spread_volatility,cooldown_seconds,opening_range_position,0.0033199633566678433,0.03777197345237093,-0.059382329765579334,405,512,8.133880887949207,0.9794540315954806,6.0063531596017325,0.8165773130821787,0.840109161948351,0.8245432558051713
ok,lower,1,180,mr_pts_t180,4,1.0,none,,,3413,2218,683,512,1744,521,410,0.7862939585211902,0.7628111273792094,0.80078125,0.6487287031113007,0.8399354752486959,0.5240263308406082,0.1713497743807976,0.6639406982305117,0.8854221821025855,0.4673021040322203,0.1486606543484864,80.0,realized_volatility_30s,distance_from_overnight_high,queue_imbalance_std_5s,cancel_rate_ask,realized_vol_1m,wall_strength_opposite_5,bid_liquidity_shock,microprice_deviation,spread_mid_ratio,depth_near_bid,realized_volatility_30s,realized_vol_1m,queue_imbalance_std_5s,distance_from_overnight_high,cancel_rate_ask,depth_near_ask,microprice_deviation,distance_from_prior_day_high,wall_strength_opposite_5,opening_range_width,0.015211995119211008,0.04548670685388956,-0.056724226808387956,410,512,8.135639903354386,0.9696506490134498,6.018593214496234,0.816493007480595,0.8389728296685017,0.8259450160524144
ok,upper,1,600,mr_pts_t600,4,1.0,none,,,3407,2214,681,512,1917,572,451,0.8658536585365854,0.8399412628487518,0.880859375,0.6598287034066851,0.9101243071972774,0.4254948574534162,0.1310543357903581,0.6220784413507324,0.9236021080455732,0.358170905386068,0.1036267964277761,95.0,abs_vwap_slope_pts_per_s,add_rate_ask,cancel_ratio,ask_liquidity_shock,cancel_rate_bid,distance_from_prior_day_high,z_anchor_vwap,opening_range_position,time_of_day_sin,update_rate_ask,distance_from_prior_day_low,abs_vwap_slope_pts_per_s,z_anchor_vwap,time_of_day_sin,add_rate_ask,cancel_ratio,opening_range_width,distance_from_overnight_high,ask_liquidity_shock,opening_range_position,0.037750262055952666,0.013477800848295751,-0.0673239520673482,451,512,8.133880887949207,0.9743859685478757,6.113682179832232,0.8154720329154734,0.8390451454557297,0.8392129896281215
ok,upper,1,300,mr_pts_t300,4,1.0,none,,,3407,2214,681,512,1805,538,429,0.8152664859981933,0.7900146842878121,0.837890625,0.6550679803467907,0.8679955822478282,0.4944069083365565,0.1586398007791556,0.6352121773808521,0.9027268301330936,0.4311144592527052,0.1325968371929901,130.0,realized_volatility_30s,cooldown_seconds,add_rate_bid,abs_vwap_slope_pts_per_s,opening_range_position,macd_hist,average_true_range,z_anchor_vwap,since_touch_any_seconds,spread_volatility,realized_volatility_30s,abs_vwap_slope_pts_per_s,opening_range_position,average_true_range,cooldown_seconds,z_anchor_vwap,add_rate_bid,realized_vol_5m,OFI_60s,distance_from_overnight_high,0.019855802965938585,0.03473124788526538,-0.06329244908385129,429,512,8.133880887949207,0.9727064745743981,6.063785208687608,0.8122074667651819,0.8358244665976651,0.8292335012704418
ok,lower,3,600,mr_pts_t600,8,2.0,vol1m_top30,realized_vol_1m,0.3,1026,666,206,154,541,177,127,0.8123123123123123,0.8592233009708737,0.8246753246753247,0.7243327488797974,0.946898922121487,0.3778057481285196,0.1146824827900969,0.6870807815689705,0.8921487086360129,0.4317648788894583,0.1320600563308657,159.0,spread_mid_ratio,depth_near_bid,impact_decay_3s,spread_volatility,distance_from_prior_day_low,depth_near_ask,distance_from_overnight_high,vwap_drift,depth_mid_bid,curvature_pressure_l5,depth_near_bid,depth_mid_bid,vwap_drift,spread_volatility,distance_from_prior_day_low,spread_mid_ratio,distance_from_overnight_high,ask_queue_change_rate,impact_decay_3s,z_anchor_vwap,0.03725196731082692,0.05475021348547404,0.05395913076093872,127,154,6.934397209928558,0.9539989096018495,4.852030263919617,0.8121413588427231,0.8174598381646029,0.8225271439553239
ok,upper,3,600,mr_pts_t600,4,1.0,vol5m_top30,realized_vol_5m,0.3,1043,677,209,157,613,192,141,0.9054652880354506,0.9186602870813396,0.8980891719745223,0.6176470588235294,0.950727492370172,0.2763240762850784,0.0741073050659795,0.6210106382978724,0.9441884093331836,0.3232862330581526,0.0911156712870739,69.0,distance_from_session_vwap_anchor,depth_far_ask,distance_from_overnight_high,time_of_day_sin,OFI_5s,bid_convexity,vwap_drift,distance_from_value_area_high,tick_rate,dist_day_high,depth_far_ask,distance_from_session_vwap_anchor,OFI_5s,distance_from_overnight_high,time_of_day_sin,distance_from_value_area_high,vwap_drift,bid_convexity,trade_imbalance_60s,tick_rate,0.0033635794743429592,0.006539083036988358,0.04696215677307419,141,157,6.950814768442584,0.9950486687443343,4.955827057601261,0.810835517401661,0.8206929500255601,0.836238408901393
ok,lower,2,600,mr_pts_t600,8,2.0,none,,,3434,2232,686,516,1574,478,381,0.7051971326164874,0.6967930029154519,0.7383720930232558,0.6749074670099775,0.8242223561404474,0.5722973810198589,0.1946445242859419,0.6873335277534753,0.843678552286719,0.5342642252469962,0.1769823383466564,99.0,distance_from_overnight_high,cancel_rate_bid,update_rate_bid,distance_from_prior_day_high,bid_depth_curvature,average_true_range,realized_volatility_30s,wall_persistence_2s,impact_decay_3s,z_anchor_vwap,cancel_rate_bid,distance_from_overnight_high,update_rate_bid,realized_volatility_30s,distance_from_prior_day_high,average_true_range,distance_from_overnight_low,update_rate_ask,bid_depth_curvature,return_last_30s,0.012426060743497835,0.019456196146271587,-0.0380331557728627,381,516,8.14177220465645,0.9840588715551153,5.945420608606575,0.8106687216652138,0.8357312375745136,0.8105072552290185
ok,lower,3,300,mr_pts_t300,4,1.0,none,,,3419,2222,684,513,1825,552,441,0.8213321332133213,0.8070175438596491,0.8596491228070176,0.6154891304347826,0.8629229156003114,0.478071477441079,0.151787236149915,0.6345742000503906,0.8971977206532216,0.3996669758730942,0.1191884487976271,24.0,realized_volatility_30s,depth_near_ask,OFI_30s,distance_from_prior_day_high,realized_vol_1m,realized_vol_5m,weighted_OBI_l5,best_ask_queue_norm,trade_rate_pre_per_s,bid_convexity,realized_volatility_30s,best_ask_queue_norm,depth_near_ask,distance_from_prior_day_high,trade_rate_pre_per_s,bid_convexity,OFI_30s,realized_vol_1m,vwap_slope_pts_per_s,bid_queue_change_rate,0.019085069615607964,0.03427480505291014,-0.07840450156798479,441,513,8.13739583005665,0.973320062665741,6.091309882077698,0.8098451012552526,0.8347375988242517,0.830475163638605
ok,lower,1,300,mr_pts_t300,4,1.0,vol5m_top30,realized_vol_5m,0.3,1025,666,205,154,597,183,140,0.8963963963963963,0.8926829268292683,0.9090909090909092,0.5588673621460507,0.903765808148026,0.3402459282798095,0.0956900127531643,0.6293367346938776,0.9434045950513774,0.3026933335136048,0.08228116275413,6.0,bid_liquidity_shock,realized_volatility_30s,realized_vol_1m,ask_convexity,cancel_ratio,depth_near_ask,depth_far_ask,OFI_60s,liquidity_slope_bid,toxicity_ratio,realized_volatility_30s,bid_liquidity_shock,ask_convexity,realized_vol_1m,depth_far_ask,depth_near_ask,depth_mid_ask,cancel_ratio,bid_curvature_l5,time_of_day_sin,0.07046937254782693,0.03963878690335143,-0.037552594766204705,140,154,6.933423025730715,0.9449459202744108,4.948759890378168,0.8086288474566433,0.8131787358742391,0.8348885805983229
ok,upper,2,180,mr_pts_t180,4,1.0,vol30_top30,realized_volatility_30s,0.3,1026,666,206,154,585,188,136,0.8783783783783784,0.912621359223301,0.8831168831168831,0.5573286052009456,0.9259071434975016,0.2957378762349313,0.0796187725982782,0.639297385620915,0.9303326980589688,0.3537577785956976,0.1018506009805481,31.0,depth_far_bid,spread_volatility,trade_rate_pre_per_s,distance_from_session_midrange,impact_efficiency_10s,queue_length_total_norm,trade_sign_autocorr_10s,aggressive_volume_ratio,queue_imbalance_std_5s,bid_curvature_l5,depth_far_bid,trade_rate_pre_per_s,spread_volatility,trade_sign_autocorr_10s,aggressive_volume_ratio,impact_efficiency_10s,distance_from_session_vwap_anchor,queue_length_total_norm,queue_imbalance_std_5s,volume_per_second,0.08196878041996936,0.004425554561467204,0.05801990236076632,136,154,6.934397209928558,0.9568028325092817,4.919980925828125,0.8085819885234262,0.8144116946616666,0.8306031475259188
ok,lower,1,600,mr_pts_t600,16,4.0,vol30_top30,realized_volatility_30s,0.3,1025,666,205,154,397,158,105,0.5960960960960962,0.7707317073170732,0.6818181818181818,0.680312415836251,0.8745817473860645,0.5600462147183156,0.1854851392855609,0.7290573372206024,0.8391439667781138,0.6095442180390684,0.2092050790252059,16.0,distance_from_overnight_high,depth_mid_ask,realized_vol_5m,distance0,distance_from_range_extreme_norm,session_low_running_t0,CVD,opening_range_position,distance_from_session_midrange,depth_near_ask,depth_mid_ask,distance_from_overnight_high,realized_vol_5m,distance_from_range_extreme_norm,session_low_running_t0,distance0,depth_far_ask,abs_vwap_slope_pts_per_s,depth_near_ask,distance_from_session_midrange,0.04874492138435138,0.035437780607950775,0.049498003320752826,105,154,6.933423025730715,0.9579086490038489,4.663439094112067,0.8081091100309715,0.8124247952000841,0.7955189052427328
ok,upper,1,60,mr_pts_t60,4,1.0,none,,,3407,2214,681,512,1413,416,332,0.6382113821138211,0.6108663729809104,0.6484375,0.695414550072569,0.7725478611969384,0.6400744703957372,0.224557297505677,0.7050368139223562,0.8195748009289741,0.6185889836950293,0.2143745230704515,13.0,realized_volatility_30s,cancel_rate_bid,depth_near_bid,cancel_ratio,depth_mid_bid,ask_queue_depletion_rate,trades_per_second,queue_imbalance_std_5s,since_touch_any_seconds,time_of_day_sin,realized_volatility_30s,cancel_rate_bid,cancel_ratio,ask_queue_depletion_rate,depth_near_bid,trades_per_second,since_touch_any_seconds,realized_vol_1m,queue_imbalance_std_5s,spread_expansion_ratio,0.00962226384978715,0.047026939732035644,-0.021485486700707823,332,512,8.133880887949207,0.9716753982090887,5.808142489980444,0.8067734020636046,0.8288658046312959,0.7925566056249203
ok,upper,1,300,mr_pts_t300,4,1.0,vol30_top30,realized_volatility_30s,0.3,1023,664,205,154,593,184,140,0.8930722891566265,0.8975609756097561,0.9090909090909092,0.720496894409938,0.9566030391005464,0.315448800581555,0.0895570005301174,0.6229591836734694,0.9445050688181684,0.2912082590688151,0.0798365714830271,46.0,since_touch_any_seconds,bid_queue_change_rate,distance_from_range_extreme_norm,cooldown_seconds,best_ask_queue_norm,impact_efficiency_3s,dist_day_low,wall_strength_opposite_3_2s_avg,cancel_ratio,cancel_rate_ask,since_touch_any_seconds,bid_queue_change_rate,cancel_ratio,cooldown_seconds,average_true_range,dist_day_low,cancel_rate_ask,impact_decay_5s,impact_efficiency_3s,distance_from_range_extreme_norm,0.09753771073646866,0.012097970282378023,-0.02424054151273991,140,154,6.931471805599453,0.9451821594905766,4.948759890378168,0.8065177089616788,0.8113239829903667,0.8333601735170597
ok,lower,3,180,mr_pts_t180,4,1.0,none,,,3419,2222,684,513,1727,521,425,0.7772277227722773,0.7616959064327485,0.8284600389863548,0.6691944467341002,0.8574565281765734,0.541849237150997,0.1789305868760734,0.6353609625668448,0.8862895698829196,0.4618477084934067,0.1431566652594987,3.0,realized_volatility_30s,realized_vol_1m,distance_from_prior_day_high,flow_impact,rsi_14,weighted_OBI_l10,return_last_30s,weighted_OBI_l3,ask_queue_depletion_rate,sma_spread_20_50,realized_volatility_30s,realized_vol_1m,distance_from_prior_day_high,flow_impact,rsi_14,tick_rate,weighted_OBI_l10,ask_queue_depletion_rate,weighted_OBI_l3,distance_from_prior_day_low,0.0338334841672554,0.028833041706346263,-0.0800015286575903,425,513,8.13739583005665,0.9686667370631992,6.054439346269371,0.8053312133934594,0.829909092427952,0.8217496444905821
ok,lower,3,600,mr_pts_t600,16,4.0,vol30_top30,realized_volatility_30s,0.3,1026,666,206,154,394,149,111,0.5915915915915916,0.7233009708737864,0.7207792207792207,0.7409631461203343,0.886845630421461,0.5113262617597795,0.1704087108513353,0.7041692855646344,0.8549857929931644,0.5785277546248268,0.197046087617305,334.0,distance_from_overnight_high,average_true_range,absorption_ratio,opening_range_width,cvd_acceleration,distance_from_overnight_low,realized_volatility_30s,spread_expansion_ratio,depth_mid_bid,opening_range_position,distance_from_overnight_high,average_true_range,distance_from_overnight_low,depth_mid_bid,return_last_5m,absorption_ratio,cvd_acceleration,opening_range_width,realized_volatility_30s,obv_session,0.03679386055569989,0.03185983742829668,0.06720149286504729,111,154,6.934397209928558,0.9656731510080017,4.718498871295094,0.8052790183244645,0.8113645592409164,0.8002296832352258
ok,lower,1,600,mr_pts_t600,8,2.0,none,,,3413,2218,683,512,1572,465,382,0.7087466185752931,0.6808199121522694,0.74609375,0.6592976225707804,0.8049752784846747,0.5957571472129183,0.2047519199273127,0.661236407571486,0.8590352920495168,0.5344788785148185,0.1789143296281327,190.0,distance_from_overnight_high,realized_volatility_30s,average_true_range,flow_burst_ratio,update_rate_ask,opening_range_width,OFI_30s,spread_expansion_ratio,flow_impact,ask_depth_curvature,realized_volatility_30s,distance_from_overnight_high,average_true_range,distance_from_overnight_low,realized_vol_1m,OFI_30s,opening_range_width,OFI,opening_range_position,flow_impact,0.0019387850007056562,0.054060013564842135,-0.061278268698099825,382,512,8.135639903354386,0.972000600717226,5.948034989180646,0.805091530366135,0.8288564837052727,0.8079301875065104
ok,lower,3,600,mr_pts_t600,8,2.0,none,,,3419,2222,684,513,1579,475,387,0.7106210621062106,0.6944444444444444,0.7543859649122807,0.6716393855452027,0.8200667897712333,0.5770621916709914,0.1969605514685303,0.6658873713137279,0.8507835728842081,0.5288554973986581,0.175006260632323,78.0,realized_volatility_30s,vwap_slope_pts_per_s,spread_volatility,average_true_range,depth_far_ask,vwap_drift,realized_vol_1m,weighted_OBI_l3,distance_from_prior_day_high,since_touch_any_seconds,realized_volatility_30s,depth_far_ask,average_true_range,vwap_drift,realized_vol_1m,vwap_slope_pts_per_s,since_touch_any_seconds,depth_near_ask,spread_volatility,distance_from_prior_day_high,0.005752014231474867,0.030716783112974877,-0.04820669427233326,387,513,8.13739583005665,0.9817656013277751,5.961005339623274,0.8046492645191856,0.8302786765843935,0.8086792434804444
ok,lower,2,300,mr_pts_t300,8,2.0,vol30_top30,realized_volatility_30s,0.3,1031,670,206,155,487,167,121,0.7268656716417911,0.8106796116504854,0.7806451612903226,0.6530016889298327,0.893562253837376,0.467943704281738,0.1477147003309483,0.6771998055420515,0.8742634811914637,0.5038653649252217,0.1630499920235386,77.0,bid_depth_curvature,distance_from_overnight_high,remove_rate_near_bid,cancel_rate_ask,sma_spread_20_50,cvd_acceleration,trade_imbalance_60s,aggressive_volume_ratio,z_anchor_vwap,distance_from_overnight_low,distance_from_overnight_high,bid_depth_curvature,cancel_rate_ask,remove_rate_near_bid,trade_imbalance_60s,z_anchor_vwap,net_liquidity_shock,wall_strength_opposite_5_5s_avg,impact_decay_3s,aggressive_volume_ratio,0.024198116612218823,0.019298772645912288,0.03592166064348373,121,155,6.939253946041508,0.9782515553709346,4.804021044733257,0.803519709402212,0.8123135717614643,0.8091833289819819
ok,lower,2,300,mr_pts_t300,16,4.0,vol1m_top30,realized_vol_1m,0.3,1031,670,206,155,327,122,93,0.4880597014925373,0.5922330097087378,0.6,0.6681303669008587,0.7063902984757949,0.6447779939211797,0.2262415892897298,0.7473118279569892,0.8221953094669279,0.6554307593275254,0.2314519767801928,47.0,distance_from_overnight_high,depth_mid_ask,cancel_rate_ask,overnight_high,overnight_low,vwap_open,session_high_running_t0,bid_depth_curvature,bid_queue_change_rate,distance_from_value_area_low,depth_mid_ask,distance_from_overnight_high,cancel_rate_ask,bid_depth_curvature,session_high_running_t0,overnight_high,prior_day_rth_high,bid_queue_change_rate,cancel_ratio,overnight_low,0.07918146105613055,0.11580501099113294,0.010652765406345632,93,155,6.939253946041508,0.9025067639763682,4.543294782270004,0.8031627705389162,0.7997137159452969,0.7773218222698706
ok,lower,1,600,mr_pts_t600,12,3.0,vol1m_top30,realized_vol_1m,0.3,1025,666,205,154,459,167,114,0.6891891891891891,0.8146341463414634,0.7402597402597403,0.62921525370312,0.8744740607280053,0.4579044150511416,0.1427982945567119,0.7054824561403509,0.8519685654385349,0.5173472716911459,0.16911597275805,99.0,depth_mid_ask,distance0,CVD,realized_vol_5m,depth_near_ask,distance_from_overnight_high,cancel_ratio,sigma0,spread_expansion_ratio,vol_ratio,depth_mid_ask,distance0,depth_near_ask,distance_from_overnight_high,realized_vol_5m,CVD,cancel_ratio,distance_from_overnight_low,sigma0,OFI_burst_ratio,0.07626720243723084,0.022505495289470323,0.059442856640004316,114,154,6.933423025730715,0.9506136511366494,4.74493212836325,0.8030794972763194,0.8085528764531581,0.8009717844293185
ok,lower,1,600,mr_pts_t600,24,6.0,vol1m_top30,realized_vol_1m,0.3,1025,666,205,154,305,135,85,0.4579579579579579,0.6585365853658537,0.551948051948052,0.7156084656084656,0.8024235936905855,0.6743650723879759,0.2406491594837011,0.7553282182438193,0.7930026257992961,0.6665116515652836,0.2367977841547048,14.0,realized_vol_5m,average_true_range,distance_from_overnight_high,distance_from_prior_day_high,bid_queue_depletion_rate,opening_range_width,CVD,depth_near_ask,add_rate_ask,OFI_burst_ratio,realized_vol_5m,distance_from_prior_day_high,average_true_range,distance_from_overnight_high,distance_from_range_extreme_norm,bid_queue_depletion_rate,depth_near_ask,opening_range_width,CVD,add_rate_ask,0.03971975263535377,0.009420967891289322,-0.007853420822692359,85,154,6.933423025730715,0.9754296397366784,4.454347296253507,0.801913025122014,0.8061731975529358,0.7695222797998752
ok,lower,2,180,mr_pts_t180,8,2.0,vol30_top30,realized_volatility_30s,0.3,1031,670,206,155,456,162,117,0.6805970149253732,0.7864077669902912,0.7548387096774194,0.640993265993266,0.8663267819938872,0.5271657763440136,0.1711946669902164,0.6765632028789924,0.8678725627563336,0.5526089952868309,0.1831131414214861,19.0,distance_from_overnight_high,bid_depth_curvature,depth_far_bid,distance_from_prior_day_high,net_liquidity_shock,cvd_slope,distance_from_ema_21,wall_strength_opposite_5,cvd_acceleration,cancel_rate_ask,distance_from_overnight_high,bid_depth_curvature,net_liquidity_shock,depth_far_bid,cvd_slope,distance_from_prior_day_high,cancel_rate_ask,distance_from_ema_21,depth_near_ask,bid_queue_depletion_rate,0.035569936885726405,0.0015457807624463804,0.025443218942817314,117,155,6.939253946041508,0.9814421411759136,4.770684624465665,0.8010277595434341,0.8099971794853459,0.8032036175693311
ok,lower,2,600,mr_pts_t600,16,4.0,vol1m_top30,realized_vol_1m,0.3,1031,670,206,155,392,136,103,0.5850746268656717,0.6601941747572816,0.6645161290322581,0.6396008403361344,0.7679132244836404,0.6142431508069072,0.2122645281869033,0.7246079163554893,0.8340030120644603,0.5920111213883603,0.2013409771311459,67.0,distance_from_overnight_high,depth_mid_ask,average_true_range,bid_queue_change_rate,z_anchor_vwap,depth_near_ask,return_last_30s,cancel_rate_ask,queue_imbalance_std_5s,overnight_high,depth_mid_ask,distance_from_overnight_high,depth_near_ask,average_true_range,z_anchor_vwap,bid_queue_change_rate,cancel_rate_ask,queue_imbalance_std_5s,return_last_30s,distance_from_prior_day_high,0.08500707601935487,0.06608978758081985,-0.02223202941854685,103,155,6.939253946041508,0.9244515681999126,4.6443908991413725,0.8009987673596835,0.8021684397898601,0.7865152444757502
ok,upper,2,300,mr_pts_t300,4,1.0,none,,,3418,2221,684,513,1820,552,438,0.8194506978838361,0.8070175438596491,0.8538011695906432,0.6508152173913043,0.8739950723873585,0.4695782724382689,0.1481620902462141,0.6114155251141553,0.8947511942871315,0.4116257692023947,0.12364941655145,79.0,realized_vol_1m,realized_volatility_30s,depth_far_ask,ask_depth_curvature,add_rate_ask,dsigma_dt,depth_far_bid,average_true_range,ask_queue_depletion_rate,vwap_drift,realized_vol_1m,add_rate_ask,realized_volatility_30s,depth_far_ask,ask_depth_curvature,average_true_range,vwap_drift,opening_range_position,distance_from_session_midrange,ask_queue_depletion_rate,0.03939969227714901,0.02075612189977294,-0.0579525032358742,438,513,8.137103389639302,0.9699220929115391,6.0844994130751715,0.799259637007125,0.8250521280715881,0.8214507002199494
ok,upper,1,60,mr_pts_t60,4,1.0,vol30_top30,realized_volatility_30s,0.3,1023,664,205,154,514,165,128,0.7740963855421686,0.8048780487804879,0.8311688311688312,0.6390151515151516,0.8694203082881593,0.4927086570241872,0.1567382346014503,0.63671875,0.9014464043256842,0.4607008226985095,0.1424682381919189,3.0,since_touch_any_seconds,realized_vol_1m,average_true_range,opening_range_width,add_rate_ask,rv_pre_pts2,cancel_ratio,trade_rate_pre_per_s,absorption_ratio,band_k,since_touch_any_seconds,realized_vol_1m,average_true_range,opening_range_width,cancel_ratio,absorption_ratio,add_rate_ask,rv_pre_pts2,trade_rate_pre_per_s,band_k,0.002296401515151647,0.03202609603752493,-0.03200783432567772,128,154,6.931471805599453,0.9828387512236617,4.859812404361672,0.7985637288686058,0.8085805251589999,0.8144948583276463
ok,upper,3,600,mr_pts_t600,4,1.0,none,,,3474,2258,694,522,1932,598,462,0.8556244464127547,0.861671469740634,0.8850574712643678,0.5826539855072463,0.8875247785477033,0.398869566294518,0.1183332102797296,0.5888528138528139,0.9082665932082948,0.3545231328468832,0.1015985266749102,57.0,add_rate_ask,realized_volatility_30s,opening_range_position,opening_range_width,depth_mid_bid,impact_efficiency_30s,depth_near_bid,average_true_range,distance_from_prior_day_high,liquidity_slope_bid,add_rate_ask,opening_range_position,opening_range_width,realized_volatility_30s,liquidity_slope_bid,distance_from_prior_day_high,depth_near_bid,bid_liquidity_shock,distance_from_overnight_high,dist_day_high,0.006198828345567509,0.02074181466059155,-0.04434643344763478,462,522,8.153349757998892,0.9865296784969204,6.137727054086234,0.7975007306741355,0.8258316899100163,0.8259607403180945
ok,upper,1,300,mr_pts_t300,4,1.0,vol1m_top30,realized_vol_1m,0.3,1023,664,205,154,594,185,135,0.8945783132530121,0.902439024390244,0.8766233766233766,0.712972972972973,0.9625162628244288,0.3036979143453384,0.0861525817449394,0.6194931773879142,0.926567789528421,0.367914335942531,0.1068294440006203,73.0,replenishment_rate_near_5s,cancel_ratio,distance_from_session_vwap_anchor,time_of_day_sin,z_anchor_vwap,bid_queue_change_rate,impact_decay_5s,cancel_rate_ask,trade_sign_autocorr_30s,wall_strength_opposite_3_2s_avg,replenishment_rate_near_5s,cancel_ratio,distance_from_session_vwap_anchor,time_of_day_sin,impact_decay_5s,z_anchor_vwap,bid_queue_change_rate,average_true_range,sigma0,trade_sign_autocorr_30s,0.09347979558505881,0.03594847329600781,0.0642164215971926,135,154,6.931471805599453,0.9352858655594667,4.912654885736052,0.7969667653384469,0.8018683775449214,0.8201825646167409
ok,lower,2,600,mr_pts_t600,4,1.0,vol30_top30,realized_volatility_30s,0.3,1031,670,206,155,611,190,140,0.9119402985074628,0.9223300970873788,0.9032258064516128,0.5110197368421052,0.9290758253156256,0.2733933637081837,0.0716989388076676,0.6157142857142857,0.9259635842872836,0.3161780115369355,0.0871223464633616,8.0,cvd_acceleration,bid_depth_curvature,wall_strength_opposite_5_5s_avg,flow_burst_ratio,tick_rate,cvd_slope,wall_strength_opposite_3_2s_avg,wall_strength_opposite_5,time_of_day_sin,OFI_burst_ratio,cvd_acceleration,bid_depth_curvature,cvd_slope,wall_strength_opposite_3_2s_avg,wall_strength_opposite_5_5s_avg,weighted_OBI_l5,wall_strength_opposite_5,tick_rate,OFI_burst_ratio,flow_burst_ratio,0.10469454887218044,0.0031122410283419555,0.0427846478287518,140,155,6.939253946041508,0.9460966050497388,4.948759890378168,0.796390047677314,0.8034087124572193,0.8240043108592632
ok,upper,3,300,mr_pts_t300,4,1.0,none,,,3474,2258,694,522,1836,555,442,0.8131089459698848,0.7997118155619597,0.8467432950191571,0.5689027156653056,0.8326454342293063,0.4971488645484987,0.1590520063894209,0.613093891402715,0.8863512617197782,0.4256726935224964,0.1290069015056985,11.0,add_rate_ask,realized_volatility_30s,realized_vol_1m,distance_from_prior_day_high,cooldown_seconds,OFI_burst_ratio,opening_range_position,impact_efficiency_30s,queue_imbalance_std_5s,depth_near_bid,add_rate_ask,realized_volatility_30s,realized_vol_1m,cooldown_seconds,distance_from_prior_day_high,average_true_range,impact_efficiency_30s,OFI_burst_ratio,vol_ratio,opening_range_position,0.04419117573740938,0.053705827490471925,-0.07147617102600229,442,522,8.153349757998892,0.9510514983860594,6.093569770045136,0.7948832110876033,0.8195670502891188,0.8162677531142163
ok,lower,2,180,mr_pts_t180,4,1.0,none,,,3434,2232,686,516,1738,535,413,0.7786738351254481,0.7798833819241983,0.8003875968992248,0.6389923872005941,0.8494834642788394,0.5080708646817257,0.1649391784277544,0.6340534568278521,0.8545149094942719,0.4810767140324866,0.1528029349859684,45.0,add_rate_bid,realized_volatility_30s,cancel_rate_ask,update_rate_ask,dist_day_low,distance_from_range_extreme,realized_vol_1m,trade_sign_autocorr_10s,bid_depth_curvature,tick_rate,add_rate_bid,cancel_rate_ask,tick_rate,update_rate_ask,realized_vol_1m,opening_range_width,realized_volatility_30s,trade_sign_autocorr_10s,distance_from_prior_day_low,update_rate_bid,0.0049389303727420675,0.005031445215432528,-0.0269941506492391,413,516,8.14177220465645,0.9950148122059127,6.025865973825314,0.7947868302430652,0.8244906226478579,0.8087138786204502
ok,lower,3,60,mr_pts_t60,4,1.0,none,,,3419,2222,684,513,1414,428,370,0.6363636363636364,0.6257309941520468,0.7212475633528265,0.6801894713785047,0.7642327631258024,0.6149795648482904,0.2129333900421716,0.668040068040068,0.828663236797615,0.565404820694165,0.1902552982994856,67.0,realized_volatility_30s,realized_vol_1m,realized_vol_5m,depth_mid_bid,OFI_30s,spread_volatility,return_last_30s,bid_queue_depletion_rate,ask_queue_depletion_rate,liquidity_slope_bid,realized_volatility_30s,realized_vol_1m,realized_vol_5m,return_last_30s,ask_queue_depletion_rate,bid_queue_depletion_rate,liquidity_slope_bid,OFI_30s,spread_volatility,opening_range_position,0.012149403338436726,0.06443047367181265,-0.04957474415412544,370,513,8.13739583005665,0.9617100614948753,5.916202062607435,0.7946566547917944,0.819290348467348,0.7946066206508307
ok,lower,1,300,mr_pts_t300,12,3.0,vol1m_top30,realized_vol_1m,0.3,1025,666,205,154,401,157,105,0.6021021021021021,0.7658536585365854,0.6818181818181818,0.6365445859872612,0.8394921408435096,0.5354799112816853,0.1761522098873523,0.7002915451895043,0.8321297974384134,0.5941831517402523,0.2031903483513373,95.0,realized_vol_5m,distance0,depth_mid_ask,realized_vol_1m,vwap_drift,spread_expansion_ratio,bid_queue_depletion_rate,depth_near_ask,trade_sign_autocorr_60s,trade_imbalance_60s,realized_vol_5m,depth_mid_ask,distance0,depth_near_ask,realized_vol_1m,vwap_drift,distance_from_overnight_high,depth_mid_bid,bid_queue_depletion_rate,trade_imbalance_60s,0.06374695920224316,0.007362343405096228,0.05870324045856701,105,154,6.933423025730715,0.9644453486963304,4.663439094112067,0.7944507954519001,0.801559857125786,0.7850878783337564
ok,lower,3,300,mr_pts_t300,8,2.0,vol1m_top30,realized_vol_1m,0.3,1026,666,206,154,488,170,117,0.7327327327327328,0.8252427184466019,0.7597402597402597,0.6645424836601308,0.9041775271707264,0.4424475578206676,0.1391967379735546,0.6632016632016632,0.8638384804856347,0.5306083209771612,0.1726955650037831,196.0,realized_volatility_30s,vwap_drift,weighted_OBI_l3,CVD,queue_imbalance_slope_5s,distance0,spread_volatility,wall_strength_opposite_3_5s_avg,stoch_d_3,trade_imbalance_60s,realized_volatility_30s,CVD,vwap_drift,distance0,macd_hist,depth_mid_ask,weighted_OBI_l3,queue_imbalance_slope_5s,wall_strength_opposite_3_5s_avg,average_true_range,0.0013408204584676175,0.040339046685091695,0.08816076315649357,117,154,6.934397209928558,0.9791600664282203,4.770684624465665,0.7937817359182859,0.8036540009675323,0.7982306845348768
ok,upper,3,600,mr_pts_t600,8,2.0,vol5m_top30,realized_vol_5m,0.3,1043,677,209,157,537,174,122,0.793205317577548,0.8325358851674641,0.7770700636942676,0.6638752052545156,0.9005699843095898,0.432826685983828,0.1339995263168484,0.6533957845433256,0.8722101021122526,0.508951977437378,0.1656451291582283,45.0,z_anchor_vwap,depth_mid_ask,impact_efficiency_3s,ask_queue_change_rate,depth_far_ask,cancel_ratio,wall_strength_opposite_5,distance_from_value_area_high,aggressive_buy_volume,dist_day_high,depth_far_ask,depth_mid_ask,z_anchor_vwap,cancel_ratio,impact_efficiency_3s,wall_strength_opposite_5,dist_day_high,ask_queue_change_rate,net_liquidity_shock,absorption_ratio,0.010479420711190013,0.028359882197337205,0.07612529145354996,122,157,6.950814768442584,0.9805803485457364,4.812184355372417,0.7935514209916101,0.8040313424859719,0.801161846985805
ok,upper,3,300,mr_pts_t300,4,1.0,vol30_top30,realized_volatility_30s,0.3,1042,677,208,157,597,188,138,0.8818316100443131,0.903846153846154,0.8789808917197452,0.5569148936170212,0.9208776090781629,0.314788279244267,0.0864737497829207,0.6197559115179253,0.9095661173793096,0.3576460309113083,0.1035686947007561,41.0,distance_from_session_vwap_anchor,vwap_slope_pts_per_s,distance_from_value_area_high,distance_from_range_extreme_norm,depth_mid_bid,opening_range_width,impact_efficiency_30s,realized_vol_5m,trade_rate_pre_per_s,realized_volatility_30s,distance_from_session_vwap_anchor,vwap_slope_pts_per_s,distance_from_value_area_high,distance_from_range_extreme_norm,opening_range_width,depth_mid_bid,queue_imbalance_mean_5s,impact_efficiency_30s,realized_vol_5m,trade_rate_pre_per_s,0.06284101790090413,0.01131149169885326,0.04285775166704131,138,157,6.949856455000773,0.9629237452001214,4.9344739331306915,0.7932604639374644,0.8029204574136395,0.8176537006746681
ok,lower,2,600,mr_pts_t600,4,1.0,vol1m_top30,realized_vol_1m,0.3,1031,670,206,155,612,193,140,0.9134328358208956,0.9368932038834952,0.9032258064516128,0.4834595456357114,0.9294726302224277,0.2383887317697791,0.0595663220917104,0.6004761904761905,0.933424655565635,0.3144481147794359,0.0868063672686678,17.0,stoch_d_3,distance_from_overnight_high,bid_depth_curvature,flow_burst_ratio,tick_rate,queue_imbalance_std_5s,volume_burst_ratio,wall_strength_opposite_5_5s_avg,OFI_burst_ratio,spread_mid_ratio,distance_from_overnight_high,stoch_d_3,bid_depth_curvature,flow_burst_ratio,volume_burst_ratio,queue_imbalance_std_5s,tick_rate,distance_from_prior_day_low,realized_vol_5m,realized_vol_1m,0.11701664484047908,0.003952025343207377,0.07605938300965681,140,155,6.939253946041508,0.9395156649081569,4.948759890378168,0.7926211440792583,0.7989975124790751,0.8213861632210995
ok,lower,2,300,mr_pts_t300,4,1.0,none,,,3434,2232,686,516,1830,564,428,0.8198924731182796,0.8221574344023324,0.8294573643410853,0.6439512847343332,0.8825568667104611,0.4501976136008399,0.1407836229598212,0.6152824978759558,0.8692355091499895,0.4442134790202235,0.1374663639587335,53.0,return_last_5m,update_rate_bid,cancel_rate_ask,realized_volatility_30s,z_anchor_vwap,avg_trade_size,distance_from_overnight_high,realized_vol_5m,cancel_rate_bid,tick_rate,cancel_rate_ask,opening_range_width,tick_rate,update_rate_bid,avg_trade_size,realized_vol_1m,return_last_5m,add_rate_bid,realized_volatility_30s,depth_far_ask,0.02866878685837737,0.013321357560471592,-0.005984134580616363,428,516,8.14177220465645,0.9790049277905756,6.061456918928017,0.7915656980830601,0.8200044920067578,0.8109942774891277
ok,lower,1,600,mr_pts_t600,16,4.0,vol1m_top30,realized_vol_1m,0.3,1025,666,205,154,392,155,100,0.5885885885885885,0.7560975609756098,0.6493506493506493,0.6705161290322581,0.8409226155090188,0.6043767767271707,0.2062163158209487,0.7125925925925927,0.8118666885194492,0.64652696480502,0.2269964135416044,3.0,depth_near_ask,realized_vol_5m,distance_from_overnight_high,midrange,CVD,distance_from_overnight_low,distance_from_range_extreme_norm,depth_far_ask,range_position,opening_range_width,depth_near_ask,realized_vol_5m,midrange,distance_from_overnight_high,depth_far_ask,distance_from_range_extreme_norm,CVD,distance_from_overnight_low,range_position,opening_range_width,0.042076463560334565,0.029055926989569603,0.042150188077849315,100,154,6.933423025730715,0.9644338047250479,4.61512051684126,0.7912648164484216,0.7986035387827207,0.7768148201657873
ok,lower,3,180,mr_pts_t180,4,1.0,vol30_top30,realized_volatility_30s,0.3,1026,666,206,154,569,186,134,0.8543543543543544,0.9029126213592232,0.8701298701298701,0.6041666666666666,0.9284419312750244,0.326757978129876,0.0894371230667327,0.6128731343283581,0.9049292843327268,0.3845495090909986,0.1126113562154778,4.0,trade_imbalance_60s,distance_from_prior_day_high,macd_hist,weighted_OBI_l10,flow_toxicity_30s,wall_strength_opposite_3_5s_avg,OFI,weighted_OBI_l3,macd,OFI_60s,trade_imbalance_60s,distance_from_prior_day_high,macd_hist,flow_toxicity_30s,macd,weighted_OBI_l3,weighted_OBI_l10,wall_strength_opposite_3_5s_avg,OFI,OFI_60s,0.008706467661691475,0.0235126469422976,0.057791530961122606,134,154,6.934397209928558,0.9838904426980055,4.90527477843843,0.7905596835347792,0.8026004271721021,0.8145453864047874
ok,lower,1,600,mr_pts_t600,8,2.0,vol1m_top30,realized_vol_1m,0.3,1025,666,205,154,538,176,129,0.8078078078078078,0.8585365853658536,0.8376623376623377,0.6851489028213166,0.9322576698160558,0.3878343286297192,0.1162489112534199,0.6356589147286822,0.8892831809746093,0.4261554935235195,0.1307947150163056,86.0,OFI_burst_ratio,opening_range_width,distance_from_prior_day_high,sma_spread_20_50,distance_from_overnight_low,distance_from_overnight_high,bid_queue_depletion_rate,ema_spread_9_21,trade_rate_pre_per_s,trade_sign_autocorr_60s,OFI_burst_ratio,opening_range_width,distance_from_overnight_low,distance_from_overnight_high,distance_from_prior_day_high,sma_spread_20_50,bid_queue_depletion_rate,update_rate_bid,ema_spread_9_21,cancel_ratio,0.049489988092634385,0.0429744888414465,0.038321164893800275,129,154,6.933423025730715,0.9537677615329596,4.867534450455582,0.7903913379657127,0.7989350707522765,0.8080106380934646
ok,upper,3,180,mr_pts_t180,4,1.0,none,,,3474,2258,694,522,1725,516,417,0.7639503985828167,0.7435158501440923,0.7988505747126436,0.6156911418865952,0.8110909161595138,0.5550753002598074,0.1851514917157863,0.6219938335046249,0.8601167923660231,0.4885348319920766,0.1565209093091991,49.0,add_rate_ask,realized_vol_1m,average_true_range,trade_imbalance_5s,queue_imbalance_std_5s,depth_near_bid,wall_persistence_2s,realized_volatility_30s,opening_range_position,OFI_burst_ratio,add_rate_ask,realized_vol_1m,trade_imbalance_5s,average_true_range,cooldown_seconds,queue_imbalance_std_5s,opening_range_position,depth_near_bid,wall_persistence_2s,OFI_burst_ratio,0.006302691618029654,0.04902587620650933,-0.06654046826773086,417,522,8.153349757998892,0.9723357160877304,6.035481432524756,0.7900778219570322,0.8176494098823445,0.8047001851951651
ok,upper,3,180,mr_pts_t180,4,1.0,vol30_top30,realized_volatility_30s,0.3,1042,677,208,157,574,186,132,0.8478581979320532,0.8942307692307693,0.8407643312101911,0.6649560117302052,0.938131947499185,0.3247961300033214,0.091562257614156,0.6203030303030302,0.9015878283113716,0.423987398191136,0.1296175938295409,54.0,queue_imbalance_std_5s,distance_from_ema_21,distance_from_value_area_high,depth_mid_bid,distance_from_range_extreme_norm,opening_range_width,prior_day_rth_high,distance_from_session_vwap_anchor,z_anchor_vwap,impact_efficiency_3s,distance_from_range_extreme_norm,opening_range_width,queue_imbalance_std_5s,depth_mid_bid,distance_from_value_area_high,update_rate_bid,distance_from_session_vwap_anchor,z_anchor_vwap,distance_from_ema_21,queue_imbalance_mean_5s,0.044652981427175,0.03654411918781342,0.0991912681878146,132,157,6.949856455000773,0.9594014496925058,4.890349128221754,0.7899357662735698,0.798936015350946,0.8089407215092267
ok,upper,3,600,mr_pts_t600,8,2.0,vol1m_top30,realized_vol_1m,0.3,1042,677,208,157,535,173,119,0.7902511078286558,0.8317307692307693,0.7579617834394905,0.7119735755573905,0.9207936678142046,0.4206653945070068,0.1309177634097314,0.6638655462184875,0.8612810988040382,0.5314479206475244,0.1745908044043236,72.0,z_anchor_vwap,depth_mid_bid,impact_efficiency_3s,cancel_ratio,depth_mid_ask,distance_from_session_vwap_anchor,dist_day_high,depth_far_ask,distance_from_range_extreme_norm,distance_from_range_extreme,depth_mid_bid,z_anchor_vwap,cancel_ratio,depth_far_ask,distance_from_range_extreme,depth_mid_ask,dist_day_high,distance_from_range_extreme_norm,impact_efficiency_3s,depth_near_bid,0.04810802933890301,0.05951256901016633,0.11078252614051765,119,157,6.949856455000773,0.9461897008254654,4.787491742782046,0.7899169059501153,0.7969356774718271,0.794160563903988
ok,lower,3,300,mr_pts_t300,16,4.0,vol30_top30,realized_volatility_30s,0.3,1026,666,206,154,331,131,97,0.496996996996997,0.6359223300970874,0.6298701298701299,0.7168447837150127,0.7957545594500484,0.6120737659609371,0.2108072364275521,0.7136914451076144,0.7987982361257608,0.63207473539225,0.2201300474871384,48.0,distance_from_overnight_high,absorption_ratio,depth_near_ask,bid_depth_curvature,return_last_5m,trade_imbalance_60s,queue_imbalance_slope_5s,z_anchor_vwap,weighted_OBI_l5,average_true_range,distance_from_overnight_high,depth_near_ask,return_last_5m,bid_depth_curvature,absorption_ratio,trade_imbalance_60s,weighted_OBI_l5,z_anchor_vwap,range_position,queue_imbalance_slope_5s,0.003153338607398304,0.003043676675712481,0.02000096943131291,97,154,6.934397209928558,0.9969014923584446,4.584967478670572,0.7897356935297393,0.8008244873802824,0.7729071566932093
ok,lower,1,300,mr_pts_t300,8,2.0,none,,,3413,2218,683,512,1380,409,342,0.6221821460775473,0.5988286969253295,0.66796875,0.6409883461531597,0.7215455430013682,0.6453575639529351,0.2270845377038592,0.6787409700722394,0.8116132438618368,0.5907351897653547,0.2024715060278061,92.0,realized_vol_1m,realized_volatility_30s,average_true_range,distance_from_overnight_high,realized_vol_5m,distance_from_overnight_low,flow_impact,depth_near_ask,since_touch_any_seconds,cancel_rate_ask,realized_vol_1m,realized_volatility_30s,average_true_range,cancel_rate_ask,depth_near_ask,realized_vol_5m,distance_from_overnight_high,since_touch_any_seconds,distance_from_overnight_low,flow_impact,0.03775262391907974,0.09006770086046856,-0.054622374187580425,342,512,8.135639903354386,0.9360898376102258,5.8377304471659395,0.7895334597806642,0.8108795264654757,0.7812740130803484
ok,lower,1,180,mr_pts_t180,4,1.0,vol30_top30,realized_volatility_30s,0.3,1025,666,205,154,580,185,135,0.8708708708708709,0.902439024390244,0.8766233766233766,0.5794594594594594,0.908050646595548,0.3230166307544404,0.0887159206573856,0.609551656920078,0.9056477656686268,0.3714681299636707,0.1076727271983426,4.0,ask_depth_curvature,CVD,realized_vol_1m,vwap_slope_pts_per_s,vwap_drift,depth_mid_ask,abs_vwap_slope_pts_per_s,distance0,curvature_pressure_l5,macd,ask_depth_curvature,CVD,depth_mid_ask,realized_vol_1m,vwap_drift,abs_vwap_slope_pts_per_s,vwap_slope_pts_per_s,distance0,macd,curvature_pressure_l5,0.03009219746061853,0.0024028809269212026,0.04845149920923025,135,154,6.933423025730715,0.9837524608062301,4.912654885736052,0.7894927386472049,0.8018061572725931,0.8147486911652724
ok,lower,2,300,mr_pts_t300,8,2.0,vol1m_top30,realized_vol_1m,0.3,1031,670,206,155,490,169,117,0.7313432835820896,0.8203883495145631,0.7548387096774194,0.6622421237805852,0.8897630658341157,0.4538928354393536,0.1415654266703352,0.6578947368421053,0.8571250031944486,0.5330580024501876,0.1762915922574364,72.0,distance_from_overnight_high,bid_depth_curvature,stoch_d_3,distance_from_prior_day_high,OFI_5s,wall_strength_opposite_5_5s_avg,distance_from_overnight_low,aggressive_sell_volume,average_true_range,since_touch_any_seconds,distance_from_overnight_high,bid_depth_curvature,wall_strength_opposite_5_5s_avg,stoch_d_3,net_liquidity_shock,distance_from_prior_day_high,remove_rate_near_bid,distance_from_overnight_low,average_true_range,bid_queue_change_rate,0.0043473869384799135,0.032638062639667065,0.07916516701083404,117,155,6.939253946041508,0.9815072752109264,4.770684624465665,0.7892678627074265,0.8002519753108724,0.7938479453151064
ok,lower,2,600,mr_pts_t600,4,1.0,none,,,3434,2232,686,516,1939,594,449,0.8687275985663082,0.8658892128279884,0.8701550387596899,0.6469038208168643,0.9097630225777746,0.382287969101054,0.1133117102761748,0.5801615530365987,0.9010861092641472,0.3812616989283137,0.1117789697854512,25.0,add_rate_bid,return_last_5m,distance_from_overnight_high,remove_rate_near_bid,update_rate_bid,OBI_l10,cvd_acceleration,bid_depth_curvature,distance_from_overnight_low,distance_from_session_vwap_anchor,add_rate_bid,average_true_range,remove_rate_near_bid,return_last_5m,cancel_rate_ask,trade_sign_autocorr_60s,distance_from_overnight_high,update_rate_bid,cvd_acceleration,ask_queue_change_rate,0.0667422677802656,0.00867691331362741,-0.0010262701727403178,449,516,8.14177220465645,0.9622904094530536,6.1092475827643655,0.788586108359228,0.8150919839934189,0.8160389034063145
ok,lower,3,600,mr_pts_t600,24,6.0,vol30_top30,realized_volatility_30s,0.3,1026,666,206,154,294,111,87,0.4414414414414414,0.5388349514563107,0.564935064935065,0.7417733522996681,0.7434138082178883,0.590492279762803,0.203183486694266,0.7394064161948877,0.7728531860027084,0.6266876672064531,0.2209543382271554,310.0,distance_from_overnight_high,opening_range_width,average_true_range,distance_from_prior_day_low,return_last_5m,wall_persistence_2s,realized_volatility_30s,vwap_drift,depth_near_ask,distance_from_prior_day_high,distance_from_overnight_high,opening_range_width,average_true_range,return_last_5m,depth_near_ask,realized_volatility_30s,wall_persistence_2s,distance_from_range_extreme_norm,OBI_l3,depth_mid_bid,0.0023669361047804482,0.029439377784820087,0.03619538744365003,87,154,6.934397209928558,0.9840968430551997,4.477336814478207,0.788363196985103,0.7968508193022682,0.7605201558057386
ok,upper,2,600,mr_pts_t600,4,1.0,none,,,3418,2221,684,513,1933,592,454,0.8703286807744259,0.8654970760233918,0.884990253411306,0.6083835193889542,0.9025142122939906,0.3884412003863476,0.1149579151982039,0.5707459120436048,0.9056460603557668,0.3545089675454409,0.1013865331171295,22.0,depth_far_ask,realized_vol_1m,ask_depth_curvature,realized_volatility_30s,distance_from_session_midrange,add_rate_ask,depth_far_bid,distance_from_overnight_high,cancel_rate_bid,liquidity_slope_bid,depth_far_ask,realized_vol_1m,distance_from_session_midrange,distance_from_overnight_high,realized_volatility_30s,add_rate_ask,ask_depth_curvature,cvd_acceleration,distance0,replenishment_rate_near_5s,0.03763760734534938,0.0031318480617761324,-0.033932232840906684,454,513,8.137103389639302,0.9796152722964373,6.12029741895095,0.7883190561448488,0.8168994197559374,0.8187106999343958
ok,lower,2,600,mr_pts_t600,24,6.0,vol30_top30,realized_volatility_30s,0.3,1031,670,206,155,304,112,87,0.4537313432835821,0.5436893203883495,0.5612903225806452,0.7068768996960486,0.7026016321100355,0.6353482275301918,0.2216678798091319,0.744421906693712,0.7753441540524894,0.6396806564469742,0.2240822571935128,35.0,distance_from_overnight_high,average_true_range,opening_range_width,depth_far_ask,session_high_running_t0,since_touch_any_seconds,bid_depth_curvature,realized_vol_5m,depth_mid_ask,distance_from_session_midrange,distance_from_overnight_high,average_true_range,depth_far_ask,opening_range_width,session_high_running_t0,since_touch_any_seconds,realized_vol_5m,return_last_5m,distance_from_session_midrange,depth_mid_ask,0.03754500699766339,0.0727425219424539,0.004332428916782427,87,155,6.939253946041508,0.9448562355299412,4.477336814478207,0.7875012870231872,0.7915054098867392,0.7584854370382883
ok,lower,1,180,mr_pts_t180,8,2.0,vol5m_top30,realized_vol_5m,0.3,1025,666,205,154,457,157,109,0.6861861861861862,0.7658536585365854,0.7077922077922078,0.6624203821656051,0.8623536443316964,0.515377448205551,0.168446379577922,0.6733944954128441,0.8368552501701987,0.5719147997135883,0.1940644712520149,72.0,realized_volatility_30s,bid_queue_depletion_rate,trade_sign_autocorr_10s,avg_trade_size,cancel_rate_ask,distance_from_overnight_low,OFI_30s,depth_mid_bid,cancel_ratio,sma_spread_20_50,realized_volatility_30s,bid_queue_depletion_rate,cancel_rate_ask,trade_sign_autocorr_10s,avg_trade_size,cancel_ratio,depth_near_ask,range_position,realized_vol_5m,OFI_30s,0.01097411324723907,0.025498394161497684,0.05653735150803729,109,154,6.933423025730715,0.9817637462956316,4.700480365792417,0.7873139963938803,0.797932139119031,0.7843006155129172
ok,lower,1,180,mr_pts_t180,8,2.0,vol30_top30,realized_volatility_30s,0.3,1025,666,205,154,464,165,116,0.6966966966966966,0.8048780487804879,0.7532467532467533,0.6471212121212121,0.8900748390363074,0.490417595600213,0.1561514127563189,0.6601633393829401,0.8506143744167657,0.541313292517276,0.1791753508419741,49.0,avg_trade_size,update_rate_bid,realized_volatility_30s,bid_queue_depletion_rate,sma_spread_20_50,realized_vol_1m,distance0,macd,cancel_rate_ask,cancel_ratio,update_rate_bid,realized_volatility_30s,avg_trade_size,bid_queue_depletion_rate,cancel_rate_ask,sma_spread_20_50,realized_vol_1m,vol_ratio,cancel_ratio,distance0,0.013042127261728043,0.03946046461954167,0.05089569691706303,116,154,6.933423025730715,0.9737487040593651,4.762173934797756,0.7867236794569189,0.7973331635557556,0.7911636397847995
ok,lower,2,600,mr_pts_t600,32,8.0,vol30_top30,realized_volatility_30s,0.3,1031,670,206,155,223,90,74,0.3328358208955224,0.4368932038834951,0.4774193548387097,0.7575670498084291,0.7044815579067796,0.5891352247796372,0.2017267181578529,0.7507507507507508,0.7593310065358684,0.6472797201813493,0.2269327804492965,158.0,distance_from_overnight_high,opening_range_width,ask_convexity,realized_vol_1m,distance_from_ema_21,impact_efficiency_30s,volume_per_second,realized_vol_5m,average_true_range,prior_day_rth_low,distance_from_overnight_high,realized_vol_1m,realized_vol_5m,opening_range_width,average_true_range,distance_from_ema_21,impact_efficiency_30s,ask_convexity,distance_from_overnight_low,add_rate_bid,0.006816299057678332,0.054849448629088804,0.05814449540171207,74,155,6.939253946041508,0.9691671261566164,4.31748811353631,0.7860586547020216,0.7898735671925734,0.7446299325259595
ok,lower,2,600,mr_pts_t600,24,6.0,vol1m_top30,realized_vol_1m,0.3,1031,670,206,155,301,115,85,0.4492537313432835,0.558252427184466,0.5483870967741935,0.6903010033444816,0.6877333877623508,0.6593036074726022,0.2332079310538948,0.7534453781512604,0.7665140594184677,0.6556194114549666,0.2315263396870588,20.0,average_true_range,distance_from_overnight_high,depth_far_ask,depth_mid_ask,distance_from_prior_day_high,since_touch_any_seconds,cancel_rate_ask,opening_range_width,bid_depth_curvature,spread_expansion_ratio,distance_from_overnight_high,average_true_range,depth_far_ask,depth_mid_ask,since_touch_any_seconds,realized_vol_5m,distance_from_prior_day_high,add_rate_bid,cancel_rate_ask,opening_range_width,0.06314437480677881,0.07878067165611691,-0.003684196017635588,85,155,6.939253946041508,0.9290374767685521,4.454347296253507,0.785996761876459,0.7882892010126664,0.7545845856065383
ok,lower,1,300,mr_pts_t300,12,3.0,vol30_top30,realized_volatility_30s,0.3,1025,666,205,154,401,159,107,0.6021021021021021,0.775609756097561,0.6948051948051948,0.6294777139732021,0.8460414258100784,0.5317751526933802,0.1744295003956056,0.6762775899781268,0.8334257190460717,0.6000406298846939,0.2060891055121923,105.0,realized_vol_5m,depth_mid_ask,spread_expansion_ratio,distance_from_overnight_high,bid_queue_depletion_rate,distance0,trade_sign_autocorr_60s,toxicity_ratio,bid_queue_change_rate,return_last_5m,depth_mid_ask,realized_vol_5m,spread_expansion_ratio,distance_from_overnight_high,distance0,bid_queue_depletion_rate,ask_depth_curvature,update_rate_bid,bid_queue_change_rate,toxicity_ratio,0.046799876004924745,0.012615706764006696,0.0682654771913137,107,154,6.933423025730715,0.9702922086155343,4.68213122712422,0.7859482680023329,0.7951697780548855,0.7808700022729957
ok,upper,2,180,mr_pts_t180,4,1.0,none,,,3418,2221,684,513,1707,513,414,0.7685727149932463,0.75,0.8070175438596491,0.6498694755081336,0.8307372012925549,0.5464621273034711,0.1817642208018641,0.610305958132045,0.8639034517049442,0.4831928531663518,0.1532281127483748,14.0,realized_vol_1m,add_rate_ask,cancel_rate_bid,realized_volatility_30s,depth_far_bid,trade_sign_autocorr_30s,add_rate_bid,distance_from_range_extreme_norm,depth_far_ask,best_ask_queue_norm,realized_vol_1m,add_rate_ask,realized_volatility_30s,cancel_rate_bid,add_rate_bid,depth_far_bid,depth_near_bid,trade_sign_autocorr_30s,cvd_acceleration,ask_queue_depletion_rate,0.03956351737608854,0.0331662504123893,-0.0632692741371193,414,513,8.137103389639302,0.9636351161057611,6.028278520230698,0.7858480155008282,0.8127785610858105,0.8026748786813238
ok,lower,1,180,mr_pts_t180,8,2.0,none,,,3413,2218,683,512,1214,357,309,0.5473399458972047,0.5226939970717424,0.603515625,0.6454950078190785,0.6644092754440948,0.6589013337076719,0.2334555078586463,0.7048161078961213,0.7823563884780426,0.6209368882617216,0.2156851931752118,50.0,realized_vol_1m,realized_volatility_30s,cancel_rate_ask,average_true_range,depth_near_ask,distance_from_overnight_low,update_rate_ask,realized_vol_5m,liquidity_slope_ask,depth_mid_ask,realized_volatility_30s,realized_vol_1m,cancel_rate_ask,average_true_range,depth_near_ask,distance_from_overnight_low,depth_mid_ask,update_rate_ask,realized_vol_5m,cancel_ratio,0.05932110007704272,0.11794711303394778,-0.037964445445950346,309,512,8.135639903354386,0.9113658934445047,5.736572297479192,0.7857883783401272,0.803812642486278,0.7667162918766128
ok,lower,2,600,mr_pts_t600,16,4.0,vol30_top30,realized_volatility_30s,0.3,1031,670,206,155,387,137,103,0.5776119402985075,0.6650485436893204,0.6645161290322581,0.6692055432137946,0.7879560630030862,0.6104112135413526,0.2103555954942781,0.6911874533233756,0.816367632195522,0.6194139967447281,0.2141804975537935,38.0,distance_from_overnight_high,depth_mid_ask,depth_far_ask,session_high_running_t0,depth_near_ask,cancel_rate_ask,bid_depth_curvature,midrange,return_last_30s,ema_9,distance_from_overnight_high,depth_mid_ask,depth_far_ask,depth_near_ask,cancel_rate_ask,session_high_running_t0,midrange,bid_depth_curvature,session_low_running_t0,z_anchor_vwap,0.02198191010958106,0.028411569192435815,0.009002783203375442,103,155,6.939253946041508,0.9748032603489916,4.6443908991413725,0.7856115994141708,0.7952510021977546,0.7753518918268956
ok,lower,1,60,mr_pts_t60,4,1.0,none,,,3413,2218,683,512,1472,432,356,0.6636609558160504,0.6325036603221084,0.6953125,0.6649743618120112,0.7554557390842656,0.6505119380231063,0.2292408524603207,0.666279530394699,0.8039287058348814,0.6084188548170993,0.2089730474870618,3.0,realized_vol_1m,cancel_rate_ask,realized_volatility_30s,aggressive_sell_volume,depth_near_ask,update_rate_ask,liquidity_slope_ask,average_true_range,sigma0,stoch_d_3,realized_vol_1m,realized_volatility_30s,aggressive_sell_volume,cancel_rate_ask,depth_near_ask,update_rate_ask,sigma0,depth_near_bid,liquidity_slope_ask,tick_rate,0.00130516858268781,0.048472966750615853,-0.04209308320600691,356,512,8.135639903354386,0.9751109323333482,5.877735781779639,0.7853771781711781,0.8129942275130235,0.7828496648399641
ok,lower,1,600,mr_pts_t600,24,6.0,vol30_top30,realized_volatility_30s,0.3,1025,666,205,154,308,134,87,0.4624624624624625,0.6536585365853659,0.564935064935065,0.7326045827202018,0.8141849650465058,0.6528766498815961,0.2300713397718241,0.7322010636472809,0.77367120618709,0.6586767464031882,0.2329794546782948,23.0,distance_from_overnight_high,opening_range_width,depth_mid_ask,average_true_range,realized_vol_5m,distance_from_prior_day_high,realized_vol_1m,distance0,bid_queue_depletion_rate,CVD,depth_mid_ask,opening_range_width,distance_from_overnight_high,realized_vol_5m,average_true_range,distance_from_prior_day_high,dist_day_low,realized_vol_1m,distance0,bid_queue_depletion_rate,0.0004035190729209104,0.04051375885941588,0.00580009652159208,87,154,6.933423025730715,0.9795413610338315,4.477336814478207,0.7853407675682315,0.7936632555616466,0.7581773606344088
ok,upper,3,600,mr_pts_t600,8,2.0,vol30_top30,realized_volatility_30s,0.3,1042,677,208,157,535,175,126,0.7902511078286558,0.8413461538461539,0.802547770700637,0.6806926406926407,0.9173798556706736,0.4258969260227127,0.1299388369827678,0.6451612903225806,0.8648502978182757,0.4786977163429496,0.1520875382585224,21.0,depth_mid_ask,depth_mid_bid,distance_from_ema_21,vwap_drift,dist_day_high,opening_range_width,trade_rate_pre_per_s,aggressive_buy_volume,depth_far_ask,cancel_rate_ask,depth_mid_bid,depth_mid_ask,depth_far_ask,vwap_drift,opening_range_width,distance_from_ema_21,distance0,dist_day_high,vwap_slope_pts_per_s,aggressive_buy_volume,0.035531350370060055,0.05252955785239788,0.052800790320236934,126,157,6.949856455000773,0.955969545888771,4.844187086458591,0.784840867703778,0.7948010080677337,0.7974643893857016
ok,upper,3,180,mr_pts_t180,4,1.0,vol5m_top30,realized_vol_5m,0.3,1043,677,209,157,572,184,133,0.844903988183161,0.8803827751196173,0.8471337579617835,0.6228260869565218,0.915938358369123,0.3625177197261008,0.104503644580794,0.5986842105263158,0.903728548029919,0.4225609367810521,0.1283468171890847,26.0,queue_imbalance_std_5s,depth_far_bid,opening_range_position,OFI_burst_ratio,depth_near_ask,bid_convexity,trade_sign_autocorr_60s,distance_from_value_area_high,wall_strength_opposite_3,remove_rate_near_ask,queue_imbalance_std_5s,add_rate_ask,depth_far_bid,depth_far_ask,OFI_burst_ratio,average_true_range,depth_curvature_pressure,distance_from_value_area_high,opening_range_position,bid_convexity,0.024141876430205933,0.012209810339203986,0.0600432170549513,133,157,6.950814768442584,0.981824156615295,4.897839799950911,0.7843985505588286,0.7966791860364415,0.8064137657989686
ok,lower,1,180,mr_pts_t180,4,1.0,vol5m_top30,realized_vol_5m,0.3,1025,666,205,154,576,179,139,0.8648648648648649,0.8731707317073171,0.9025974025974026,0.6665234207133648,0.9273882981231496,0.3769825408923012,0.109986074271939,0.5971223021582734,0.9104683035403358,0.3231795457371608,0.0886911689747593,5.0,realized_volatility_30s,depth_near_ask,wall_strength_opposite_5,cancel_rate_ask,toxicity_ratio,distance_from_session_vwap_anchor,OFI_60s,dsigma_dt,distance_from_vpoc,impact_decay_5s,realized_volatility_30s,depth_near_ask,cancel_rate_ask,OFI_60s,dsigma_dt,distance_from_session_vwap_anchor,toxicity_ratio,wall_strength_opposite_5,bid_liquidity_shock,distance_from_vpoc,0.06940111855509135,0.01691999458281379,-0.05380299515514042,139,154,6.933423025730715,0.9568394434310474,4.941642422609304,0.7837579101536486,0.7942276188895956,0.8139118751504147
ok,lower,1,600,mr_pts_t600,8,2.0,vol5m_top30,realized_vol_5m,0.3,1025,666,205,154,541,171,127,0.8123123123123123,0.8341463414634146,0.8246753246753247,0.6472308221534228,0.8992372658343428,0.4331021550525434,0.1342087148413376,0.6179644211140274,0.8837797412500246,0.4525998175189321,0.1411944242530079,140.0,bid_queue_depletion_rate,distance_from_prior_day_high,realized_vol_5m,depth_mid_bid,volume_burst_ratio,spread_mid_ratio,ema_spread_9_21,distance_from_overnight_low,CVD,flow_burst_ratio,bid_queue_depletion_rate,distance_from_prior_day_high,realized_vol_5m,depth_mid_bid,volume_burst_ratio,flow_burst_ratio,CVD,ema_spread_9_21,microprice_deviation,distance_from_overnight_low,0.029266401039395373,0.01545752458431826,0.019497662466388677,127,154,6.933423025730715,0.9776380371881432,4.852030263919617,0.7834991921955352,0.795486247306835,0.8012150617229299
ok,lower,3,300,mr_pts_t300,12,3.0,vol30_top30,realized_volatility_30s,0.3,1026,666,206,154,407,148,106,0.6111111111111112,0.7184466019417476,0.6883116883116883,0.7028191985088537,0.8506663759032524,0.537955183318795,0.1796380549316331,0.6963443396226415,0.8048898041370309,0.5705930344100698,0.1921284058020459,154.0,average_true_range,distance_from_overnight_high,bid_depth_curvature,absorption_ratio,depth_mid_ask,wall_persistence_2s,queue_imbalance_slope_5s,return_last_5m,OFI_5s,stoch_d_3,distance_from_overnight_high,average_true_range,depth_mid_ask,bid_depth_curvature,absorption_ratio,depth_near_ask,wall_persistence_2s,queue_imbalance_slope_5s,OFI_5s,return_last_5m,0.0064748588862121315,0.04577657176622152,0.03263785109127482,106,154,6.934397209928558,0.9738742846737831,4.672828834461906,0.7829307577717921,0.7941215197465739,0.7762985868494294
ok,lower,1,60,mr_pts_t60,4,1.0,vol30_top30,realized_volatility_30s,0.3,1025,666,205,154,537,174,128,0.8063063063063063,0.848780487804878,0.8311688311688312,0.6613830181683352,0.9195788717841972,0.4218355009550599,0.1274216322012766,0.6237980769230769,0.8804574092781552,0.4504543013086613,0.1392198897684317,9.0,realized_volatility_30s,cancel_rate_ask,abs_vwap_slope_pts_per_s,add_rate_bid,sigma0,curvature_pressure_l5,spread_mid_ratio,distance0,impact_decay_3s,rv_pre_pts2,cancel_rate_ask,realized_volatility_30s,add_rate_bid,abs_vwap_slope_pts_per_s,sigma0,depth_mid_ask,curvature_pressure_l5,depth_near_ask,replenishment_rate_near_5s,vwap_drift,0.03758494124525835,0.03912146250604198,0.028618800353601426,128,154,6.933423025730715,0.9616467981243497,4.859812404361672,0.782904597824028,0.7935232004479557,0.801177244343137
ok,upper,1,60,mr_pts_t60,4,1.0,vol5m_top30,realized_vol_5m,0.3,1023,664,205,154,510,158,127,0.7680722891566265,0.7707317073170732,0.8246753246753247,0.5996498788042014,0.826770104283792,0.535660446978408,0.1746820770725066,0.6243802857976086,0.8799193262342141,0.4497605648464993,0.1401607246344522,101.0,cancel_ratio,realized_vol_1m,cooldown_seconds,best_ask_queue_norm,dsigma_dt,distance_from_overnight_low,trade_sign_autocorr_60s,depth_near_ask,bid_liquidity_shock,update_rate_ask,cancel_ratio,realized_vol_1m,dsigma_dt,cooldown_seconds,best_ask_queue_norm,bid_liquidity_shock,replenishment_rate_near_5s,update_rate_ask,distance_from_overnight_low,bid_convexity,0.024730406993407228,0.05314922195042204,-0.08589988213190869,127,154,6.931471805599453,0.9610601855280854,4.852030263919617,0.7828396553815038,0.7932581051093337,0.8001069591913308
ok,lower,1,300,mr_pts_t300,4,1.0,vol30_top30,realized_volatility_30s,0.3,1025,666,205,154,595,188,137,0.8933933933933934,0.9170731707317074,0.8896103896103896,0.7007196495619525,0.9594094926463774,0.286620933367153,0.0761623300558492,0.5893087161872048,0.9219141765898284,0.3461079217946999,0.0979730390066029,3.0,bid_liquidity_shock,distance_from_overnight_high,sigma0,add_rate_bid,queue_imbalance_slope_5s,trade_imbalance_60s,queue_imbalance_std_5s,trade_sign_autocorr_10s,liquidity_slope_bid,vah,bid_liquidity_shock,sigma0,distance_from_overnight_high,add_rate_bid,queue_imbalance_slope_5s,trade_imbalance_60s,queue_imbalance_std_5s,trade_sign_autocorr_10s,liquidity_slope_bid,vah,0.11141093337474772,0.03749531605654899,0.059486988427546905,137,154,6.933423025730715,0.9255468752843516,4.927253685157205,0.7820815681703486,0.7883165890884284,0.810496546163695
ok,upper,1,600,mr_pts_t600,4,1.0,vol5m_top30,realized_vol_5m,0.3,1023,664,205,154,608,188,141,0.9156626506024096,0.9170731707317074,0.9155844155844156,0.6232790988735921,0.951395866668416,0.2820171306094015,0.075550440360081,0.5597381342062193,0.941889239495606,0.2895613540159992,0.0773828346836477,22.0,bid_queue_change_rate,abs_vwap_slope_pts_per_s,cancel_ratio,cancel_rate_bid,z_anchor_vwap,dist_day_high,bid_liquidity_shock,distance_from_session_vwap_anchor,depth_curvature_pressure,absorption_ratio,bid_queue_change_rate,abs_vwap_slope_pts_per_s,z_anchor_vwap,cancel_ratio,cancel_rate_bid,absorption_ratio,bid_liquidity_shock,rv_pre_pts2,vol_ratio,depth_curvature_pressure,0.0635409646673728,0.009506627172810034,0.0075442234065977165,141,154,6.931471805599453,0.9634762040799085,4.955827057601261,0.782012361904687,0.7922433297093231,0.8162817488469472
ok,lower,3,600,mr_pts_t600,4,1.0,vol1m_top30,realized_vol_1m,0.3,1026,666,206,154,598,194,137,0.8978978978978979,0.941747572815534,0.8896103896103896,0.656786941580756,0.9703311415263072,0.2256017262802561,0.055325409539965,0.5890940317732932,0.917216200903436,0.3430118764125556,0.0972816517829275,19.0,depth_near_bid,spread_volatility,impact_decay_3s,vwap_drift,vwap_slope_pts_per_s,ask_queue_depletion_rate,depth_mid_bid,trade_imbalance_60s,impact_efficiency_3s,wall_strength_opposite_3_2s_avg,depth_near_bid,spread_volatility,impact_decay_3s,vwap_drift,vwap_slope_pts_per_s,depth_mid_bid,ask_queue_depletion_rate,trade_imbalance_60s,trade_sign_autocorr_60s,wall_strength_opposite_5,0.06769290980746279,0.05311494062287114,0.1174101501322995,137,154,6.934397209928558,0.9395960747848331,4.927253685157205,0.7815333723497198,0.7896418967377379,0.810204717568777
ok,lower,2,600,mr_pts_t600,8,2.0,vol30_top30,realized_volatility_30s,0.3,1031,670,206,155,538,176,126,0.8029850746268656,0.8543689320388349,0.8129032258064516,0.6763257575757576,0.9197857074476844,0.3949900798589156,0.1190094894942847,0.6442255062944717,0.8558146242192289,0.4655811761520868,0.1465120901043134,50.0,cvd_acceleration,add_rate_bid,aggressive_buy_volume,bid_depth_curvature,distance_from_overnight_high,ema_9,cancel_rate_ask,z_anchor_vwap,return_last_30s,sma_spread_20_50,add_rate_bid,cancel_rate_ask,bid_depth_curvature,distance_from_overnight_high,cvd_acceleration,bid_queue_change_rate,sma_spread_20_50,aggressive_buy_volume,return_last_30s,z_anchor_vwap,0.03210025128128591,0.06397108322845546,0.07059109629317117,126,155,6.939253946041508,0.9519643327451294,4.844187086458591,0.7803217246517056,0.7909617389494531,0.7950439266822646
ok,upper,2,600,mr_pts_t600,4,1.0,vol30_top30,realized_volatility_30s,0.3,1026,666,206,154,613,192,142,0.9204204204204204,0.9320388349514565,0.922077922077922,0.677827380952381,0.953542365627564,0.2474122846739314,0.0632079002876672,0.5654342723004695,0.9384490330233796,0.2732210940006925,0.0717884599274973,3.0,depth_far_bid,trade_sign_autocorr_60s,depth_far_ask,cancel_ratio,distance_from_range_extreme_norm,add_rate_bid,vwap_drift,rv_pre_pts2,dsigma_dt,cooldown_seconds,depth_far_ask,vwap_drift,trade_sign_autocorr_60s,depth_far_bid,cooldown_seconds,add_rate_bid,cancel_ratio,dist_day_high,distance_from_range_extreme_norm,dsigma_dt,0.11239310865191154,0.01509333260418444,0.025808809326761106,142,154,6.934397209928558,0.9362567793719521,4.962844630259907,0.7802286718672795,0.7879324734540724,0.8150744812977517
ok,lower,2,300,mr_pts_t300,8,2.0,none,,,3434,2232,686,516,1367,417,344,0.6124551971326165,0.607871720116618,0.6666666666666666,0.675652786321129,0.7606374205774363,0.6242317118638631,0.2176170543304152,0.6719510546241212,0.7817565970537976,0.5983938216721437,0.2052453990255253,94.0,realized_volatility_30s,distance_from_overnight_high,since_touch_any_seconds,update_rate_bid,distance_from_prior_day_high,bid_depth_curvature,bid_queue_depletion_rate,realized_vol_1m,realized_vol_5m,cancel_rate_bid,realized_volatility_30s,distance_from_overnight_high,update_rate_bid,realized_vol_1m,cancel_rate_bid,bid_queue_depletion_rate,since_touch_any_seconds,average_true_range,distance_from_prior_day_high,bid_depth_curvature,0.0037017316970078262,0.0211191764763613,-0.025837890191719337,344,516,8.14177220465645,0.9875895459133155,5.84354441703136,0.7801000177561235,0.8099880414419474,0.7738170824410213
ok,lower,3,600,mr_pts_t600,24,6.0,vol1m_top30,realized_vol_1m,0.3,1026,666,206,154,292,113,85,0.4384384384384384,0.5485436893203883,0.551948051948052,0.6968312874678847,0.7374661067411216,0.6263182208742215,0.2188062901222503,0.7324808184143223,0.7624900971110853,0.6109700108785902,0.2124997335293159,111.0,distance_from_overnight_high,return_last_5m,depth_near_ask,average_true_range,distance_from_prior_day_high,realized_volatility_30s,opening_range_width,depth_mid_ask,vwap_drift,z_anchor_vwap,distance_from_overnight_high,depth_near_ask,return_last_5m,average_true_range,distance_from_prior_day_high,realized_volatility_30s,depth_mid_ask,z_anchor_vwap,opening_range_width,vwap_drift,0.035649530946437635,0.025023990369963722,-0.015348209995631357,85,154,6.934397209928558,0.9696632393417992,4.454347296253507,0.7800043619448875,0.7878695689271727,0.7514239830401088
ok,upper,1,600,mr_pts_t600,8,2.0,none,,,3407,2214,681,512,1585,486,385,0.7158988256549232,0.7136563876651982,0.751953125,0.6422602089268756,0.8263687439523487,0.5711358644766467,0.1942611509459901,0.6264239697310563,0.8260827300212642,0.544185956077075,0.1801380749403612,90.0,opening_range_width,cancel_ratio,abs_vwap_slope_pts_per_s,realized_vol_5m,average_true_range,add_rate_ask,distance_from_prior_day_high,z_anchor_vwap,opening_range_position,liquidity_compression,opening_range_width,cancel_ratio,average_true_range,abs_vwap_slope_pts_per_s,add_rate_ask,realized_vol_5m,distance_from_prior_day_high,z_anchor_vwap,realized_vol_1m,cooldown_seconds,0.015836239195819335,0.00028601393108451667,-0.026949908399571676,385,512,8.133880887949207,0.9919388734365481,5.955837369464831,0.7799577835467467,0.810964631876765,0.7888042188225778
ok,lower,3,180,mr_pts_t180,4,1.0,vol1m_top30,realized_vol_1m,0.3,1026,666,206,154,561,189,132,0.8423423423423423,0.9174757281553398,0.8571428571428571,0.5530656707127295,0.9225095114090214,0.3089087869077787,0.081118350371192,0.6024449035812672,0.8934844992037121,0.4087758044114342,0.1220886651543294,5.0,CVD,distance_from_prior_day_high,flow_toxicity_30s,liquidity_slope_bid,realized_vol_1m,bid_liquidity_shock,flow_burst_ratio,aggressive_buy_volume,trade_imbalance_30s,impact_decay_3s,CVD,distance_from_prior_day_high,flow_toxicity_30s,liquidity_slope_bid,realized_vol_1m,bid_liquidity_shock,ask_curvature_l5,trade_imbalance_30s,impact_efficiency_3s,aggressive_buy_volume,0.04937923286853774,0.029025012205309286,0.09986701750365551,132,154,6.934397209928558,0.9607978774630764,4.890349128221754,0.779501220660844,0.7905339578201453,0.8031539339139602
ok,lower,3,600,mr_pts_t600,12,3.0,vol5m_top30,realized_vol_5m,0.3,1026,666,206,154,468,156,112,0.7027027027027027,0.7572815533980582,0.7272727272727273,0.6923076923076923,0.8634529684496374,0.5158764019847738,0.1686330831038724,0.6626275510204082,0.8280632049055083,0.5567795113076458,0.1856704689508588,61.0,spread_mid_ratio,distance_from_prior_day_high,depth_mid_ask,return_last_5m,distance_from_overnight_high,cvd_acceleration,distance_from_session_vwap_anchor,distance_from_range_extreme_norm,spread_volatility,queue_imbalance_slope_5s,distance_from_prior_day_high,depth_mid_ask,spread_mid_ratio,distance_from_overnight_high,cvd_acceleration,return_last_5m,distance_from_session_vwap_anchor,spread_volatility,distance_from_range_extreme_norm,bid_depth_curvature,0.029680141287284134,0.03538976354412904,0.040903109322872,112,154,6.934397209928558,0.9674650475842934,4.727387818712341,0.7780724789293405,0.7893237158184405,0.7794974726729336
ok,lower,1,300,mr_pts_t300,12,3.0,none,,,3413,2218,683,512,1010,303,262,0.4553651938683498,0.4436310395314787,0.51171875,0.6816397429216605,0.6296549305572418,0.6399016476494345,0.2236236262879862,0.7326259541984732,0.7268012622541713,0.6214840453181585,0.2170082069860027,111.0,realized_vol_1m,realized_volatility_30s,average_true_range,depth_mid_ask,realized_vol_5m,opening_range_position,distance_from_overnight_high,distance_from_prior_day_high,cancel_rate_ask,since_touch_any_seconds,realized_vol_1m,realized_volatility_30s,depth_mid_ask,realized_vol_5m,average_true_range,depth_near_ask,distance_from_overnight_high,distance_from_prior_day_high,cancel_rate_ask,opening_range_position,0.05098621127681269,0.09714633169692954,-0.018417602331275984,262,512,8.135639903354386,0.9259337285131288,5.572154032177765,0.7761470498783818,0.7957763094466777,0.7433022038458259
ok,lower,3,300,mr_pts_t300,8,2.0,none,,,3419,2222,684,513,1365,402,343,0.6143114311431143,0.5877192982456141,0.6686159844054581,0.6831533820260399,0.7411662412318232,0.6354916058764308,0.2223412559209843,0.6574515520493911,0.7925616943324755,0.6100051906690986,0.2104590188736669,29.0,realized_volatility_30s,average_true_range,realized_vol_5m,realized_vol_1m,distance_from_overnight_high,depth_near_ask,vwap_drift,vwap_slope_pts_per_s,z_anchor_vwap,depth_far_ask,realized_volatility_30s,realized_vol_5m,average_true_range,realized_vol_1m,depth_near_ask,depth_far_ask,distance_from_overnight_high,weighted_OBI_l3,z_anchor_vwap,vwap_slope_pts_per_s,0.025701829976648827,0.0513954531006523,-0.02548641520733219,343,513,8.13739583005665,0.9614513584613493,5.840641657373398,0.775954761106115,0.8028561915767138,0.7708739188453708
ok,upper,1,180,mr_pts_t180,4,1.0,vol30_top30,realized_volatility_30s,0.3,1023,664,205,154,573,181,139,0.8629518072289156,0.8829268292682927,0.9025974025974026,0.7053406998158379,0.9498100152990536,0.3591393236307472,0.1029251638526537,0.5683453237410072,0.9281862226813956,0.3236765949863368,0.088787930323986,5.0,wall_strength_opposite_5_2s_avg,since_touch_any_seconds,seconds_since_open,distance_from_session_vwap_anchor,opening_range_width,add_rate_ask,curvature_pressure_l5,cancel_rate_ask,trade_rate_pre_per_s,trade_sign_autocorr_30s,wall_strength_opposite_5_2s_avg,since_touch_any_seconds,seconds_since_open,opening_range_width,add_rate_ask,midrange_position,distance_from_session_vwap_anchor,cancel_rate_ask,average_true_range,trade_sign_autocorr_30s,0.1369953760748307,0.02162379261765801,-0.03546272864441041,139,154,6.931471805599453,0.9206904156537556,4.941642422609304,0.7756954521503028,0.782241246630412,0.8078412190317426
ok,lower,3,600,mr_pts_t600,16,4.0,vol1m_top30,realized_vol_1m,0.3,1026,666,206,154,397,154,103,0.5960960960960962,0.7475728155339806,0.6688311688311688,0.6534715284715283,0.8560134280497922,0.5435631545382348,0.1812177971911383,0.6887492861222159,0.7992981264069419,0.5892794842341251,0.2008009215156157,101.0,return_last_5m,depth_near_ask,cvd_acceleration,distance_from_overnight_low,distance_from_session_vwap_anchor,realized_volatility_30s,opening_range_width,distance_from_overnight_high,wall_strength_opposite_5_5s_avg,wall_strength_opposite_5,return_last_5m,depth_near_ask,cvd_acceleration,distance_from_overnight_low,distance_from_session_vwap_anchor,wall_strength_opposite_5_5s_avg,realized_volatility_30s,distance_from_overnight_high,opening_range_width,wall_strength_opposite_5,0.035277757650687525,0.056715301642850324,0.045716329695890345,103,154,6.934397209928558,0.9540034703532311,4.6443908991413725,0.7756689838475308,0.7851168339416226,0.7671538242396374
ok,lower,1,600,mr_pts_t600,12,3.0,none,,,3413,2218,683,512,1255,384,316,0.5658250676284942,0.5622254758418741,0.6171875,0.6694188963210703,0.7291175549411487,0.6423981957104192,0.2261140417654419,0.6757136398863343,0.7664028164238095,0.6215223555543863,0.2166437892659278,104.0,realized_volatility_30s,realized_vol_1m,average_true_range,distance_from_overnight_high,opening_range_width,spread_expansion_ratio,distance_from_prior_day_high,depth_mid_ask,realized_vol_5m,opening_range_position,realized_volatility_30s,realized_vol_1m,depth_mid_ask,average_true_range,distance_from_overnight_high,realized_vol_5m,opening_range_width,distance_from_overnight_low,depth_near_ask,distance_from_prior_day_high,0.006294743565263938,0.03728526148266076,-0.020875840156032943,316,512,8.135639903354386,0.9782099974760377,5.75890177387728,0.7744503727176726,0.8027550465111019,0.7611369929078484
ok,upper,2,60,mr_pts_t60,4,1.0,vol30_top30,realized_volatility_30s,0.3,1026,666,206,154,540,169,130,0.8108108108108109,0.8203883495145631,0.8441558441558441,0.6110666879897649,0.8749476643866116,0.4624464131679939,0.1448975576432007,0.5836538461538461,0.895740515107597,0.4303585875013364,0.1311335172978571,21.0,queue_imbalance_std_5s,spread_volatility,depth_far_bid,depth_mid_bid,remove_rate_near_bid,rsi_14,stoch_k_14,return_last_5m,queue_length_total_norm,microprice,queue_imbalance_std_5s,spread_volatility,depth_mid_bid,depth_far_bid,rsi_14,distance_from_overnight_high,remove_rate_near_bid,trade_sign_autocorr_10s,stoch_k_14,ema_spread_9_21,0.027412841835918855,0.020792850720985356,-0.03208782566665752,130,154,6.934397209928558,0.975897153721548,4.875197323201151,0.7743971316772766,0.7872835826802443,0.7978680979298889
ok,upper,1,180,mr_pts_t180,8,2.0,none,,,3407,2214,681,512,1209,353,313,0.5460704607046071,0.5183553597650514,0.611328125,0.6689093484419264,0.6863745095848475,0.6567008274611792,0.2322411112306214,0.6928572575336747,0.7531421113173539,0.6280002181682338,0.218322669916206,29.0,realized_volatility_30s,realized_vol_1m,add_rate_ask,opening_range_width,average_true_range,cancel_ratio,queue_imbalance_std_5s,abs_vwap_slope_pts_per_s,cancel_rate_bid,depth_mid_bid,realized_volatility_30s,realized_vol_1m,add_rate_ask,opening_range_width,cancel_rate_bid,average_true_range,queue_imbalance_std_5s,cancel_ratio,abs_vwap_slope_pts_per_s,ask_depth_curvature,0.023947909091748265,0.0667676017325064,-0.028700609292945378,313,512,8.133880887949207,0.9546422445878726,5.749392985908253,0.7736251883013624,0.7998312468298433,0.7583815757321272
ok,upper,1,300,mr_pts_t300,8,2.0,none,,,3407,2214,681,512,1386,411,345,0.6260162601626016,0.6035242290748899,0.673828125,0.6531855456429665,0.748968964400724,0.6365496265818678,0.2236849093228736,0.6572941074372993,0.7788468798704049,0.600033522752955,0.2059799710893739,74.0,realized_vol_1m,realized_volatility_30s,cancel_ratio,opening_range_width,realized_vol_5m,abs_vwap_slope_pts_per_s,stoch_d_3,distance_from_overnight_low,queue_imbalance_std_5s,z_anchor_vwap,realized_vol_1m,realized_volatility_30s,opening_range_width,cancel_ratio,cancel_rate_bid,realized_vol_5m,distance_from_overnight_low,queue_imbalance_std_5s,abs_vwap_slope_pts_per_s,depth_mid_bid,0.004108561794332832,0.029877915469680882,-0.036516103828912794,345,512,8.133880887949207,0.9830067613679931,5.846438775057725,0.7725182873620448,0.80313934826432,0.7689207513747943
ok,lower,3,600,mr_pts_t600,12,3.0,vol1m_top30,realized_vol_1m,0.3,1026,666,206,154,458,166,110,0.6876876876876877,0.8058252427184466,0.7142857142857143,0.7634036144578313,0.93167536697743,0.4268734531543341,0.1362472880958124,0.6803719008264463,0.8129295783091236,0.5462619589925002,0.1794414106494261,278.0,return_last_5m,cvd_acceleration,average_true_range,spread_volatility,impact_decay_3s,realized_volatility_30s,impact_decay_5s,trade_rate_pre_per_s,vwap_drift,distance_from_prior_day_high,return_last_5m,average_true_range,impact_decay_3s,depth_mid_bid,cvd_acceleration,vwap_drift,distance_from_overnight_low,queue_imbalance_std_5s,distance_from_prior_day_high,ask_queue_change_rate,0.08303171363138506,0.11874578866830643,0.11938850583816607,110,154,6.934397209928558,0.8991112488501543,4.709530201312334,0.7722813883397879,0.7768871213104278,0.7707405764845443
ok,lower,1,180,mr_pts_t180,8,2.0,vol1m_top30,realized_vol_1m,0.3,1025,666,205,154,464,164,116,0.6966966966966966,0.8,0.7532467532467533,0.6659726353361094,0.8902448521922777,0.4787587589489906,0.1526815901665507,0.6445099818511798,0.8330960208472477,0.5406505175147801,0.1791094459465766,101.0,cancel_ratio,avg_trade_size,macd,distance_from_overnight_high,realized_volatility_30s,sma_spread_20_50,bid_queue_depletion_rate,cancel_rate_ask,trade_imbalance_60s,trade_rate_pre_per_s,cancel_ratio,cancel_rate_ask,realized_vol_1m,macd,realized_volatility_30s,distance_from_overnight_high,avg_trade_size,wall_strength_opposite_5,sma_spread_20_50,bid_queue_depletion_rate,0.021462653484929595,0.057148831345030016,0.06189175856578949,116,154,6.933423025730715,0.9606942575850201,4.762173934797756,0.7721495503689731,0.783988093053915,0.7790307641285056
ok,lower,3,60,mr_pts_t60,4,1.0,vol30_top30,realized_volatility_30s,0.3,1026,666,206,154,514,174,125,0.7717717717717718,0.8446601941747572,0.8116883116883117,0.5520833333333334,0.8747569355164244,0.4385266828379567,0.1341017302505466,0.5917241379310345,0.8806483811451608,0.4804677539477738,0.1530153947034635,57.0,distance_from_prior_day_high,return_last_30s,liquidity_slope_bid,flow_toxicity_30s,OFI_30s,trade_imbalance_30s,wall_strength_opposite_5_5s_avg,macd_hist,depth_mid_ask,opening_range_position,distance_from_prior_day_high,liquidity_slope_bid,flow_toxicity_30s,return_last_30s,OFI_30s,trade_imbalance_30s,depth_mid_ask,macd_hist,bid_depth_curvature,wall_strength_opposite_5_5s_avg,0.03964080459770114,0.005891445628736336,0.041941071109817096,125,154,6.934397209928558,0.9772338748867813,4.836281906951478,0.7717220669197009,0.784897168619217,0.7902704808225862
ok,upper,2,180,mr_pts_t180,8,2.0,vol30_top30,realized_volatility_30s,0.3,1026,666,206,154,481,147,111,0.7222222222222222,0.7135922330097088,0.7207792207792207,0.5755217341173757,0.7992592522724504,0.5961816298568806,0.2032900775820247,0.652838885397025,0.8256438104782108,0.5766264954692161,0.1950274620946078,15.0,depth_mid_bid,toxicity_ratio,depth_near_bid,cooldown_seconds,weighted_OBI_l10,impact_efficiency_10s,flow_burst_ratio,cancel_rate_ask,depth_far_bid,trade_rate_pre_per_s,depth_mid_bid,toxicity_ratio,cooldown_seconds,depth_near_bid,impact_efficiency_10s,weighted_OBI_l10,vwap_drift,depth_far_bid,cancel_rate_ask,trade_rate_pre_per_s,0.07731715127964922,0.026384558205760356,-0.01955513438766454,111,154,6.934397209928558,0.9481491452572952,4.718498871295094,0.7712576646763685,0.7810915232776259,0.7728084687296386
ok,lower,2,300,mr_pts_t300,12,3.0,vol1m_top30,realized_vol_1m,0.3,1031,670,206,155,412,138,102,0.6149253731343284,0.6699029126213593,0.6580645161290323,0.6851555839727194,0.8174355798296347,0.6251010367859571,0.2169235098964728,0.6630595634480206,0.8037347911210928,0.6359277832628955,0.2219618327461481,10.0,distance_from_overnight_high,bid_depth_curvature,ema_9,cancel_rate_ask,sma_50,ema_21,distance_from_prior_day_low,remove_rate_near_bid,distance_from_prior_day_high,depth_near_ask,distance_from_overnight_high,bid_depth_curvature,cancel_rate_ask,remove_rate_near_bid,distance_from_prior_day_low,depth_near_ask,ema_9,distance_from_overnight_low,sma_50,distance_from_prior_day_high,0.022096020524698723,0.013700788708541856,0.010826746476938376,102,155,6.939253946041508,0.9821015953833797,4.634728988229636,0.7700371405376958,0.7828400108188307,0.7622541220561938
ok,upper,2,60,mr_pts_t60,4,1.0,none,,,3418,2221,684,513,1418,419,350,0.6384511481314723,0.6125730994152047,0.682261208576998,0.6837168460395371,0.752897200185095,0.6594731671424489,0.233563224629706,0.6508851884312008,0.7818956041541865,0.6220447665273536,0.215316742573995,3.0,realized_volatility_30s,realized_vol_1m,add_rate_ask,average_true_range,depth_far_bid,cancel_rate_bid,depth_mid_bid,queue_imbalance_std_5s,vol_ratio,ask_curvature_l5,realized_volatility_30s,realized_vol_1m,average_true_range,cancel_rate_bid,add_rate_ask,depth_far_bid,queue_imbalance_std_5s,session_low_running_t0,dsigma_dt,vol_ratio,0.032831657608336284,0.02899840396909148,-0.037428400615095225,350,513,8.137103389639302,0.9690849692112862,5.860786223465865,0.76982155391074,0.7993769997538149,0.7679774361464602
ok,lower,1,300,mr_pts_t300,8,2.0,vol5m_top30,realized_vol_5m,0.3,1025,666,205,154,495,163,115,0.7432432432432432,0.7951219512195122,0.7467532467532467,0.6464358749634823,0.8722195352379946,0.5104717605010752,0.1640830351267232,0.6240802675585285,0.8412198631054777,0.5633382985035776,0.188153351814122,3.0,add_rate_bid,bid_queue_depletion_rate,realized_vol_1m,wall_strength_opposite_3,trade_sign_autocorr_10s,depth_mid_bid,realized_vol_5m,ema_spread_9_21,spread_expansion_ratio,range_position,add_rate_bid,realized_vol_1m,bid_queue_depletion_rate,wall_strength_opposite_3,depth_mid_bid,realized_vol_5m,trade_sign_autocorr_10s,range_position,ema_spread_9_21,spread_expansion_ratio,0.022355607404953792,0.030999672132516864,0.052866538002502406,115,154,6.933423025730715,0.9733223602312646,4.7535901911063645,0.768490011819829,0.7815907617364414,0.7760339789216892
ok,upper,3,600,mr_pts_t600,8,2.0,none,,,3474,2258,694,522,1566,467,381,0.6935341009743136,0.6729106628242075,0.7298850574712644,0.6443886839796622,0.7745512644906942,0.6076031065940184,0.2093954670093377,0.614508292846373,0.8150399386169987,0.5691356826667984,0.1920755544108412,60.0,depth_mid_ask,realized_vol_1m,distance_from_overnight_high,add_rate_ask,distance_from_prior_day_high,average_true_range,realized_vol_5m,vwap_drift,depth_far_ask,z_anchor_vwap,depth_mid_ask,average_true_range,realized_vol_1m,distance_from_overnight_high,z_anchor_vwap,add_rate_ask,vwap_drift,distance_from_prior_day_high,realized_vol_5m,depth_far_ask,0.02988039113328922,0.040488674126304525,-0.038467423927220024,381,522,8.153349757998892,0.9648154673702032,5.945420608606575,0.768300839322369,0.7978021404191293,0.7755807717275714
ok,lower,2,180,mr_pts_t180,4,1.0,vol1m_top30,realized_vol_1m,0.3,1031,670,206,155,569,188,135,0.8492537313432836,0.912621359223301,0.8709677419354839,0.5650118203309693,0.9282291473448414,0.3090904261931511,0.0827304512568027,0.5596296296296296,0.9002434281458787,0.3803844565169837,0.1113365843133601,52.0,bid_queue_depletion_rate,distance_from_ema_21,wall_strength_opposite_3_2s_avg,bid_depth_curvature,trade_rate_pre_per_s,impact_efficiency_30s,OFI_burst_ratio,distance_from_session_midrange,queue_imbalance_std_5s,flow_toxicity_30s,distance_from_ema_21,bid_queue_depletion_rate,wall_strength_opposite_3_2s_avg,trade_rate_pre_per_s,distance_from_overnight_high,bid_depth_curvature,OFI_burst_ratio,flow_toxicity_30s,liquidity_slope_ask,distance_from_value_area_high,0.0053821907013397174,0.027985719198962755,0.07129403032383264,135,155,6.939253946041508,0.9833160450498488,4.912654885736052,0.7673900667869007,0.7826248633128354,0.7970600937069663
ok,lower,2,300,mr_pts_t300,12,3.0,vol30_top30,realized_volatility_30s,0.3,1031,670,206,155,407,137,104,0.6074626865671642,0.6650485436893204,0.6709677419354839,0.6628054585845763,0.8031348821454134,0.6184184236321949,0.2143828758266493,0.6553544494720965,0.8014275062798801,0.6194390003287327,0.2143100997799499,29.0,bid_depth_curvature,distance_from_overnight_high,OBI_l5,cancel_rate_ask,entry_price,overnight_high,distance_from_ema_21,net_liquidity_shock,add_rate_bid,distance_from_prior_day_high,bid_depth_curvature,distance_from_overnight_high,cancel_rate_ask,OBI_l5,add_rate_bid,distance_from_ema_21,trade_imbalance_5s,trade_imbalance_60s,depth_near_ask,net_liquidity_shock,0.007451009112479756,0.0017073758655332671,0.0010205766965377672,104,155,6.939253946041508,0.9954208075109935,4.653960350157523,0.7673641022236024,0.7825847082799039,0.7624024432527212
ok,lower,1,60,mr_pts_t60,4,1.0,vol5m_top30,realized_vol_5m,0.3,1025,666,205,154,528,168,125,0.7927927927927928,0.8195121951219512,0.8116883116883117,0.6272522522522522,0.8766053245811418,0.4709796584100244,0.1475274583621339,0.607448275862069,0.8533332308676814,0.4825272416806165,0.152440741669365,3.0,realized_volatility_30s,cancel_rate_ask,depth_mid_ask,depth_near_ask,macd_hist,liquidity_compression,distance_from_session_vwap_anchor,OFI_30s,sma_50,band_k,realized_volatility_30s,depth_near_ask,cancel_rate_ask,depth_mid_ask,liquidity_compression,sma_50,distance_from_session_vwap_anchor,macd_hist,OFI_30s,band_k,0.019803976390183275,0.023272093713460396,0.011547583270592077,125,154,6.933423025730715,0.978461964948178,4.836281906951478,0.7671965227178181,0.7824516898241146,0.7855382803414738
ok,lower,1,180,mr_pts_t180,12,3.0,none,,,3413,2218,683,512,819,235,228,0.3692515779981966,0.3440702781844802,0.4453125,0.7193484042553191,0.5635499783377149,0.5746909903132207,0.1961656175899194,0.7518068939955522,0.6855202558745606,0.6056990812831469,0.2100823282503134,94.0,realized_vol_1m,realized_volatility_30s,depth_mid_ask,average_true_range,depth_near_ask,cancel_rate_ask,distance_from_overnight_high,distance_from_prior_day_high,toxicity_ratio,opening_range_position,realized_vol_1m,realized_volatility_30s,depth_mid_ask,depth_near_ask,average_true_range,cancel_rate_ask,add_rate_ask,distance_from_overnight_high,distance_from_prior_day_high,opening_range_position,0.03245848974023313,0.12197027753684564,0.031008090969926183,228,512,8.135639903354386,0.9227856163614606,5.43372200355424,0.7669922120302024,0.7860937604919375,0.724332384836919
ok,lower,1,600,mr_pts_t600,12,3.0,vol5m_top30,realized_vol_5m,0.3,1025,666,205,154,461,162,114,0.6921921921921922,0.7902439024390244,0.7402597402597403,0.6745621590582832,0.8658417996430023,0.4812626253031915,0.1539988727582635,0.6469298245614035,0.8171954685771272,0.5551673810132755,0.1846578429888101,150.0,spread_expansion_ratio,distance_from_prior_day_high,depth_near_ask,CVD,realized_vol_5m,depth_mid_ask,sigma0,distance0,distance_from_overnight_low,bid_queue_change_rate,depth_near_ask,depth_mid_ask,distance_from_prior_day_high,realized_vol_5m,CVD,spread_expansion_ratio,distance0,vol_ratio,sigma0,bid_queue_depletion_rate,0.02763233449687974,0.048646331065875126,0.07390475571008392,114,154,6.933423025730715,0.9618606672186226,4.74493212836325,0.7668739075083746,0.7798769295584989,0.772360112662339
ok,lower,1,600,mr_pts_t600,12,3.0,vol30_top30,realized_volatility_30s,0.3,1025,666,205,154,461,169,116,0.6921921921921922,0.824390243902439,0.7532467532467533,0.702827087442472,0.8911455380581284,0.5060673846144041,0.1604921997491776,0.6439428312159708,0.8260077228569214,0.5652008290199458,0.1884626633633594,1.0,depth_mid_ask,distance_from_overnight_high,distance_from_range_extreme_norm,distance_from_vpoc,band_k,side,is_weekend,entry_price,distance0,sigma0,depth_mid_ask,distance_from_range_extreme_norm,distance_from_overnight_high,distance_from_vpoc,band_k,side,is_weekend,entry_price,distance0,sigma0,0.058884256226501175,0.06513781520120698,0.05913344440554169,116,154,6.933423025730715,0.9379889642861459,4.762173934797756,0.7668168415888716,0.7771220422747191,0.7741091853114414
ok,lower,2,600,mr_pts_t600,8,2.0,vol1m_top30,realized_vol_1m,0.3,1031,670,206,155,539,178,123,0.8044776119402985,0.8640776699029126,0.7935483870967742,0.6135634028892456,0.9202576020524884,0.3937178436632679,0.1164288212806602,0.6341463414634148,0.832998392579129,0.4966823076978275,0.159682692651492,25.0,bid_depth_curvature,average_true_range,distance_from_overnight_high,depth_mid_ask,macd_hist,add_rate_bid,bid_queue_change_rate,OFI_30s,realized_volatility_30s,stoch_d_3,bid_depth_curvature,average_true_range,distance_from_overnight_high,realized_volatility_30s,add_rate_bid,macd_hist,bid_queue_change_rate,OFI_30s,cancel_rate_ask,depth_mid_ask,0.020582938574169152,0.08725920947335941,0.10296446403455961,123,155,6.939253946041508,0.9460789259762357,4.820281565605037,0.7665750253863535,0.7788280583358883,0.7805427296755716
ok,lower,3,300,mr_pts_t300,4,1.0,vol1m_top30,realized_vol_1m,0.3,1026,666,206,154,580,192,134,0.8708708708708709,0.9320388349514565,0.8701298701298701,0.6467633928571429,0.9638809508245436,0.2620833743296148,0.0658013090379893,0.5608208955223881,0.9084990267802832,0.3852520285091772,0.1128441981050253,8.0,depth_near_bid,bid_convexity,liquidity_slope_bid,impact_decay_3s,return_last_30s,distance_from_overnight_low,microprice_pressure,ask_queue_change_rate,OFI_60s,ask_queue_depletion_rate,depth_near_bid,bid_convexity,liquidity_slope_bid,return_last_30s,impact_decay_3s,distance_from_overnight_low,rv_pre_pts2,ask_queue_change_rate,realized_vol_1m,CVD,0.08594249733475479,0.055381924044260455,0.12316865417956241,134,154,6.934397209928558,0.9293377893104924,4.90527477843843,0.7657114196526624,0.7745425356467768,0.7947238592808898
ok,lower,1,300,mr_pts_t300,8,2.0,vol30_top30,realized_volatility_30s,0.3,1025,666,205,154,493,170,121,0.7402402402402403,0.8292682926829268,0.7857142857142857,0.6744537815126052,0.9123136077026848,0.4351477782469461,0.1348184385199668,0.6185825194089657,0.847882161983306,0.5180542506490918,0.169228435328594,140.0,bid_queue_depletion_rate,distance_from_overnight_high,bid_liquidity_shock,update_rate_bid,prior_day_rth_low,sma_spread_20_50,avg_trade_size,distance0,realized_vol_5m,cancel_ratio,bid_queue_depletion_rate,update_rate_bid,cancel_ratio,distance_from_overnight_high,bid_liquidity_shock,sma_spread_20_50,macd,realized_vol_5m,distance_from_prior_day_high,avg_trade_size,0.05587126210363946,0.06443144571937875,0.08290647240214571,121,154,6.933423025730715,0.939848646088491,4.804021044733257,0.7656084606968578,0.7762025439959482,0.7792132435139388
ok,lower,3,600,mr_pts_t600,12,3.0,none,,,3419,2222,684,513,1273,376,316,0.5729072907290729,0.5497076023391813,0.6159844054580896,0.7168071290411717,0.7391945912272317,0.6158631961604611,0.213451153300813,0.6690226820021847,0.7528485702981607,0.6310334474899368,0.219767450215332,193.0,average_true_range,realized_volatility_30s,distance_from_overnight_high,realized_vol_1m,spread_volatility,distance_from_prior_day_high,weighted_OBI_l3,depth_near_ask,queue_imbalance_mean_5s,spread_mid_ratio,realized_volatility_30s,average_true_range,realized_vol_1m,distance_from_overnight_high,depth_near_ask,spread_volatility,distance_from_prior_day_high,weighted_OBI_l3,return_last_5m,ask_curvature_l5,0.04778444703898699,0.013653979070928912,0.015170251329475692,316,513,8.13739583005665,0.969280786945042,5.75890177387728,0.7654809063218759,0.7945610953077558,0.7533338704254628
ok,lower,1,600,mr_pts_t600,16,4.0,none,,,3413,2218,683,512,1003,300,267,0.4522091974752029,0.4392386530014641,0.521484375,0.6938120104438642,0.6507456960370626,0.6252677221542879,0.2176126138312055,0.7191469846365512,0.7042133015077284,0.6245181219613559,0.2176103062039052,124.0,realized_volatility_30s,distance_from_overnight_high,opening_range_position,realized_vol_1m,depth_mid_ask,depth_near_ask,average_true_range,OFI_burst_ratio,realized_vol_5m,depth_far_ask,realized_volatility_30s,distance_from_overnight_high,realized_vol_1m,depth_mid_ask,depth_near_ask,realized_vol_5m,depth_far_ask,average_true_range,opening_range_position,distance_from_range_extreme_norm,0.025334974192687043,0.05346760547066587,-0.0007496001929320206,267,512,8.135639903354386,0.9605987101683235,5.5909869805108565,0.7651867759205553,0.7916753751724424,0.7362840686315137
ok,lower,3,300,mr_pts_t300,24,6.0,vol30_top30,realized_volatility_30s,0.3,1026,666,206,154,221,91,71,0.3318318318318318,0.441747572815534,0.461038961038961,0.7130434782608697,0.6502534595081177,0.6139006609220709,0.2136803277529706,0.748345494654675,0.7135820793746277,0.6155464769187351,0.2154421777367889,162.0,opening_range_width,depth_near_ask,queue_imbalance_slope_5s,distance_from_overnight_high,z_anchor_vwap,microprice_minus_mid,depth_mid_bid,realized_volatility_30s,return_last_5m,realized_vol_5m,depth_near_ask,depth_mid_bid,opening_range_width,return_last_5m,z_anchor_vwap,queue_imbalance_slope_5s,distance_from_overnight_high,realized_volatility_30s,realized_vol_5m,cancel_rate_ask,0.03530201639380537,0.06332861986650995,0.001645815996664246,71,154,6.934397209928558,0.9506846818698423,4.276666119016055,0.7648891695992499,0.7706132618050181,0.7235313603208953
ok,lower,2,600,mr_pts_t600,12,3.0,none,,,3434,2232,686,516,1244,371,324,0.557347670250896,0.5408163265306123,0.627906976744186,0.668420827450477,0.704181525467555,0.6476395992421898,0.2283642658101127,0.6696084104938271,0.7476756040435553,0.6312963492314823,0.2200517769631581,172.0,realized_vol_1m,distance_from_overnight_high,bid_depth_curvature,distance_from_prior_day_high,realized_volatility_30s,average_true_range,impact_decay_3s,depth_near_ask,CVD,liquidity_compression,realized_vol_1m,distance_from_overnight_high,realized_volatility_30s,distance_from_prior_day_high,average_true_range,add_rate_bid,depth_near_ask,bid_depth_curvature,impact_decay_3s,update_rate_ask,0.0011875830433500933,0.043494078576000295,-0.016343250010707577,324,516,8.14177220465645,0.9776591691903248,5.783825182329737,0.7645375252276099,0.7954987763578486,0.7543789504876772
ok,lower,1,600,mr_pts_t600,32,8.0,vol1m_top30,realized_vol_1m,0.3,1025,666,205,154,224,110,60,0.3363363363363363,0.5365853658536586,0.3896103896103896,0.7128229665071769,0.7150743979742344,0.6285756675722,0.2195586943637931,0.7906028368794327,0.673093887193268,0.5511010569007249,0.1881357326722384,131.0,distance_from_prior_day_high,realized_vol_5m,distance_from_overnight_high,average_true_range,bid_queue_depletion_rate,depth_mid_bid,depth_near_ask,distance_from_prior_day_low,depth_mid_ask,distance0,distance_from_prior_day_high,realized_vol_5m,distance_from_overnight_high,average_true_range,bid_queue_depletion_rate,depth_near_ask,depth_mid_bid,distance_from_session_midrange,opening_range_width,depth_mid_ask,0.07777987037225575,0.04198051078096643,-0.0774746106714751,60,154,6.933423025730715,0.9401198094233889,4.110873864173311,0.7645283941025192,0.76709352389711,0.7102549744964709
ok,lower,1,60,mr_pts_t60,4,1.0,vol1m_top30,realized_vol_1m,0.3,1025,666,205,154,535,175,132,0.8033033033033034,0.8536585365853658,0.8571428571428571,0.6392380952380952,0.9063916517650092,0.4206565302076125,0.1261354715439556,0.5668044077134986,0.8917687191942938,0.4180840558329403,0.1247473576749414,4.0,cvd_acceleration,sigma0,curvature_pressure_l5,depth_near_ask,depth_near_bid,queue_imbalance_std_5s,depth_mid_ask,cancel_rate_ask,bid_curvature_l5,realized_volatility_30s,depth_near_ask,depth_near_bid,cvd_acceleration,depth_mid_ask,cancel_rate_ask,curvature_pressure_l5,sigma0,OBI_l3,rv_pre_pts2,queue_imbalance_std_5s,0.07243368752459656,0.014622932570715452,-0.002572474374672229,132,154,6.933423025730715,0.956471689952344,4.890349128221754,0.7641141432894515,0.7766798127614543,0.7914166951298154
ok,lower,3,600,mr_pts_t600,24,6.0,vol5m_top30,realized_vol_5m,0.3,1026,666,206,154,303,104,82,0.4549549549549549,0.5048543689320388,0.5324675324675324,0.6891025641025641,0.699939046264844,0.6568646658313996,0.2321885890114144,0.7107046070460705,0.7449765130064259,0.6640426812255859,0.2356250734676938,28.0,spread_mid_ratio,depth_mid_ask,cancel_rate_ask,distance_from_overnight_high,return_last_5m,average_true_range,depth_near_ask,distance_from_prior_day_high,sigma0,distance_from_range_extreme_norm,depth_mid_ask,return_last_5m,cancel_rate_ask,average_true_range,distance_from_overnight_high,depth_near_ask,distance_from_prior_day_high,spread_mid_ratio,sigma0,distance_from_range_extreme_norm,0.021602042943506428,0.04503746674158182,0.007178015394186277,82,154,6.934397209928558,0.9666802451574559,4.418840607796598,0.763990144337289,0.7735297773274183,0.7355409878524903
ok,upper,3,180,mr_pts_t180,8,2.0,vol30_top30,realized_volatility_30s,0.3,1042,677,208,157,449,157,111,0.6632200886262924,0.7548076923076923,0.7070063694267515,0.7131260147371049,0.8741645614705915,0.50662503831703,0.1661507945254871,0.6596161378770075,0.801137776097609,0.5634644860321703,0.1888064286268211,120.0,depth_mid_bid,trade_rate_pre_per_s,ema_spread_9_21,queue_imbalance_std_5s,opening_range_width,add_rate_bid,cancel_rate_ask,dist_day_low,seconds_since_open,realized_vol_5m,depth_mid_bid,ema_spread_9_21,trade_rate_pre_per_s,cancel_rate_ask,add_rate_bid,opening_range_width,z_anchor_vwap,distance_from_overnight_low,distance_from_value_area_high,queue_imbalance_std_5s,0.05350987686009745,0.07302678537298257,0.05683944771514027,111,157,6.949856455000773,0.9367316688834599,4.718498871295094,0.7632140103367511,0.773828256056672,0.7632464631581825
ok,upper,3,300,mr_pts_t300,8,2.0,vol1m_top30,realized_vol_1m,0.3,1042,677,208,157,494,163,110,0.7296898079763663,0.7836538461538461,0.7006369426751592,0.7297886843899113,0.8964957592060642,0.4761279150557157,0.1533296347321645,0.6673114119922631,0.7970311823338596,0.5837421866360263,0.1982320475821159,58.0,opening_range_width,cancel_ratio,depth_mid_bid,trade_rate_pre_per_s,abs_vwap_slope_pts_per_s,dist_day_high,ema_spread_9_21,impact_efficiency_30s,depth_far_ask,ask_depth_curvature,depth_mid_bid,cancel_ratio,opening_range_width,trade_rate_pre_per_s,abs_vwap_slope_pts_per_s,dist_day_high,depth_far_ask,impact_efficiency_30s,ema_spread_9_21,z_anchor_vwap,0.06247727239764822,0.09946457687220456,0.10761427158031056,110,157,6.949856455000773,0.9190290753650736,4.709530201312334,0.7628792231255149,0.7715299967288682,0.7613920642108692
ok,lower,2,600,mr_pts_t600,16,4.0,none,,,3434,2232,686,516,962,298,262,0.4310035842293906,0.434402332361516,0.5077519379844961,0.7046979865771812,0.6527795873644133,0.62129294754635,0.2158860323139425,0.7101340385886878,0.7042548557360477,0.6288731578480975,0.2203600563318432,72.0,realized_volatility_30s,average_true_range,depth_mid_ask,distance_from_overnight_high,distance_from_prior_day_high,realized_vol_1m,update_rate_ask,cancel_rate_ask,depth_near_ask,OFI_30s,realized_volatility_30s,depth_mid_ask,average_true_range,distance_from_overnight_high,realized_vol_1m,depth_near_ask,distance_from_prior_day_high,update_rate_ask,OFI_30s,depth_far_ask,0.0054360520115066535,0.05147526837163441,0.007580210301747492,262,516,8.14177220465645,0.9715443398084295,5.572154032177765,0.7627679942043617,0.7902623392868758,0.7327046382563649
ok,upper,3,300,mr_pts_t300,4,1.0,vol5m_top30,realized_vol_5m,0.3,1043,677,209,157,594,187,137,0.8774002954209749,0.8947368421052632,0.8726114649681529,0.6465726786582401,0.9359633185005805,0.3262506974018755,0.0920919532038171,0.5551094890510948,0.9037670532992308,0.3785250316849182,0.1105629872750585,35.0,depth_far_bid,queue_imbalance_std_5s,distance_from_session_vwap_anchor,vwap_drift,remove_rate_near_ask,impact_efficiency_30s,depth_far_ask,bid_convexity,wall_persistence_2s,OFI_burst_ratio,distance_from_session_vwap_anchor,queue_imbalance_std_5s,depth_far_bid,depth_far_ask,impact_efficiency_30s,vwap_slope_pts_per_s,wall_strength_opposite_3,vwap_drift,add_rate_bid,wall_persistence_2s,0.09146318960714528,0.03219626520134966,0.05227433428304268,137,157,6.950814768442584,0.9381702725957526,4.927253685157205,0.7626186756745108,0.7734274020658908,0.7928110938496626
ok,lower,2,180,mr_pts_t180,8,2.0,none,,,3434,2232,686,516,1189,359,305,0.5327060931899642,0.5233236151603499,0.5910852713178295,0.6931759133849549,0.703620908026428,0.6340952936842049,0.2219427731550543,0.6776474244425452,0.7345557004147583,0.6337868450303988,0.2221299609748942,79.0,realized_volatility_30s,average_true_range,realized_vol_1m,distance_from_overnight_high,bid_depth_curvature,update_rate_ask,since_touch_any_seconds,distance_from_prior_day_high,opening_range_position,bid_queue_depletion_rate,realized_volatility_30s,realized_vol_1m,average_true_range,bid_depth_curvature,distance_from_overnight_high,distance_from_prior_day_high,update_rate_ask,realized_vol_5m,since_touch_any_seconds,bid_queue_depletion_rate,0.015528488942409657,0.0309347923883303,-0.00030844865380608155,305,516,8.14177220465645,0.97676835933463,5.723585101952381,0.7624160883700088,0.7927266073071515,0.7465863516026907
ok,upper,3,300,mr_pts_t300,8,2.0,none,,,3474,2258,694,522,1340,398,334,0.5934455270150576,0.5734870317002881,0.6398467432950191,0.6504481868803477,0.7013989780690107,0.652178087248206,0.2290375766573479,0.6459580838323353,0.7654409481960547,0.6251974805636897,0.217978302623418,119.0,realized_vol_1m,cancel_ratio,distance_from_prior_day_high,add_rate_ask,opening_range_width,time_of_day_sin,average_true_range,queue_imbalance_std_5s,distance_from_overnight_high,add_rate_bid,realized_vol_1m,add_rate_ask,average_true_range,add_rate_bid,cancel_ratio,opening_range_width,distance_from_prior_day_high,cancel_rate_bid,distance_from_overnight_high,vwap_drift,0.004490103048012339,0.06404197012704393,-0.026980606684516295,334,522,8.153349757998892,0.9657339634124718,5.814130531825066,0.7611330091526032,0.790906096738439,0.7542421648538197
ok,lower,3,300,mr_pts_t300,12,3.0,none,,,3419,2222,684,513,1008,294,273,0.4536453645364536,0.4298245614035088,0.5321637426900585,0.7076574219431363,0.625001106652745,0.6189095649192645,0.2152466873311042,0.6952533577533577,0.7216475384762158,0.6397543221799756,0.2252512315532382,71.0,realized_vol_1m,average_true_range,realized_volatility_30s,depth_near_ask,distance_from_prior_day_high,distance_from_overnight_high,realized_vol_5m,vwap_slope_pts_per_s,opening_range_position,depth_far_ask,realized_vol_1m,average_true_range,realized_volatility_30s,depth_near_ask,realized_vol_5m,distance_from_overnight_high,vwap_slope_pts_per_s,distance_from_prior_day_high,depth_far_ask,opening_range_position,0.012404064189778574,0.09664643182347077,0.02084475726071111,273,513,8.13739583005665,0.9454747519933754,5.6131281063880705,0.7611121603984006,0.7860590023734844,0.7353290091027627
ok,lower,2,600,mr_pts_t600,16,4.0,vol5m_top30,realized_vol_5m,0.3,1031,670,206,155,395,119,102,0.5895522388059702,0.5776699029126213,0.6580645161290323,0.6265816671496184,0.676274658993419,0.6506916691347275,0.2285924359285412,0.6714761376248612,0.7865494725855631,0.612081879121104,0.2114568834233343,128.0,distance_from_prior_day_high,depth_mid_ask,absorption_ratio,cancel_rate_ask,z_anchor_vwap,spread_mid_ratio,CVD,add_rate_bid,impact_efficiency_30s,realized_vol_5m,depth_mid_ask,distance_from_prior_day_high,cancel_rate_ask,z_anchor_vwap,absorption_ratio,add_rate_bid,realized_vol_5m,spread_mid_ratio,impact_efficiency_30s,return_last_5m,0.044894470475242865,0.11027481359214408,-0.038609790013623524,102,155,6.939253946041508,0.9224153579663065,4.634728988229636,0.7605610190525127,0.7686929687366513,0.7527956090801033
ok,upper,1,180,mr_pts_t180,8,2.0,vol30_top30,realized_volatility_30s,0.3,1023,664,205,154,464,156,115,0.6987951807228916,0.7609756097560976,0.7467532467532467,0.6598639455782312,0.8371768871410175,0.5231298740716285,0.171510839113144,0.6350055741360089,0.8096936326530906,0.5392720250283213,0.1770852255265212,127.0,opening_range_width,queue_imbalance_std_5s,average_true_range,ask_depth_curvature,since_touch_any_seconds,cooldown_seconds,bid_queue_depletion_rate,volume_burst_ratio,cancel_ratio,abs_vwap_slope_pts_per_s,opening_range_width,ask_depth_curvature,queue_imbalance_std_5s,average_true_range,cooldown_seconds,cancel_ratio,since_touch_any_seconds,abs_vwap_slope_pts_per_s,distance_from_prior_day_low,bid_queue_depletion_rate,0.02485837144222236,0.027483254487926878,0.016142150956692802,115,154,6.931471805599453,0.9738291870349254,4.7535901911063645,0.7602763934350985,0.7760581152635755,0.7683041414018299
ok,lower,2,60,mr_pts_t60,4,1.0,none,,,3434,2232,686,516,1449,434,351,0.6491935483870968,0.6326530612244898,0.6802325581395349,0.6686965108624094,0.7495656437862295,0.6169819173030436,0.213476105625105,0.62999222999223,0.7787717151307567,0.6031037904163897,0.2073583206090151,53.0,realized_volatility_30s,update_rate_ask,add_rate_bid,tick_rate,bid_depth_curvature,realized_vol_1m,opening_range_width,realized_vol_5m,depth_mid_ask,cancel_ratio,add_rate_bid,realized_volatility_30s,update_rate_ask,tick_rate,realized_vol_1m,bid_depth_curvature,realized_vol_5m,cancel_rate_bid,ask_curvature_l5,opening_range_width,0.03870428087017941,0.02920607134452724,-0.013878126886653908,351,516,8.14177220465645,0.9660448238926467,5.863631175598097,0.7599680629320837,0.7905887719241816,0.7600651378972532
ok,lower,2,300,mr_pts_t300,16,4.0,vol5m_top30,realized_vol_5m,0.3,1031,670,206,155,323,102,89,0.4820895522388059,0.4951456310679611,0.5741935483870968,0.6274509803921569,0.5897379744589073,0.6694573367481882,0.2383320664221073,0.6865849506298944,0.7810143918733542,0.6573830726261115,0.2321597116741331,65.0,cancel_rate_ask,distance_from_overnight_high,depth_mid_ask,distance_from_prior_day_high,bid_depth_curvature,realized_vol_5m,absorption_ratio,distance_from_session_vwap_anchor,average_true_range,return_last_5m,cancel_rate_ask,distance_from_overnight_high,depth_mid_ask,realized_vol_5m,distance_from_prior_day_high,bid_depth_curvature,absorption_ratio,average_true_range,return_last_5m,distance_from_session_vwap_anchor,0.05913397023773759,0.1912764174144469,-0.012074264122076683,89,155,6.939253946041508,0.8747948061739077,4.499809670330265,0.7596284567904026,0.7595002821989206,0.73804827439181
ok,upper,2,600,mr_pts_t600,8,2.0,vol30_top30,realized_volatility_30s,0.3,1026,666,206,154,547,172,121,0.8213213213213213,0.8349514563106796,0.7857142857142857,0.6183310533515731,0.8812682781579053,0.4466996918563612,0.1374401166886655,0.6110693713999499,0.8322314253611905,0.522360468415369,0.1692355777089406,2.0,depth_mid_bid,depth_far_ask,flow_toxicity,trade_sign_autocorr_10s,distance_from_vpoc,remove_rate_near_ask,distance_from_overnight_high,realized_volatility_30s,band_k,side,depth_far_ask,depth_mid_bid,distance_from_vpoc,flow_toxicity,distance_from_overnight_high,trade_sign_autocorr_10s,remove_rate_near_ask,realized_volatility_30s,band_k,side,0.0072616819516232445,0.04903685279671477,0.07566077655900777,121,154,6.934397209928558,0.971850732625831,4.804021044733257,0.7595550637675839,0.7752781385136261,0.7746936982166721
ok,lower,1,600,mr_pts_t600,32,8.0,vol30_top30,realized_volatility_30s,0.3,1025,666,205,154,225,109,66,0.3378378378378378,0.5317073170731708,0.4285714285714285,0.7166475535168196,0.7395982366772773,0.6461064721913639,0.2279235300364316,0.7518939393939394,0.691897663099132,0.6136099774270243,0.2130845565979856,56.0,distance_from_overnight_high,distance_from_prior_day_high,realized_vol_5m,bid_queue_depletion_rate,average_true_range,opening_range_width,depth_mid_ask,distance_from_ema_21,depth_mid_bid,return_last_5m,realized_vol_5m,distance_from_prior_day_high,distance_from_overnight_high,bid_queue_depletion_rate,opening_range_width,average_true_range,distance_from_session_midrange,depth_mid_ask,distance_from_ema_21,depth_mid_bid,0.03524638587711981,0.04770057357814528,-0.03249649476433958,66,154,6.933423025730715,0.9585265202723674,4.204692619390966,0.7584070165555653,0.7651599169488182,0.7129084537469291
ok,upper,1,300,mr_pts_t300,8,2.0,vol30_top30,realized_volatility_30s,0.3,1023,664,205,154,506,166,120,0.7620481927710844,0.8097560975609757,0.7792207792207793,0.6603336422613532,0.869064648247258,0.4642939159371671,0.1461104643879469,0.6142156862745098,0.8296219731164476,0.5135585987532636,0.1666684415192027,50.0,opening_range_width,impact_efficiency_3s,z_anchor_vwap,queue_imbalance_std_5s,distance_from_range_extreme_norm,since_touch_any_seconds,distance_from_overnight_low,cancel_ratio,toxicity_ratio,abs_vwap_slope_pts_per_s,opening_range_width,impact_efficiency_3s,z_anchor_vwap,queue_imbalance_std_5s,since_touch_any_seconds,time_of_day_sin,cancel_ratio,distance_from_range_extreme_norm,distance_from_overnight_low,vwap_drift,0.04611795598684332,0.039442675130810456,0.04926468281609647,120,154,6.931471805599453,0.9572196844411731,4.795790545596741,0.7582708242164664,0.7724692288028376,0.7722512738163099
ok,upper,3,300,mr_pts_t300,4,1.0,vol1m_top30,realized_vol_1m,0.3,1042,677,208,157,600,188,132,0.8862629246676514,0.903846153846154,0.8407643312101911,0.6087765957446808,0.9339867737991884,0.3090100807284872,0.0853968730832472,0.5803030303030303,0.864417088391928,0.4481407960813398,0.1358091985589652,40.0,distance_from_session_vwap_anchor,impact_efficiency_3s,liquidity_compression,dist_day_low,realized_vol_5m,distance_from_range_extreme_norm,trade_rate_pre_per_s,distance_from_value_area_high,depth_mid_bid,wall_strength_opposite_5_5s_avg,distance_from_session_vwap_anchor,dist_day_low,liquidity_compression,realized_vol_5m,wall_strength_opposite_5_5s_avg,distance_from_range_extreme_norm,impact_efficiency_3s,distance_from_value_area_high,trade_rate_pre_per_s,depth_mid_bid,0.028473565441650472,0.06956968540726038,0.1391307153528526,132,157,6.949856455000773,0.9509783745755447,4.890349128221754,0.7582251627940962,0.7721001783517207,0.7830886550257253
ok,lower,3,60,mr_pts_t60,4,1.0,vol1m_top30,realized_vol_1m,0.3,1026,666,206,154,502,180,122,0.7537537537537538,0.8737864077669902,0.7922077922077922,0.5301282051282051,0.8770059313409324,0.4067164119616598,0.1189367491865097,0.5827356557377048,0.8588628010878334,0.5057616097701565,0.1633165173355375,36.0,distance_from_prior_day_high,liquidity_slope_bid,realized_vol_1m,wall_strength_opposite_5_5s_avg,stoch_k_14,trade_imbalance_30s,OFI_burst_ratio,spread_volatility,realized_vol_5m,realized_volatility_30s,liquidity_slope_bid,distance_from_prior_day_high,realized_vol_1m,stoch_k_14,trade_imbalance_30s,rv_pre_pts2,realized_vol_5m,OFI_burst_ratio,macd_hist,wall_strength_opposite_5_5s_avg,0.05260745060949967,0.018143130253098994,0.09904519780849669,122,154,6.934397209928558,0.9646247095687007,4.812184355372417,0.7581515254876301,0.7721049793012718,0.7757659886906367
ok,lower,3,180,mr_pts_t180,8,2.0,vol30_top30,realized_volatility_30s,0.3,1026,666,206,154,457,163,109,0.6861861861861862,0.7912621359223301,0.7077922077922078,0.6577257811385362,0.8701686841489009,0.4915539471180106,0.1574242928701517,0.6519877675840978,0.7906656306858302,0.5739182920995024,0.1934065644364625,59.0,depth_near_ask,trade_imbalance_60s,depth_near_bid,z_anchor_vwap,macd_hist,return_last_5m,distance_from_session_vwap_anchor,realized_volatility_30s,average_true_range,ema_21,depth_near_ask,depth_near_bid,trade_imbalance_60s,z_anchor_vwap,macd_hist,return_last_5m,realized_volatility_30s,distance_from_prior_day_high,distance_from_session_vwap_anchor,weighted_OBI_l3,0.00573801355443837,0.07950305346307074,0.08236434498149181,109,154,6.934397209928558,0.9573794664912454,4.700480365792417,0.7578489777576405,0.7717060425727821,0.7592857506337702
ok,lower,3,180,mr_pts_t180,8,2.0,none,,,3419,2222,684,513,1182,344,316,0.531953195319532,0.5029239766081871,0.6159844054580896,0.7172879616963065,0.6855369543364992,0.6189068875087954,0.2144212184701076,0.6636895200154211,0.7455244774407412,0.6510544760981837,0.2291479166481589,72.0,realized_vol_1m,realized_volatility_30s,average_true_range,distance_from_overnight_high,vwap_slope_pts_per_s,realized_vol_5m,depth_near_bid,weighted_OBI_l3,bid_convexity,depth_far_ask,realized_volatility_30s,realized_vol_1m,average_true_range,distance_from_overnight_high,depth_far_ask,realized_vol_5m,depth_near_ask,vwap_slope_pts_per_s,z_anchor_vwap,weighted_OBI_l3,0.053598441680885345,0.059987523104242046,0.032147588589388265,316,513,8.13739583005665,0.9432070176074363,5.75890177387728,0.7578106274504421,0.7852825068876416,0.7465631123955763
ok,upper,3,180,mr_pts_t180,4,1.0,vol1m_top30,realized_vol_1m,0.3,1042,677,208,157,579,187,126,0.8552437223042836,0.8990384615384616,0.802547770700637,0.6404379933791698,0.9391247709676938,0.3325716445919096,0.091933321931734,0.5878136200716846,0.8582214609040544,0.5059138181520688,0.1609470136725028,4.0,depth_mid_bid,queue_imbalance_std_5s,distance_from_overnight_high,distance_from_session_vwap_anchor,depth_near_bid,distance_from_ema_21,flow_toxicity_10s,z_anchor_vwap,overnight_high,wall_strength_opposite_5_5s_avg,depth_mid_bid,wall_strength_opposite_5_5s_avg,depth_near_bid,distance_from_ema_21,distance_from_overnight_high,queue_imbalance_std_5s,distance_from_session_vwap_anchor,flow_toxicity_10s,overnight_high,z_anchor_vwap,0.05262437330748526,0.08090331006363938,0.17334217356015924,126,157,6.949856455000773,0.9332361583144377,4.844187086458591,0.7569769260802978,0.768193994890787,0.775666656633022
ok,upper,1,300,mr_pts_t300,16,4.0,vol1m_top30,realized_vol_1m,0.3,1023,664,205,154,366,135,87,0.5512048192771084,0.6585365853658537,0.564935064935065,0.6726984126984126,0.7839848393429671,0.6049337695402067,0.2085172971302367,0.700291645222165,0.7383124418949822,0.6285026971570337,0.2190026344093431,150.0,opening_range_width,cancel_ratio,cancel_rate_ask,queue_imbalance_std_5s,tick_rate,distance_from_prior_day_high,best_bid_queue_norm,impact_efficiency_3s,distance_from_value_area_low,ask_queue_change_rate,opening_range_width,cancel_rate_ask,cancel_ratio,queue_imbalance_std_5s,distance_from_prior_day_high,impact_efficiency_3s,tick_rate,time_of_day_sin,depth_mid_ask,toxicity_ratio,0.027593232523752453,0.0456723974479849,0.02356892761682694,87,154,6.931471805599453,0.9633671850141313,4.477336814478207,0.7567921453642381,0.7686524946212837,0.7345876184875322
ok,lower,1,600,mr_pts_t600,24,6.0,none,,,3413,2218,683,512,673,186,194,0.3034265103697024,0.2723279648609077,0.37890625,0.7572099262240107,0.5823930332358579,0.4956407053155634,0.162003803855226,0.7519127277442781,0.6496679622661784,0.5796416585159295,0.1993185336952473,101.0,realized_volatility_30s,distance_from_overnight_high,average_true_range,realized_vol_1m,depth_mid_ask,depth_near_ask,opening_range_width,cancel_rate_bid,toxicity_ratio,distance_from_range_extreme_norm,realized_volatility_30s,distance_from_overnight_high,average_true_range,realized_vol_1m,depth_mid_ask,depth_near_ask,distance_from_range_extreme_norm,opening_range_width,opening_range_position,realized_vol_5m,0.0052971984797326455,0.06727492903032051,0.0840009532003661,186,512,8.135639903354386,0.9637139362449734,5.231108616854587,0.7567864600746911,0.7786108466894628,0.7059477266869543
ok,upper,3,300,mr_pts_t300,8,2.0,vol30_top30,realized_volatility_30s,0.3,1042,677,208,157,491,164,119,0.725258493353028,0.7884615384615384,0.7579617834394905,0.7136225055432373,0.8974802798326359,0.5034630671512214,0.1618453843478552,0.624281291463954,0.8233588223304796,0.5435361037312002,0.1794167723778445,14.0,depth_mid_bid,opening_range_width,cooldown_seconds,cancel_rate_ask,prior_day_rth_low,overnight_high,wall_strength_opposite_5_5s_avg,dist_day_high,depth_mid_ask,cancel_ratio,depth_mid_bid,opening_range_width,cooldown_seconds,cancel_rate_ask,distance_from_value_area_high,depth_far_ask,depth_mid_ask,distance0,cancel_ratio,macd_hist,0.0893412140792833,0.07412145750215626,0.04007303657997885,119,157,6.949856455000773,0.9182686642092802,4.787491742782046,0.7561221897972598,0.7661202980424358,0.7662203870502641
ok,lower,1,300,mr_pts_t300,16,4.0,vol1m_top30,realized_vol_1m,0.3,1025,666,205,154,329,140,89,0.493993993993994,0.6829268292682927,0.577922077922078,0.6237362637362637,0.7607687906047506,0.6223691103374841,0.2158670966230338,0.6949006050129645,0.7420527210867943,0.6387452256596631,0.2235829929813204,68.0,realized_vol_5m,distance_from_overnight_high,distance0,bid_queue_depletion_rate,spread_mid_ratio,realized_vol_1m,depth_near_ask,sigma0,ask_liquidity_shock,distance_from_prior_day_high,realized_vol_5m,distance_from_overnight_high,distance0,realized_vol_1m,bid_queue_depletion_rate,spread_mid_ratio,depth_near_ask,depth_mid_bid,distance_from_prior_day_high,opening_range_width,0.0711643412767008,0.018716069517956235,0.016376115322178975,89,154,6.933423025730715,0.9550597946026715,4.499809670330265,0.7553250334312708,0.76677525768278,0.7354206485639463
ok,lower,2,600,mr_pts_t600,12,3.0,vol5m_top30,realized_vol_5m,0.3,1031,670,206,155,476,133,112,0.7104477611940299,0.6456310679611651,0.7225806451612903,0.691008342774745,0.776724727039123,0.6236138651808342,0.2173145265809538,0.6324750830564784,0.8027860002177181,0.5700351873713518,0.1918618839740775,53.0,queue_imbalance_std_5s,distance_from_overnight_high,add_rate_bid,distance_from_prior_day_high,spread_mid_ratio,realized_vol_5m,bid_depth_curvature,cvd_acceleration,aggressive_sell_volume,depth_near_bid,add_rate_bid,queue_imbalance_std_5s,distance_from_overnight_high,distance_from_prior_day_high,cvd_acceleration,realized_vol_5m,bid_depth_curvature,aggressive_sell_volume,spread_mid_ratio,cancel_ratio,0.05853325971826662,0.02606127317859508,-0.053578677809482333,112,155,6.939253946041508,0.9577027335515691,4.727387818712341,0.7549839458365477,0.7692347278181831,0.7599842342942076
ok,lower,3,300,mr_pts_t300,16,4.0,vol1m_top30,realized_vol_1m,0.3,1026,666,206,154,325,132,93,0.487987987987988,0.6407766990291263,0.6038961038961039,0.680999180999181,0.7980625225388215,0.604536073290057,0.2093664497211861,0.6687819495857571,0.7604492307577352,0.6449375361376357,0.2266927026212298,136.0,return_last_5m,distance_from_overnight_high,depth_near_ask,bid_depth_curvature,queue_imbalance_slope_5s,absorption_ratio,realized_volatility_30s,update_rate_bid,opening_range_width,stoch_d_3,return_last_5m,depth_near_ask,distance_from_overnight_high,update_rate_bid,bid_depth_curvature,queue_imbalance_slope_5s,z_anchor_vwap,absorption_ratio,realized_volatility_30s,wall_strength_opposite_5_2s_avg,0.012217231413423901,0.0376132917810863,0.04040146284757873,93,154,6.934397209928558,0.9750847384027449,4.543294782270004,0.754250617778216,0.7682200297878832,0.739934376866169
ok,lower,1,300,mr_pts_t300,16,4.0,vol30_top30,realized_volatility_30s,0.3,1025,666,205,154,332,144,95,0.4984984984984985,0.7024390243902439,0.6168831168831169,0.6313752276867031,0.755386756600057,0.6359365730278306,0.2218363154259742,0.6670829616413917,0.7607088445883972,0.6557979129847025,0.2316089088225173,29.0,realized_vol_5m,distance_from_overnight_high,depth_mid_ask,bid_queue_depletion_rate,distance0,realized_vol_1m,toxicity_ratio,add_rate_bid,ask_depth_curvature,spread_expansion_ratio,realized_vol_5m,depth_mid_ask,distance_from_overnight_high,bid_queue_depletion_rate,distance0,realized_vol_1m,session_low_running_t0,toxicity_ratio,ask_depth_curvature,add_rate_bid,0.035707733954688625,0.005322087988340107,0.019861339956871893,95,154,6.933423025730715,0.9794850890284856,4.564348191467836,0.7541029549258642,0.7690976820536105,0.7418916840647727
ok,lower,2,600,mr_pts_t600,32,8.0,vol5m_top30,realized_vol_5m,0.3,1031,670,206,155,238,71,68,0.3552238805970149,0.3446601941747573,0.4387096774193548,0.6710485133020345,0.4971699768808607,0.6078665647295459,0.2095213649303468,0.7434077079107506,0.7142367950302755,0.625875624662984,0.2184240577857335,45.0,average_true_range,realized_vol_1m,realized_vol_5m,distance_from_overnight_high,realized_volatility_30s,depth_far_ask,depth_far_bid,replenishment_rate_near_5s,cancel_rate_ask,distance_from_prior_day_high,average_true_range,realized_vol_5m,realized_vol_1m,distance_from_overnight_high,realized_volatility_30s,depth_far_ask,distance_from_prior_day_high,cancel_rate_ask,depth_far_bid,replenishment_rate_near_5s,0.0723591946087161,0.2170668181494148,0.018009059933438043,68,155,6.939253946041508,0.8552869936209345,4.23410650459726,0.7536957397102162,0.7489621639476503,0.7094495807805306
ok,upper,1,600,mr_pts_t600,12,3.0,vol1m_top30,realized_vol_1m,0.3,1023,664,205,154,495,159,110,0.7454819277108434,0.775609756097561,0.7142857142857143,0.6722723543888433,0.8483369999066976,0.5018136241886393,0.1621121630264022,0.6305785123966942,0.8011793340730382,0.5953276436764984,0.201021938675944,127.0,abs_vwap_slope_pts_per_s,opening_range_width,impact_efficiency_3s,distance_from_overnight_high,cancel_ratio,since_touch_any_seconds,depth_mid_bid,distance_from_overnight_low,ask_curvature_l5,bid_queue_depletion_rate,distance_from_overnight_high,opening_range_width,abs_vwap_slope_pts_per_s,since_touch_any_seconds,impact_efficiency_3s,time_of_day_sin,cancel_ratio,bid_queue_depletion_rate,z_anchor_vwap,distance_from_value_area_low,0.041693841992149094,0.047157665833659435,0.09351401948785909,110,154,6.931471805599453,0.9555742460870957,4.709530201312334,0.7532743552125687,0.7672269615365772,0.7573003944121044
ok,lower,3,300,mr_pts_t300,8,2.0,vol5m_top30,realized_vol_5m,0.3,1026,666,206,154,499,157,119,0.7492492492492493,0.7621359223300971,0.7727272727272727,0.6349928506434421,0.8428283632900778,0.5320459727901898,0.1753212582149984,0.6050420168067226,0.8212059277528005,0.5239736364402411,0.1710246912409347,35.0,z_anchor_vwap,distance0,depth_mid_ask,trade_imbalance_60s,distance_from_session_vwap_anchor,distance_from_value_area_high,distance_from_value_area_low,sigma0,depth_far_ask,wall_strength_opposite_5,z_anchor_vwap,distance0,distance_from_session_vwap_anchor,trade_imbalance_60s,depth_mid_ask,wall_strength_opposite_5,distance_from_value_area_high,depth_mid_bid,depth_far_ask,distance_from_value_area_low,0.02995083383671948,0.021622435537277274,-0.00807233634994875,119,154,6.934397209928558,0.9742133653130016,4.787491742782046,0.7529701861556541,0.7699296237598454,0.7673147789964327
ok,lower,2,180,mr_pts_t180,8,2.0,vol5m_top30,realized_vol_5m,0.3,1031,670,206,155,461,137,116,0.6880597014925374,0.6650485436893204,0.7483870967741936,0.5994922246905744,0.7281345943617348,0.6278888071905279,0.2178231498965985,0.6226790450928382,0.808966393345433,0.5580184863977549,0.186043197934652,89.0,distance_from_overnight_high,aggressive_sell_volume,distance_from_prior_day_high,depth_far_bid,realized_vol_5m,z_anchor_vwap,wall_strength_opposite_5_5s_avg,OFI_burst_ratio,ask_curvature_l5,realized_volatility_30s,distance_from_overnight_high,aggressive_sell_volume,realized_vol_5m,wall_strength_opposite_5_5s_avg,z_anchor_vwap,distance_from_prior_day_high,opening_range_width,realized_volatility_30s,OFI_burst_ratio,depth_far_bid,0.02318682040226383,0.08083179898369819,-0.069870320792773,116,155,6.939253946041508,0.947990690307019,4.762173934797756,0.7525664835777228,0.7665676634823508,0.7621083239172963
ok,lower,3,180,mr_pts_t180,8,2.0,vol1m_top30,realized_vol_1m,0.3,1026,666,206,154,449,165,110,0.6741741741741741,0.8009708737864077,0.7142857142857143,0.6317812269031782,0.8774029951712995,0.5330205438672024,0.1728987162599685,0.6438016528925621,0.7876572081014859,0.5967560394238253,0.203381882062621,3.0,depth_near_bid,z_anchor_vwap,wall_strength_opposite_3_2s_avg,realized_volatility_30s,return_last_5m,CVD,trade_imbalance_60s,bid_liquidity_shock,distance_from_prior_day_high,obv_session,depth_near_bid,z_anchor_vwap,realized_volatility_30s,wall_strength_opposite_3_2s_avg,return_last_5m,obv_session,trade_imbalance_60s,CVD,bid_liquidity_shock,distance_from_prior_day_high,0.01202042598938391,0.08974578706981362,0.06373549555662283,110,154,6.934397209928558,0.9491168934704013,4.709530201312334,0.752544905545204,0.7665069523953263,0.7559247369937305
ok,upper,1,60,mr_pts_t60,8,2.0,none,,,3407,2214,681,512,822,224,210,0.3712737127371274,0.328928046989721,0.41015625,0.7435624413879337,0.5851935913475316,0.5501868355378571,0.1847324180098305,0.7548092084515925,0.6338954915085557,0.5801130064013679,0.1983811203690824,91.0,realized_volatility_30s,opening_range_width,depth_near_bid,realized_vol_1m,cancel_rate_ask,trades_per_second,add_rate_ask,trade_imbalance_60s,aggressive_buy_volume,sigma0,realized_volatility_30s,realized_vol_1m,opening_range_width,add_rate_ask,cancel_rate_ask,sigma0,depth_near_bid,trades_per_second,abs_vwap_slope_pts_per_s,trade_imbalance_60s,0.011246767063658791,0.04870190016102416,0.029926170863510793,210,512,8.133880887949207,0.9700256663876585,5.351858133476067,0.7522456629249887,0.779105181962995,0.7065934050044017
ok,upper,3,180,mr_pts_t180,8,2.0,none,,,3474,2258,694,522,1159,338,301,0.5132860938883969,0.4870317002881844,0.5766283524904214,0.6637607206967622,0.6409486056466323,0.6521649068395559,0.2299911835698093,0.6649779768794817,0.7261813995465318,0.6379916763514808,0.2239590334893497,90.0,realized_vol_1m,add_rate_bid,cancel_ratio,queue_imbalance_std_5s,time_of_day_sin,realized_vol_5m,average_true_range,wall_persistence_2s,cancel_rate_ask,z_anchor_vwap,realized_vol_1m,add_rate_bid,cancel_ratio,average_true_range,realized_vol_5m,queue_imbalance_std_5s,time_of_day_sin,add_rate_ask,depth_far_bid,z_anchor_vwap,0.001217256182719506,0.08523279389989957,-0.014173230488075061,301,522,8.153349757998892,0.9567749749586905,5.71042701737487,0.7521412480662745,0.7814598759025678,0.7358286332745629
ok,upper,2,300,mr_pts_t300,4,1.0,vol30_top30,realized_volatility_30s,0.3,1026,666,206,154,601,189,140,0.9024024024024024,0.9174757281553398,0.9090909090909092,0.6427015250544663,0.948528793242567,0.2834466129523534,0.0754557471427263,0.5150510204081633,0.9217061899102166,0.3047732984192334,0.0826744069756969,5.0,spread_volatility,macd_hist,depth_near_ask,volume_per_second,trade_sign_autocorr_30s,trade_rate_pre_per_s,range_position,ask_depth_curvature,impact_efficiency_10s,stoch_d_3,trade_rate_pre_per_s,spread_volatility,range_position,macd_hist,impact_efficiency_10s,stoch_d_3,ask_depth_curvature,depth_near_ask,trade_sign_autocorr_30s,trade_imbalance_60s,0.127650504646303,0.026822603332350425,0.02132668546687999,140,154,6.934397209928558,0.9227634460106733,4.948759890378168,0.752028900528964,0.7622327194791433,0.7908021253562731
ok,lower,2,180,mr_pts_t180,4,1.0,vol5m_top30,realized_vol_5m,0.3,1031,670,206,155,574,175,138,0.8567164179104477,0.8495145631067961,0.8903225806451613,0.5715207373271889,0.863584598020351,0.4228308089112455,0.1276595666049535,0.5270673486786019,0.8993740252211111,0.3503129205527869,0.0986674036130583,2.0,distance_from_value_area_high,signed_volume,volume_per_second,cancel_ratio,wall_strength_opposite_3_5s_avg,impact_efficiency_30s,OBI_l1,OBI_l5,band_k,side,impact_efficiency_30s,distance_from_value_area_high,volume_per_second,signed_volume,wall_strength_opposite_3_5s_avg,cancel_ratio,OBI_l1,OBI_l5,band_k,side,0.044453388648586944,0.03578942720076006,-0.07251788835845863,138,155,6.939253946041508,0.9598785920753266,4.9344739331306915,0.7516736479391302,0.7668128021474577,0.7875465989069885
ok,lower,1,600,mr_pts_t600,40,10.0,vol1m_top30,realized_vol_1m,0.3,1025,666,205,154,163,83,47,0.2447447447447447,0.4048780487804878,0.3051948051948052,0.7388406083349792,0.6380158987112319,0.6878573602909944,0.2471683271279424,0.8066215947504474,0.6203355611158385,0.5884094851865007,0.2018014807633605,8.0,average_true_range,depth_mid_bid,distance_from_overnight_high,realized_vol_1m,depth_near_bid,distance_from_prior_day_high,microprice,z_anchor_vwap,realized_vol_5m,distance_from_session_midrange,average_true_range,depth_mid_bid,distance_from_overnight_high,depth_near_bid,realized_vol_1m,realized_vol_5m,distance_from_prior_day_high,vwap_slope_pts_per_s,microprice,z_anchor_vwap,0.06778098641546815,0.017680337595393336,-0.09944787510449371,47,154,6.933423025730715,0.9572693379945693,3.871201010907891,0.7515475196770713,0.7544471869497594,0.6856478029254555
ok,upper,1,600,mr_pts_t600,8,2.0,vol30_top30,realized_volatility_30s,0.3,1023,664,205,154,534,175,125,0.8042168674698795,0.8536585365853658,0.8116883116883117,0.6773333333333333,0.9017457451613508,0.3919768113900423,0.1178212382309686,0.5809655172413792,0.8523863075241935,0.4894872279783909,0.1516215091475776,171.0,opening_range_width,bid_queue_depletion_rate,impact_decay_5s,z_anchor_vwap,abs_vwap_slope_pts_per_s,impact_efficiency_3s,vwap_drift,time_of_day_sin,since_touch_any_seconds,bid_queue_change_rate,opening_range_width,bid_queue_depletion_rate,z_anchor_vwap,impact_efficiency_3s,impact_decay_5s,abs_vwap_slope_pts_per_s,bid_queue_change_rate,vwap_drift,since_touch_any_seconds,cancel_ratio,0.0963678160919541,0.04935943763715722,0.09751041658834858,125,154,6.931471805599453,0.9271363731354443,4.836281906951478,0.7510681592357398,0.76263352894128,0.7721055388886386
ok,upper,2,600,mr_pts_t600,8,2.0,none,,,3418,2221,684,513,1574,470,395,0.7086897793786583,0.6871345029239766,0.7699805068226121,0.6282213163650825,0.7775934818961854,0.6144127287536134,0.212102672312146,0.5718729886290496,0.8180249070394907,0.5429704656891501,0.178520470263303,6.0,realized_vol_1m,depth_far_bid,opening_range_position,tick_rate,add_rate_ask,realized_volatility_30s,dist_day_low,toxicity_ratio,z_anchor_vwap,bid_depth_curvature,realized_vol_1m,depth_far_bid,opening_range_position,dist_day_low,add_rate_ask,tick_rate,depth_mid_bid,z_anchor_vwap,depth_near_ask,vwap_drift,0.05634832773603293,0.04043142514330533,-0.07144226306446333,395,513,8.137103389639302,0.9516101235603309,5.981414211254481,0.7509209105789056,0.7820135447819312,0.7683294423874178
ok,upper,2,300,mr_pts_t300,8,2.0,none,,,3418,2221,684,513,1352,405,361,0.6087348041422782,0.5921052631578947,0.7037037037037037,0.6349749988937563,0.7216194213780518,0.6528854456829853,0.2304483585654403,0.6045159644263012,0.7834801331241429,0.612132478408209,0.21034023877488,141.0,realized_vol_1m,cancel_ratio,depth_far_bid,realized_volatility_30s,depth_mid_bid,bid_depth_curvature,impact_efficiency_10s,dsigma_dt,average_true_range,opening_range_width,realized_vol_1m,cancel_ratio,realized_volatility_30s,depth_far_bid,depth_mid_bid,dist_day_low,average_true_range,impact_efficiency_10s,opening_range_width,distance_from_overnight_high,0.030459034467455126,0.06186071174609109,-0.0407529672747764,361,513,8.137103389639302,0.9538401268932268,5.8916442118257715,0.7503831916649567,0.7813280354047261,0.7563131441216749
ok,lower,3,60,mr_pts_t60,4,1.0,vol5m_top30,realized_vol_5m,0.3,1026,666,206,154,513,172,122,0.7702702702702703,0.8349514563106796,0.7922077922077922,0.5379616963064295,0.8604044374341722,0.4526684351367057,0.139566081859651,0.5612192622950819,0.8551171245976317,0.5071552865908792,0.1640018275402968,34.0,realized_volatility_30s,OFI_30s,liquidity_slope_bid,spread_volatility,depth_mid_ask,wall_strength_opposite_3_2s_avg,depth_far_ask,prior_day_rth_low,return_last_30s,distance_from_overnight_low,realized_volatility_30s,OFI_30s,liquidity_slope_bid,depth_mid_ask,spread_volatility,cancel_rate_bid,wall_strength_opposite_3_2s_avg,flow_toxicity_30s,stoch_d_3,return_last_30s,0.023257565988652362,0.005287312836540492,0.05448685145417348,122,154,6.934397209928558,0.9857275605874035,4.812184355372417,0.7501569826163705,0.7676711088530337,0.7701103689881494
ok,lower,2,60,mr_pts_t60,8,2.0,vol30_top30,realized_volatility_30s,0.3,1031,670,206,155,356,142,95,0.5313432835820896,0.6893203883495146,0.6129032258064516,0.6841989436619718,0.844217614642536,0.641838449846446,0.2246280245084463,0.6442105263157895,0.7788492315987823,0.6613676638151863,0.2342870661915856,21.0,distance_from_overnight_high,distance_from_prior_day_high,queue_imbalance_std_5s,depth_far_bid,bid_depth_curvature,distance_from_ema_21,remove_rate_near_ask,depth_mid_ask,flow_toxicity,rv_pre_pts2,distance_from_overnight_high,distance_from_prior_day_high,queue_imbalance_std_5s,bid_depth_curvature,distance_from_ema_21,depth_far_bid,depth_mid_ask,remove_rate_near_ask,flow_toxicity,aggressive_sell_volume,0.0399884173461823,0.0653683830437537,0.0195292139687403,95,155,6.939253946041508,0.947321599805032,4.564348191467836,0.7490653023180442,0.7601017479480746,0.737637271977494
ok,lower,1,180,mr_pts_t180,12,3.0,vol1m_top30,realized_vol_1m,0.3,1025,666,205,154,350,146,94,0.5255255255255256,0.7121951219512195,0.6103896103896104,0.62526120269329,0.7961095005441104,0.6255318793882214,0.2166929393039891,0.6601950354609929,0.7578045118053046,0.653937835876016,0.2306349814740887,21.0,depth_mid_ask,depth_mid_bid,depth_near_ask,realized_vol_1m,distance_from_overnight_high,realized_vol_5m,distance0,session_high_running_t0,cancel_rate_bid,ema_spread_9_21,depth_mid_ask,depth_near_ask,depth_mid_bid,realized_vol_1m,distance_from_overnight_high,realized_vol_5m,cancel_rate_bid,distance0,distance_from_ema_21,add_rate_bid,0.0349338327677029,0.038304988738805834,0.028405956487794537,94,154,6.933423025730715,0.9633805892467456,4.553876891600541,0.7485756013622936,0.7623388897744802,0.7362243137843706
ok,lower,3,600,mr_pts_t600,16,4.0,vol5m_top30,realized_vol_5m,0.3,1026,666,206,154,408,140,102,0.6126126126126126,0.6796116504854369,0.6623376623376623,0.624025974025974,0.7754637241716388,0.6033049714406563,0.2074289956717149,0.6440422322775264,0.7648496479908975,0.6171924340696525,0.2133767624774076,65.0,spread_mid_ratio,cvd_acceleration,return_last_5m,depth_mid_ask,distance_from_overnight_high,depth_far_ask,distance_from_session_vwap_anchor,vwap_drift,wall_strength_opposite_5_2s_avg,depth_near_ask,depth_mid_ask,return_last_5m,cvd_acceleration,spread_mid_ratio,wall_strength_opposite_5_2s_avg,depth_far_ask,distance_from_session_vwap_anchor,depth_near_ask,distance_from_overnight_high,sigma0,0.0200162582515524,0.010614076180741283,0.013887462628996206,102,154,6.934397209928558,0.9846848327838531,4.634728988229636,0.7470749071862997,0.7650350494501938,0.7437788509096512
ok,lower,2,180,mr_pts_t180,8,2.0,vol1m_top30,realized_vol_1m,0.3,1031,670,206,155,455,162,112,0.6791044776119403,0.7864077669902912,0.7225806451612903,0.6760662177328844,0.8749739696719199,0.5239313549725916,0.1697819857865103,0.6173172757475083,0.8034428882915733,0.5818408216290715,0.1967830331142828,26.0,distance_from_overnight_high,bid_queue_change_rate,realized_volatility_30s,macd_signal,bid_depth_curvature,stoch_d_3,return_last_5m,distance_from_prior_day_high,bid_queue_depletion_rate,distance_from_range_extreme_norm,distance_from_overnight_high,bid_queue_change_rate,realized_volatility_30s,macd_signal,stoch_d_3,return_last_5m,bid_depth_curvature,distance_from_range_extreme_norm,wall_strength_opposite_5_5s_avg,bid_queue_depletion_rate,0.05874894198537617,0.07153108138034658,0.05790946665647989,112,155,6.939253946041508,0.9348599883171387,4.727387818712341,0.7468993036190588,0.7595580126353141,0.7533825284039228
ok,lower,3,600,mr_pts_t600,32,8.0,vol5m_top30,realized_vol_5m,0.3,1026,666,206,154,220,85,70,0.3303303303303303,0.4126213592233009,0.4545454545454545,0.732328633932912,0.6971888838186546,0.60493978284916,0.2086243695283994,0.7431972789115646,0.6640767214919543,0.6443904250610619,0.2282868399180096,78.0,distance_from_prior_day_high,cancel_rate_ask,bid_depth_curvature,distance_from_overnight_high,realized_vol_5m,z_anchor_vwap,realized_volatility_30s,distance_from_range_extreme_norm,CVD,spread_mid_ratio,distance_from_prior_day_high,realized_vol_5m,cancel_rate_ask,distance_from_overnight_high,bid_depth_curvature,distance_from_range_extreme_norm,realized_volatility_30s,z_anchor_vwap,depth_far_bid,CVD,0.010868644978652586,0.033112162326700334,0.039450642211901976,70,154,6.934397209928558,0.9780095963473235,4.2626798770413155,0.7457602315966845,0.7590830719651115,0.7064184858127485
ok,lower,1,300,mr_pts_t300,8,2.0,vol1m_top30,realized_vol_1m,0.3,1025,666,205,154,496,168,122,0.7447447447447447,0.8195121951219512,0.7922077922077922,0.6860521235521235,0.9098319174255084,0.4793575389501171,0.1502998971123579,0.5791495901639344,0.8435641088927691,0.513919098680464,0.1656717023708615,8.0,bid_queue_depletion_rate,distance_from_overnight_high,realized_vol_1m,cancel_rate_ask,distance_from_prior_day_high,update_rate_bid,depth_near_ask,sigma0,session_high_running_t0,absorption_ratio,bid_queue_depletion_rate,distance_from_overnight_high,realized_vol_1m,cancel_rate_ask,distance_from_prior_day_high,update_rate_bid,depth_near_ask,depth_curvature_pressure,remove_rate_near_bid,rsi_14,0.10690253338818911,0.06626780853273928,0.034561559730346914,122,154,6.933423025730715,0.9134148290395359,4.812184355372417,0.7454646860577351,0.7560182725860999,0.764202690427872
ok,lower,2,600,mr_pts_t600,24,6.0,vol5m_top30,realized_vol_5m,0.3,1031,670,206,155,312,96,82,0.4656716417910447,0.4660194174757281,0.5290322580645161,0.6358901515151515,0.5797294092938285,0.6608709988729932,0.2350781138477083,0.6906114266622119,0.7366383480699726,0.6412801890881691,0.2248805701568996,111.0,average_true_range,distance_from_overnight_high,distance_from_prior_day_high,cancel_rate_ask,depth_mid_ask,spread_expansion_ratio,bid_depth_curvature,depth_far_ask,since_touch_any_seconds,CVD,average_true_range,distance_from_overnight_high,distance_from_prior_day_high,depth_mid_ask,cancel_rate_ask,depth_far_ask,realized_vol_5m,bid_depth_curvature,since_touch_any_seconds,spread_expansion_ratio,0.05472127514706038,0.1569089387761441,-0.01959080978482408,82,155,6.939253946041508,0.8941848930383978,4.418840607796598,0.745427638368426,0.7494966442883202,0.7188894170083835
ok,upper,3,60,mr_pts_t60,4,1.0,none,,,3474,2258,694,522,1410,422,344,0.6244464127546502,0.6080691642651297,0.6590038314176245,0.6488622107610817,0.7323863429885763,0.6626007637088005,0.2350320392512263,0.6150950483407369,0.7551779417657742,0.638196955207023,0.2230696446098908,3.0,add_rate_ask,depth_far_bid,realized_vol_1m,realized_volatility_30s,CVD,opening_range_width,cancel_ratio,add_rate_bid,weighted_OBI_l3,queue_imbalance_std_5s,add_rate_ask,realized_vol_1m,depth_far_bid,realized_volatility_30s,CVD,distance_from_session_midrange,opening_range_width,opening_range_position,OFI_burst_ratio,cancel_ratio,0.03376716242034483,0.02279159877719794,-0.02440380850177748,344,522,8.153349757998892,0.9717206194012287,5.84354441703136,0.7452812579827274,0.7789410573539386,0.7448634307730085
ok,lower,1,600,mr_pts_t600,4,1.0,vol5m_top30,realized_vol_5m,0.3,1025,666,205,154,623,185,146,0.9354354354354354,0.902439024390244,0.948051948051948,0.5654054054054054,0.9129542175518928,0.3265879357117539,0.089002757734068,0.4738869863013699,0.9410858760139234,0.2064313787306792,0.0495154664087803,6.0,liquidity_slope_bid,distance0,OFI_60s,cancel_ratio,midrange_position,cooldown_seconds,ask_convexity,range_position,OBI_l5,bid_curvature_l5,liquidity_slope_bid,OFI_60s,distance0,midrange_position,bid_curvature_l5,cooldown_seconds,cancel_ratio,range_position,ask_convexity,OFI_30s,0.09151841910403552,0.028131658462030584,-0.12015655698107466,146,154,6.933423025730715,0.940174961216967,4.990432586778736,0.7450443645789142,0.7581395981723379,0.7928091643558731
ok,upper,2,60,mr_pts_t60,4,1.0,vol1m_top30,realized_vol_1m,0.3,1026,666,206,154,539,167,125,0.8093093093093093,0.8106796116504854,0.8116883116883117,0.6566866267465069,0.8847431899090883,0.4727457269785633,0.1496708400716763,0.5478620689655174,0.8677724089249375,0.4893826974272327,0.1551837870714857,73.0,spread_volatility,trade_sign_autocorr_10s,queue_length_total_norm,queue_imbalance_std_5s,depth_far_bid,stoch_k_14,trade_sign_autocorr_30s,best_ask_queue_norm,microprice,depth_far_ask,queue_length_total_norm,stoch_k_14,best_ask_queue_norm,spread_volatility,trade_sign_autocorr_10s,queue_imbalance_std_5s,depth_far_bid,trade_sign_autocorr_30s,ema_spread_9_21,stoch_d_3,0.10882455778098954,0.016970780984150835,0.016636970448669408,125,154,6.934397209928558,0.9371023306174298,4.836281906951478,0.7450136960184697,0.7576563439613486,0.7685921154289177
ok,upper,3,600,mr_pts_t600,4,1.0,vol1m_top30,realized_vol_1m,0.3,1042,677,208,157,611,191,139,0.9025110782865584,0.9182692307692308,0.8853503184713376,0.59562673236834,0.9396937429055672,0.2807763571096118,0.0746802147083879,0.5179856115107913,0.8958343562636395,0.3589007624891686,0.1019477114557191,17.0,OFI_5s,distance_from_overnight_high,bid_convexity,opening_range_high,distance_from_session_vwap_anchor,depth_mid_bid,opening_range_width,vwap_drift,flow_toxicity,impact_efficiency_3s,distance_from_overnight_high,OFI_5s,depth_mid_bid,opening_range_width,vwap_drift,distance_from_session_vwap_anchor,bid_convexity,flow_toxicity,distance_from_range_extreme,cvd_slope,0.0776411208575487,0.04385938664192768,0.07812440537955678,139,157,6.949856455000773,0.9392497462502618,4.941642422609304,0.7446922395933567,0.7586216535438107,0.7809045083997964
ok,lower,2,300,mr_pts_t300,24,6.0,vol30_top30,realized_volatility_30s,0.3,1031,670,206,155,226,90,70,0.3373134328358209,0.4368932038834951,0.4516129032258064,0.7090038314176245,0.6370982434556046,0.6716797832053534,0.2399548632779287,0.7257142857142856,0.6803413399643077,0.6855241599359899,0.2467453985469596,11.0,distance_from_overnight_high,realized_vol_5m,bid_depth_curvature,opening_range_width,vah,distance_from_ema_21,range_position,session_high_running_t0,add_rate_bid,cancel_rate_ask,distance_from_overnight_high,realized_vol_5m,bid_depth_curvature,vah,opening_range_width,range_position,session_high_running_t0,depth_far_ask,add_rate_bid,distance_from_ema_21,0.01671045429666118,0.04324309650870306,0.013844376730636543,70,155,6.939253946041508,0.9700232245973179,4.2626798770413155,0.7445338119028815,0.7562461355377688,0.7056872518171085
ok,lower,2,600,mr_pts_t600,40,10.0,vol30_top30,realized_volatility_30s,0.3,1031,670,206,155,155,76,58,0.2313432835820895,0.3689320388349514,0.3741935483870968,0.7564777327935223,0.624799842667376,0.5668686915332386,0.1923438617963452,0.7470671880554568,0.6547021623859643,0.6099492780631642,0.2113685930874952,71.0,distance_from_overnight_high,realized_vol_5m,opening_range_width,average_true_range,vwap_drift,return_last_30s,ask_convexity,range_position,realized_volatility_30s,bid_depth_curvature,distance_from_overnight_high,realized_vol_5m,opening_range_width,range_position,average_true_range,vwap_drift,realized_volatility_30s,return_last_30s,distance_from_prior_day_high,dist_day_high,0.009410544738065463,0.029902319718588366,0.043080586529925635,58,155,6.939253946041508,0.9803435677716731,4.07753744390572,0.7438513361254482,0.7535688580616796,0.6925385414586687
ok,upper,3,180,mr_pts_t180,8,2.0,vol1m_top30,realized_vol_1m,0.3,1042,677,208,157,446,156,105,0.6587887740029542,0.75,0.6687898089171974,0.7311390532544377,0.8769398287694683,0.4982620357025631,0.1631110018204178,0.6602564102564102,0.7596137338223576,0.600813192316235,0.2046078918312492,162.0,ema_spread_9_21,depth_mid_bid,cancel_ratio,trade_rate_pre_per_s,queue_imbalance_positive_ratio,add_rate_bid,depth_near_bid,queue_imbalance_std_5s,z_anchor_vwap,opening_range_width,depth_mid_bid,cancel_ratio,ema_spread_9_21,trade_rate_pre_per_s,add_rate_bid,z_anchor_vwap,queue_imbalance_positive_ratio,liquidity_compression,depth_far_ask,vwap_slope_pts_per_s,0.07088264299802749,0.11732609494711066,0.10255115661367187,105,157,6.949856455000773,0.905895631027431,4.663439094112067,0.7437768985928087,0.7540827972806066,0.7400890422136294
ok,lower,3,180,mr_pts_t180,12,3.0,none,,,3419,2222,684,513,802,228,231,0.3609360936093609,0.3333333333333333,0.4502923976608187,0.7332736995998768,0.5336796632793064,0.5629220596721847,0.1924415589481575,0.7146848423444168,0.6636900546248253,0.6315982700543438,0.2213301080086959,97.0,realized_vol_1m,realized_volatility_30s,average_true_range,distance_from_prior_day_high,depth_near_ask,realized_vol_5m,distance_from_overnight_high,return_last_5m,OFI_30s,opening_range_position,realized_vol_1m,realized_volatility_30s,average_true_range,depth_near_ask,realized_vol_5m,distance_from_prior_day_high,return_last_5m,depth_far_ask,distance_from_overnight_high,distance_from_range_extreme_norm,0.01858885725546,0.13001039134551895,0.0686762103821591,228,513,8.13739583005665,0.9257003756995106,5.43372200355424,0.7437243230648816,0.7671349339067295,0.7066151957483213
ok,lower,3,180,mr_pts_t180,8,2.0,vol5m_top30,realized_vol_5m,0.3,1026,666,206,154,456,151,112,0.6846846846846847,0.7330097087378641,0.7272727272727273,0.6683925346177001,0.8469401882195732,0.5674096980639844,0.1904140323901391,0.5965136054421768,0.8129282482460307,0.5810716623599467,0.1965059286551305,18.0,sigma0,realized_volatility_30s,realized_vol_5m,z_anchor_vwap,trade_imbalance_60s,distance_from_session_vwap_anchor,distance_from_value_area_high,spread_volatility,absorption_ratio,add_rate_bid,sigma0,z_anchor_vwap,realized_vol_5m,realized_volatility_30s,trade_imbalance_60s,distance_from_value_area_high,distance_from_session_vwap_anchor,ask_convexity,absorption_ratio,spread_volatility,0.0718789291755233,0.03401193997354246,0.013661964295962226,112,154,6.934397209928558,0.9470545654254672,4.727387818712341,0.7435318698183744,0.757561251436451,0.7523250059527642
ok,lower,2,180,mr_pts_t180,16,4.0,vol5m_top30,realized_vol_5m,0.3,1031,670,206,155,264,89,80,0.3940298507462687,0.4320388349514563,0.5161290322580645,0.6262364352251992,0.5032672944280281,0.6672327808551881,0.2382510216825308,0.6886666666666666,0.7450129107509674,0.6847607442867061,0.2442317122473835,67.0,realized_vol_1m,cancel_rate_ask,distance_from_overnight_high,realized_volatility_30s,depth_mid_ask,distance_from_prior_day_high,realized_vol_5m,remove_rate_near_bid,dsigma_dt,stoch_d_3,realized_vol_1m,cancel_rate_ask,distance_from_overnight_high,realized_volatility_30s,depth_mid_ask,realized_vol_5m,distance_from_prior_day_high,liquidity_compression,dsigma_dt,macd_hist,0.06243023144146742,0.24174561632293934,0.017527963431517968,80,155,6.939253946041508,0.8479120761177967,4.394449154672439,0.7433722777505458,0.7414778901004135,0.7146743203850403
ok,lower,3,180,mr_pts_t180,12,3.0,vol30_top30,realized_volatility_30s,0.3,1026,666,206,154,349,141,97,0.524024024024024,0.6844660194174758,0.6298701298701299,0.6955810147299509,0.8168487494929695,0.5964165608215859,0.2039014601654888,0.6518357750045217,0.7559520008376888,0.640092181092205,0.2242405964535372,65.0,weighted_OBI_l3,return_last_5m,depth_near_ask,average_true_range,realized_vol_5m,distance_from_prior_day_high,depth_far_ask,distance_from_overnight_high,opening_range_position,wall_persistence_2s,return_last_5m,depth_near_ask,weighted_OBI_l3,realized_vol_5m,distance_from_prior_day_high,average_true_range,depth_far_ask,OFI_5s,distance_from_overnight_high,wall_persistence_2s,0.04374523972542921,0.06089674865528072,0.04367562027061911,97,154,6.934397209928558,0.947679005809645,4.584967478670572,0.7429326827183933,0.7564766349480185,0.7344320246565761
ok,lower,2,180,mr_pts_t180,12,3.0,vol30_top30,realized_volatility_30s,0.3,1031,670,206,155,361,133,98,0.5388059701492537,0.6456310679611651,0.632258064516129,0.6717993614172418,0.7798068556782275,0.6490872912036484,0.2281950771595772,0.6413354815610455,0.758359120501207,0.6599338473894207,0.2335195482111826,12.0,distance_from_overnight_high,bid_depth_curvature,add_rate_bid,cancel_rate_ask,distance_from_ema_21,depth_far_ask,realized_volatility_30s,distance_from_range_extreme_norm,sma_50,opening_range_width,distance_from_overnight_high,bid_depth_curvature,add_rate_bid,cancel_rate_ask,distance_from_ema_21,remove_rate_near_bid,realized_volatility_30s,OBI_l5,depth_far_ask,distance_from_range_extreme_norm,0.030463879856196363,0.021447735177020477,0.01084655618577235,98,155,6.939253946041508,0.9740441924833916,4.59511985013459,0.7423914992449525,0.7590447322443169,0.7351787047412071
ok,upper,2,60,mr_pts_t60,8,2.0,vol30_top30,realized_volatility_30s,0.3,1026,666,206,154,403,120,94,0.6051051051051051,0.5825242718446602,0.6103896103896104,0.6499031007751938,0.6989481034003,0.6621238223621064,0.2336596702146711,0.6560283687943261,0.7436048793617052,0.6363708470478737,0.2228971113508218,71.0,bid_queue_depletion_rate,queue_imbalance_std_5s,depth_mid_bid,toxicity_ratio,distance_from_session_vwap_anchor,depth_near_bid,trade_sign_autocorr_60s,spread_volatility,realized_vol_1m,ema_spread_9_21,bid_queue_depletion_rate,queue_imbalance_std_5s,toxicity_ratio,depth_mid_bid,distance_from_session_vwap_anchor,trade_sign_autocorr_60s,depth_near_bid,realized_vol_1m,ema_spread_9_21,obv_session,0.006125268019132379,0.04465677596140516,-0.025752975314232707,94,154,6.934397209928558,0.9746089780097312,4.553876891600541,0.7423638688639302,0.7588663444606641,0.7311392295748538
ok,lower,3,300,mr_pts_t300,12,3.0,vol5m_top30,realized_vol_5m,0.3,1026,666,206,154,412,138,99,0.6186186186186187,0.6699029126213593,0.6428571428571429,0.680626598465473,0.8018579609428491,0.5973372375131031,0.2046364870367519,0.6477502295684114,0.7553926175567793,0.6266611953730594,0.2182146375254433,42.0,depth_mid_ask,sigma0,distance_from_overnight_high,distance_from_prior_day_high,return_last_5m,bid_depth_curvature,spread_mid_ratio,queue_imbalance_slope_5s,z_anchor_vwap,distance0,depth_mid_ask,sigma0,distance_from_overnight_high,distance_from_prior_day_high,return_last_5m,z_anchor_vwap,bid_depth_curvature,distance0,cvd_acceleration,queue_imbalance_slope_5s,0.03287636889706158,0.04646534338606978,0.02932395785995634,99,154,6.934397209928558,0.9603291438584343,4.605170185988092,0.7423397250364645,0.7579024674327737,0.7362236426303557
ok,upper,2,180,mr_pts_t180,8,2.0,vol1m_top30,realized_vol_1m,0.3,1026,666,206,154,482,146,107,0.7237237237237237,0.7087378640776699,0.6948051948051948,0.582933789954338,0.7581379802494479,0.6006563551521988,0.2054118147334953,0.6088685623384371,0.7915077868024214,0.6124940435216016,0.2109998929025509,9.0,toxicity_ratio,cancel_ratio,depth_near_bid,abs_vwap_slope_pts_per_s,weighted_OBI_l10,depth_mid_bid,depth_far_bid,bid_curvature_l5,add_rate_ask,queue_imbalance_std_5s,cancel_ratio,toxicity_ratio,depth_near_bid,add_rate_ask,cancel_rate_ask,abs_vwap_slope_pts_per_s,depth_mid_bid,weighted_OBI_l10,volume_per_second,depth_far_bid,0.025934772384099136,0.0333698065529735,0.011837688369402799,107,154,6.934397209928558,0.9703477105314636,4.68213122712422,0.7422349825100345,0.7590123390910849,0.7459935161568487
ok,lower,1,180,mr_pts_t180,12,3.0,vol5m_top30,realized_vol_5m,0.3,1025,666,205,154,348,133,94,0.5225225225225225,0.6487804878048781,0.6103896103896104,0.6534043441938179,0.7810710841435866,0.6158867259470787,0.2140854054650699,0.649113475177305,0.747369161997369,0.6567475846647659,0.2320798982674646,182.0,realized_vol_5m,depth_near_ask,trade_imbalance_60s,distance_from_prior_day_high,depth_mid_ask,impact_decay_3s,spread_expansion_ratio,distance0,realized_vol_1m,absorption_ratio,realized_vol_5m,depth_mid_ask,depth_near_ask,realized_vol_1m,distance_from_prior_day_high,impact_decay_3s,trade_imbalance_60s,spread_expansion_ratio,realized_volatility_30s,absorption_ratio,0.004290869016512877,0.03370192214621759,0.04086085871768719,94,154,6.933423025730715,0.9810036044186348,4.553876891600541,0.7417311388428333,0.7588543417671866,0.7310097747836758
ok,upper,2,60,mr_pts_t60,8,2.0,none,,,3418,2221,684,513,824,209,212,0.3710040522287258,0.3055555555555556,0.4132553606237816,0.7396726265424326,0.5779325032492545,0.5394815525819443,0.1803981321018361,0.7208675484234941,0.6440607607964675,0.6027202169806619,0.2072328007423272,81.0,realized_vol_1m,realized_volatility_30s,depth_far_bid,ask_queue_depletion_rate,average_true_range,cancel_ratio,toxicity_ratio,distance_from_overnight_low,spread_expansion_ratio,cancel_rate_ask,realized_vol_1m,realized_volatility_30s,distance_from_overnight_low,bid_queue_change_rate,depth_far_bid,ask_queue_depletion_rate,toxicity_ratio,cancel_ratio,average_true_range,bid_queue_depletion_rate,0.0188050781189385,0.06612825754721297,0.06323866439871761,209,513,8.137103389639302,0.9575333321669244,5.3471075307174685,0.7415253968601334,0.7676606556425254,0.6992239080715279
ok,upper,1,600,mr_pts_t600,12,3.0,vol30_top30,realized_volatility_30s,0.3,1023,664,205,154,484,160,112,0.7289156626506024,0.7804878048780488,0.7272727272727273,0.6670833333333334,0.8516779254302494,0.4999611258368427,0.1616418998109541,0.6088435374149661,0.7962432780359093,0.5778899845768728,0.1944500493923549,67.0,opening_range_width,abs_vwap_slope_pts_per_s,impact_efficiency_3s,depth_mid_bid,bid_queue_depletion_rate,vwap_drift,distance_from_overnight_high,volume_burst_ratio,spread_volatility,impact_decay_5s,abs_vwap_slope_pts_per_s,opening_range_width,impact_efficiency_3s,vwap_drift,distance_from_overnight_high,depth_mid_bid,bid_queue_depletion_rate,spread_volatility,queue_imbalance_std_5s,impact_decay_5s,0.058239795918367254,0.05543464739434012,0.07792885874003008,112,154,6.931471805599453,0.9431627783436464,4.727387818712341,0.7413647960306811,0.7560928791475267,0.7497591874782981
ok,lower,3,180,mr_pts_t180,4,1.0,vol5m_top30,realized_vol_5m,0.3,1026,666,206,154,568,185,129,0.8528528528528528,0.8980582524271845,0.8376623376623377,0.483011583011583,0.8828878754860353,0.3379291997012275,0.0935045482060527,0.543875968992248,0.8566255683990601,0.4437091126865617,0.1360341677923655,2.0,trade_imbalance_30s,distance_from_prior_day_high,trade_imbalance_60s,flow_burst_ratio,depth_mid_ask,flow_toxicity,distance_from_range_extreme_norm,CVD,band_k,side,trade_imbalance_30s,trade_imbalance_60s,distance_from_prior_day_high,flow_burst_ratio,flow_toxicity,depth_mid_ask,CVD,distance_from_range_extreme_norm,band_k,side,0.060864385980665014,0.02626230708697519,0.10577991298533423,129,154,6.934397209928558,0.9564366534661799,4.867534450455582,0.7408939521036859,0.7575475343585039,0.7693244274338589
ok,lower,1,180,mr_pts_t180,12,3.0,vol30_top30,realized_volatility_30s,0.3,1025,666,205,154,352,147,97,0.5285285285285285,0.7170731707317073,0.6298701298701299,0.6168191414496832,0.7840671160064674,0.5886834485883301,0.1997680541978834,0.6529209621993127,0.7450991657711926,0.6383879934512511,0.2234578342743813,84.0,distance_from_overnight_high,depth_mid_ask,update_rate_bid,spread_mid_ratio,spread_expansion_ratio,distance0,realized_vol_1m,return_last_5m,realized_vol_5m,ask_depth_curvature,depth_mid_ask,update_rate_bid,realized_vol_1m,distance_from_overnight_high,realized_vol_5m,spread_mid_ratio,spread_expansion_ratio,depth_mid_bid,return_last_5m,ask_depth_curvature,0.03610182074962953,0.03896795023527477,0.049704544862920974,97,154,6.933423025730715,0.9624651145075478,4.584967478670572,0.740492286170057,0.7565578216858271,0.7324257511420855
ok,lower,2,600,mr_pts_t600,32,8.0,vol1m_top30,realized_vol_1m,0.3,1031,670,206,155,219,96,72,0.326865671641791,0.4660194174757281,0.4645161290322581,0.721685606060606,0.6533147273409147,0.7156063814925049,0.2606735892927188,0.7325970548862114,0.6576893994562669,0.7180978417211218,0.2617917084945063,3.0,average_true_range,distance_from_overnight_high,realized_vol_1m,dist_day_low,seconds_since_open,dsigma_dt,opening_range_position,add_rate_bid,depth_far_ask,band_k,average_true_range,distance_from_overnight_high,realized_vol_1m,dist_day_low,seconds_since_open,dsigma_dt,opening_range_position,add_rate_bid,depth_far_ask,band_k,0.010911448825605352,0.004374672115352252,0.002491460228616904,72,155,6.939253946041508,0.9923569395295213,4.290459441148391,0.740459514861656,0.757004932188911,0.7039927587550601
ok,upper,3,180,mr_pts_t180,8,2.0,vol5m_top30,realized_vol_5m,0.3,1043,677,209,157,450,150,111,0.6646971935007385,0.7177033492822966,0.7070063694267515,0.7251977401129944,0.8672821861930997,0.531552579085652,0.1771828605285777,0.6333725029377203,0.775928056476018,0.5806512189453537,0.195173358211656,269.0,queue_imbalance_std_5s,return_last_30s,cancel_ratio,ema_spread_9_21,distance_from_prior_day_low,wall_persistence_2s,depth_near_bid,z_anchor_vwap,depth_curvature_pressure,ask_queue_change_rate,cancel_ratio,distance_from_prior_day_low,queue_imbalance_std_5s,ema_spread_9_21,return_last_30s,ask_queue_change_rate,z_anchor_vwap,wall_persistence_2s,depth_curvature_pressure,distance_from_overnight_low,0.09182523717527413,0.09135412971708168,0.04909863985970164,111,157,6.950814768442584,0.9084103165538221,4.718498871295094,0.7398122868956827,0.7514157974755167,0.7437295891921225
ok,upper,2,60,mr_pts_t60,4,1.0,vol5m_top30,realized_vol_5m,0.3,1026,666,206,154,517,167,124,0.7762762762762763,0.8106796116504854,0.8051948051948052,0.5799170888991247,0.8449169697752297,0.4808108746462954,0.1522096558287743,0.5432795698924732,0.8484586831092695,0.4928815443413707,0.1571204097761172,34.0,depth_far_bid,bid_queue_depletion_rate,trade_sign_autocorr_10s,depth_mid_bid,realized_volatility_30s,ask_depth_curvature,queue_imbalance_std_5s,bid_curvature_l5,add_rate_ask,cooldown_seconds,depth_far_bid,bid_queue_depletion_rate,depth_mid_bid,trade_sign_autocorr_10s,ask_depth_curvature,bid_curvature_l5,queue_length_total_norm,cooldown_seconds,rv_pre_pts2,realized_volatility_30s,0.036637519006651575,0.0035417133340398532,0.012070669695075309,124,154,6.934397209928558,0.9799103838296542,4.8283137373023015,0.7397360113842071,0.7586252963983309,0.7637643410187172
ok,lower,2,300,mr_pts_t300,8,2.0,vol5m_top30,realized_vol_5m,0.3,1031,670,206,155,500,147,123,0.746268656716418,0.7135922330097088,0.7935483870967742,0.6524270725239247,0.7856477439697411,0.5991457918264704,0.2044948666136166,0.5788871951219512,0.8204770850919203,0.5144708853451311,0.1657166459568684,1.0,depth_near_bid,distance_from_prior_day_high,cvd_slope,band_k,side,is_weekend,entry_price,distance0,sigma0,cooldown_seconds,depth_near_bid,distance_from_prior_day_high,cvd_slope,band_k,side,is_weekend,entry_price,distance0,sigma0,cooldown_seconds,0.07353987740197354,0.03482934112217917,-0.08467490648133935,123,155,6.939253946041508,0.9458153907379236,4.820281565605037,0.7394364903310535,0.7556782578225509,0.7595561746287784
ok,lower,2,600,mr_pts_t600,8,2.0,vol5m_top30,realized_vol_5m,0.3,1031,670,206,155,551,157,131,0.8223880597014925,0.7621359223300971,0.8451612903225807,0.6871181593656571,0.8731449303238056,0.5251739977280849,0.1721042165744655,0.5559796437659033,0.8486530447575876,0.4379109166410708,0.1321278798935739,92.0,distance_from_prior_day_high,distance_from_overnight_high,add_rate_bid,cvd_acceleration,distance_from_overnight_low,impact_decay_3s,z_anchor_vwap,bid_queue_change_rate,OFI_30s,stoch_d_3,distance_from_prior_day_high,distance_from_overnight_low,add_rate_bid,distance_from_overnight_high,cvd_acceleration,bid_queue_change_rate,OFI_30s,impact_decay_3s,z_anchor_vwap,stoch_d_3,0.13113851559975387,0.024491885566217952,-0.08726308108701414,131,155,6.939253946041508,0.922184799417014,4.882801922586371,0.7391807945228102,0.7529146834870379,0.7679243714567274
ok,upper,3,300,mr_pts_t300,8,2.0,vol5m_top30,realized_vol_5m,0.3,1043,677,209,157,492,161,116,0.7267355982274741,0.7703349282296651,0.7388535031847133,0.7263198757763975,0.8945499376047324,0.4859828124881614,0.158925680276166,0.6269974768713205,0.7837494962964997,0.5542275596524178,0.181931568618336,232.0,queue_imbalance_std_5s,return_last_30s,wall_persistence_2s,distance_from_overnight_low,opening_range_width,cancel_ratio,impact_efficiency_3s,wall_strength_opposite_3,wall_strength_opposite_5,depth_curvature_pressure,queue_imbalance_std_5s,wall_persistence_2s,depth_far_ask,distance_from_overnight_low,depth_curvature_pressure,wall_strength_opposite_5,cancel_ratio,opening_range_width,impact_efficiency_3s,return_last_30s,0.09932239890507699,0.11080044130823274,0.06824474716425638,116,157,6.950814768442584,0.8949385798933451,4.762173934797756,0.7390436787312678,0.7499036234074049,0.7479844817070177
ok,upper,1,60,mr_pts_t60,16,4.0,none,,,3407,2214,681,512,355,78,82,0.1603432700993676,0.1145374449339207,0.16015625,0.8285282986775524,0.3901874113381601,0.2802328227446998,0.0847018765193115,0.8631877481565513,0.5031673319058106,0.3182941664107753,0.0998505828824134,173.0,realized_volatility_30s,realized_vol_1m,opening_range_width,wall_strength_opposite_3_2s_avg,cooldown_seconds,trades_per_second,abs_vwap_slope_pts_per_s,vol_ratio,distance_from_overnight_high,distance_from_overnight_low,realized_volatility_30s,realized_vol_1m,opening_range_width,cooldown_seconds,trade_rate_pre_per_s,distance_from_overnight_high,distance_from_overnight_low,sigma0,depth_mid_bid,vol_ratio,0.034659449478998905,0.11297992056765055,0.0380613436660755,78,512,8.133880887949207,0.9261803149766753,4.3694478524670215,0.738921279824776,0.7450494502571303,0.6514675759138303
ok,upper,2,600,mr_pts_t600,4,1.0,vol1m_top30,realized_vol_1m,0.3,1026,666,206,154,615,193,138,0.9234234234234234,0.9368932038834952,0.8961038961038961,0.7138302112395376,0.9733011485184998,0.233388902630639,0.0588539798823813,0.5024909420289855,0.9145426940115632,0.3405458149628584,0.0941542811847103,7.0,depth_far_ask,distance_from_overnight_high,queue_length_total_norm,opening_range_width,trade_sign_autocorr_60s,distance_from_ema_21,depth_near_ask,trade_sign_autocorr_10s,stoch_d_3,depth_far_bid,distance_from_overnight_high,depth_far_ask,queue_length_total_norm,vwap_drift,opening_range_width,depth_far_bid,trade_sign_autocorr_60s,weighted_OBI_l10,distance_from_ema_21,stoch_d_3,0.21133926921055213,0.05875845450693662,0.10715691233221941,138,154,6.934397209928558,0.8649511381412556,4.9344739331306915,0.7383582400308897,0.7437761696704134,0.7767975955429973
ok,lower,1,600,mr_pts_t600,16,4.0,vol5m_top30,realized_vol_5m,0.3,1025,666,205,154,397,145,99,0.5960960960960962,0.7073170731707317,0.6428571428571429,0.7034482758620688,0.8400536000891672,0.55476046923132,0.1859235726124084,0.6571166207529844,0.7439133032340624,0.6225486075719593,0.2157132679187162,96.0,realized_vol_5m,distance0,sigma0,bid_queue_depletion_rate,depth_near_ask,distance_from_overnight_high,distance_from_prior_day_high,CVD,spread_expansion_ratio,liquidity_slope_ask,realized_vol_5m,depth_near_ask,distance0,distance_from_prior_day_high,depth_mid_ask,bid_queue_depletion_rate,sigma0,distance_from_overnight_high,CVD,cancel_rate_bid,0.046331655109084435,0.09614029685510483,0.06778813834063924,99,154,6.933423025730715,0.9287640240179054,4.605170185988092,0.7383260955277092,0.7514238860824533,0.7318473397192792
ok,lower,3,600,mr_pts_t600,16,4.0,none,,,3419,2222,684,513,1004,282,275,0.4518451845184518,0.4122807017543859,0.5360623781676414,0.7399527186761229,0.6686552423055434,0.5905406785838964,0.201837585295691,0.6635141329258976,0.6956283753559149,0.6665081766538375,0.2355707356238539,105.0,average_true_range,realized_volatility_30s,depth_near_ask,realized_vol_1m,distance_from_overnight_high,bid_liquidity_shock,z_anchor_vwap,spread_mid_ratio,opening_range_position,realized_vol_5m,average_true_range,realized_volatility_30s,realized_vol_1m,depth_near_ask,distance_from_overnight_high,z_anchor_vwap,realized_vol_5m,return_last_5m,distance_from_overnight_low,since_touch_any_seconds,0.07643858575022533,0.026973133050371523,0.07596749806994119,275,513,8.13739583005665,0.9482941405997016,5.62040086571715,0.7382907440799287,0.7678860790833367,0.7175672687446892
ok,lower,3,300,mr_pts_t300,4,1.0,vol5m_top30,realized_vol_5m,0.3,1026,666,206,154,590,188,136,0.8858858858858859,0.912621359223301,0.8831168831168831,0.5492021276595744,0.9271245672187164,0.2981787583365143,0.0800682592484624,0.4997957516339869,0.8918282412519104,0.360579454816827,0.1031798446899676,8.0,cvd_acceleration,depth_near_ask,OFI_30s,trade_imbalance_60s,impact_decay_3s,depth_mid_ask,remove_rate_near_bid,sma_spread_20_50,wall_strength_opposite_3,OFI_burst_ratio,depth_near_ask,cvd_acceleration,OFI_30s,trade_imbalance_60s,impact_decay_3s,sma_spread_20_50,distance_from_prior_day_high,wall_strength_opposite_5,depth_mid_ask,remove_rate_near_bid,0.04940637602558756,0.035296325966805986,0.06240069648031271,136,154,6.934397209928558,0.9576486490038032,4.919980925828125,0.7374641338552839,0.7542039490230286,0.7753606790968222
ok,upper,1,180,mr_pts_t180,12,3.0,none,,,3407,2214,681,512,882,239,236,0.3983739837398374,0.3509544787077827,0.4609375,0.6983471856718226,0.5615129269499097,0.5909629685941148,0.2018735110622692,0.7069362564480473,0.6490684268920557,0.624052641362485,0.217067503933767,78.0,realized_volatility_30s,opening_range_width,realized_vol_1m,cancel_ratio,abs_vwap_slope_pts_per_s,depth_near_bid,cancel_rate_ask,CVD,average_true_range,remove_rate_near_ask,realized_volatility_30s,realized_vol_1m,opening_range_width,cancel_ratio,abs_vwap_slope_pts_per_s,cancel_rate_ask,depth_near_bid,average_true_range,add_rate_ask,distance_from_overnight_low,0.008589070776224617,0.08755549994214595,0.03308967276837016,236,512,8.133880887949207,0.9519277146408147,5.4680601411351315,0.7373558611022862,0.7661208036674131,0.7033494391128786
ok,upper,2,180,mr_pts_t180,12,3.0,vol1m_top30,realized_vol_1m,0.3,1026,666,206,154,384,121,91,0.5765765765765766,0.587378640776699,0.5909090909090909,0.6462809917355371,0.7330456285245787,0.6563989066278864,0.2326059995795302,0.6549799406942265,0.7268155963422342,0.6424044862678717,0.2256106049354489,50.0,depth_far_bid,toxicity_ratio,abs_vwap_slope_pts_per_s,depth_mid_bid,bid_queue_depletion_rate,opening_range_width,add_rate_bid,realized_vol_1m,depth_far_ask,realized_volatility_30s,depth_far_bid,toxicity_ratio,depth_mid_bid,add_rate_bid,abs_vwap_slope_pts_per_s,bid_queue_depletion_rate,opening_range_width,depth_far_ask,realized_vol_1m,OFI_5s,0.00869894895868939,0.006230032182344414,-0.013994420360014637,91,154,6.934397209928558,0.9925355094294832,4.5217885770490405,0.7370214375580773,0.7562639847845463,0.7238190273079064
ok,lower,2,300,mr_pts_t300,16,4.0,none,,,3434,2232,686,516,736,200,206,0.3297491039426523,0.2915451895043732,0.3992248062015504,0.7262448559670782,0.5181861640239204,0.5378541603595863,0.1802970709663127,0.7200908236767929,0.6382843257062953,0.6149058836226082,0.2145667543619937,65.0,realized_volatility_30s,average_true_range,distance_from_overnight_high,depth_mid_ask,realized_vol_1m,opening_range_width,cancel_rate_ask,depth_far_ask,distance_from_prior_day_high,distance_from_range_extreme_norm,realized_volatility_30s,average_true_range,distance_from_overnight_high,depth_mid_ask,realized_vol_1m,cancel_rate_ask,depth_far_ask,opening_range_width,depth_far_bid,distance_from_prior_day_high,0.006154032290285327,0.12009816168237497,0.0770517232630219,200,516,8.14177220465645,0.9368739030136699,5.303304908059076,0.7368954525482265,0.7604538688577841,0.6928558748254652
ok,lower,3,600,mr_pts_t600,32,8.0,vol1m_top30,realized_vol_1m,0.3,1026,666,206,154,217,95,74,0.3258258258258258,0.4611650485436893,0.4805194805194805,0.7151256519677572,0.6754802723495349,0.6241519144544746,0.2172974558070684,0.7076013513513514,0.670833015332408,0.6576232670721928,0.2339146241575114,85.0,distance_from_overnight_high,depth_near_ask,bid_depth_curvature,distance_from_prior_day_high,distance_from_overnight_low,opening_range_width,time_of_day_sin,depth_mid_bid,depth_far_bid,cancel_rate_ask,distance_from_overnight_high,depth_near_ask,distance_from_prior_day_high,distance_from_overnight_low,bid_depth_curvature,depth_far_bid,opening_range_width,time_of_day_sin,depth_mid_bid,realized_volatility_30s,0.007524300616405855,0.004647257017126871,0.033471352617718164,74,154,6.934397209928558,0.9939142211832337,4.31748811353631,0.7358148405923719,0.7531712990470689,0.7035909767685384
ok,upper,2,300,mr_pts_t300,4,1.0,vol5m_top30,realized_vol_5m,0.3,1026,666,206,154,589,192,135,0.8843843843843844,0.9320388349514565,0.8766233766233766,0.5498511904761905,0.9362598230060004,0.2516890596139167,0.0642749486975045,0.5079922027290449,0.8808911301241644,0.3882515592179593,0.1110094155679121,50.0,weighted_OBI_l3,impact_efficiency_10s,ask_depth_curvature,queue_length_total_norm,depth_far_bid,distance_from_overnight_low,ask_liquidity_shock,toxicity_ratio,depth_far_ask,distance_from_prior_day_high,ask_depth_curvature,weighted_OBI_l3,impact_efficiency_10s,queue_length_total_norm,depth_far_ask,depth_far_bid,best_ask_queue_norm,wall_strength_opposite_5,distance_from_overnight_low,toxicity_ratio,0.04185898774714558,0.05536869288183599,0.1365624996040426,135,154,6.934397209928558,0.9513861596855092,4.912654885736052,0.7357416209103793,0.7523600974182486,0.7723913506247728
ok,upper,2,180,mr_pts_t180,8,2.0,none,,,3418,2221,684,513,1187,345,320,0.5344439441692931,0.5043859649122807,0.6237816764132553,0.6587191654910007,0.654800458566715,0.6692706832943682,0.2382249783994609,0.6279226036269431,0.7241042277082385,0.6554689266387889,0.2314775979677214,15.0,realized_vol_1m,cancel_rate_ask,depth_far_bid,realized_volatility_30s,cancel_ratio,depth_mid_bid,toxicity_ratio,add_rate_ask,spread_expansion_ratio,tick_rate,realized_vol_1m,realized_volatility_30s,cancel_rate_ask,depth_far_bid,depth_mid_bid,cancel_ratio,add_rate_ask,aggressive_buy_volume,toxicity_ratio,spread_expansion_ratio,0.03079656186405766,0.06930376914152347,-0.013801756655579367,320,513,8.137103389639302,0.9499498344972095,5.771441123130016,0.7356064559392499,0.7679929162636847,0.730176235653132
ok,lower,2,600,mr_pts_t600,12,3.0,vol30_top30,realized_volatility_30s,0.3,1031,670,206,155,462,154,112,0.6895522388059702,0.7475728155339806,0.7225806451612903,0.6941808191808191,0.8818237062056631,0.5536823262425443,0.1841084437866738,0.6053779069767442,0.7927843067148415,0.5868269397384412,0.1989092382208347,13.0,depth_mid_ask,distance_from_overnight_high,depth_near_ask,depth_far_ask,sma_50,add_rate_bid,remove_rate_near_bid,distance_from_ema_21,ema_9,sma_20,depth_near_ask,distance_from_overnight_high,depth_mid_ask,add_rate_bid,depth_far_ask,remove_rate_near_bid,sma_50,range_position,bid_depth_curvature,distance_from_ema_21,0.08880291220407488,0.08903939949082162,0.033144613495896924,112,155,6.939253946041508,0.9110788441525518,4.727387818712341,0.7354820090636018,0.7474254302596097,0.7436920998043788
ok,upper,2,60,mr_pts_t60,8,2.0,vol1m_top30,realized_vol_1m,0.3,1026,666,206,154,401,116,89,0.6021021021021021,0.5631067961165048,0.577922077922078,0.6214559386973181,0.6543308232122067,0.6807524724489953,0.2435744825527409,0.6656871218668972,0.724095447943847,0.6553768213955774,0.2319491195541763,37.0,bid_queue_depletion_rate,depth_near_bid,queue_imbalance_std_5s,depth_far_ask,trade_sign_autocorr_30s,obv_session,depth_mid_bid,trade_imbalance_60s,macd,ema_spread_9_21,depth_near_bid,bid_queue_depletion_rate,depth_far_ask,queue_imbalance_std_5s,obv_session,macd,trade_sign_autocorr_30s,realized_vol_1m,trade_imbalance_60s,ema_spread_9_21,0.04423118316957908,0.06976462473164025,-0.02537565105341788,89,154,6.934397209928558,0.9430020960493903,4.499809670330265,0.7352629093297813,0.7487518169281159,0.7191777364342109
ok,lower,3,300,mr_pts_t300,16,4.0,vol5m_top30,realized_vol_5m,0.3,1026,666,206,154,336,118,87,0.5045045045045045,0.5728155339805825,0.564935064935065,0.6804699537750386,0.7374655984805071,0.6424076544493568,0.2255229407905364,0.6510550694801853,0.729179978573834,0.6559074320860053,0.2318708523468387,43.0,return_last_5m,distance_from_overnight_high,bid_depth_curvature,queue_imbalance_slope_5s,absorption_ratio,realized_vol_5m,realized_volatility_30s,depth_far_ask,update_rate_bid,depth_mid_bid,return_last_5m,distance_from_overnight_high,bid_depth_curvature,queue_imbalance_slope_5s,realized_vol_5m,depth_far_ask,absorption_ratio,wall_strength_opposite_5_2s_avg,depth_mid_bid,update_rate_bid,0.029414884294853283,0.008285619906673092,0.013499777636648558,87,154,6.934397209928558,0.9811497478992368,4.477336814478207,0.7352586658120761,0.7522364666922674,0.7184344196756256
ok,upper,1,300,mr_pts_t300,12,3.0,none,,,3407,2214,681,512,1078,300,282,0.4869015356820235,0.4405286343612334,0.55078125,0.688066491688539,0.6355616590262252,0.6319335858427921,0.2207071604350373,0.6668670983657108,0.6788269506133084,0.6469081180861485,0.2272233780541103,99.0,realized_volatility_30s,realized_vol_1m,opening_range_width,depth_mid_bid,distance_from_prior_day_high,cancel_ratio,time_of_day_cos,abs_vwap_slope_pts_per_s,overnight_high,add_rate_bid,realized_volatility_30s,realized_vol_1m,opening_range_width,depth_mid_bid,abs_vwap_slope_pts_per_s,distance_from_overnight_low,cancel_ratio,distance_from_prior_day_high,time_of_day_cos,remove_rate_near_ask,0.021199393322828164,0.043265291587083254,0.01497453224335632,282,512,8.133880887949207,0.9677676575450442,5.645446897643238,0.7348156016482758,0.7685257782026953,0.7168047317810392
ok,lower,1,300,mr_pts_t300,16,4.0,none,,,3413,2218,683,512,760,216,214,0.3426510369702434,0.3162518301610542,0.41796875,0.7202395114600681,0.5357075899053302,0.5559237653602903,0.1879291107826943,0.7218058081916828,0.6256598550204613,0.6062851654250921,0.2116528588251363,92.0,realized_vol_1m,realized_volatility_30s,average_true_range,depth_mid_bid,add_rate_ask,tick_rate,distance_from_overnight_high,realized_vol_5m,depth_mid_ask,depth_far_bid,realized_vol_1m,realized_volatility_30s,realized_vol_5m,distance_from_overnight_high,add_rate_ask,depth_mid_bid,depth_far_bid,depth_mid_ask,average_true_range,tick_rate,0.0015662967316146803,0.0899522651151311,0.05036140006480183,214,512,8.135639903354386,0.9542407190766271,5.3706380281276624,0.7341931276385314,0.762385112304642,0.6934248665683401
ok,lower,3,600,mr_pts_t600,24,6.0,none,,,3419,2222,684,513,625,161,198,0.2812781278127813,0.2353801169590643,0.3859649122807017,0.7849482797525028,0.5596096737164409,0.4470093468252131,0.1435690531451286,0.7347122013788681,0.6140718779308041,0.6207935809799424,0.2151013124036438,215.0,average_true_range,distance_from_overnight_high,realized_volatility_30s,depth_mid_bid,realized_vol_5m,realized_vol_1m,add_rate_ask,overnight_high,opening_range_position,trade_sign_autocorr_30s,average_true_range,realized_volatility_30s,distance_from_overnight_high,realized_vol_5m,realized_vol_1m,add_rate_ask,depth_mid_bid,depth_near_ask,distance_from_overnight_low,opening_range_position,0.05023607837363475,0.05446220421436321,0.17378423415472932,161,513,8.13739583005665,0.9476508587060011,5.087596335232384,0.7340830443017026,0.7551931553647458,0.6878029671093806
ok,lower,2,180,mr_pts_t180,12,3.0,none,,,3434,2232,686,516,828,223,219,0.3709677419354839,0.3250728862973761,0.4244186046511627,0.7067380797876976,0.5477129411262589,0.5691216619568648,0.1933847760425787,0.7098227326537829,0.6350044198696242,0.625327930385973,0.2181078684463758,66.0,realized_volatility_30s,realized_vol_1m,distance_from_overnight_high,average_true_range,opening_range_width,cancel_rate_ask,update_rate_ask,distance_from_overnight_low,depth_near_bid,bid_depth_curvature,realized_volatility_30s,realized_vol_1m,distance_from_overnight_high,average_true_range,cancel_rate_ask,queue_imbalance_std_5s,bid_depth_curvature,opening_range_width,update_rate_ask,realized_vol_5m,0.00308465286608528,0.08729147874336529,0.05620626842910825,219,516,8.14177220465645,0.9548119341952748,5.393627546352362,0.7332700569225148,0.7616702920865859,0.6942003533613295
ok,upper,2,600,mr_pts_t600,8,2.0,vol1m_top30,realized_vol_1m,0.3,1026,666,206,154,548,173,119,0.8228228228228228,0.8398058252427184,0.7727272727272727,0.6503765983534769,0.8919765330430987,0.4283092656385888,0.1311375716315275,0.5690276110444178,0.8205371493655738,0.5498506759387674,0.1792110265737408,20.0,depth_far_bid,cancel_ratio,toxicity_ratio,z_anchor_vwap,vwap_slope_pts_per_s,vwap_drift,distance_from_session_vwap_anchor,trade_imbalance_60s,distance_from_overnight_high,bid_curvature_l5,depth_far_bid,cancel_ratio,obv_session,z_anchor_vwap,distance_from_session_vwap_anchor,vwap_slope_pts_per_s,trade_imbalance_60s,distance_from_overnight_high,vwap_drift,toxicity_ratio,0.08134898730905915,0.07143938367752489,0.12154141030017857,119,154,6.934397209928558,0.923605814506708,4.787491742782046,0.7332361574152122,0.747002438065612,0.7512156297515824
ok,lower,2,300,mr_pts_t300,12,3.0,vol5m_top30,realized_vol_5m,0.3,1031,670,206,155,414,116,99,0.6179104477611941,0.5631067961165048,0.6387096774193548,0.6114942528735633,0.6697305764675022,0.6796142250957826,0.2435295771466041,0.6300505050505051,0.7527660360799673,0.6358122165966748,0.2224761076879936,31.0,distance_from_overnight_high,bid_depth_curvature,avg_trade_size,aggressive_sell_volume,distance_from_prior_day_high,cancel_rate_ask,average_true_range,realized_vol_5m,impact_efficiency_3s,ema_spread_9_21,distance_from_overnight_high,bid_depth_curvature,aggressive_sell_volume,cancel_rate_ask,avg_trade_size,average_true_range,distance_from_prior_day_high,ema_spread_9_21,flow_toxicity_30s,realized_vol_5m,0.01855625217694179,0.08303545961246506,-0.04380200849910787,99,155,6.939253946041508,0.9492041441052965,4.605170185988092,0.733156270034431,0.7486945894578352,0.7283193693382852
ok,upper,2,300,mr_pts_t300,12,3.0,vol1m_top30,realized_vol_1m,0.3,1026,666,206,154,438,137,99,0.6576576576576577,0.6650485436893204,0.6428571428571429,0.6259388553898233,0.7632003523107289,0.6207624936672814,0.2153993245889064,0.6336088154269972,0.7401901811816602,0.6353536071512791,0.222146749051885,29.0,depth_far_bid,toxicity_ratio,opening_range_width,impact_efficiency_10s,abs_vwap_slope_pts_per_s,distance_from_session_vwap_anchor,cancel_ratio,bid_queue_depletion_rate,cancel_rate_ask,trade_sign_autocorr_30s,depth_far_bid,toxicity_ratio,opening_range_width,abs_vwap_slope_pts_per_s,impact_efficiency_10s,cancel_ratio,distance_from_session_vwap_anchor,cancel_rate_ask,bid_queue_depletion_rate,depth_mid_ask,0.007669960037173906,0.02301017112906867,0.014591113483997664,99,154,6.934397209928558,0.9846599344168787,4.605170185988092,0.7330352638856956,0.7532583996824318,0.7290934447124842
ok,upper,2,600,mr_pts_t600,12,3.0,vol30_top30,realized_volatility_30s,0.3,1026,666,206,154,475,155,106,0.7132132132132132,0.7524271844660194,0.6883116883116883,0.679190385831752,0.8289830794617784,0.5192937687964643,0.1694654653461522,0.6352201257861635,0.7488864418935098,0.6161937610608581,0.2089954491411559,94.0,impact_efficiency_10s,abs_vwap_slope_pts_per_s,opening_range_width,vwap_drift,depth_far_ask,since_touch_any_seconds,weighted_OBI_l10,distance_from_session_vwap_anchor,depth_mid_bid,distance_from_overnight_low,impact_efficiency_10s,abs_vwap_slope_pts_per_s,vwap_drift,depth_far_ask,opening_range_width,since_touch_any_seconds,distance_from_session_vwap_anchor,weighted_OBI_l10,aggressive_volume_ratio,distance_from_overnight_low,0.04397026004558846,0.08009663756826857,0.09689999226439383,106,154,6.934397209928558,0.9379665511930715,4.672828834461906,0.732488953991721,0.7487454895346078,0.7347693725651825
ok,lower,2,180,mr_pts_t180,16,4.0,none,,,3434,2232,686,516,550,136,166,0.246415770609319,0.1982507288629737,0.3217054263565891,0.7941042780748664,0.4767137516545923,0.4077460358410051,0.1300397851658672,0.7478141135972461,0.6054735620947272,0.5708046608080003,0.1922367862958219,104.0,realized_volatility_30s,realized_vol_1m,average_true_range,cancel_rate_ask,distance_from_overnight_high,depth_far_ask,opening_range_width,depth_mid_ask,realized_vol_5m,depth_near_bid,realized_volatility_30s,realized_vol_1m,cancel_rate_ask,distance_from_overnight_high,average_true_range,depth_mid_ask,opening_range_width,dsigma_dt,queue_imbalance_std_5s,depth_far_ask,0.046290164477620244,0.12875981044013496,0.1630586249669952,136,516,8.14177220465645,0.9124750125411223,4.919980925828125,0.732420574024526,0.7460692446704782,0.6756212985135535
ok,upper,1,600,mr_pts_t600,12,3.0,none,,,3407,2214,681,512,1310,389,328,0.5916892502258356,0.5712187958883994,0.640625,0.6756259464027891,0.7524333353613604,0.6325558942466257,0.2223597231862056,0.6129871420996819,0.7291107666946589,0.6449828834046276,0.2254624282841321,110.0,realized_vol_5m,opening_range_width,realized_vol_1m,realized_volatility_30s,prior_day_rth_high,average_true_range,abs_vwap_slope_pts_per_s,distance_from_prior_day_high,distance_from_overnight_high,distance_from_overnight_low,realized_vol_5m,realized_vol_1m,realized_volatility_30s,opening_range_width,abs_vwap_slope_pts_per_s,distance_from_overnight_low,distance_from_overnight_high,average_true_range,depth_mid_bid,distance_from_prior_day_high,0.0626388043031072,0.02332256866670146,0.012426989158001889,328,512,8.133880887949207,0.9570193135150957,5.796057750765372,0.7323023111714095,0.7662827569476994,0.7306418086267084
ok,upper,1,180,mr_pts_t180,12,3.0,vol30_top30,realized_volatility_30s,0.3,1023,664,205,154,385,133,98,0.5798192771084337,0.6487804878048781,0.6363636363636364,0.6255743525480367,0.7354012479311205,0.6439057457818121,0.2257666103723467,0.6350218658892128,0.7324541876547486,0.6489186301815759,0.2282238703360039,9.0,opening_range_width,cancel_ratio,cancel_rate_ask,queue_imbalance_std_5s,abs_vwap_slope_pts_per_s,realized_vol_1m,rsi_14,depth_mid_bid,add_rate_bid,depth_mid_ask,opening_range_width,cancel_rate_ask,cancel_ratio,queue_imbalance_std_5s,abs_vwap_slope_pts_per_s,realized_vol_1m,add_rate_bid,trade_sign_autocorr_30s,realized_vol_5m,ask_depth_curvature,0.009447513341176106,0.0029470602763719267,0.005012884399763773,98,154,6.931471805599453,0.993802713191226,4.59511985013459,0.7313844847526734,0.7530151910468049,0.7267141342355601
ok,upper,1,300,mr_pts_t300,12,3.0,vol30_top30,realized_volatility_30s,0.3,1023,664,205,154,440,145,106,0.6626506024096386,0.7073170731707317,0.6883116883116883,0.6436781609195402,0.7955278715180032,0.580946046499592,0.1974357240130087,0.6189072327044025,0.7545013718024468,0.5975229413403346,0.2036251963602561,65.0,opening_range_width,impact_efficiency_3s,abs_vwap_slope_pts_per_s,depth_mid_bid,cancel_rate_ask,realized_vol_1m,remove_rate_near_ask,distance_from_session_vwap_anchor,vwap_drift,cancel_ratio,opening_range_width,abs_vwap_slope_pts_per_s,impact_efficiency_3s,cancel_rate_ask,vwap_drift,depth_mid_bid,distance_from_session_vwap_anchor,remove_rate_near_ask,realized_vol_1m,queue_imbalance_std_5s,0.02477092821513771,0.041026499715556386,0.01657689484074254,106,154,6.931471805599453,0.9671012860346528,4.672828834461906,0.7310873624221712,0.750547402896989,0.7347183238083617
ok,lower,3,300,mr_pts_t300,16,4.0,none,,,3419,2222,684,513,746,199,223,0.3357335733573357,0.2909356725146199,0.4346978557504873,0.7856602600632026,0.5909014508345867,0.4958535584086896,0.1666505946271912,0.6969383021493738,0.6470160918855018,0.6570957790772587,0.2304741539537609,166.0,realized_vol_1m,average_true_range,realized_volatility_30s,distance_from_overnight_high,distance_from_prior_day_high,depth_near_ask,queue_imbalance_std_5s,depth_mid_bid,opening_range_position,liquidity_slope_bid,average_true_range,realized_vol_1m,realized_volatility_30s,distance_from_overnight_high,depth_near_ask,depth_mid_bid,return_last_5m,distance_from_prior_day_high,opening_range_position,vwap_drift,0.08872195791382875,0.056114641050915126,0.16124222066856908,199,513,8.13739583005665,0.9275817005176281,5.298317366548036,0.7301442543729466,0.7529897279100357,0.6933042979263071
ok,upper,1,180,mr_pts_t180,8,2.0,vol1m_top30,realized_vol_1m,0.3,1023,664,205,154,470,155,113,0.7078313253012049,0.7560975609756098,0.7337662337662337,0.6606451612903225,0.8555689503575912,0.5250002709500933,0.1736018910092144,0.5929203539823008,0.7867826021362903,0.5711110006856419,0.1905800288327035,186.0,opening_range_width,cancel_ratio,replenishment_rate_near_5s,average_true_range,impact_efficiency_3s,distance_from_ema_21,queue_imbalance_std_5s,depth_mid_ask,wall_strength_opposite_3_2s_avg,since_touch_any_seconds,opening_range_width,depth_mid_ask,ask_depth_curvature,cooldown_seconds,cancel_ratio,average_true_range,queue_imbalance_std_5s,replenishment_rate_near_5s,wall_strength_opposite_3_2s_avg,impact_efficiency_3s,0.06772480730802166,0.06878634822130092,0.04611072973554864,113,154,6.931471805599453,0.9317444222353387,4.736198448394496,0.7300694166869364,0.7456131383978953,0.7415031862468269
ok,lower,2,60,mr_pts_t60,12,3.0,vol30_top30,realized_volatility_30s,0.3,1031,670,206,155,241,107,72,0.3597014925373134,0.5194174757281553,0.4645161290322581,0.689700745775512,0.7265479386862042,0.664606786410386,0.2361285081545656,0.6828982597054887,0.6845670536366055,0.6647773003299577,0.235945393708625,54.0,distance_from_overnight_high,realized_volatility_30s,depth_far_ask,bid_depth_curvature,distance_from_ema_21,depth_near_ask,depth_mid_ask,depth_near_bid,OFI,prior_day_rth_high,distance_from_overnight_high,realized_volatility_30s,depth_far_ask,bid_depth_curvature,depth_mid_ask,depth_near_ask,distance_from_ema_21,depth_near_bid,trade_imbalance_60s,liquidity_slope_ask,0.006802486070023317,0.041980885049598626,0.00017051391957179085,72,155,6.939253946041508,0.975608314440189,4.290459441148391,0.7296561959525691,0.7443239251118932,0.6968154366550285
ok,upper,2,180,mr_pts_t180,4,1.0,vol1m_top30,realized_vol_1m,0.3,1026,666,206,154,582,187,133,0.8738738738738738,0.9077669902912622,0.8636363636363636,0.7464114832535884,0.9598891446775166,0.3104774792826887,0.0842453776089192,0.5100250626566416,0.8896909560581556,0.3987156904004251,0.1178656840311654,2.0,stoch_k_14,trade_sign_autocorr_30s,ask_liquidity_shock,queue_imbalance_std_5s,bid_queue_change_rate,distance_from_overnight_low,sma_spread_20_50,band_k,side,is_weekend,stoch_k_14,ask_liquidity_shock,trade_sign_autocorr_30s,bid_queue_change_rate,queue_imbalance_std_5s,sma_spread_20_50,distance_from_overnight_low,band_k,side,is_weekend,0.2363864205969468,0.070198188619361,0.08823821111773639,133,154,6.934397209928558,0.8467076953918461,4.897839799950911,0.7296068488256482,0.7344139144458368,0.7636652493025307
ok,lower,2,300,mr_pts_t300,12,3.0,none,,,3434,2232,686,516,1015,289,268,0.4547491039426523,0.4212827988338192,0.5193798449612403,0.7064488856736946,0.621750707196981,0.6148948942648748,0.2140206077878095,0.667007703418392,0.6679575026427768,0.658530721271003,0.2334781824436994,182.0,realized_volatility_30s,distance_from_overnight_high,realized_vol_1m,bid_depth_curvature,distance_from_prior_day_high,average_true_range,session_high_running_t0,realized_vol_5m,bid_queue_depletion_rate,opening_range_width,realized_volatility_30s,realized_vol_1m,distance_from_overnight_high,average_true_range,bid_depth_curvature,realized_vol_5m,distance_from_prior_day_high,bid_queue_depletion_rate,tick_rate,depth_near_ask,0.039441182255302576,0.046206795445795756,0.043635827006128225,268,516,8.14177220465645,0.957176011149451,5.594711379601839,0.729561686033037,0.7619563359421239,0.7073700173032449
ok,lower,1,60,mr_pts_t60,8,2.0,none,,,3413,2218,683,512,817,219,210,0.3683498647430117,0.3206442166910688,0.41015625,0.7076739883482916,0.5079944465154616,0.5683611243488825,0.19366455940014,0.7094292021444338,0.6304042478089857,0.6138242821875006,0.2136673376131244,74.0,realized_volatility_30s,realized_vol_1m,realized_vol_5m,depth_near_ask,average_true_range,update_rate_ask,depth_mid_ask,opening_range_width,distance_from_overnight_low,avg_trade_size,realized_volatility_30s,realized_vol_1m,depth_near_ask,average_true_range,depth_mid_ask,realized_vol_5m,cancel_ratio,distance0,update_rate_ask,trade_sign_autocorr_10s,0.0017552137961421854,0.12240980129352419,0.045463157838618096,210,512,8.135639903354386,0.9379174924551668,5.351858133476067,0.7295079196728957,0.7557531718591202,0.6885682245680029
ok,lower,1,300,mr_pts_t300,12,3.0,vol5m_top30,realized_vol_5m,0.3,1025,666,205,154,395,152,104,0.5930930930930931,0.7414634146341463,0.6753246753246753,0.6432472691161866,0.8192170445497615,0.6118409699076784,0.2098895186556903,0.5987500000000001,0.7734388155057179,0.6406393670929875,0.2240661431534332,3.0,realized_vol_5m,depth_near_ask,cancel_rate_ask,distance_from_session_vwap_anchor,best_bid_queue_norm,since_touch_any_seconds,rv_pre_pts2,depth_mid_bid,vwap_drift,band_k,realized_vol_5m,depth_near_ask,cancel_rate_ask,distance_from_session_vwap_anchor,since_touch_any_seconds,best_bid_queue_norm,depth_mid_bid,rv_pre_pts2,vwap_drift,band_k,0.044497269116186455,0.045778229044043606,0.028798397185309077,104,154,6.933423025730715,0.954862250919885,4.653960350157523,0.7293994748253759,0.7462648324141998,0.7321512353487912
ok,lower,3,300,mr_pts_t300,12,3.0,vol1m_top30,realized_vol_1m,0.3,1026,666,206,154,397,150,101,0.5960960960960962,0.7281553398058253,0.6558441558441559,0.6916666666666667,0.8664369603674145,0.5431822348797917,0.1814189483694455,0.6304875770595928,0.7507593138081613,0.6155380748042482,0.2126110206601587,93.0,return_last_5m,depth_near_ask,average_true_range,queue_imbalance_slope_5s,depth_mid_ask,realized_volatility_30s,distance_from_overnight_high,weighted_OBI_l3,cvd_acceleration,ask_convexity,return_last_5m,depth_near_ask,average_true_range,depth_mid_ask,queue_imbalance_slope_5s,distance_from_overnight_high,weighted_OBI_l3,realized_volatility_30s,OFI_5s,cvd_acceleration,0.061179089607073855,0.11567764655925317,0.07235583992445649,101,154,6.934397209928558,0.9115716319168365,4.624972813284271,0.7287055913393301,0.7412028321780227,0.7264954913195858
ok,lower,1,600,mr_pts_t600,24,6.0,vol5m_top30,realized_vol_5m,0.3,1025,666,205,154,309,122,83,0.4639639639639639,0.5951219512195122,0.538961038961039,0.7310882875765355,0.7729653016303659,0.613134049512574,0.2115531101173888,0.6797895808586458,0.6935071363877284,0.6693019916030923,0.2348110301379541,244.0,realized_vol_5m,distance_from_prior_day_high,average_true_range,CVD,bid_queue_depletion_rate,distance0,distance_from_session_vwap_anchor,spread_expansion_ratio,sigma0,distance_from_overnight_high,realized_vol_5m,distance_from_prior_day_high,average_true_range,bid_queue_depletion_rate,CVD,depth_near_ask,distance0,distance_from_overnight_high,distance_from_session_vwap_anchor,sigma0,0.05129870671788972,0.07945816524263749,0.05616794209051834,83,154,6.933423025730715,0.9346215640197364,4.430816798843313,0.7278185668316235,0.7411495524071545,0.7060084077705282
ok,lower,2,180,mr_pts_t180,12,3.0,vol5m_top30,realized_vol_5m,0.3,1031,670,206,155,363,108,92,0.5417910447761194,0.5242718446601942,0.5935483870967742,0.6278344671201813,0.662682416921599,0.6636726055065265,0.2358527347572024,0.6480331262939958,0.7168896008194962,0.6528554806162377,0.2303482520190028,59.0,distance_from_overnight_high,realized_vol_1m,realized_vol_5m,aggressive_sell_volume,depth_near_bid,bid_depth_curvature,average_true_range,wall_strength_opposite_5_5s_avg,queue_imbalance_std_5s,trade_imbalance_30s,distance_from_overnight_high,realized_vol_1m,realized_vol_5m,depth_near_bid,aggressive_sell_volume,bid_depth_curvature,queue_imbalance_std_5s,average_true_range,wall_strength_opposite_5_5s_avg,depth_mid_ask,0.02019865917381447,0.05420718389789714,-0.010817124890288854,92,155,6.939253946041508,0.9627970784641442,4.532599493153256,0.7273580378635236,0.7451712301889013,0.7157425032576652
ok,lower,1,300,mr_pts_t300,16,4.0,vol5m_top30,realized_vol_5m,0.3,1025,666,205,154,329,128,86,0.493993993993994,0.624390243902439,0.5584415584415584,0.6661931818181819,0.7185625327682846,0.6323156016974882,0.2194375489584644,0.661422708618331,0.6975307062380218,0.6534990761814256,0.2304465896560694,183.0,realized_vol_5m,distance0,spread_expansion_ratio,distance_from_prior_day_high,depth_mid_bid,bid_queue_depletion_rate,distance_from_session_vwap_anchor,realized_vol_1m,cancel_ratio,OFI_burst_ratio,realized_vol_5m,distance0,depth_near_ask,depth_mid_bid,realized_vol_1m,cancel_ratio,distance_from_prior_day_high,bid_queue_depletion_rate,spread_expansion_ratio,distance_from_session_vwap_anchor,0.004770473199850911,0.02103182653026281,0.021183474483937315,86,154,6.933423025730715,0.9870988501349431,4.465908118654584,0.7273289744871355,0.747280971220489,0.7100764020796351
ok,lower,1,600,mr_pts_t600,40,10.0,vol30_top30,realized_volatility_30s,0.3,1025,666,205,154,164,82,51,0.2462462462462462,0.4,0.3311688311688311,0.7627900059488399,0.7035149187961285,0.6608550353834636,0.2356363176065834,0.7707024557395773,0.5989961198427911,0.6042738359266658,0.2098594794457214,14.0,distance_from_overnight_high,average_true_range,realized_vol_5m,wall_strength_opposite_5_2s_avg,vwap_drift,distance_from_prior_day_high,opening_range_width,depth_near_ask,range_position,realized_volatility_30s,average_true_range,distance_from_overnight_high,realized_vol_5m,wall_strength_opposite_5_2s_avg,distance_from_prior_day_high,vwap_drift,opening_range_width,range_position,realized_volatility_30s,range_position_norm,0.007912449790737353,0.10451879895333738,-0.05658119945679774,51,154,6.933423025730715,0.9437843756279627,3.9512437185814275,0.7272955913268437,0.7347321409499303,0.669950864436071
ok,lower,2,60,mr_pts_t60,4,1.0,vol1m_top30,realized_vol_1m,0.3,1031,670,206,155,513,181,127,0.7656716417910447,0.8786407766990292,0.8193548387096774,0.5945856353591159,0.9000665818660113,0.4067972237896688,0.1180215458832155,0.5300899887514061,0.8403459131255924,0.4789069057328071,0.1501933234043607,5.0,distance_from_ema_21,bid_depth_curvature,sma_spread_20_50,trade_rate_pre_per_s,queue_imbalance_std_5s,flow_burst_ratio,add_rate_bid,update_rate_ask,wall_strength_opposite_5_2s_avg,realized_vol_1m,distance_from_ema_21,bid_depth_curvature,trade_rate_pre_per_s,wall_strength_opposite_5_2s_avg,add_rate_bid,distance_from_overnight_high,queue_imbalance_std_5s,sma_spread_20_50,realized_vol_1m,update_rate_ask,0.06449564660770979,0.059720668740418925,0.07210968194313827,127,155,6.939253946041508,0.9378918423259357,4.852030263919617,0.7270727841551052,0.7437508085701464,0.7549497154301366
ok,upper,2,600,mr_pts_t600,12,3.0,vol1m_top30,realized_vol_1m,0.3,1026,666,206,154,475,156,105,0.7132132132132132,0.7572815533980582,0.6818181818181818,0.7012820512820512,0.8427389248399259,0.5286874364955252,0.1737527645874972,0.6248785228377065,0.7494616025286919,0.6191505236194483,0.2141994024742994,29.0,depth_far_bid,impact_efficiency_10s,cancel_ratio,vwap_drift,abs_vwap_slope_pts_per_s,vwap_slope_pts_per_s,opening_range_width,OFI,toxicity_ratio,z_anchor_vwap,depth_far_bid,cancel_ratio,vwap_drift,impact_efficiency_10s,abs_vwap_slope_pts_per_s,distance_from_session_vwap_anchor,z_anchor_vwap,cvd_slope,opening_range_width,vwap_slope_pts_per_s,0.07640352844434473,0.09327732231123398,0.09046308712392315,105,154,6.934397209928558,0.9151595746222106,4.663439094112067,0.7263016794093251,0.7405076860149163,0.7286134742718471
ok,upper,2,300,mr_pts_t300,12,3.0,vol30_top30,realized_volatility_30s,0.3,1026,666,206,154,434,135,102,0.6516516516516516,0.6553398058252428,0.6623376623376623,0.6045905059989567,0.7335196905554252,0.6322853115811709,0.2201537873531487,0.6210407239819006,0.7334428203498882,0.6262013576768227,0.2174993388449571,36.0,impact_efficiency_10s,depth_far_bid,toxicity_ratio,cancel_rate_ask,depth_far_ask,abs_vwap_slope_pts_per_s,opening_range_width,bid_queue_depletion_rate,weighted_OBI_l10,add_rate_ask,impact_efficiency_10s,depth_far_bid,cancel_rate_ask,toxicity_ratio,depth_far_ask,weighted_OBI_l10,opening_range_width,abs_vwap_slope_pts_per_s,distance_from_session_vwap_anchor,add_rate_ask,0.016450217982943882,7.68702055370385e-05,-0.006083953904348127,102,154,6.934397209928558,0.9917364559057595,4.634728988229636,0.726016735123836,0.7489727978788032,0.7265911710588009
ok,upper,1,180,mr_pts_t180,8,2.0,vol5m_top30,realized_vol_5m,0.3,1023,664,205,154,457,152,121,0.6882530120481928,0.7414634146341463,0.7857142857142857,0.583416087388282,0.7893113308975774,0.5609823522115234,0.1871531705638062,0.5557225144002003,0.8011286721933176,0.5297054535001976,0.1724680728008178,45.0,cancel_ratio,queue_imbalance_std_5s,ask_depth_curvature,opening_range_width,average_true_range,distance_from_prior_day_high,vwap_slope_pts_per_s,realized_vol_1m,z_anchor_vwap,depth_mid_bid,cancel_ratio,ask_depth_curvature,opening_range_width,queue_imbalance_std_5s,depth_mid_bid,average_true_range,depth_far_bid,vwap_slope_pts_per_s,depth_far_ask,spread_volatility,0.027693572988081727,0.011817341295740191,-0.031276898711325773,121,154,6.931471805599453,0.980244542858089,4.804021044733257,0.7257787209391822,0.7482546746598034,0.7480071787466391
ok,lower,2,60,mr_pts_t60,8,2.0,vol1m_top30,realized_vol_1m,0.3,1031,670,206,155,352,141,89,0.5253731343283582,0.6844660194174758,0.5741935483870968,0.6905619203491544,0.8385698191379001,0.6194567770706154,0.2141573314307192,0.6450459652706844,0.7262345583672511,0.6526489943712227,0.2303037585965569,59.0,distance_from_overnight_high,distance_from_prior_day_high,realized_volatility_30s,spread_volatility,flow_burst_ratio,distance_from_ema_21,bid_depth_curvature,trade_sign_autocorr_60s,obv_session,ask_depth_curvature,distance_from_overnight_high,distance_from_prior_day_high,spread_volatility,realized_volatility_30s,flow_burst_ratio,distance_from_ema_21,trade_sign_autocorr_60s,obv_session,bid_depth_curvature,ask_queue_change_rate,0.04551595507847006,0.11233526077064893,0.033192217300607285,89,155,6.939253946041508,0.9210743920754405,4.499809670330265,0.7257288878344306,0.7377836044516727,0.7110415956470642
ok,lower,3,600,mr_pts_t600,40,10.0,vol1m_top30,realized_vol_1m,0.3,1026,666,206,154,156,77,58,0.2342342342342342,0.3737864077669903,0.3766233766233766,0.7914023960535589,0.7103806821319748,0.5579315325803785,0.1871584485890134,0.7526939655172414,0.614464854649632,0.5929012837403426,0.2063535420413378,94.0,bid_depth_curvature,distance_from_overnight_high,opening_range_width,depth_near_ask,spread_volatility,distance_from_prior_day_high,OFI_5s,depth_far_ask,return_last_30s,realized_vol_5m,distance_from_overnight_high,bid_depth_curvature,opening_range_width,depth_near_ask,realized_vol_5m,distance_from_prior_day_high,average_true_range,realized_volatility_30s,depth_far_ask,spread_volatility,0.03870843053631745,0.09591582748234284,0.034969751159964035,58,154,6.934397209928558,0.9326878709906699,4.07753744390572,0.7251819869663612,0.7339358984962038,0.6756828541756617
ok,upper,2,600,mr_pts_t600,4,1.0,vol5m_top30,realized_vol_5m,0.3,1026,666,206,154,610,196,138,0.915915915915916,0.9514563106796116,0.8961038961038961,0.6244897959183674,0.9737698775144858,0.1907730769621952,0.0460616361722098,0.4800724637681159,0.8976155938782591,0.3725110901731483,0.0986078001524408,75.0,ask_depth_curvature,queue_length_total_norm,impact_efficiency_10s,depth_far_ask,wall_strength_opposite_5,z_anchor_vwap,wall_persistence_2s,depth_far_bid,ask_liquidity_shock,distance_from_prior_day_high,ask_depth_curvature,wall_strength_opposite_5,depth_far_bid,queue_length_total_norm,wall_persistence_2s,depth_far_ask,distance_from_overnight_high,impact_efficiency_10s,depth_mid_bid,z_anchor_vwap,0.1444173321502515,0.07615428363622678,0.18173801321095312,138,154,6.934397209928558,0.8897141921067608,4.9344739331306915,0.7250963140697708,0.7358041830322188,0.7666238724146306
ok,lower,2,600,mr_pts_t600,40,10.0,vol1m_top30,realized_vol_1m,0.3,1031,670,206,155,150,77,52,0.2238805970149253,0.3737864077669903,0.3354838709677419,0.7512836001208094,0.5857460170775898,0.6873190547651883,0.2453740082012312,0.7418782673637042,0.6123960096658152,0.6511947279523592,0.2284482969923173,5.0,distance_from_overnight_high,realized_vol_5m,average_true_range,opening_range_width,range_position,distance_from_range_extreme,microprice,vwap_drift,dist_day_high,seconds_since_open,distance_from_overnight_high,realized_vol_5m,average_true_range,opening_range_width,range_position,distance_from_range_extreme,vwap_drift,return_last_30s,seconds_since_open,microprice,0.0094053327571052,0.026649992588225424,-0.036124326812829066,52,155,6.939253946041508,0.9819723373273348,3.970291913552122,0.7250161837162536,0.7367665898377075,0.6705311371417537
ok,upper,1,600,mr_pts_t600,12,3.0,vol5m_top30,realized_vol_5m,0.3,1023,664,205,154,496,156,117,0.7469879518072289,0.7609756097560976,0.7597402597402597,0.6246729461015175,0.8345050662176174,0.5437252386180778,0.1784955085131017,0.5671055671055671,0.7950035251522762,0.5777462880461464,0.1890917109838822,260.0,abs_vwap_slope_pts_per_s,depth_mid_bid,distance_from_overnight_high,OFI_30s,tick_rate,distance_from_value_area_low,liquidity_compression,time_of_day_sin,distance_from_overnight_low,bid_liquidity_shock,distance_from_overnight_high,abs_vwap_slope_pts_per_s,depth_mid_bid,liquidity_compression,time_of_day_sin,z_anchor_vwap,cancel_ratio,bid_liquidity_shock,tick_rate,wall_persistence_2s,0.057567378995950325,0.039501541065341206,0.034021049428068606,117,154,6.931471805599453,0.9514655399693542,4.770684624465665,0.7250039829160388,0.743830975442118,0.7425042889089073
ok,upper,1,60,mr_pts_t60,12,3.0,none,,,3407,2214,681,512,511,118,130,0.2308039747064137,0.1732745961820851,0.25390625,0.8159075172351506,0.4649541786537797,0.3646124838237261,0.1160913498960448,0.7960934353604512,0.5266444886570825,0.4601810928890781,0.1517996628424566,197.0,realized_volatility_30s,realized_vol_1m,opening_range_width,trades_per_second,depth_near_ask,opening_range_position,spread_expansion_ratio,cooldown_seconds,distance_from_overnight_high,since_touch_any_seconds,realized_vol_1m,realized_volatility_30s,opening_range_width,cooldown_seconds,sigma0,trade_rate_pre_per_s,distance_from_overnight_high,trades_per_second,distance_from_overnight_low,depth_near_ask,0.019814081874699463,0.06169031000330277,0.09556860906535203,118,512,8.133880887949207,0.9592478040609989,4.77912349311153,0.724781166315277,0.7452316363636696,0.6569255358463777
ok,lower,3,600,mr_pts_t600,40,10.0,vol30_top30,realized_volatility_30s,0.3,1026,666,206,154,162,74,57,0.2432432432432432,0.3592233009708738,0.3701298701298701,0.815929565929566,0.6621574025172844,0.6422267375906817,0.2264280834309535,0.7407306927111593,0.6214053205730257,0.6714042938858632,0.2387975288474549,8.0,distance_from_overnight_high,opening_range_width,depth_near_ask,average_true_range,bid_depth_curvature,realized_vol_5m,OFI_5s,depth_far_ask,spread_volatility,dist_day_high,distance_from_overnight_high,opening_range_width,depth_near_ask,realized_vol_5m,bid_depth_curvature,average_true_range,distance_from_session_midrange,dist_day_high,spread_volatility,session_high_running_t0,0.07519887321840668,0.04075208194425872,0.029177556295181484,57,154,6.934397209928558,0.9420245224186672,4.060443010546419,0.7241065293560853,0.7332805987741372,0.6744826745757986
ok,upper,1,180,mr_pts_t180,12,3.0,vol1m_top30,realized_vol_1m,0.3,1023,664,205,154,394,132,94,0.5933734939759037,0.6439024390243903,0.6103896103896104,0.6549398090493981,0.747332637194158,0.6149061604974757,0.2122015174546137,0.6361702127659574,0.7168780171316256,0.6437844640282884,0.2261404081936661,74.0,opening_range_width,rsi_14,cancel_ratio,depth_mid_bid,since_touch_any_seconds,average_true_range,bid_queue_depletion_rate,queue_imbalance_std_5s,depth_mid_ask,wall_strength_opposite_3_2s_avg,opening_range_width,cancel_ratio,rsi_14,average_true_range,since_touch_any_seconds,queue_imbalance_std_5s,depth_mid_bid,depth_mid_ask,bid_queue_depletion_rate,cooldown_seconds,0.01876959628344066,0.03045462006253241,0.028878303530812666,94,154,6.931471805599453,0.9753878918270135,4.553876891600541,0.7237718731577008,0.7440537139451676,0.7158693925829651
ok,lower,3,600,mr_pts_t600,4,1.0,vol5m_top30,realized_vol_5m,0.3,1026,666,206,154,605,191,140,0.9084084084084084,0.9271844660194176,0.9090909090909092,0.4680628272251309,0.9098397621428088,0.2626912294915633,0.0677810252966073,0.4533163265306122,0.8967891329191355,0.3048010429608914,0.0826307283359515,8.0,distance_from_value_area_low,depth_near_ask,vwap_slope_pts_per_s,sma_spread_20_50,depth_mid_ask,cvd_acceleration,OFI_burst_ratio,trade_imbalance_60s,distance_from_prior_day_high,return_last_5m,depth_near_ask,sma_spread_20_50,vwap_slope_pts_per_s,distance_from_prior_day_low,distance_from_value_area_low,OFI_burst_ratio,cvd_acceleration,wall_strength_opposite_5,depth_mid_ask,distance_from_prior_day_high,0.01474650069451866,0.013050629223673282,0.04210981346932807,140,154,6.934397209928558,0.9861014350409041,4.948759890378168,0.7237019990845344,0.7458180573307224,0.7698945461491524
ok,lower,2,300,mr_pts_t300,24,6.0,vol1m_top30,realized_vol_1m,0.3,1031,670,206,155,220,96,66,0.3283582089552239,0.4660194174757281,0.4258064516129032,0.6580018939393939,0.5978731529407475,0.6872092312014976,0.2474347933690257,0.7265917602996255,0.6326683248547118,0.6621081710084051,0.2359025300984396,17.0,distance_from_overnight_high,average_true_range,realized_vol_5m,opening_range_width,depth_mid_ask,spread_mid_ratio,depth_far_ask,trade_rate_pre_per_s,cancel_rate_ask,time_of_day_sin,distance_from_overnight_high,realized_vol_5m,average_true_range,depth_mid_ask,opening_range_width,depth_far_ask,bid_depth_curvature,cancel_rate_ask,time_of_day_sin,spread_mid_ratio,0.06858986636023157,0.03479517191396431,-0.02510106019309244,66,155,6.939253946041508,0.9483074808629021,4.204692619390966,0.7236440213197375,0.7364915449105892,0.6832223967889748
ok,upper,2,600,mr_pts_t600,12,3.0,none,,,3418,2221,684,513,1275,390,333,0.5740657361548852,0.5701754385964912,0.6491228070175439,0.6495552066980638,0.7088362966647641,0.650844915626877,0.2297258006526608,0.5951284617951285,0.7230557643902261,0.6479398390185995,0.2269626254204589,123.0,cancel_rate_ask,opening_range_width,realized_vol_1m,impact_efficiency_30s,realized_volatility_30s,abs_vwap_slope_pts_per_s,impact_efficiency_10s,depth_far_bid,bid_depth_curvature,spread_volatility,cancel_rate_ask,realized_vol_1m,opening_range_width,depth_far_bid,realized_volatility_30s,depth_far_ask,abs_vwap_slope_pts_per_s,vwap_drift,spread_expansion_ratio,depth_mid_bid,0.05442674490293531,0.01421946772546201,-0.002905076608277435,333,513,8.137103389639302,0.9656768936858013,5.811140992976701,0.7236421197981784,0.7603157242283886,0.7253449064517857
ok,lower,2,600,mr_pts_t600,24,6.0,none,,,3434,2232,686,516,644,168,195,0.2885304659498208,0.2448979591836734,0.377906976744186,0.7585034013605442,0.5188683067545178,0.4736538268302963,0.1538049134546828,0.7236999760364247,0.6002189597471204,0.6138998021400143,0.2143630416640807,128.0,distance_from_overnight_high,realized_volatility_30s,realized_vol_1m,average_true_range,depth_far_ask,tick_rate,depth_mid_ask,distance_from_range_extreme_norm,prior_day_rth_high,cancel_rate_ask,realized_vol_1m,distance_from_overnight_high,realized_volatility_30s,average_true_range,depth_far_ask,realized_vol_5m,depth_mid_ask,distance_from_range_extreme_norm,tick_rate,seconds_since_open,0.03480342532411951,0.08135065299260258,0.140245975309718,168,516,8.14177220465645,0.9419229608416388,5.1298987149230735,0.7236178728912064,0.7470708866566296,0.6779229738118357
ok,lower,2,600,mr_pts_t600,12,3.0,vol1m_top30,realized_vol_1m,0.3,1031,670,206,155,467,155,112,0.6970149253731344,0.7524271844660194,0.7225806451612903,0.7050600885515497,0.8726422681716567,0.5579288208983829,0.1855001845445577,0.580045681063123,0.7904479493247677,0.5891931995360227,0.1998899319176225,5.0,distance_from_overnight_high,add_rate_bid,remove_rate_near_bid,prior_day_rth_high,vwap_open,cancel_rate_ask,bid_depth_curvature,realized_vol_5m,aggressive_buy_volume,OFI_30s,distance_from_overnight_high,add_rate_bid,remove_rate_near_bid,cancel_rate_ask,realized_vol_5m,vwap_open,prior_day_rth_high,bid_depth_curvature,distance_from_prior_day_high,distance_from_overnight_low,0.12501440748842663,0.08219431884688899,0.031264378637639756,112,155,6.939253946041508,0.8963956368323421,4.727387818712341,0.7229462550101029,0.7349216025087782,0.7338063862117457
ok,upper,2,300,mr_pts_t300,12,3.0,none,,,3418,2221,684,513,1030,297,293,0.4637550652859072,0.4342105263157895,0.571150097465887,0.6390694194311766,0.5780244690834233,0.6572174067474346,0.2326881177607852,0.6328575860999068,0.6892786128729891,0.669375037955446,0.2384420232272165,66.0,cancel_rate_ask,realized_volatility_30s,realized_vol_1m,depth_mid_bid,opening_range_width,depth_far_bid,impact_efficiency_10s,best_ask_queue_norm,impact_efficiency_30s,toxicity_ratio,realized_volatility_30s,cancel_rate_ask,realized_vol_1m,depth_mid_bid,depth_far_bid,opening_range_width,impact_efficiency_10s,depth_far_ask,best_ask_queue_norm,tick_rate,0.006211833331269734,0.11125414378956577,0.012157631208011388,293,513,8.137103389639302,0.9412670114395822,5.683579767338681,0.7227819206885729,0.7553894206475386,0.7107047460548158
ok,upper,3,600,mr_pts_t600,12,3.0,vol1m_top30,realized_vol_1m,0.3,1042,677,208,157,452,157,106,0.6676514032496307,0.7548076923076923,0.6751592356687898,0.7510927938054204,0.8905979123017947,0.5249775237108208,0.1717207017845442,0.6150573436921939,0.7615771252753618,0.6142615476486273,0.2121168275886098,33.0,opening_range_width,depth_mid_bid,cancel_ratio,trade_rate_pre_per_s,impact_efficiency_3s,average_true_range,depth_near_bid,distance_from_overnight_high,distance_from_range_extreme_norm,depth_far_ask,opening_range_width,depth_mid_bid,trade_rate_pre_per_s,cancel_ratio,depth_near_bid,average_true_range,impact_efficiency_3s,depth_far_ask,distance_from_session_vwap_anchor,impact_decay_5s,0.13603545011322649,0.12902078702643294,0.08928402393780643,106,157,6.949856455000773,0.8674718814301703,4.672828834461906,0.7226402535885977,0.7313967868636939,0.7243295483059287
ok,upper,1,60,mr_pts_t60,12,3.0,vol1m_top30,realized_vol_1m,0.3,1023,664,205,154,282,93,69,0.4246987951807229,0.4536585365853658,0.448051948051948,0.6539938556067588,0.5860047621968015,0.6627018631856142,0.2350313417413133,0.7060528559249786,0.652612656001422,0.6427596076877743,0.2254022300901502,34.0,depth_mid_bid,opening_range_width,update_rate_ask,add_rate_ask,realized_vol_5m,depth_far_ask,wall_strength_opposite_3_2s_avg,toxicity_ratio,since_touch_any_seconds,trade_sign_autocorr_30s,depth_mid_bid,opening_range_width,update_rate_ask,add_rate_ask,wall_strength_opposite_3_2s_avg,realized_vol_5m,depth_far_ask,trade_sign_autocorr_30s,realized_vol_1m,trade_rate_pre_per_s,0.05205900031821975,0.06660789380462051,-0.0199422554978399,69,154,6.931471805599453,0.9406665529385798,4.248495242049359,0.7225466520803845,0.7348281589043048,0.6865185258956077
ok,upper,2,600,mr_pts_t600,16,4.0,vol30_top30,realized_volatility_30s,0.3,1026,666,206,154,427,141,94,0.6411411411411412,0.6844660194174758,0.6103896103896104,0.6717948717948719,0.7806862206564225,0.581676990038968,0.1960446795313727,0.649290780141844,0.7062224583097363,0.652144992053034,0.2286451959794655,128.0,depth_far_bid,impact_efficiency_10s,opening_range_width,distance_from_overnight_low,vwap_drift,abs_vwap_slope_pts_per_s,queue_length_total_norm,trade_sign_autocorr_30s,distance_from_overnight_high,weighted_OBI_l10,depth_far_bid,abs_vwap_slope_pts_per_s,opening_range_width,distance_from_overnight_high,vwap_drift,distance_from_overnight_low,impact_efficiency_10s,weighted_OBI_l10,distance_from_session_vwap_anchor,impact_decay_5s,0.022504091653027802,0.07446376234668617,0.070468002014066,94,154,6.934397209928558,0.951516073000143,4.553876891600541,0.7224065744811912,0.7406748811147871,0.7137248151099613
ok,lower,2,180,mr_pts_t180,16,4.0,vol30_top30,realized_volatility_30s,0.3,1031,670,206,155,268,115,86,0.4,0.558252427184466,0.5548387096774193,0.664022933588151,0.6796941015912622,0.7182019853185422,0.2624527109614587,0.6548702392989553,0.6903820849730838,0.7205537811915471,0.2636144579086016,7.0,cancel_rate_ask,distance_from_ema_21,depth_far_ask,add_rate_bid,distance_from_overnight_high,z_anchor_vwap,time_of_day_sin,stoch_d_3,realized_vol_5m,realized_vol_1m,cancel_rate_ask,depth_far_ask,add_rate_bid,distance_from_ema_21,distance_from_overnight_high,realized_vol_1m,z_anchor_vwap,time_of_day_sin,stoch_d_3,realized_vol_5m,0.00915269428919574,0.010687983381821642,0.002351795873004936,86,155,6.939253946041508,0.9900796611644913,4.465908118654584,0.7222181349969772,0.7434391827851357,0.7054378132700403
ok,lower,2,60,mr_pts_t60,4,1.0,vol30_top30,realized_volatility_30s,0.3,1031,670,206,155,514,178,126,0.7671641791044777,0.8640776699029126,0.8129032258064516,0.5780497592295345,0.8797617261514743,0.4176767925314164,0.1235845619487759,0.5254515599343186,0.8285423773816779,0.4849730087613515,0.1530757395594838,11.0,distance_from_ema_21,distance_from_overnight_high,bid_depth_curvature,queue_imbalance_std_5s,bid_queue_depletion_rate,cancel_ratio,microprice,cooldown_seconds,depth_far_bid,bid_convexity,distance_from_overnight_high,distance_from_ema_21,bid_depth_curvature,queue_imbalance_std_5s,bid_queue_depletion_rate,cooldown_seconds,trade_imbalance_60s,remove_rate_near_bid,cancel_ratio,microprice,0.05259819929521592,0.05121934876979639,0.06729621622993515,126,155,6.939253946041508,0.9480912259674938,4.844187086458591,0.7215159366948602,0.7404345623166071,0.7494791457033123
ok,upper,3,60,mr_pts_t60,4,1.0,vol1m_top30,realized_vol_1m,0.3,1042,677,208,157,512,175,111,0.7562776957163959,0.8413461538461539,0.7070063694267515,0.6793073593073594,0.919048646875153,0.433195082412425,0.1323123885893638,0.6083039561300433,0.7605703522998987,0.6081753953661728,0.2081356352023689,41.0,depth_far_bid,CVD,bid_queue_depletion_rate,distance_from_range_extreme_norm,queue_imbalance_std_5s,realized_vol_5m,absorption_ratio,depth_near_bid,distance_from_prior_day_high,aggressive_volume_ratio,depth_far_bid,CVD,realized_vol_5m,aggressive_volume_ratio,distance_from_range_extreme_norm,realized_volatility_30s,distance_from_overnight_high,depth_near_bid,abs_vwap_slope_pts_per_s,distance0,0.07100340317731613,0.1584782945752543,0.17498031295374783,111,157,6.949856455000773,0.8852591511237148,4.718498871295094,0.7213149163429067,0.7334042617539724,0.7285069585289201
ok,lower,3,300,mr_pts_t300,24,6.0,vol1m_top30,realized_vol_1m,0.3,1026,666,206,154,216,88,73,0.3243243243243243,0.4271844660194174,0.474025974025974,0.738828967642527,0.6677716937493564,0.6551639203938179,0.232116662753796,0.6835785557246744,0.6643812291964538,0.7024373552077102,0.2548408776501352,16.0,depth_near_ask,cancel_rate_ask,realized_volatility_30s,return_last_5m,queue_imbalance_slope_5s,update_rate_bid,distance_from_overnight_high,depth_mid_bid,wall_strength_opposite_5_5s_avg,opening_range_width,depth_near_ask,cancel_rate_ask,return_last_5m,realized_volatility_30s,queue_imbalance_slope_5s,depth_mid_bid,update_rate_bid,distance_from_overnight_high,wall_strength_opposite_5_5s_avg,realized_vol_5m,0.055250411917852627,0.0033904645529025945,0.047273434813892345,73,154,6.934397209928558,0.9706795617646223,4.30406509320417,0.7213015419454583,0.7378529227378126,0.6908285210170642
ok,lower,2,60,mr_pts_t60,4,1.0,vol5m_top30,realized_vol_5m,0.3,1031,670,206,155,520,164,121,0.7761194029850746,0.7961165048543689,0.7806451612903226,0.5518292682926829,0.8338205808499407,0.5057294858017533,0.1623097301741574,0.5365824015556636,0.807194920799573,0.525028922780237,0.170868610192749,4.0,spread_volatility,best_ask_queue_norm,realized_vol_1m,trade_imbalance_30s,opening_range_width,distance_from_value_area_high,bid_convexity,bid_curvature_l5,convexity_ratio_bid,update_rate_ask,realized_vol_1m,opening_range_width,distance_from_value_area_high,spread_volatility,convexity_ratio_bid,bid_convexity,best_ask_queue_norm,bid_curvature_l5,add_rate_bid,trade_imbalance_30s,0.015246866737019249,0.026625660050367705,0.019299436978483797,121,155,6.939253946041508,0.9790637366063064,4.804021044733257,0.7205265417744378,0.7431393484957357,0.743605329772441
ok,upper,3,600,mr_pts_t600,16,4.0,vol1m_top30,realized_vol_1m,0.3,1042,677,208,157,389,144,91,0.5745937961595273,0.6923076923076923,0.5796178343949044,0.6856011284722221,0.8112112030171537,0.6135666250909932,0.2110604600312299,0.6510156510156512,0.7042600293160838,0.6630189128627294,0.23523677647386,17.0,opening_range_width,depth_mid_bid,distance_from_range_extreme_norm,cancel_ratio,depth_near_bid,ask_curvature_l5,depth_far_ask,z_anchor_vwap,weighted_OBI_l5,vwap_drift,opening_range_width,distance_from_range_extreme_norm,depth_near_bid,depth_mid_bid,cancel_ratio,depth_far_ask,vwap_drift,ask_curvature_l5,weighted_OBI_l5,distance_from_session_vwap_anchor,0.03458547745657092,0.10695117370106988,0.04945228777173616,91,157,6.949856455000773,0.9292316744211795,4.5217885770490405,0.7202727174333703,0.7354490462875392,0.7069008260252366
ok,lower,2,180,mr_pts_t180,24,6.0,vol1m_top30,realized_vol_1m,0.3,1031,670,206,155,165,79,55,0.2462686567164179,0.3834951456310679,0.3548387096774194,0.6587262035283564,0.5133708162264488,0.6328603890882216,0.2209229561967973,0.7247272727272727,0.6355689752191294,0.609993497102092,0.2119990132405546,108.0,opening_range_width,distance_from_overnight_high,realized_vol_1m,spread_expansion_ratio,realized_vol_5m,depth_far_ask,time_of_day_sin,dsigma_dt,bid_curvature_l5,realized_volatility_30s,opening_range_width,distance_from_overnight_high,realized_vol_5m,realized_vol_1m,depth_far_ask,realized_volatility_30s,spread_expansion_ratio,bid_curvature_l5,time_of_day_sin,dsigma_dt,0.06600106919891624,0.1221981589926806,-0.022866891986129567,55,155,6.939253946041508,0.9059003859042015,4.02535169073515,0.7198177769406933,0.7238463749513995,0.6687924073586224
ok,upper,3,600,mr_pts_t600,12,3.0,none,,,3474,2258,694,522,1238,384,324,0.5482728077945084,0.553314121037464,0.6206896551724138,0.6528477822580645,0.677881148753972,0.6510511343919133,0.2295259746053863,0.6162395560543709,0.6889623083288909,0.6470633635733983,0.2270796307468786,69.0,realized_vol_1m,cancel_rate_bid,opening_range_width,average_true_range,realized_vol_5m,depth_mid_ask,distance_from_prior_day_high,z_anchor_vwap,cancel_ratio,impact_efficiency_30s,realized_vol_1m,cancel_rate_bid,average_true_range,opening_range_width,realized_vol_5m,distance_from_overnight_high,z_anchor_vwap,depth_mid_ask,depth_far_ask,opening_range_position,0.03660822620369364,0.011081159574918953,-0.00398777081851498,324,522,8.153349757998892,0.9761553071106936,5.783825182329737,0.7196962764643741,0.7589049161737135,0.7167276537183546
ok,lower,2,300,mr_pts_t300,16,4.0,vol30_top30,realized_volatility_30s,0.3,1031,670,206,155,326,121,93,0.4865671641791044,0.587378640776699,0.6,0.6629071463296062,0.7143052651522972,0.6901737508156957,0.2485138280614262,0.6450745750953867,0.6952651765209419,0.6959597090956856,0.2514071725578294,3.0,overnight_high,cancel_rate_ask,distance_from_ema_21,bid_depth_curvature,distance_from_overnight_high,depth_near_ask,trade_imbalance_60s,microprice,band_k,side,cancel_rate_ask,bid_depth_curvature,overnight_high,distance_from_overnight_high,trade_imbalance_60s,distance_from_ema_21,depth_near_ask,microprice,band_k,side,0.017832571234219552,0.019040088631355312,0.005785958279989956,93,155,6.939253946041508,0.9815636700672126,4.543294782270004,0.7194015068249651,0.741663018778109,0.7101307904893792
ok,upper,1,600,mr_pts_t600,16,4.0,vol30_top30,realized_volatility_30s,0.3,1023,664,205,154,421,149,102,0.6340361445783133,0.7268292682926829,0.6623376623376623,0.670182166826462,0.8328408321618304,0.5505573096213994,0.1839417097480487,0.6185897435897436,0.7359370718469593,0.6190021170694138,0.2133110566917349,107.0,opening_range_width,z_anchor_vwap,impact_efficiency_3s,depth_mid_bid,tick_rate,queue_imbalance_std_5s,impact_decay_5s,spread_volatility,abs_vwap_slope_pts_per_s,time_of_day_sin,opening_range_width,z_anchor_vwap,time_of_day_sin,abs_vwap_slope_pts_per_s,spread_volatility,impact_efficiency_3s,depth_mid_bid,tick_rate,toxicity_ratio,queue_imbalance_std_5s,0.05159242323671842,0.09690376031487102,0.0684448074480144,102,154,6.931471805599453,0.9257519082242053,4.634728988229636,0.7193997090130677,0.7356663206543589,0.7200945304123947
ok,lower,2,600,mr_pts_t600,32,8.0,none,,,3434,2232,686,516,430,106,132,0.1926523297491039,0.1545189504373177,0.2558139534883721,0.7899154196486661,0.4381677185396895,0.3558482468707613,0.1091117122924195,0.7638099747474747,0.5496280197331812,0.5016085713441896,0.1651781963745761,116.0,distance_from_overnight_high,realized_vol_1m,average_true_range,realized_volatility_30s,depth_far_ask,depth_mid_bid,impact_efficiency_30s,opening_range_width,tick_rate,wall_persistence_2s,realized_vol_1m,average_true_range,distance_from_overnight_high,depth_far_ask,realized_volatility_30s,opening_range_width,depth_mid_bid,impact_efficiency_30s,realized_vol_5m,distance_from_overnight_low,0.026105444901191377,0.1114603011934917,0.1457603244734283,106,516,8.14177220465645,0.9312171269526586,4.672828834461906,0.7183549129811526,0.7326245251748856,0.652864607543002
ok,lower,2,60,mr_pts_t60,12,3.0,none,,,3434,2232,686,516,469,109,130,0.2101254480286738,0.1588921282798834,0.251937984496124,0.7939675321577918,0.4151675062701485,0.3661803702183356,0.1143070658738316,0.7801913112793942,0.5322806272748957,0.4969797482203816,0.1628884681476381,99.0,realized_vol_1m,realized_volatility_30s,distance_from_overnight_high,depth_near_ask,prior_day_rth_high,bid_queue_depletion_rate,add_rate_ask,bid_depth_curvature,trade_imbalance_60s,depth_mid_bid,realized_vol_1m,realized_volatility_30s,distance_from_overnight_high,depth_near_ask,add_rate_ask,bid_depth_curvature,depth_near_bid,trade_imbalance_60s,depth_mid_ask,bid_queue_depletion_rate,0.013776220878397583,0.11711312100474719,0.130799378002046,109,516,8.14177220465645,0.9345553290584276,4.700480365792417,0.718302310821183,0.7344969543562919,0.6514598460039176
ok,upper,3,60,mr_pts_t60,4,1.0,vol5m_top30,realized_vol_5m,0.3,1043,677,209,157,509,170,118,0.7518463810930576,0.8133971291866029,0.7515923566878981,0.6552036199095023,0.8978864958482092,0.4739642205107613,0.149401917024985,0.5554106910039114,0.8012967950622731,0.557120597702107,0.1855112326913574,30.0,depth_far_bid,distance_from_value_area_high,trade_sign_autocorr_60s,depth_curvature_pressure,queue_imbalance_std_5s,ask_liquidity_shock,toxicity_ratio,rv_pre_pts2,impact_decay_3s,add_rate_ask,depth_far_bid,distance_from_value_area_high,queue_imbalance_std_5s,trade_sign_autocorr_60s,add_rate_ask,CVD,depth_curvature_pressure,toxicity_ratio,ask_liquidity_shock,realized_vol_5m,0.09979292890559088,0.0965897007859361,0.08315637719134567,118,157,6.950814768442584,0.9018086851542364,4.77912349311153,0.7181148944167026,0.7319005439790854,0.7352478390663825
ok,upper,2,180,mr_pts_t180,12,3.0,none,,,3418,2221,684,513,835,236,237,0.3759567762269248,0.3450292397660818,0.4619883040935672,0.6937802663438257,0.5404449639984751,0.5941492265054348,0.2044475678547909,0.6804256099798203,0.6262015733342232,0.650915046416208,0.2290656706314501,108.0,realized_volatility_30s,cancel_rate_ask,toxicity_ratio,realized_vol_1m,opening_range_width,depth_mid_bid,depth_far_bid,cancel_rate_bid,add_rate_bid,impact_efficiency_30s,realized_volatility_30s,cancel_rate_ask,realized_vol_1m,depth_far_bid,toxicity_ratio,depth_mid_bid,add_rate_bid,opening_range_width,cancel_rate_bid,depth_near_ask,0.013354656364005457,0.08575660933574814,0.05676581991077323,236,513,8.137103389639302,0.9504443671501233,5.4680601411351315,0.7174960499960861,0.7496853518380455,0.6874416559454279
ok,upper,1,300,mr_pts_t300,4,1.0,vol5m_top30,realized_vol_5m,0.3,1023,664,205,154,588,182,140,0.8855421686746988,0.8878048780487805,0.9090909090909092,0.5998566650740563,0.93265316707824,0.3487244558642925,0.099290748881168,0.4612244897959183,0.8916027507873201,0.310474162521865,0.083832882167564,22.0,cancel_ratio,abs_vwap_slope_pts_per_s,cancel_rate_bid,distance_from_session_vwap_anchor,depth_mid_ask,cancel_rate_ask,z_anchor_vwap,OFI,bid_queue_change_rate,ema_spread_9_21,cancel_ratio,abs_vwap_slope_pts_per_s,z_anchor_vwap,bid_queue_change_rate,cancel_rate_bid,distance_from_session_vwap_anchor,depth_mid_ask,time_of_day_sin,cancel_rate_ask,stoch_d_3,0.13863217527813804,0.04105041629091988,-0.03825029334242752,140,154,6.931471805599453,0.9101587042154711,4.948759890378168,0.7171605586708087,0.7318414536689483,0.7628216085154871
ok,upper,1,180,mr_pts_t180,12,3.0,vol5m_top30,realized_vol_5m,0.3,1023,664,205,154,381,126,100,0.5737951807228916,0.6146341463414634,0.6493506493506493,0.580872011251758,0.6902633567007048,0.6571427003263343,0.2324033279606651,0.6025925925925927,0.7341185206605223,0.6334466257880953,0.2211279294096934,41.0,cancel_rate_bid,opening_range_width,depth_mid_bid,add_rate_bid,realized_vol_5m,z_anchor_vwap,rsi_14,liquidity_compression,ask_depth_curvature,depth_mid_ask,opening_range_width,cancel_rate_bid,depth_mid_bid,add_rate_bid,liquidity_compression,ask_depth_curvature,z_anchor_vwap,abs_vwap_slope_pts_per_s,realized_vol_5m,tick_rate,0.021720581340834655,0.04385516395981748,-0.023696074538238965,100,154,6.931471805599453,0.9672121273496739,4.61512051684126,0.7164194500521794,0.7373347529499679,0.7168568621624913
ok,lower,2,180,mr_pts_t180,24,6.0,vol30_top30,realized_volatility_30s,0.3,1031,670,206,155,169,77,61,0.2522388059701492,0.3737864077669903,0.3935483870967742,0.6815664955199839,0.5280434412443591,0.6169676114390088,0.2150695290420991,0.7185211021974189,0.6250585709418188,0.6439078046334216,0.2286412184766715,61.0,opening_range_width,distance_from_overnight_high,realized_vol_5m,realized_vol_1m,depth_near_ask,dsigma_dt,add_rate_bid,wall_persistence_2s,dist_day_high,spread_expansion_ratio,opening_range_width,distance_from_overnight_high,realized_vol_5m,realized_vol_1m,depth_near_ask,dsigma_dt,add_rate_bid,dist_day_high,realized_volatility_30s,wall_persistence_2s,0.036954606677435,0.09701512969745973,0.026940193194412765,61,155,6.939253946041508,0.9330151318125526,4.127134385045092,0.7158426216086629,0.7264306378253902,0.671769840906346
ok,upper,1,180,mr_pts_t180,4,1.0,vol5m_top30,realized_vol_5m,0.3,1023,664,205,154,568,179,139,0.8554216867469879,0.8731707317073171,0.9025974025974026,0.6455737000429738,0.908085404517246,0.3802505667157737,0.1107163912632688,0.4575539568345323,0.8944491671343818,0.329067978313584,0.0900809839892651,1.0,cancel_ratio,distance_from_session_vwap_anchor,best_ask_queue_norm,average_true_range,band_k,side,is_weekend,entry_price,distance0,sigma0,cancel_ratio,distance_from_session_vwap_anchor,average_true_range,best_ask_queue_norm,band_k,side,is_weekend,entry_price,distance0,sigma0,0.18801974320844145,0.013636237382864125,-0.0511825884021897,139,154,6.931471805599453,0.8991720097043472,4.941642422609304,0.7157322425739665,0.72903947035916,0.7606439989234046
ok,upper,1,600,mr_pts_t600,16,4.0,vol5m_top30,realized_vol_5m,0.3,1023,664,205,154,432,140,105,0.6506024096385542,0.6829268292682927,0.6818181818181818,0.6557142857142857,0.7546184089469199,0.5969622190704007,0.2018496213439577,0.5819241982507288,0.753514096683617,0.6282051110830439,0.2177533533582481,123.0,opening_range_width,depth_mid_bid,abs_vwap_slope_pts_per_s,depth_mid_ask,time_of_day_sin,tick_rate,depth_far_bid,cancel_ratio,cancel_rate_bid,z_anchor_vwap,opening_range_width,abs_vwap_slope_pts_per_s,depth_mid_bid,time_of_day_sin,depth_mid_ask,tick_rate,z_anchor_vwap,distance_from_overnight_high,cancel_ratio,cancel_rate_bid,0.07379008746355686,0.0011043122633028757,0.031242892012643186,105,154,6.931471805599453,0.9625528001365702,4.663439094112067,0.7154443900033616,0.7361680657588237,0.721848992616835
ok,upper,2,300,mr_pts_t300,12,3.0,vol5m_top30,realized_vol_5m,0.3,1026,666,206,154,415,130,102,0.6231231231231231,0.6310679611650486,0.6623376623376623,0.6076923076923076,0.6864374667621728,0.6461876869185393,0.226947963517122,0.5867269984917045,0.749360506803454,0.6293817002612548,0.219408807356602,30.0,impact_efficiency_10s,depth_far_bid,cancel_ratio,add_rate_ask,realized_volatility_30s,z_anchor_vwap,distance_from_prior_day_high,depth_mid_bid,average_true_range,realized_vol_1m,impact_efficiency_10s,cancel_ratio,depth_far_bid,average_true_range,add_rate_ask,realized_volatility_30s,z_anchor_vwap,depth_mid_bid,bid_liquidity_shock,distance_from_prior_day_high,0.020965309200603133,0.06292304004128124,-0.0168059866572845,102,154,6.934397209928558,0.9580558253790578,4.634728988229636,0.715290256456514,0.7350021737879641,0.71850018061782
ok,upper,1,600,mr_pts_t600,16,4.0,vol1m_top30,realized_vol_1m,0.3,1023,664,205,154,433,149,98,0.6521084337349398,0.7268292682926829,0.6363636363636364,0.6846836049856184,0.831170825931377,0.5410391135927484,0.1793876834152695,0.6096938775510204,0.7370756586949115,0.6598469930463284,0.2295514438956845,205.0,opening_range_width,impact_efficiency_3s,depth_mid_bid,tick_rate,time_of_day_sin,distance_from_overnight_high,abs_vwap_slope_pts_per_s,vwap_drift,trade_sign_autocorr_60s,ask_queue_change_rate,opening_range_width,time_of_day_sin,tick_rate,distance_from_overnight_high,impact_efficiency_3s,depth_mid_bid,depth_mid_ask,abs_vwap_slope_pts_per_s,since_touch_any_seconds,vwap_drift,0.07498972743459797,0.0940951672364655,0.11880787945358007,98,154,6.931471805599453,0.9154575526644684,4.59511985013459,0.7152673617807856,0.7298678043351349,0.7128987365454835
ok,lower,3,180,mr_pts_t180,12,3.0,vol5m_top30,realized_vol_5m,0.3,1026,666,206,154,345,128,89,0.5180180180180181,0.6213592233009708,0.577922077922078,0.7021734775641026,0.7862810778875133,0.6682772610147649,0.2376080770918169,0.626361279170268,0.7170746298936863,0.6795785447930277,0.2432378159581431,6.0,distance_from_prior_day_high,realized_vol_5m,queue_imbalance_slope_5s,bid_depth_curvature,return_last_5m,depth_far_ask,wall_persistence_2s,sigma0,vol_ratio,cvd_acceleration,realized_vol_5m,distance_from_prior_day_high,return_last_5m,queue_imbalance_slope_5s,depth_far_ask,bid_depth_curvature,sigma0,wall_persistence_2s,cvd_acceleration,vol_ratio,0.07581219839383468,0.06920644799382702,0.011301283778262783,89,154,6.934397209928558,0.9274906768061691,4.499809670330265,0.7151731031067432,0.7297792427206032,0.703371555383344
ok,lower,3,600,mr_pts_t600,40,10.0,vol5m_top30,realized_vol_5m,0.3,1026,666,206,154,163,66,51,0.2447447447447447,0.3203883495145631,0.3311688311688311,0.7273809523809525,0.6289562248072562,0.5518440905687938,0.1809766913804677,0.764325147534742,0.5725628092489602,0.5417220619753992,0.1846061069518862,145.0,bid_depth_curvature,spread_volatility,realized_volatility_30s,distance_from_overnight_high,OFI_5s,distance_from_range_extreme_norm,CVD,sigma0,average_true_range,distance_from_prior_day_high,bid_depth_curvature,realized_vol_5m,spread_volatility,average_true_range,distance_from_range_extreme_norm,distance_from_overnight_high,realized_volatility_30s,distance_from_prior_day_high,sigma0,OFI_5s,0.03694419515378955,0.05639341555829602,-0.010122028593394616,51,154,6.934397209928558,0.9533311946439571,3.9512437185814275,0.7151379739784212,0.7264794537032875,0.6597526434378236
ok,lower,3,300,mr_pts_t300,24,6.0,vol5m_top30,realized_vol_5m,0.3,1026,666,206,154,225,78,67,0.3378378378378378,0.3786407766990291,0.435064935064935,0.6804887820512819,0.6162260259856932,0.6138172964538385,0.2113496283576594,0.6767884714359238,0.6482777692620046,0.6465339340771412,0.227385065817475,145.0,realized_volatility_30s,return_last_5m,bid_depth_curvature,distance_from_prior_day_high,queue_imbalance_slope_5s,impact_decay_5s,CVD,cancel_rate_ask,queue_length_total_norm,distance0,realized_volatility_30s,return_last_5m,distance_from_prior_day_high,queue_imbalance_slope_5s,impact_decay_5s,realized_vol_5m,cancel_rate_ask,bid_depth_curvature,CVD,distance0,0.0037003106153581378,0.03205174327631144,0.03271663762330268,67,154,6.934397209928558,0.9821239730541652,4.219507705176107,0.7132885653851326,0.7308684644372696,0.6784555700381802
ok,lower,1,300,mr_pts_t300,24,6.0,vol1m_top30,realized_vol_1m,0.3,1025,666,205,154,224,103,65,0.3363363363363363,0.5024390243902439,0.422077922077922,0.718732153055397,0.7156730902304411,0.6863833892708834,0.2473120235619857,0.7254969749351773,0.6076925903906059,0.6523654898110343,0.2310664516649239,19.0,realized_vol_5m,distance_from_overnight_high,distance_from_prior_day_high,opening_range_width,depth_mid_ask,average_true_range,cancel_rate_ask,sma_spread_20_50,distance_from_session_midrange,vah,realized_vol_5m,distance_from_prior_day_high,distance_from_overnight_high,opening_range_width,depth_mid_ask,average_true_range,distance_from_session_midrange,cancel_rate_ask,vah,distance_from_range_extreme_norm,0.006764821879780336,0.10798049983983526,-0.03401789945984912,65,154,6.933423025730715,0.9426273391401923,4.189654742026425,0.7125762835754327,0.727112239587355,0.6729536448740728
ok,upper,2,600,mr_pts_t600,12,3.0,vol5m_top30,realized_vol_5m,0.3,1026,666,206,154,467,154,108,0.7012012012012012,0.7475728155339806,0.7012987012987013,0.6657092907092906,0.8158515128546144,0.5405296271439595,0.1786249619981077,0.5686392914653785,0.7672487189546611,0.6053934351986953,0.2076365999993967,31.0,distance_from_prior_day_high,impact_efficiency_10s,cancel_ratio,depth_far_bid,z_anchor_vwap,distance_from_session_vwap_anchor,abs_vwap_slope_pts_per_s,depth_mid_bid,weighted_OBI_l10,average_true_range,depth_far_bid,cancel_ratio,z_anchor_vwap,distance_from_prior_day_high,impact_efficiency_10s,abs_vwap_slope_pts_per_s,distance_from_session_vwap_anchor,depth_mid_bid,depth_mid_ask,vwap_drift,0.09706999924391213,0.04860279389995337,0.0648638080547358,108,154,6.934397209928558,0.9271636034280673,4.6913478822291435,0.7121212363113671,0.7292427193282182,0.7220896764119014
ok,lower,1,600,mr_pts_t600,32,8.0,vol5m_top30,realized_vol_5m,0.3,1025,666,205,154,232,95,59,0.3483483483483483,0.4634146341463415,0.3831168831168831,0.7198086124401915,0.6645779089633435,0.641809803932352,0.2253813355536273,0.7188224799286351,0.6051377413105048,0.6125820469837843,0.2118628001663913,38.0,realized_vol_5m,distance_from_prior_day_high,bid_queue_depletion_rate,average_true_range,distance_from_session_vwap_anchor,cancel_rate_ask,realized_vol_1m,depth_near_ask,return_last_5m,distance0,realized_vol_5m,distance_from_prior_day_high,average_true_range,bid_queue_depletion_rate,realized_vol_1m,opening_range_width,distance_from_session_vwap_anchor,cancel_rate_ask,depth_near_ask,realized_volatility_30s,0.0009861325115563258,0.05944016765283866,-0.029227756948567718,59,154,6.933423025730715,0.9697868499178025,4.0943445622221,0.7116004970185362,0.7271131453973163,0.66692889442768
ok,lower,2,180,mr_pts_t180,16,4.0,vol1m_top30,realized_vol_1m,0.3,1031,670,206,155,264,114,81,0.3940298507462687,0.5533980582524272,0.5225806451612903,0.6592295957284515,0.684043562856776,0.7237472629870472,0.2651427721948384,0.6741741741741741,0.6483237026136895,0.7148369970922062,0.2607397460228918,5.0,add_rate_bid,cancel_rate_ask,distance_from_ema_21,distance_from_overnight_high,realized_vol_1m,vwap_open,distance_from_value_area_low,return_last_30s,opening_range_width,trade_sign_autocorr_30s,add_rate_bid,cancel_rate_ask,distance_from_overnight_high,realized_vol_1m,distance_from_ema_21,distance_from_value_area_low,dsigma_dt,opening_range_width,return_last_30s,bid_liquidity_shock,0.014944578445722612,0.03571986024308649,-0.008910265894841007,81,155,6.939253946041508,0.9746677806555955,4.406719247264253,0.7115751679524174,0.733049659793084,0.690128662178509
ok,upper,3,60,mr_pts_t60,4,1.0,vol30_top30,realized_volatility_30s,0.3,1042,677,208,157,516,172,117,0.7621861152141802,0.8269230769230769,0.7452229299363057,0.6737726098191213,0.9026622028358916,0.4422771590174358,0.1371244539011181,0.5698717948717948,0.7744961757094182,0.5635348034985282,0.187646754331888,61.0,distance_from_value_area_high,realized_vol_5m,distance_from_range_extreme_norm,distance0,depth_curvature_pressure,depth_far_bid,queue_imbalance_std_5s,realized_volatility_30s,sigma0,weighted_OBI_l10,distance0,distance_from_value_area_high,realized_vol_5m,distance_from_range_extreme_norm,sigma0,z_anchor_vwap,realized_volatility_30s,toxicity_ratio,queue_imbalance_std_5s,depth_curvature_pressure,0.1039008149473265,0.1281660271264734,0.12125764448109244,117,157,6.949856455000773,0.8839665789631002,4.770684624465665,0.7113831239873536,0.7251471581261895,0.727454575205149
ok,lower,2,60,mr_pts_t60,8,2.0,none,,,3434,2232,686,516,805,211,208,0.3606630824372759,0.3075801749271137,0.4031007751937984,0.758543277625343,0.5611380683466161,0.5267243561577714,0.1765039901296296,0.7039054695304695,0.5830912312791029,0.6159039781305724,0.2154159827748493,87.0,realized_volatility_30s,realized_vol_1m,distance_from_overnight_high,trade_imbalance_60s,average_true_range,update_rate_bid,bid_depth_curvature,cancel_rate_ask,distance_from_prior_day_high,wall_strength_opposite_5,realized_volatility_30s,realized_vol_1m,distance_from_overnight_high,trade_imbalance_60s,bid_depth_curvature,ask_depth_curvature,average_true_range,depth_mid_ask,cancel_rate_ask,distance_from_prior_day_high,0.05463780809487351,0.021953162932486836,0.08917962197280105,208,516,8.14177220465645,0.9617045144863199,5.342334251964811,0.7108271342660855,0.7441506924015621,0.6717471420281529
ok,lower,2,300,mr_pts_t300,4,1.0,vol30_top30,realized_volatility_30s,0.3,1031,670,206,155,583,188,138,0.8701492537313433,0.912621359223301,0.8903225806451613,0.5023640661938534,0.9110576978690236,0.3046232375866126,0.0813954342262242,0.4509803921568627,0.8737616048960188,0.3481513066103818,0.0981513164060585,2.0,depth_near_ask,bid_depth_curvature,net_liquidity_shock,distance_from_overnight_low,macd,ema_spread_9_21,depth_mid_bid,bid_convexity,band_k,side,depth_near_ask,net_liquidity_shock,bid_depth_curvature,distance_from_overnight_low,macd,depth_mid_bid,ema_spread_9_21,bid_convexity,band_k,side,0.051383674036990734,0.037296092973004735,0.04352806902376921,138,155,6.939253946041508,0.9556601164950023,4.9344739331306915,0.7105720496423653,0.7316549461512565,0.7553343172786522
ok,lower,2,60,mr_pts_t60,16,4.0,none,,,3434,2232,686,516,269,61,83,0.1205197132616487,0.0889212827988338,0.1608527131782945,0.832944262295082,0.3101670378352489,0.2516510530715319,0.0718492373806524,0.8367789866162108,0.4578328862858884,0.3781450335504981,0.1201372181949305,39.0,realized_volatility_30s,realized_vol_1m,depth_mid_ask,average_true_range,sigma0,distance0,queue_imbalance_std_5s,depth_far_ask,cooldown_seconds,depth_far_bid,realized_volatility_30s,realized_vol_1m,depth_mid_ask,realized_vol_5m,depth_far_ask,distance_from_overnight_high,distance_from_ema_21,trade_imbalance_60s,queue_imbalance_std_5s,rv_pre_pts2,0.0038347243211287463,0.14766584845063951,0.1264939804789662,61,516,8.14177220465645,0.9242497136141159,4.127134385045092,0.7101277230158756,0.7159001083355008,0.6276860870167043
ok,upper,2,180,mr_pts_t180,12,3.0,vol30_top30,realized_volatility_30s,0.3,1026,666,206,154,380,122,93,0.5705705705705706,0.5922330097087378,0.6038961038961039,0.5894320843091334,0.7079667218144998,0.6650883966189992,0.2364598542542123,0.6059404195311123,0.703617692127573,0.6554085881676869,0.2315826061185328,23.0,depth_mid_bid,toxicity_ratio,depth_far_bid,bid_queue_depletion_rate,realized_volatility_30s,depth_near_bid,abs_vwap_slope_pts_per_s,cooldown_seconds,weighted_OBI_l10,bid_queue_change_rate,depth_far_bid,depth_mid_bid,toxicity_ratio,bid_queue_depletion_rate,cooldown_seconds,realized_volatility_30s,depth_near_bid,ask_liquidity_shock,depth_far_ask,bid_queue_change_rate,0.01650833522197892,0.004349029686926853,-0.009679808451312333,93,154,6.934397209928558,0.9895713175455471,4.543294782270004,0.7078300482185735,0.7320733485082693,0.702639537243499
ok,lower,3,600,mr_pts_t600,32,8.0,none,,,3419,2222,684,513,418,98,144,0.1881188118811881,0.1432748538011695,0.2807017543859649,0.7972069373824615,0.4139032699686022,0.3361222046658592,0.1026793967236975,0.7520889792231256,0.5385560591882965,0.545170163567719,0.1815631624171636,186.0,distance_from_overnight_high,average_true_range,realized_volatility_30s,depth_mid_bid,cancel_rate_ask,realized_vol_1m,trade_sign_autocorr_60s,flow_impact,realized_vol_5m,opening_range_width,realized_volatility_30s,distance_from_overnight_high,realized_vol_1m,average_true_range,realized_vol_5m,depth_mid_bid,depth_near_ask,cancel_rate_ask,distance_from_overnight_low,bid_depth_curvature,0.04511795815933595,0.1246527892196943,0.2090479589018598,98,513,8.13739583005665,0.9151146263104849,4.59511985013459,0.7075738047028508,0.7200816247975905,0.6475423669790183
ok,lower,2,180,mr_pts_t180,4,1.0,vol30_top30,realized_volatility_30s,0.3,1031,670,206,155,565,185,135,0.8432835820895522,0.8980582524271845,0.8709677419354839,0.503989703989704,0.89716610445989,0.3365543495469549,0.0932364880914579,0.4611111111111111,0.8554944715161998,0.3961843394304665,0.1154301610762376,60.0,bid_depth_curvature,distance_from_ema_21,bid_queue_depletion_rate,wall_strength_opposite_3_2s_avg,distance_from_overnight_high,wall_strength_opposite_5_5s_avg,queue_imbalance_std_5s,sma_spread_20_50,distance_from_vpoc,trade_imbalance_30s,bid_queue_depletion_rate,distance_from_ema_21,bid_depth_curvature,wall_strength_opposite_3_2s_avg,distance_from_overnight_high,queue_imbalance_std_5s,realized_vol_5m,wall_strength_opposite_5_5s_avg,sma_spread_20_50,dsigma_dt,0.042878592878592914,0.04167163294369014,0.05962998988351159,135,155,6.939253946041508,0.9577248870888585,4.912654885736052,0.7075239609315227,0.7296004632502522,0.749283287534924
ok,lower,1,300,mr_pts_t300,24,6.0,none,,,3413,2218,683,512,440,111,138,0.1983769161406672,0.1625183016105417,0.26953125,0.7886032886032885,0.4566226100277827,0.366403576460758,0.1128255680031216,0.7681159420289855,0.5092869397897088,0.526790572527177,0.1755978507687874,129.0,realized_volatility_30s,realized_vol_1m,distance_from_overnight_high,add_rate_ask,average_true_range,depth_mid_bid,depth_mid_ask,realized_vol_5m,distance_from_prior_day_high,queue_imbalance_std_5s,realized_volatility_30s,average_true_range,realized_vol_1m,realized_vol_5m,distance_from_overnight_high,add_rate_ask,distance_from_prior_day_high,depth_mid_bid,opening_range_width,depth_mid_ask,0.020487346574303067,0.05266432976192614,0.16038699606641899,111,512,8.135639903354386,0.9634241618318853,4.718498871295094,0.7070863593566774,0.7295864352071795,0.6452401056642934
ok,lower,2,600,mr_pts_t600,4,1.0,vol5m_top30,realized_vol_5m,0.3,1031,670,206,155,618,180,142,0.9223880597014924,0.8737864077669902,0.9161290322580644,0.5136752136752136,0.8842431514818125,0.3932339180445299,0.112646937323752,0.413326110509209,0.9067603673311776,0.289427928706868,0.0770258796874698,2.0,distance_from_value_area_low,trade_sign_autocorr_30s,macd_signal,macd,realized_vol_5m,distance_from_prior_day_high,band_k,side,is_weekend,entry_price,distance_from_value_area_low,trade_sign_autocorr_30s,macd_signal,macd,realized_vol_5m,distance_from_prior_day_high,band_k,side,is_weekend,entry_price,0.10034910316600465,0.022517215849365058,-0.10380598933766189,142,155,6.939253946041508,0.9385668404923151,4.962844630259907,0.7070005143570985,0.7256500293435432,0.7577492397783283
ok,lower,3,300,mr_pts_t300,24,6.0,none,,,3419,2222,684,513,415,94,143,0.1867686768676867,0.1374269005847953,0.2787524366471735,0.8013523260007213,0.4025759597905671,0.3280605076103661,0.1003906574353973,0.7452466452466453,0.5475232649886537,0.5550393176556616,0.1817442090752637,180.0,average_true_range,realized_volatility_30s,realized_vol_1m,depth_near_ask,distance_from_overnight_high,depth_mid_bid,opening_range_width,cancel_rate_ask,add_rate_ask,add_rate_bid,realized_volatility_30s,realized_vol_1m,average_true_range,depth_near_ask,cancel_rate_ask,distance_from_overnight_high,opening_range_width,depth_mid_bid,return_last_5m,realized_vol_5m,0.05610568075407596,0.14494730519808657,0.22697881004529552,94,513,8.13739583005665,0.8994735070239188,4.553876891600541,0.7068596415037451,0.7162411627098979,0.6467716792267237
ok,upper,2,180,mr_pts_t180,8,2.0,vol5m_top30,realized_vol_5m,0.3,1026,666,206,154,462,139,112,0.6936936936936937,0.6747572815533981,0.7272727272727273,0.5939546869966713,0.7396101763214467,0.6297720085966959,0.2190514723111172,0.5454931972789115,0.7671139434979914,0.5877736596127661,0.1991111332637766,2.0,add_rate_ask,depth_far_bid,toxicity_ratio,realized_volatility_30s,bid_queue_change_rate,volume_per_second,replenishment_rate_near_5s,band_k,side,is_weekend,depth_far_bid,add_rate_ask,bid_queue_change_rate,realized_volatility_30s,volume_per_second,replenishment_rate_near_5s,toxicity_ratio,band_k,side,is_weekend,0.048461489717759765,0.02750376717654479,-0.041998348983929845,112,154,6.934397209928558,0.9620173715528477,4.727387818712341,0.7062942652665907,0.7289523783803725,0.7224801574547091
ok,lower,3,180,mr_pts_t180,16,4.0,none,,,3419,2222,684,513,559,137,172,0.2515751575157516,0.2002923976608187,0.3352826510721247,0.7692122926647007,0.4334460786469837,0.4252048992636636,0.1376573642627314,0.7214417240673805,0.5654382834048818,0.5988320997674251,0.2023058288416988,149.0,realized_vol_1m,realized_volatility_30s,average_true_range,realized_vol_5m,distance_from_prior_day_high,opening_range_position,depth_near_bid,depth_far_ask,distance_from_overnight_high,depth_near_ask,realized_volatility_30s,realized_vol_1m,realized_vol_5m,depth_far_ask,average_true_range,depth_near_ask,distance_from_overnight_high,return_last_5m,distance_from_prior_day_high,macd_hist,0.04777056859732021,0.13199220475789808,0.17362720050376151,137,513,8.13739583005665,0.9101186133223909,4.927253685157205,0.7055681910283775,0.7245347214986138,0.6554445021122142
ok,upper,2,300,mr_pts_t300,8,2.0,vol30_top30,realized_volatility_30s,0.3,1026,666,206,154,521,157,116,0.7822822822822822,0.7621359223300971,0.7532467532467533,0.5068243858052774,0.7623207260861086,0.5494958777915854,0.1815928428416783,0.5333484573502723,0.771446271642165,0.5605553195264366,0.1865051644315234,1.0,depth_mid_bid,trade_rate_pre_per_s,distance_from_prior_day_high,abs_vwap_slope_pts_per_s,band_k,side,is_weekend,entry_price,distance0,sigma0,depth_mid_bid,abs_vwap_slope_pts_per_s,trade_rate_pre_per_s,distance_from_prior_day_high,band_k,side,is_weekend,entry_price,distance0,sigma0,0.02652407154499481,0.00912554555605638,0.011059441734851183,116,154,6.934397209928558,0.9821751914494744,4.762173934797756,0.705185082542467,0.7308828214899635,0.7262649362123446
ok,lower,2,180,mr_pts_t180,24,6.0,none,,,3434,2232,686,516,302,63,98,0.1353046594982078,0.0918367346938775,0.189922480620155,0.8249636933425055,0.3361824559751937,0.2494396092978678,0.0721384571693095,0.8007274680207012,0.4840907613557656,0.4232183292303511,0.1347354767127666,77.0,realized_vol_1m,realized_volatility_30s,distance_from_overnight_high,opening_range_width,depth_far_ask,average_true_range,since_touch_any_seconds,depth_far_bid,depth_mid_bid,bid_depth_curvature,realized_vol_1m,realized_volatility_30s,distance_from_overnight_high,average_true_range,realized_vol_5m,opening_range_width,depth_far_ask,depth_mid_bid,depth_far_bid,depth_mid_ask,0.02423622532180436,0.14790830538057193,0.17377871993248328,63,516,8.14177220465645,0.9139277346488118,4.1588830833596715,0.7051780677090922,0.7098706778045569,0.629389154932257
ok,upper,2,600,mr_pts_t600,16,4.0,vol1m_top30,realized_vol_1m,0.3,1026,666,206,154,426,146,95,0.6396396396396397,0.7087378640776699,0.6168831168831169,0.6495433789954338,0.7877544106381127,0.5740949818133587,0.1937792206889751,0.6283675289919715,0.6868456875270534,0.6585662403152879,0.2320015947708566,68.0,depth_far_bid,opening_range_width,abs_vwap_slope_pts_per_s,toxicity_ratio,trade_sign_autocorr_30s,impact_efficiency_10s,vwap_drift,distance_from_overnight_low,distance_from_overnight_high,impact_decay_5s,depth_far_bid,opening_range_width,abs_vwap_slope_pts_per_s,impact_efficiency_10s,toxicity_ratio,vwap_drift,z_anchor_vwap,trade_sign_autocorr_30s,cooldown_seconds,distance_from_overnight_low,0.021175850003462338,0.10090872311105925,0.08447125850192916,95,154,6.934397209928558,0.9389577134427393,4.564348191467836,0.7050307297524285,0.725282858390761,0.7003841600093463
ok,upper,3,600,mr_pts_t600,12,3.0,vol30_top30,realized_volatility_30s,0.3,1042,677,208,157,457,159,110,0.6750369276218612,0.7644230769230769,0.7006369426751592,0.7090232319342831,0.8680607086229215,0.4990413872853334,0.162694416457914,0.57678916827853,0.7503834346698754,0.6082015178108101,0.2044061348766296,196.0,opening_range_width,impact_decay_3s,trade_rate_pre_per_s,depth_mid_bid,wall_persistence_2s,distance_from_prior_day_high,obv_session,z_anchor_vwap,distance_from_overnight_high,distance_from_session_vwap_anchor,opening_range_width,trade_rate_pre_per_s,depth_mid_bid,impact_decay_3s,distance_from_prior_day_high,z_anchor_vwap,weighted_OBI_l5,time_of_day_sin,aggressive_buy_volume,wall_persistence_2s,0.13223406365575308,0.11767727395304606,0.10916013052547668,110,157,6.949856455000773,0.8750443311956004,4.709530201312334,0.7036127521574805,0.7170559382959718,0.7135102049974076
ok,upper,2,300,mr_pts_t300,16,4.0,vol30_top30,realized_volatility_30s,0.3,1026,666,206,154,371,122,86,0.5570570570570571,0.5922330097087378,0.5584415584415584,0.6501756440281031,0.7183763225016978,0.644857650657063,0.2266438839816579,0.6472298221614228,0.6557453233770025,0.6573708545489453,0.232117528276927,77.0,toxicity_ratio,depth_far_bid,impact_efficiency_10s,abs_vwap_slope_pts_per_s,vwap_drift,average_true_range,opening_range_width,depth_mid_bid,distance_from_session_vwap_anchor,z_anchor_vwap,depth_far_bid,toxicity_ratio,vwap_drift,impact_efficiency_10s,abs_vwap_slope_pts_per_s,z_anchor_vwap,average_true_range,opening_range_width,cooldown_seconds,distance_from_session_vwap_anchor,0.0029458218666803537,0.06263099912469527,0.012513203891882263,86,154,6.934397209928558,0.9672115895043121,4.465908118654584,0.7029608889663459,0.725800393976139,0.6892168743475873
ok,lower,2,300,mr_pts_t300,24,6.0,none,,,3434,2232,686,516,431,91,138,0.193100358422939,0.1326530612244898,0.2674418604651162,0.800036937852064,0.3616040880024403,0.3258745209492748,0.0990134137385626,0.7582048922628633,0.5245316926890164,0.5256018381298663,0.1763281473905409,106.0,realized_vol_1m,realized_volatility_30s,depth_mid_bid,distance_from_overnight_high,average_true_range,depth_far_ask,opening_range_width,bid_depth_curvature,since_touch_any_seconds,overnight_high,realized_vol_1m,realized_volatility_30s,distance_from_overnight_high,average_true_range,depth_mid_bid,depth_far_ask,opening_range_width,bid_depth_curvature,depth_far_bid,since_touch_any_seconds,0.04183204558920073,0.16292760468657613,0.19972731718059145,91,516,8.14177220465645,0.8976201748621115,4.5217885770490405,0.7027146539605873,0.7127244798241295,0.6407838591696178
ok,upper,1,300,mr_pts_t300,16,4.0,none,,,3407,2214,681,512,843,224,215,0.3807588075880759,0.328928046989721,0.419921875,0.7206255861206627,0.5642772631215087,0.564204339259582,0.1908589883715173,0.6820922402317751,0.5805033384968621,0.6365177314659325,0.2221402174888552,149.0,realized_volatility_30s,opening_range_width,realized_vol_5m,add_rate_ask,average_true_range,distance_from_overnight_low,depth_mid_bid,depth_near_bid,realized_vol_1m,CVD,realized_volatility_30s,opening_range_width,add_rate_ask,depth_mid_bid,distance_from_overnight_low,realized_vol_5m,depth_near_bid,realized_vol_1m,cancel_ratio,average_true_range,0.03853334588888768,0.016226075375353366,0.07231339220635047,215,512,8.133880887949207,0.9726202893678795,5.375278407684165,0.7020614767304064,0.7387276890728386,0.6678153670323858
ok,upper,1,60,mr_pts_t60,16,4.0,vol1m_top30,realized_vol_1m,0.3,1023,664,205,154,197,78,51,0.2966867469879518,0.3804878048780488,0.3311688311688311,0.7366242681203311,0.6022872048540472,0.5859859192937905,0.2001614185244666,0.7519512659432704,0.5480595852461916,0.5560578903508795,0.1885063604363629,119.0,opening_range_width,depth_mid_bid,impact_efficiency_3s,obv_session,since_touch_any_seconds,distance0,replenishment_rate_near_5s,trade_sign_autocorr_30s,trade_rate_pre_per_s,distance_from_overnight_low,opening_range_width,depth_mid_bid,trade_rate_pre_per_s,since_touch_any_seconds,trade_sign_autocorr_30s,impact_efficiency_3s,obv_session,add_rate_bid,distance0,distance_from_overnight_low,0.015326997822939337,0.054227619607855604,-0.029928028942911022,51,154,6.931471805599453,0.9652226912846025,3.9512437185814275,0.7015404016202111,0.7171759272735709,0.6486176204388991
ok,upper,1,600,mr_pts_t600,16,4.0,none,,,3407,2214,681,512,1083,314,266,0.489159891598916,0.461086637298091,0.51953125,0.6862666828650271,0.6736551261546638,0.6316432515399986,0.2205722765374431,0.636652607127575,0.6293813983526431,0.6711806295395668,0.2385620787980549,113.0,realized_vol_5m,opening_range_width,realized_volatility_30s,average_true_range,distance_from_overnight_low,cancel_ratio,realized_vol_1m,abs_vwap_slope_pts_per_s,depth_mid_bid,distance_from_prior_day_high,realized_vol_5m,realized_volatility_30s,opening_range_width,realized_vol_1m,distance_from_overnight_low,average_true_range,depth_mid_bid,cancel_ratio,distance_from_overnight_high,abs_vwap_slope_pts_per_s,0.049614075737452135,0.04427372780202077,0.039537377999568246,266,512,8.133880887949207,0.9530560982302636,5.58724865840025,0.7014804283172773,0.7387529209055542,0.6842757851868875
ok,lower,1,180,mr_pts_t180,16,4.0,none,,,3413,2218,683,512,587,153,174,0.2646528403967538,0.2240117130307467,0.33984375,0.7386854112714268,0.4509383944773001,0.4716566388816406,0.1519724762255045,0.724750051009998,0.5410391774418585,0.6021141621122197,0.207212642470806,130.0,realized_vol_1m,realized_volatility_30s,depth_near_ask,opening_range_position,depth_mid_bid,realized_vol_5m,distance_from_overnight_high,depth_mid_ask,trade_imbalance_60s,wall_strength_opposite_5,realized_vol_1m,realized_volatility_30s,depth_near_ask,realized_vol_5m,distance_from_overnight_high,depth_mid_bid,opening_range_width,depth_mid_ask,cancel_ratio,opening_range_position,0.01393536026142883,0.09010078296455837,0.13045752323057908,153,512,8.135639903354386,0.9479819283870065,5.0369526024136295,0.7008966746654544,0.7286255585185885,0.6523462731923616
ok,upper,2,600,mr_pts_t600,8,2.0,vol5m_top30,realized_vol_5m,0.3,1026,666,206,154,538,173,122,0.8078078078078078,0.8398058252427184,0.7922077922077922,0.5952005605184796,0.8701816188579821,0.438120613599258,0.1339286696239144,0.4878329918032786,0.8212566444616277,0.5144733215350384,0.1656859958798954,6.0,ask_depth_curvature,cancel_ratio,impact_efficiency_10s,depth_far_ask,trade_imbalance_60s,z_anchor_vwap,depth_far_bid,distance_from_vpoc,trade_imbalance_30s,queue_imbalance_mean_5s,z_anchor_vwap,cancel_ratio,ask_depth_curvature,depth_far_ask,depth_far_bid,trade_imbalance_60s,impact_efficiency_10s,spread_expansion_ratio,bid_liquidity_shock,distance_from_vpoc,0.10736756871520098,0.04892497439635435,0.07635270793578042,122,154,6.934397209928558,0.9218537284442223,4.812184355372417,0.7008708991509294,0.7190530037114652,0.729855936578689
ok,upper,2,600,mr_pts_t600,16,4.0,none,,,3418,2221,684,513,1054,320,280,0.474561008554705,0.4678362573099415,0.5458089668615984,0.6552712912087912,0.634876510240513,0.655368180097373,0.2315607404604311,0.6107755977927651,0.6491925087435816,0.6864211869692405,0.245960290096131,112.0,cancel_rate_ask,realized_vol_5m,depth_far_bid,realized_vol_1m,opening_range_width,realized_volatility_30s,abs_vwap_slope_pts_per_s,impact_efficiency_10s,impact_efficiency_30s,depth_mid_bid,cancel_rate_ask,depth_far_bid,realized_vol_1m,realized_vol_5m,realized_volatility_30s,opening_range_width,abs_vwap_slope_pts_per_s,distance_from_overnight_high,distance_from_overnight_low,average_true_range,0.044495693416026105,0.014315998503068639,0.031053006871867517,280,513,8.137103389639302,0.9705941540404526,5.638354669333745,0.7008473979740404,0.7403954535758952,0.6891815577868244
ok,upper,1,300,mr_pts_t300,16,4.0,vol30_top30,realized_volatility_30s,0.3,1023,664,205,154,359,135,92,0.5406626506024096,0.6585365853658537,0.5974025974025974,0.6592063492063492,0.7882877919757816,0.6414676381756673,0.2245143523526564,0.6276297335203367,0.6794915640029475,0.6658058814323083,0.2364406156560492,14.0,queue_imbalance_std_5s,cancel_rate_ask,vwap_drift,opening_range_width,cancel_ratio,distance_from_ema_21,realized_volatility_30s,distance_from_prior_day_high,average_true_range,impact_efficiency_3s,queue_imbalance_std_5s,cancel_rate_ask,vwap_drift,opening_range_width,cancel_ratio,distance_from_prior_day_high,average_true_range,realized_volatility_30s,distance_from_ema_21,impact_efficiency_3s,0.031576615686012555,0.10879622797283406,0.024338243256641023,92,154,6.931471805599453,0.9298135781705766,4.532599493153256,0.7008436688423374,0.7202139316144426,0.693716506900546
ok,upper,3,60,mr_pts_t60,8,2.0,vol30_top30,realized_volatility_30s,0.3,1042,677,208,157,350,133,81,0.51698670605613,0.6394230769230769,0.5159235668789809,0.7357393483709274,0.8204884171266493,0.5954542078520654,0.2034479996866108,0.6752761533463287,0.6429367411229989,0.6531003662499482,0.230307530202982,84.0,depth_near_bid,trade_rate_pre_per_s,queue_imbalance_std_5s,realized_vol_5m,dist_day_low,trade_sign_autocorr_10s,time_of_day_cos,microprice,depth_mid_ask,distance_from_overnight_low,depth_near_bid,trade_rate_pre_per_s,realized_vol_5m,queue_imbalance_std_5s,trade_sign_autocorr_10s,depth_mid_ask,distance0,dist_day_low,microprice,depth_mid_bid,0.060463195024598626,0.1775516760036504,0.057646158397882785,81,157,6.949856455000773,0.8809925644858755,4.406719247264253,0.700623692094877,0.713084220822187,0.6783377747359413
ok,lower,1,600,mr_pts_t600,32,8.0,none,,,3413,2218,683,512,453,107,129,0.2042380522993688,0.1566617862371888,0.251953125,0.814203660436137,0.4954975239649824,0.3412134076776464,0.1035523433576075,0.75883984050843,0.4992557394739477,0.4968760702475213,0.1644728911259267,137.0,distance_from_overnight_high,average_true_range,depth_mid_ask,depth_mid_bid,realized_vol_5m,realized_volatility_30s,opening_range_width,cancel_rate_ask,distance_from_prior_day_high,realized_vol_1m,average_true_range,distance_from_overnight_high,realized_vol_5m,depth_mid_ask,realized_volatility_30s,realized_vol_1m,opening_range_width,distance_from_prior_day_high,depth_mid_bid,distance_from_range_extreme_norm,0.055363819927707,0.003758215508965268,0.15566266256987488,107,512,8.135639903354386,0.9704389822816639,4.68213122712422,0.7000649206671287,0.7238449266020803,0.6370111183925882
ok,upper,2,60,mr_pts_t60,12,3.0,none,,,3418,2221,684,513,476,115,127,0.2143178748311571,0.1681286549707602,0.2475633528265107,0.7573317032169329,0.4073972925303875,0.3938566367798815,0.1228794395079933,0.7677777324466566,0.494157439503666,0.4730914249056028,0.1550421744477699,85.0,realized_volatility_30s,opening_range_width,cancel_rate_ask,depth_far_ask,add_rate_bid,depth_far_bid,realized_vol_1m,ask_queue_depletion_rate,depth_near_ask,toxicity_ratio,realized_volatility_30s,cancel_rate_ask,add_rate_bid,opening_range_width,depth_far_bid,realized_vol_1m,rv_pre_pts2,depth_far_ask,depth_near_ask,cooldown_seconds,0.010446029229723708,0.0867601469732785,0.07923478812572132,115,513,8.137103389639302,0.9513969118984988,4.7535901911063645,0.6997144999254353,0.7233810577001896,0.6353633576295629
ok,upper,1,300,mr_pts_t300,12,3.0,vol1m_top30,realized_vol_1m,0.3,1023,664,205,154,449,146,104,0.6762048192771084,0.7121951219512195,0.6753246753246753,0.6583468771766892,0.8210820599468205,0.574712014184563,0.1953073455102539,0.5848076923076923,0.7233109296596618,0.6285329919322439,0.2156474462007412,122.0,opening_range_width,impact_efficiency_3s,cancel_ratio,abs_vwap_slope_pts_per_s,remove_rate_near_ask,depth_mid_bid,since_touch_any_seconds,depth_mid_ask,cancel_rate_ask,distance_from_value_area_low,opening_range_width,abs_vwap_slope_pts_per_s,since_touch_any_seconds,remove_rate_near_ask,impact_efficiency_3s,cancel_ratio,depth_mid_ask,depth_mid_bid,cancel_rate_ask,time_of_day_sin,0.07353918486899691,0.09777113028715867,0.05382097774768091,104,154,6.931471805599453,0.9143448424219223,4.653960350157523,0.6996957250450999,0.7182431772684827,0.7063481106300489
ok,upper,2,300,mr_pts_t300,16,4.0,vol1m_top30,realized_vol_1m,0.3,1026,666,206,154,372,124,86,0.5585585585585585,0.6019417475728155,0.5584415584415584,0.6538158929976396,0.7343164739238742,0.6400016435177469,0.2244328664638805,0.6450068399452805,0.6513483443959579,0.659276766692453,0.2327409546832849,74.0,depth_far_bid,toxicity_ratio,opening_range_width,vwap_drift,realized_vol_1m,obv_session,abs_vwap_slope_pts_per_s,average_true_range,trade_sign_autocorr_30s,impact_efficiency_10s,depth_far_bid,opening_range_width,toxicity_ratio,vwap_drift,abs_vwap_slope_pts_per_s,obv_session,trade_sign_autocorr_30s,realized_vol_1m,cancel_rate_ask,distance_from_session_vwap_anchor,0.008809053052359128,0.08296812952791632,0.019275123174706144,86,154,6.934397209928558,0.9541114087098622,4.465908118654584,0.6990028864080262,0.721083220347286,0.685701018959934
ok,upper,2,300,mr_pts_t300,16,4.0,none,,,3418,2221,684,513,802,225,227,0.3610986042323277,0.3289473684210526,0.442495126705653,0.6691164366981361,0.5241442691232012,0.592556475070076,0.2029549349976334,0.6651520285881519,0.5897283902245146,0.6492803879478476,0.2287444969731178,93.0,realized_volatility_30s,cancel_rate_ask,realized_vol_1m,depth_far_bid,opening_range_width,depth_mid_bid,realized_vol_5m,dist_day_low,spread_volatility,impact_efficiency_10s,realized_volatility_30s,realized_vol_1m,depth_far_bid,cancel_rate_ask,depth_mid_bid,opening_range_width,dist_day_low,average_true_range,distance_from_overnight_low,spread_volatility,0.003964408109984219,0.0655841211013134,0.056723912877771565,225,513,8.137103389639302,0.9652257353943512,5.420534999272286,0.6982754810199582,0.7351928575683342,0.6686481276557652
ok,lower,3,180,mr_pts_t180,16,4.0,vol1m_top30,realized_vol_1m,0.3,1026,666,206,154,261,120,75,0.3918918918918919,0.5825242718446602,0.487012987012987,0.6955426356589148,0.7679586238620061,0.6415742469842451,0.2251602010354165,0.6427004219409282,0.6581149610760666,0.669737957808204,0.2377666035032507,83.0,depth_near_ask,return_last_5m,queue_imbalance_slope_5s,update_rate_bid,distance_from_overnight_high,realized_volatility_30s,return_last_30s,opening_range_width,ask_depth_curvature,distance_from_overnight_low,depth_near_ask,return_last_5m,queue_imbalance_slope_5s,return_last_30s,distance_from_overnight_high,update_rate_bid,realized_volatility_30s,curvature_pressure_l5,ask_depth_curvature,realized_vol_5m,0.052842213717986586,0.10984366278593949,0.028163710823958854,75,154,6.934397209928558,0.918657061748037,4.330733340286331,0.6972415311821463,0.7119127121317997,0.6731176889861981
ok,upper,3,600,mr_pts_t600,24,6.0,vol5m_top30,realized_vol_5m,0.3,1043,677,209,157,298,110,72,0.4401772525849335,0.5263157894736842,0.4585987261146497,0.6653810835629018,0.6682612096376803,0.6589554144140632,0.233108489860628,0.659640522875817,0.62620209818776,0.6611909583079955,0.2342859380240669,46.0,average_true_range,z_anchor_vwap,opening_range_width,depth_near_bid,depth_far_ask,wall_strength_opposite_5,distance_from_overnight_low,vwap_slope_pts_per_s,depth_mid_bid,distance_from_session_vwap_anchor,average_true_range,z_anchor_vwap,opening_range_width,depth_near_bid,depth_far_ask,vwap_slope_pts_per_s,depth_mid_bid,wall_strength_opposite_5,remove_rate_near_bid,distance_from_overnight_high,0.005740560687084839,0.04205911144992036,0.0022355438939322125,72,157,6.950814768442584,0.9761001639314975,4.290459441148391,0.6971980962933857,0.7187726004851162,0.6687137480136134
ok,lower,2,180,mr_pts_t180,12,3.0,vol1m_top30,realized_vol_1m,0.3,1031,670,206,155,367,131,95,0.5477611940298508,0.6359223300970874,0.6129032258064516,0.6855470737913486,0.7953169135191219,0.6468037861591822,0.2271663822485784,0.6052631578947368,0.6971731471012186,0.6646084499674846,0.2358396195287591,16.0,distance_from_overnight_high,realized_vol_1m,depth_mid_ask,remove_rate_near_bid,opening_range_width,depth_far_bid,cancel_rate_ask,aggressive_sell_volume,bid_depth_curvature,add_rate_bid,distance_from_overnight_high,remove_rate_near_bid,depth_mid_ask,realized_vol_1m,spread_expansion_ratio,bid_depth_curvature,depth_far_bid,cancel_rate_ask,opening_range_width,aggressive_sell_volume,0.08028391589661177,0.09814376641790334,0.017804663808302368,95,155,6.939253946041508,0.9107861588427424,4.564348191467836,0.6971623770543689,0.7146602554589792,0.6937128877808019
ok,lower,1,180,mr_pts_t180,16,4.0,vol30_top30,realized_volatility_30s,0.3,1025,666,205,154,278,124,79,0.4174174174174174,0.6048780487804878,0.512987012987013,0.6347072879330944,0.72753111677091,0.6711546918810456,0.2392366993375901,0.6582278481012658,0.6359180468427856,0.6743427331018849,0.2409437337435159,43.0,distance_from_overnight_high,depth_mid_ask,realized_vol_5m,realized_vol_1m,update_rate_bid,opening_range_width,spread_mid_ratio,depth_near_ask,distance_from_ema_21,distance0,depth_mid_ask,distance_from_overnight_high,realized_vol_5m,depth_near_ask,realized_vol_1m,update_rate_bid,opening_range_width,spread_mid_ratio,avg_trade_size,distance_from_ema_21,0.02352056016817139,0.09161306992812435,0.003188041220839266,79,154,6.933423025730715,0.9424331849518521,4.382026634673881,0.6969394000039059,0.7166965787316134,0.6762687647996919
ok,upper,1,180,mr_pts_t180,16,4.0,none,,,3407,2214,681,512,661,168,161,0.2985546522131888,0.2466960352422907,0.314453125,0.7533300844704354,0.5050330105137374,0.4822914564770325,0.1573326306828405,0.727238944630249,0.5199937340525707,0.5523692364221267,0.1867522617171693,111.0,realized_volatility_30s,opening_range_width,realized_vol_1m,average_true_range,toxicity_ratio,cancel_rate_bid,realized_vol_5m,cancel_ratio,distance_from_prior_day_high,trades_per_second,realized_volatility_30s,realized_vol_1m,opening_range_width,realized_vol_5m,average_true_range,cancel_rate_bid,toxicity_ratio,distance_from_prior_day_high,cancel_ratio,distance_from_overnight_low,0.026091139840186406,0.014960723538833265,0.07007777994509418,161,512,8.133880887949207,0.9794740683104901,5.087596335232384,0.6966016946063405,0.7307187142601569,0.645046082190687
ok,upper,1,300,mr_pts_t300,12,3.0,vol5m_top30,realized_vol_5m,0.3,1023,664,205,154,436,140,112,0.6566265060240963,0.6829268292682927,0.7272727272727273,0.5692857142857143,0.7396494914633887,0.6192583297411494,0.2141779512499097,0.5359268707482994,0.74777640761027,0.5875764523953237,0.1989996596863391,13.0,depth_mid_bid,opening_range_width,z_anchor_vwap,cancel_rate_bid,cancel_ratio,depth_mid_ask,abs_vwap_slope_pts_per_s,distance_from_prior_day_high,add_rate_ask,depth_near_bid,opening_range_width,z_anchor_vwap,depth_mid_bid,cancel_rate_bid,cancel_ratio,abs_vwap_slope_pts_per_s,depth_mid_ask,liquidity_compression,depth_near_bid,distance_from_prior_day_high,0.03335884353741492,0.008126916146881324,-0.031681877345825615,112,154,6.931471805599453,0.9792571201578519,4.727387818712341,0.6964208153751792,0.7232508530493427,0.7145302170107448
ok,lower,1,600,mr_pts_t600,40,10.0,vol5m_top30,realized_vol_5m,0.3,1025,666,205,154,168,69,48,0.2522522522522522,0.3365853658536585,0.3116883116883117,0.724531116794544,0.5322398921203813,0.5704468456807155,0.1943348509864962,0.7193396226415094,0.5617387335789318,0.5585696606107446,0.1891528161932118,74.0,average_true_range,distance_from_prior_day_high,realized_vol_5m,depth_mid_bid,ask_curvature_l5,distance0,bid_queue_depletion_rate,distance_from_session_vwap_anchor,realized_vol_1m,vwap_drift,realized_vol_5m,average_true_range,distance_from_prior_day_high,ask_curvature_l5,realized_vol_1m,depth_mid_bid,distance0,bid_queue_depletion_rate,distance_from_overnight_high,distance_from_session_vwap_anchor,0.005191494153034548,0.02949884145855053,-0.01187718506997082,48,154,6.933423025730715,0.9826548321942075,3.8918202981106265,0.6957345492386973,0.7119002852767797,0.6424668970488465
ok,lower,1,300,mr_pts_t300,24,6.0,vol30_top30,realized_volatility_30s,0.3,1025,666,205,154,226,102,69,0.3393393393393393,0.4975609756097561,0.448051948051948,0.7266799923853037,0.7024910048165451,0.7148438677715837,0.2607081630276029,0.695225916453538,0.5973018810565658,0.694414096842397,0.2506787399067871,7.0,realized_vol_5m,distance_from_overnight_high,opening_range_width,depth_mid_ask,depth_near_ask,CVD,distance_from_prior_day_high,sma_spread_20_50,dist_day_high,distance_from_range_extreme,realized_vol_5m,distance_from_overnight_high,depth_mid_ask,opening_range_width,distance_from_prior_day_high,depth_near_ask,CVD,sma_spread_20_50,distance_from_range_extreme,dist_day_high,0.031454075931765635,0.10518912375997935,-0.02042977092918674,69,154,6.933423025730715,0.9316784001541275,4.248495242049359,0.6952166825505545,0.7126478670489531,0.6630367890601644
ok,lower,2,300,mr_pts_t300,4,1.0,vol1m_top30,realized_vol_1m,0.3,1031,670,206,155,588,192,139,0.8776119402985074,0.9320388349514565,0.896774193548387,0.5243675595238095,0.9430193860215432,0.2625490684176993,0.0659165939578357,0.4386241007194245,0.8572450322253078,0.335392515484458,0.0932414668666655,5.0,queue_imbalance_std_5s,macd,wall_strength_opposite_5_5s_avg,flow_burst_ratio,bid_depth_curvature,realized_vol_1m,bid_queue_depletion_rate,realized_vol_5m,toxicity_ratio,liquidity_slope_ask,macd,wall_strength_opposite_5_5s_avg,bid_queue_depletion_rate,queue_imbalance_std_5s,net_liquidity_shock,distance_from_overnight_high,flow_burst_ratio,toxicity_ratio,depth_near_bid,realized_vol_1m,0.08574345880438505,0.08577435379623544,0.07284344706675866,139,155,6.939253946041508,0.9142410936996898,4.941642422609304,0.6948810017195741,0.7142665970452184,0.7426724690686244
ok,lower,1,600,mr_pts_t600,8,2.0,vol30_top30,realized_volatility_30s,0.3,1025,666,205,154,537,178,129,0.8063063063063063,0.8682926829268293,0.8376623376623377,0.6135039533915938,0.9060683465870604,0.4020622328048635,0.1178727948481466,0.4706976744186046,0.8306072702267421,0.4472274367595921,0.1370989013482493,1.0,realized_vol_5m,liquidity_compression,impact_efficiency_3s,macd,band_k,side,is_weekend,entry_price,distance0,sigma0,realized_vol_5m,liquidity_compression,macd,impact_efficiency_3s,band_k,side,is_weekend,entry_price,distance0,sigma0,0.1428062789729892,0.07546107636031829,0.04516520395472862,129,154,6.933423025730715,0.8908663223333463,4.867534450455582,0.6946463336225733,0.7110155755794665,0.7316955533187265
ok,lower,3,60,mr_pts_t60,8,2.0,none,,,3419,2222,684,513,782,204,211,0.3519351935193519,0.2982456140350877,0.4113060428849902,0.7481311274509803,0.5482506296077578,0.5293023698517856,0.1768469180216282,0.6821035121308183,0.5633056887262151,0.6360945302662027,0.2226506603842696,61.0,realized_volatility_30s,realized_vol_1m,distance_from_overnight_high,average_true_range,depth_near_bid,distance_from_prior_day_high,distance_from_range_extreme,depth_far_ask,realized_vol_5m,queue_imbalance_std_5s,realized_volatility_30s,realized_vol_1m,realized_vol_5m,depth_near_bid,depth_far_ask,distance_from_overnight_high,depth_near_ask,distance_from_prior_day_high,average_true_range,queue_imbalance_std_5s,0.06602761532016199,0.015055059118457281,0.10679216041441708,204,513,8.13739583005665,0.9594586627806904,5.3230099791384085,0.693913873328116,0.7296630739723008,0.659234144111472
ok,upper,3,60,mr_pts_t60,8,2.0,none,,,3474,2258,694,522,741,209,203,0.3281665190434012,0.3011527377521614,0.3888888888888889,0.7079366645291767,0.5116797328839245,0.554636844314778,0.1881904160483599,0.6904272897138534,0.5485590140719337,0.6245687379793293,0.2182439579407156,78.0,realized_vol_1m,realized_volatility_30s,add_rate_ask,average_true_range,add_rate_bid,bid_queue_depletion_rate,cancel_ratio,realized_vol_5m,CVD,depth_near_bid,realized_vol_1m,realized_volatility_30s,add_rate_ask,cancel_ratio,realized_vol_5m,depth_near_bid,add_rate_bid,average_true_range,trade_rate_pre_per_s,queue_imbalance_std_5s,0.01750937481532333,0.036879281188009205,0.06993189366455133,203,522,8.153349757998892,0.9728056719983338,5.318119993844216,0.6928750887141483,0.730702331145915,0.6547377423724995
ok,upper,1,60,mr_pts_t60,16,4.0,vol30_top30,realized_volatility_30s,0.3,1023,664,205,154,195,78,55,0.2936746987951807,0.3804878048780488,0.3571428571428571,0.7257722592368262,0.5931297394400529,0.6114352485804929,0.211612950176031,0.7125803489439854,0.5612549928384603,0.6122796269893196,0.2124799316169907,38.0,opening_range_width,depth_mid_bid,realized_vol_1m,queue_imbalance_std_5s,realized_volatility_30s,add_rate_ask,distance0,add_rate_bid,impact_efficiency_3s,since_touch_any_seconds,opening_range_width,depth_mid_bid,realized_vol_1m,add_rate_bid,add_rate_ask,realized_volatility_30s,trade_rate_pre_per_s,queue_imbalance_std_5s,distance0,since_touch_any_seconds,0.013191910292840836,0.03187474660159262,0.0008443784088266737,55,154,6.931471805599453,0.9774666715527833,4.02535169073515,0.6922945958842226,0.7116140140427646,0.6465452399193297
ok,upper,3,300,mr_pts_t300,12,3.0,none,,,3474,2258,694,522,997,303,270,0.441541186891054,0.4365994236311239,0.5172413793103449,0.6642104108109019,0.5904686726570202,0.6429293341883668,0.226113596697956,0.6228542034097589,0.614739312741684,0.6782552398673385,0.2419952168906057,95.0,realized_vol_1m,cancel_rate_bid,cancel_ratio,opening_range_width,time_of_day_sin,impact_efficiency_3s,wall_persistence_2s,average_true_range,depth_far_ask,impact_efficiency_30s,realized_vol_1m,cancel_rate_bid,cancel_ratio,time_of_day_sin,opening_range_width,distance_from_overnight_high,average_true_range,depth_far_ask,impact_efficiency_30s,realized_vol_5m,0.041356207401142986,0.02427064008466384,0.03532590567897165,270,522,8.153349757998892,0.9671865762570966,5.602118820879701,0.6917560640862869,0.7327202339420806,0.6763198850047785
ok,upper,2,300,mr_pts_t300,8,2.0,vol1m_top30,realized_vol_1m,0.3,1026,666,206,154,523,157,114,0.7852852852852853,0.7621359223300971,0.7402597402597403,0.6208891199792019,0.8105885871090641,0.5480701842567047,0.1811110882028902,0.5291666666666667,0.7552313659063838,0.5786368900194164,0.1943392649616235,1.0,toxicity_ratio,cancel_ratio,dist_day_low,opening_range_width,band_k,side,is_weekend,entry_price,distance0,sigma0,cancel_ratio,opening_range_width,toxicity_ratio,dist_day_low,band_k,side,is_weekend,entry_price,distance0,sigma0,0.09172245331253526,0.05535722120268027,0.0305667057627117,114,154,6.934397209928558,0.9264601627423922,4.74493212836325,0.6914549011040041,0.7129904925988719,0.7118156271809792
ok,upper,1,60,mr_pts_t60,8,2.0,vol1m_top30,realized_vol_1m,0.3,1023,664,205,154,374,132,92,0.5632530120481928,0.6439024390243903,0.5974025974025974,0.5792341220423411,0.7200937676073607,0.6525927142720318,0.2300573381323518,0.6149193548387097,0.6626673569705165,0.6618542246359538,0.2346095264634627,12.0,opening_range_width,cancel_rate_bid,add_rate_bid,cancel_ratio,remove_rate_near_ask,range_position,depth_mid_bid,depth_far_bid,cancel_rate_ask,wall_persistence_2s,opening_range_width,cancel_rate_bid,remove_rate_near_ask,add_rate_bid,range_position,cancel_ratio,depth_mid_bid,vwap_slope_pts_per_s,cancel_rate_ask,distance_from_session_midrange,0.03568523279636859,0.05742641063684417,0.009261510363921976,92,154,6.931471805599453,0.9534441782833936,4.532599493153256,0.6913928945679959,0.7154441569887072,0.6863779808459887
ok,lower,2,300,mr_pts_t300,32,8.0,vol1m_top30,realized_vol_1m,0.3,1031,670,206,155,137,79,48,0.2044776119402985,0.3834951456310679,0.3096774193548387,0.676666998903618,0.5571280691129794,0.6324840277876688,0.2215741719620964,0.7297507788161993,0.5441285618448941,0.564598993915818,0.1940099472549008,76.0,realized_vol_1m,average_true_range,distance_from_overnight_high,realized_vol_5m,distance_from_ema_21,depth_far_ask,wall_persistence_2s,bid_depth_curvature,bid_queue_change_rate,trade_rate_pre_per_s,realized_vol_1m,average_true_range,distance_from_overnight_high,realized_vol_5m,distance_from_ema_21,realized_volatility_30s,depth_far_ask,trade_rate_pre_per_s,bid_depth_curvature,wall_persistence_2s,0.053083779912581286,0.012999507268085297,-0.06788503387185074,48,155,6.939253946041508,0.9669583564096668,3.8918202981106265,0.6913568110771164,0.7071218432608017,0.6376269180064775
ok,upper,1,600,mr_pts_t600,8,2.0,vol1m_top30,realized_vol_1m,0.3,1023,664,205,154,543,174,124,0.8177710843373494,0.848780487804878,0.8051948051948052,0.6776047460140897,0.9147931290239584,0.4239129107229228,0.1280366125649777,0.5047043010752688,0.7972427246643569,0.4933409012519403,0.1569080525637125,3.0,opening_range_width,cancel_ratio,z_anchor_vwap,abs_vwap_slope_pts_per_s,toxicity_ratio,distance_from_range_extreme_norm,OFI_5s,macd_hist,stoch_d_3,band_k,opening_range_width,cancel_ratio,z_anchor_vwap,abs_vwap_slope_pts_per_s,toxicity_ratio,distance_from_range_extreme_norm,macd_hist,OFI_5s,stoch_d_3,band_k,0.17290044493882095,0.11755040435960151,0.06942799052901749,124,154,6.931471805599453,0.8547745753507887,4.8283137373023015,0.6912700598468953,0.7047320030830626,0.7217167142853713
ok,upper,2,180,mr_pts_t180,16,4.0,none,,,3418,2221,684,513,624,169,173,0.2809545249887438,0.2470760233918128,0.3372319688109161,0.7010800252771874,0.4490033982929946,0.5470259334113129,0.1810832591151134,0.7085345120707243,0.5306276527369498,0.62800932391967,0.218916057503732,5.0,realized_vol_1m,realized_volatility_30s,depth_far_bid,cancel_rate_ask,average_true_range,toxicity_ratio,depth_mid_bid,add_rate_ask,sigma0,distance_from_overnight_low,realized_vol_1m,realized_volatility_30s,cancel_rate_ask,depth_far_bid,toxicity_ratio,average_true_range,depth_mid_bid,sigma0,depth_near_bid,distance_from_overnight_low,0.007454486793536885,0.08162425444395516,0.08098339050835712,169,513,8.137103389639302,0.955460629381254,5.135798437050262,0.6910116688166514,0.7237372486029656,0.6442116302943688
ok,upper,2,180,mr_pts_t180,4,1.0,vol5m_top30,realized_vol_5m,0.3,1026,666,206,154,566,187,132,0.8498498498498499,0.9077669902912622,0.8571428571428571,0.7016605685336336,0.9606054110512698,0.2997973300464442,0.0824475103984682,0.4552341597796143,0.8535922031234106,0.4226556588235149,0.125564392484849,48.0,queue_length_total_norm,depth_far_bid,depth_near_bid,impact_efficiency_10s,realized_volatility_30s,distance_from_overnight_low,distance_from_session_midrange,ask_liquidity_shock,tick_rate,best_ask_queue_norm,depth_near_bid,depth_far_bid,queue_length_total_norm,impact_efficiency_10s,distance_from_overnight_low,bid_liquidity_shock,tick_rate,ask_liquidity_shock,realized_volatility_30s,distance_from_session_midrange,0.24642640875401928,0.10701320792785929,0.1228583287770707,132,154,6.934397209928558,0.8232801916590606,4.890349128221754,0.6909082361276606,0.6995389715046731,0.7312766385649572
ok,upper,1,300,mr_pts_t300,8,2.0,vol1m_top30,realized_vol_1m,0.3,1023,664,205,154,513,164,120,0.7725903614457831,0.8,0.7792207792207793,0.6762343842950624,0.8853494040232327,0.475925332766163,0.152517338379339,0.5034313725490196,0.7941646339064098,0.5475078947212041,0.1762699243000449,117.0,opening_range_width,replenishment_rate_near_5s,impact_decay_5s,cancel_ratio,z_anchor_vwap,impact_efficiency_3s,distance_from_range_extreme_norm,time_of_day_sin,depth_mid_ask,distance_from_overnight_low,opening_range_width,cancel_ratio,replenishment_rate_near_5s,impact_efficiency_3s,impact_decay_5s,depth_mid_ask,time_of_day_sin,distance_from_range_extreme_norm,since_touch_any_seconds,distance_from_overnight_low,0.17280301174604284,0.09118477011682291,0.07158256195504109,120,154,6.931471805599453,0.8680061090685671,4.795790545596741,0.6908528055049947,0.7052148021613835,0.7176845534378891
ok,upper,3,180,mr_pts_t180,12,3.0,none,,,3474,2258,694,522,804,232,226,0.3560673162090345,0.3342939481268011,0.4329501915708812,0.7031459919390953,0.548660054229433,0.5784897430930892,0.1969534537408813,0.6628647452762496,0.5714878137631416,0.6522692374267691,0.2300002708652513,96.0,realized_vol_1m,cancel_rate_bid,cancel_ratio,time_of_day_sin,depth_far_ask,realized_vol_5m,add_rate_bid,dist_day_low,opening_range_width,wall_persistence_2s,realized_vol_1m,cancel_rate_bid,cancel_ratio,time_of_day_sin,realized_vol_5m,depth_far_ask,add_rate_bid,opening_range_width,dist_day_low,distance_from_prior_day_low,0.040281246662845716,0.022827759533708636,0.07377949433367992,226,522,8.153349757998892,0.9684454969017229,5.424950017481403,0.6905855733059288,0.7296719485513277,0.6606672368257789
ok,lower,3,600,mr_pts_t600,32,8.0,vol30_top30,realized_volatility_30s,0.3,1026,666,206,154,218,94,74,0.3273273273273273,0.4563106796116505,0.4805194805194805,0.7476728723404256,0.7038629821314099,0.6986629054408445,0.2527881261455512,0.6499155405405406,0.6343495812486167,0.7225728887922073,0.2641104292559054,8.0,depth_near_ask,distance_from_overnight_high,distance_from_overnight_low,distance_from_range_extreme_norm,depth_far_ask,update_rate_bid,distance_from_ema_21,cancel_rate_ask,queue_imbalance_slope_5s,midrange,depth_near_ask,distance_from_overnight_high,depth_far_ask,distance_from_overnight_low,distance_from_range_extreme_norm,update_rate_bid,abs_vwap_slope_pts_per_s,midrange,cancel_rate_ask,distance_from_ema_21,0.097757331799885,0.06951340088279312,0.02390998335136274,74,154,6.934397209928558,0.9163646336586609,4.31748811353631,0.6903921838820737,0.7065263175332333,0.6657610728435108
ok,upper,3,600,mr_pts_t600,16,4.0,vol5m_top30,realized_vol_5m,0.3,1043,677,209,157,393,138,88,0.5805022156573116,0.6602870813397129,0.5605095541401274,0.6320677689324352,0.7647051536224942,0.613603728914867,0.212054723765621,0.5994729907773386,0.6779718814686418,0.684276105070677,0.245610757602197,88.0,z_anchor_vwap,wall_strength_opposite_5,distance_from_prior_day_high,impact_efficiency_30s,average_true_range,weighted_OBI_l5,opening_range_width,depth_near_bid,distance_from_overnight_high,depth_near_ask,z_anchor_vwap,wall_strength_opposite_5,average_true_range,distance_from_prior_day_high,impact_efficiency_30s,distance_from_overnight_high,vwap_drift,opening_range_width,distance_from_session_vwap_anchor,weighted_OBI_l5,0.03259477815509659,0.0867332721538524,0.07067237615581001,88,157,6.950814768442584,0.9403359748455256,4.48863636973214,0.6902625778577499,0.710933608361266,0.680493117827603
ok,lower,1,60,mr_pts_t60,8,2.0,vol5m_top30,realized_vol_5m,0.3,1025,666,205,154,359,124,86,0.539039039039039,0.6048780487804878,0.5584415584415584,0.6447630426125049,0.7112360557041006,0.638351428929893,0.2235730453803701,0.603967168262654,0.6689594635863001,0.6704025777582714,0.2389710972564915,161.0,realized_volatility_30s,bid_queue_depletion_rate,flow_burst_ratio,distance_from_prior_day_low,trade_imbalance_60s,distance_from_overnight_low,wall_strength_opposite_3,bid_queue_change_rate,CVD,update_rate_ask,realized_volatility_30s,bid_queue_depletion_rate,flow_burst_ratio,prior_day_rth_high,distance_from_overnight_low,distance_from_prior_day_low,wall_strength_opposite_3,CVD,realized_vol_5m,bid_queue_change_rate,0.04079587434985099,0.04227659211780055,0.03205114882837834,86,154,6.933423025730715,0.9584637667661743,4.465908118654584,0.6900547529472991,0.7128731426267317,0.6799762967079525
ok,upper,1,60,mr_pts_t60,4,1.0,vol1m_top30,realized_vol_1m,0.3,1023,664,205,154,519,166,122,0.7816265060240963,0.8097560975609757,0.7922077922077922,0.6548501699104108,0.8728376370563101,0.4871006706011587,0.1542068325908991,0.4998719262295082,0.790135379637918,0.511128440708589,0.1646510946969401,1.0,cancel_ratio,return_last_30s,realized_vol_1m,opening_range_width,band_k,side,is_weekend,entry_price,distance0,sigma0,cancel_ratio,realized_vol_1m,opening_range_width,return_last_30s,band_k,side,is_weekend,entry_price,distance0,sigma0,0.15497824368090257,0.0827022574183921,0.02402777010743029,122,154,6.931471805599453,0.8811597494503527,4.812184355372417,0.6891326893079719,0.7057914555147586,0.7184698965342939
ok,lower,3,180,mr_pts_t180,12,3.0,vol1m_top30,realized_vol_1m,0.3,1026,666,206,154,339,141,92,0.509009009009009,0.6844660194174758,0.5974025974025974,0.7224222585924713,0.8273525645731434,0.6634235727878554,0.235181747687275,0.6236851332398317,0.6686002176286691,0.6822067552715312,0.2445378791268447,7.0,return_last_5m,distance_from_prior_day_high,queue_imbalance_std_5s,depth_far_ask,best_ask_queue_norm,realized_vol_5m,weighted_OBI_l3,wall_persistence_2s,macd_hist,update_rate_bid,return_last_5m,distance_from_prior_day_high,queue_imbalance_std_5s,best_ask_queue_norm,depth_far_ask,update_rate_bid,realized_vol_5m,weighted_OBI_l3,wall_persistence_2s,macd_hist,0.09873712535263968,0.15875234694447438,0.01878318248367583,92,154,6.934397209928558,0.871255263851443,4.532599493153256,0.6890893385330894,0.7038542547401556,0.6829012039380622
ok,upper,2,60,mr_pts_t60,8,2.0,vol5m_top30,realized_vol_5m,0.3,1026,666,206,154,371,104,96,0.5570570570570571,0.5048543689320388,0.6233766233766234,0.6012443438914027,0.5659407294007173,0.6959477531477193,0.2513843899625734,0.5620510057471264,0.7219762970158422,0.662305295403947,0.2347814889315155,9.0,depth_far_bid,realized_volatility_30s,realized_vol_1m,depth_far_ask,depth_mid_bid,best_bid_queue_norm,depth_near_bid,ask_depth_curvature,weighted_OBI_l10,impact_efficiency_10s,depth_far_bid,realized_volatility_30s,realized_vol_1m,depth_far_ask,depth_mid_bid,ask_depth_curvature,bid_queue_depletion_rate,impact_efficiency_10s,liquidity_slope_ask,best_bid_queue_norm,0.03919333814427628,0.15603556761512494,-0.03364245774377228,96,154,6.934397209928558,0.9023855471202995,4.574710978503383,0.6888991476177622,0.7055499921471382,0.6901017256987507
ok,upper,1,180,mr_pts_t180,16,4.0,vol5m_top30,realized_vol_5m,0.3,1023,664,205,154,307,102,85,0.4623493975903614,0.4975609756097561,0.551948051948052,0.6259280411193604,0.6149977306034247,0.6686014470030556,0.2379436206161015,0.6086956521739131,0.6576408302159928,0.6764390427610063,0.2416879044795444,63.0,opening_range_width,realized_vol_5m,distance_from_value_area_low,cancel_rate_bid,cancel_ratio,add_rate_bid,depth_mid_bid,distance0,rsi_14,average_true_range,opening_range_width,realized_vol_5m,distance0,cancel_rate_bid,cancel_ratio,add_rate_bid,distance_from_value_area_low,depth_mid_bid,depth_mid_ask,average_true_range,0.01723238894544732,0.04264309961256818,0.007837595757950733,85,154,6.931471805599453,0.9700622557209923,4.454347296253507,0.6885546105440277,0.7131697839503405,0.6775952116080446
ok,upper,3,600,mr_pts_t600,16,4.0,vol30_top30,realized_volatility_30s,0.3,1042,677,208,157,394,147,97,0.5819793205317577,0.7067307692307693,0.6178343949044586,0.6822237091557934,0.838641385630296,0.6311771040833273,0.2193437579113457,0.6060137457044673,0.6806096923247933,0.6621926369841291,0.2346833019672277,3.0,depth_mid_bid,opening_range_width,distance_from_overnight_high,weighted_OBI_l10,distance_from_range_extreme_norm,signed_volume,aggressive_buy_volume,microprice_minus_mid,cancel_ratio,distance_from_session_vwap_anchor,depth_mid_bid,opening_range_width,distance_from_overnight_high,cancel_ratio,vwap_slope_pts_per_s,aggressive_buy_volume,distance_from_range_extreme_norm,weighted_OBI_l10,distance_from_session_vwap_anchor,signed_volume,0.07620996345132613,0.1580316933055027,0.031015532900801834,97,157,6.949856455000773,0.8828791716215856,4.584967478670572,0.6881765702324212,0.7048762653015189,0.6862198702814035
ok,lower,2,300,mr_pts_t300,24,6.0,vol5m_top30,realized_vol_5m,0.3,1031,670,206,155,231,71,65,0.3447761194029851,0.3446601941747573,0.4193548387096774,0.6273343766301512,0.4275620238932491,0.6259327747576419,0.2182780414649867,0.6541880341880342,0.6302175051729519,0.6585176737052241,0.2330133203053038,38.0,realized_vol_5m,distance_from_overnight_high,average_true_range,realized_volatility_30s,depth_far_bid,bid_depth_curvature,depth_mid_ask,distance_from_ema_21,depth_far_ask,cancel_rate_ask,realized_vol_5m,distance_from_overnight_high,average_true_range,realized_volatility_30s,depth_far_bid,bid_depth_curvature,depth_far_ask,depth_mid_ask,distance_from_ema_21,cancel_rate_ask,0.026853657557882937,0.20265548127970284,0.03258489894758221,65,155,6.939253946041508,0.8852454305812072,4.189654742026425,0.6873959979742275,0.6974352030487617,0.6533695451032282
ok,upper,1,60,mr_pts_t60,8,2.0,vol30_top30,realized_volatility_30s,0.3,1023,664,205,154,370,131,95,0.5572289156626506,0.6390243902439025,0.6168831168831169,0.5891272952341655,0.721306185950737,0.6458577539993817,0.2269357683858374,0.6008920606601249,0.6611172536435643,0.657353647656424,0.2322386549969992,38.0,opening_range_width,realized_vol_1m,average_true_range,distance_from_ema_21,queue_imbalance_std_5s,cancel_ratio,distance_from_value_area_low,cancel_rate_ask,add_rate_bid,since_touch_any_seconds,opening_range_width,realized_vol_1m,average_true_range,queue_imbalance_std_5s,cancel_rate_ask,add_rate_bid,cancel_ratio,distance_from_ema_21,rv_pre_pts2,cooldown_seconds,0.01176476542595939,0.060188932307172704,0.011495893657042289,95,154,6.931471805599453,0.964023151133434,4.564348191467836,0.6862198328507851,0.712961001847707,0.6856072316350621
ok,upper,2,300,mr_pts_t300,4,1.0,vol1m_top30,realized_vol_1m,0.3,1026,666,206,154,599,190,136,0.8993993993993994,0.9223300970873788,0.8831168831168831,0.6922697368421054,0.9557299017256802,0.2747050854332972,0.0718983713176316,0.4315767973856209,0.8650242646763048,0.3626795244942609,0.1035956576547321,1.0,stoch_k_14,spread_volatility,impact_efficiency_30s,volume_burst_ratio,band_k,side,is_weekend,entry_price,distance0,sigma0,stoch_k_14,impact_efficiency_30s,spread_volatility,volume_burst_ratio,band_k,side,is_weekend,entry_price,distance0,sigma0,0.2606929394564845,0.0907056370493754,0.0879744390609637,136,154,6.934397209928558,0.82430071174707,4.919980925828125,0.6861201678000219,0.6956165346120722,0.7321788072951771
ok,upper,1,300,mr_pts_t300,16,4.0,vol5m_top30,realized_vol_5m,0.3,1023,664,205,154,364,122,96,0.5481927710843374,0.5951219512195122,0.6233766233766234,0.6439857791823029,0.715759689158349,0.6459346283386139,0.2270087768806902,0.5876436781609196,0.6740024853156747,0.6563750178617652,0.2314951978856522,112.0,cancel_ratio,opening_range_width,cancel_rate_bid,tick_rate,z_anchor_vwap,spread_volatility,time_of_day_sin,bid_depth_curvature,distance0,curvature_pressure_l5,cancel_ratio,opening_range_width,cancel_rate_bid,z_anchor_vwap,tick_rate,depth_mid_ask,distance0,bid_depth_curvature,time_of_day_sin,distance_from_overnight_high,0.05634210102138337,0.04175720384267423,0.010440389523151294,96,154,6.931471805599453,0.9509503475679713,4.574710978503383,0.6847672921634009,0.70982824407145,0.6858092935880187
ok,upper,3,600,mr_pts_t600,24,6.0,vol1m_top30,realized_vol_1m,0.3,1042,677,208,157,299,119,72,0.4416543574593796,0.5721153846153846,0.4585987261146497,0.6974789915966386,0.7197223487327471,0.7028956845322394,0.2548823062152354,0.6495915032679738,0.6167959481451453,0.6826582980965704,0.2448003539202867,4.0,opening_range_width,depth_mid_bid,depth_far_bid,z_anchor_vwap,toxicity_ratio,depth_near_bid,cancel_ratio,wall_strength_opposite_5,abs_vwap_slope_pts_per_s,impact_efficiency_10s,opening_range_width,depth_mid_bid,toxicity_ratio,depth_far_bid,z_anchor_vwap,time_of_day_sin,depth_near_bid,cancel_ratio,impact_efficiency_10s,abs_vwap_slope_pts_per_s,0.04788748832866485,0.10292640058760183,-0.02023738643566897,72,157,6.949856455000773,0.9245930555418667,4.290459441148391,0.6842535639779926,0.7021321769316604,0.6572444251611355
ok,upper,1,600,mr_pts_t600,8,2.0,vol5m_top30,realized_vol_5m,0.3,1023,664,205,154,543,173,130,0.8177710843373494,0.8439024390243902,0.8441558441558441,0.6907514450867052,0.9154177387088278,0.3977631731792009,0.1202182612895434,0.4721153846153846,0.8153498093421715,0.4891484594490866,0.14179198000155,321.0,distance_from_overnight_high,z_anchor_vwap,depth_mid_bid,abs_vwap_slope_pts_per_s,distance_from_value_area_low,bid_queue_change_rate,buy_impact_efficiency_10s,ask_convexity,cancel_ratio,OFI_30s,z_anchor_vwap,distance_from_overnight_high,opening_range_width,abs_vwap_slope_pts_per_s,distance_from_prior_day_high,depth_mid_bid,bid_queue_change_rate,time_of_day_sin,buy_impact_efficiency_10s,spread_expansion_ratio,0.21863606047132056,0.10006792936665632,0.09138528626988568,130,154,6.931471805599453,0.8406480050810117,4.875197323201151,0.6840646701070898,0.6970780796840479,0.7227090178018194
ok,lower,1,60,mr_pts_t60,8,2.0,vol1m_top30,realized_vol_1m,0.3,1025,666,205,154,364,140,93,0.5465465465465466,0.6829268292682927,0.6038961038961039,0.6540659340659342,0.7948671098491251,0.61511345081935,0.2123209115048364,0.5875198307773665,0.6821672481848966,0.6582591179079891,0.2330470657095761,114.0,realized_volatility_30s,ema_spread_9_21,depth_near_ask,distance0,macd_signal,trade_imbalance_60s,distance_from_ema_21,z_anchor_vwap,flow_burst_ratio,distance_from_overnight_low,realized_volatility_30s,depth_near_ask,distance0,distance_from_overnight_low,ema_spread_9_21,macd_signal,z_anchor_vwap,distance_from_ema_21,bid_queue_depletion_rate,best_bid_queue_norm,0.06654610328856769,0.11269986166422852,0.043145667088639095,93,154,6.933423025730715,0.9103770175236019,4.543294782270004,0.6839502568683654,0.7033521492572663,0.6816743269657995
ok,upper,2,180,mr_pts_t180,16,4.0,vol30_top30,realized_volatility_30s,0.3,1026,666,206,154,308,108,78,0.4624624624624625,0.5242718446601942,0.5064935064935064,0.6603363567649282,0.6746603222548971,0.6534998518952388,0.2309716944372811,0.6374831309041835,0.6181049291083236,0.6618938134493438,0.2345321060373509,104.0,depth_far_bid,toxicity_ratio,depth_mid_bid,realized_vol_1m,bid_queue_depletion_rate,obv_session,abs_vwap_slope_pts_per_s,realized_volatility_30s,wall_strength_opposite_3_5s_avg,distance_from_session_vwap_anchor,depth_far_bid,toxicity_ratio,depth_mid_bid,realized_vol_1m,realized_volatility_30s,bid_queue_depletion_rate,distance_from_session_vwap_anchor,obv_session,distance0,wall_strength_opposite_3_5s_avg,0.022853225860744675,0.05655539314657354,0.00839396155410499,78,154,6.934397209928558,0.9602956904963409,4.3694478524670215,0.6833144648551817,0.7073571884834886,0.664634931283373
ok,upper,1,180,mr_pts_t180,16,4.0,vol30_top30,realized_volatility_30s,0.3,1023,664,205,154,305,120,83,0.4593373493975903,0.5853658536585366,0.538961038961039,0.6675490196078431,0.7504446706381429,0.6950694134400901,0.2509640393083582,0.6215000848464279,0.6415390127881092,0.6955224328791759,0.2511965207588764,6.0,opening_range_width,realized_volatility_30s,depth_mid_ask,realized_vol_5m,queue_imbalance_std_5s,cancel_rate_bid,distance_from_value_area_low,depth_far_bid,replenishment_rate_near_5s,distance_from_session_midrange,opening_range_width,depth_mid_ask,realized_volatility_30s,cancel_rate_bid,depth_far_bid,queue_imbalance_std_5s,realized_vol_5m,sigma0,distance_from_value_area_low,distance_from_session_vwap_anchor,0.04604893476141514,0.1089056578500337,0.0004530194390858222,83,154,6.931471805599453,0.9225227036942756,4.430816798843313,0.6824817014392086,0.7027380196579004,0.6690988981593162
ok,upper,3,300,mr_pts_t300,12,3.0,vol30_top30,realized_volatility_30s,0.3,1042,677,208,157,409,138,99,0.604135893648449,0.6634615384615384,0.6305732484076433,0.6962732919254658,0.7933751637969755,0.6215772324310639,0.2152183451595856,0.5931731104144897,0.6766026600668276,0.65099323402447,0.2293255510673039,13.0,opening_range_width,depth_mid_bid,time_of_day_sin,weighted_OBI_l10,flow_burst_ratio,seconds_since_open,add_rate_bid,cancel_ratio,trade_rate_pre_per_s,depth_mid_ask,opening_range_width,depth_mid_bid,time_of_day_sin,seconds_since_open,cooldown_seconds,cancel_ratio,weighted_OBI_l10,flow_burst_ratio,add_rate_bid,dist_day_low,0.10310018151097611,0.11677250373014791,0.02941600159340607,99,157,6.949856455000773,0.890063657379438,4.605170185988092,0.6821559517890291,0.7011103911861162,0.6835944950053853
ok,lower,3,60,mr_pts_t60,12,3.0,none,,,3419,2222,684,513,431,99,131,0.1939693969396939,0.1447368421052631,0.2553606237816764,0.7641543641543642,0.3293065548341721,0.3594659961081972,0.1103953043310985,0.7411574277606812,0.485931116630844,0.527913017598477,0.1711914854035817,95.0,realized_volatility_30s,realized_vol_1m,depth_near_bid,distance_from_overnight_high,average_true_range,depth_far_ask,distance_from_prior_day_high,aggressive_sell_volume,opening_range_position,realized_vol_5m,realized_volatility_30s,realized_vol_1m,depth_far_ask,realized_vol_5m,trade_sign_autocorr_10s,return_last_5m,distance_from_prior_day_high,average_true_range,depth_near_bid,distance_from_overnight_high,0.022996936393683054,0.1566245617966719,0.1684470214902798,99,513,8.13739583005665,0.9101892509048225,4.605170185988092,0.6816586695543259,0.6997285579315651,0.6215504645139669
ok,lower,2,600,mr_pts_t600,40,10.0,vol5m_top30,realized_vol_5m,0.3,1031,670,206,155,175,53,49,0.2611940298507462,0.2572815533980582,0.3161290322580645,0.7215439634973486,0.4560041344813877,0.5605435275005892,0.1873118552764016,0.72911051212938,0.5182579711403106,0.6190076126983486,0.214350601258321,3.0,average_true_range,realized_vol_5m,distance_from_overnight_high,depth_mid_bid,depth_near_bid,return_last_30s,distance_from_range_extreme,replenishment_rate_near_5s,band_k,side,average_true_range,realized_vol_5m,distance_from_overnight_high,depth_mid_bid,depth_near_bid,distance_from_range_extreme,return_last_30s,replenishment_rate_near_5s,band_k,side,0.0075665486320314335,0.06225383665892287,0.05846408519775936,49,155,6.939253946041508,0.9650898073545228,3.912023005428146,0.6805656132150408,0.6992564236599197,0.629161018283797
ok,upper,2,180,mr_pts_t180,24,6.0,vol1m_top30,realized_vol_1m,0.3,1026,666,206,154,200,73,50,0.3003003003003003,0.3543689320388349,0.3246753246753247,0.6751467710371819,0.5155752840403994,0.6137931176491396,0.2128107374350757,0.7144230769230769,0.530351715631313,0.5794280490808082,0.1973163465508175,56.0,depth_far_bid,depth_mid_bid,depth_near_ask,aggressive_volume_ratio,average_true_range,depth_near_bid,depth_mid_ask,realized_volatility_30s,opening_range_width,toxicity_ratio,depth_mid_bid,depth_far_bid,depth_near_ask,aggressive_volume_ratio,depth_near_bid,average_true_range,realized_volatility_30s,depth_mid_ask,trade_rate_pre_per_s,impact_efficiency_10s,0.039276305885895035,0.014776431590913575,-0.034365068568331325,50,154,6.934397209928558,0.9729736312615958,3.9318256327243257,0.6802569519484603,0.6998044961026696,0.6309983571758855
ok,lower,1,180,mr_pts_t180,24,6.0,none,,,3413,2218,683,512,306,71,98,0.1379621280432822,0.1039531478770131,0.19140625,0.8501564945226917,0.4308002723456031,0.2540634918221882,0.0752243591633212,0.7727250320418023,0.4391829194557654,0.4634808825009961,0.1424888402644259,177.0,realized_vol_1m,depth_mid_bid,realized_volatility_30s,average_true_range,distance_from_overnight_high,opening_range_width,avg_trade_size,cancel_rate_ask,since_touch_any_seconds,distance_from_prior_day_high,realized_volatility_30s,realized_vol_1m,average_true_range,depth_mid_bid,distance_from_overnight_high,distance_from_prior_day_high,opening_range_width,since_touch_any_seconds,realized_vol_5m,depth_near_ask,0.07743146248088939,0.008382647110162289,0.20941739067880794,71,512,8.135639903354386,0.9570929452044742,4.276666119016055,0.6802552655654857,0.6981080045817802,0.609734553888517
ok,upper,1,60,mr_pts_t60,8,2.0,vol5m_top30,realized_vol_5m,0.3,1023,664,205,154,352,119,95,0.5301204819277109,0.5804878048780487,0.6168831168831169,0.5978112175102599,0.6841878634016416,0.665364413761576,0.2365545082797148,0.5821587867975022,0.6596776692866859,0.6625230375165534,0.2346472429573063,66.0,add_rate_bid,distance_from_value_area_low,realized_vol_1m,realized_volatility_30s,average_true_range,cancel_rate_bid,depth_far_bid,z_anchor_vwap,opening_range_width,cancel_ratio,add_rate_bid,realized_vol_1m,distance_from_value_area_low,average_true_range,depth_far_bid,depth_mid_bid,opening_range_width,cancel_ratio,realized_volatility_30s,cancel_rate_bid,0.01565243071275768,0.024510194114955697,-0.0028413762450225644,95,154,6.931471805599453,0.9799186875861433,4.564348191467836,0.6797402432082558,0.7091515879792674,0.6810729485966387
ok,lower,1,180,mr_pts_t180,24,6.0,vol30_top30,realized_volatility_30s,0.3,1025,666,205,154,174,82,59,0.2612612612612612,0.4,0.3831168831168831,0.7092008724965299,0.5941876840019211,0.6124888977801369,0.2138485700140425,0.6808206958073149,0.5632776607506664,0.6497516853827013,0.2284732268523678,139.0,avg_trade_size,opening_range_width,since_touch_any_seconds,realized_vol_1m,distance_from_overnight_high,realized_vol_5m,OFI_burst_ratio,distance_from_prior_day_high,realized_volatility_30s,average_true_range,realized_vol_1m,realized_vol_5m,avg_trade_size,realized_volatility_30s,opening_range_width,distance_from_prior_day_high,since_touch_any_seconds,distance_from_overnight_high,depth_near_ask,OFI_burst_ratio,0.028380176689214998,0.030910023251254692,0.03726278760256441,59,154,6.933423025730715,0.9703549000297651,4.0943445622221,0.6797125561572691,0.7013681068092952,0.6409341360065367
ok,upper,1,60,mr_pts_t60,12,3.0,vol5m_top30,realized_vol_5m,0.3,1023,664,205,154,259,72,70,0.3900602409638554,0.3512195121951219,0.4545454545454545,0.6356516290726817,0.4936193027803391,0.6327860887831208,0.2212422383144537,0.6430272108843538,0.6082252072083039,0.6590476348938542,0.2328415681912994,58.0,realized_vol_5m,add_rate_bid,depth_mid_bid,depth_far_ask,add_rate_ask,update_rate_ask,average_true_range,distance_from_value_area_low,realized_vol_1m,realized_volatility_30s,realized_vol_5m,add_rate_bid,depth_mid_bid,add_rate_ask,realized_vol_1m,depth_far_ask,realized_volatility_30s,opening_range_width,update_rate_ask,average_true_range,0.007375581811672083,0.11460590442796476,0.02626154611073339,70,154,6.931471805599453,0.9390092568801816,4.2626798770413155,0.6794156849410473,0.6994680259770641,0.652883521674015
ok,upper,2,180,mr_pts_t180,16,4.0,vol1m_top30,realized_vol_1m,0.3,1026,666,206,154,310,107,77,0.4654654654654654,0.5194174757281553,0.5,0.6702539412819786,0.6567295045310865,0.657781775267181,0.2327009901738317,0.6237139483892731,0.6215988974691429,0.6677205846971155,0.2376451158935871,37.0,depth_far_bid,average_true_range,depth_mid_bid,realized_volatility_30s,trade_sign_autocorr_10s,trade_sign_autocorr_60s,abs_vwap_slope_pts_per_s,depth_near_ask,trade_imbalance,opening_range_width,depth_far_bid,depth_mid_bid,average_true_range,trade_rate_pre_per_s,realized_volatility_30s,trade_sign_autocorr_10s,trade_sign_autocorr_60s,opening_range_width,cancel_rate_ask,OFI_5s,0.046539992892705495,0.0351306070619436,0.009938809429934525,77,154,6.934397209928558,0.9591647000226755,4.356708826689592,0.6790912801461786,0.7030487471802596,0.6606399404337941
ok,upper,3,180,mr_pts_t180,24,6.0,vol5m_top30,realized_vol_5m,0.3,1043,677,209,157,154,58,50,0.2274741506646972,0.277511961722488,0.3184713375796178,0.7228819365151862,0.4708653007321442,0.5341499673360667,0.1784482324405354,0.7065420560747663,0.5380245385786984,0.5795072911122958,0.1974683870785475,83.0,average_true_range,depth_near_bid,depth_mid_bid,impact_decay_5s,cancel_rate_ask,dsigma_dt,z_anchor_vwap,spread_volatility,distance_from_session_vwap_anchor,CVD,average_true_range,depth_near_bid,depth_mid_bid,cancel_rate_ask,distance_from_session_vwap_anchor,impact_decay_5s,spread_volatility,dsigma_dt,realized_vol_5m,depth_far_ask,0.016339880440419896,0.06715923784655414,0.04535732377622914,50,157,6.950814768442584,0.9582504408565129,3.9318256327243257,0.6789027134218424,0.6964033476089598,0.6291179815223734
ok,lower,3,600,mr_pts_t600,40,10.0,none,,,3419,2222,684,513,300,50,103,0.135013501350135,0.0730994152046783,0.2007797270955165,0.8017034700315457,0.3112496443892197,0.2183371539306307,0.0603003549784409,0.7639355908122187,0.455895573414128,0.4542838214855594,0.1418955963029599,184.0,average_true_range,distance_from_overnight_high,bid_depth_curvature,opening_range_width,trade_sign_autocorr_60s,depth_mid_bid,realized_volatility_30s,vwap_drift,add_rate_ask,realized_vol_5m,average_true_range,realized_vol_5m,realized_volatility_30s,distance_from_overnight_high,realized_vol_1m,bid_depth_curvature,opening_range_width,depth_far_ask,distance_from_prior_day_high,vwap_drift,0.037767879219327005,0.1446459290249083,0.2359466675549287,50,513,8.13739583005665,0.9087930958778824,3.9318256327243257,0.6786161019855605,0.681960926221971,0.6095447232979596
ok,upper,1,300,mr_pts_t300,32,8.0,none,,,3407,2214,681,512,309,68,76,0.1395663956639566,0.0998531571218795,0.1484375,0.7980760003838404,0.3750596976784497,0.2673884141258872,0.0765751570558612,0.8080033800096571,0.3914790461167134,0.3441341076726736,0.1069883474101721,106.0,opening_range_width,average_true_range,realized_volatility_30s,realized_vol_1m,distance_from_overnight_low,distance_from_overnight_high,cancel_ratio,depth_near_bid,realized_vol_5m,add_rate_ask,opening_range_width,realized_vol_1m,realized_volatility_30s,realized_vol_5m,distance_from_overnight_low,add_rate_ask,average_true_range,cancel_ratio,depth_near_bid,distance_from_overnight_high,0.00992737962581669,0.016419348438263703,0.0767456935467864,68,512,8.133880887949207,0.9868266359679597,4.23410650459726,0.6782368503495079,0.701051252977604,0.6001281850427064
ok,upper,2,300,mr_pts_t300,8,2.0,vol5m_top30,realized_vol_5m,0.3,1026,666,206,154,501,154,116,0.7522522522522522,0.7475728155339806,0.7532467532467533,0.5632492507492507,0.7759401214139166,0.5642649573453179,0.1884431580652447,0.4837794918330308,0.760879091347733,0.5594022072391627,0.1861142554328348,2.0,depth_far_ask,impact_efficiency_10s,cancel_ratio,dsigma_dt,range_position,trade_imbalance_60s,curvature_pressure_l5,band_k,side,is_weekend,depth_far_ask,cancel_ratio,impact_efficiency_10s,dsigma_dt,curvature_pressure_l5,trade_imbalance_60s,range_position,band_k,side,is_weekend,0.07946975891621988,0.015061030066183534,-0.0048627501061552225,116,154,6.934397209928558,0.9527346055087983,4.762173934797756,0.67818656562373,0.7044754122824641,0.7047516748600531
ok,upper,1,60,mr_pts_t60,24,6.0,none,,,3407,2214,681,512,146,31,36,0.065943992773261,0.0455212922173274,0.0703125,0.906997518610422,0.3914925672138156,0.1321137794543894,0.0361680928293228,0.8856792717086835,0.3213100577582836,0.1946626425454736,0.0572258649214488,111.0,realized_volatility_30s,opening_range_width,distance_from_overnight_low,trade_rate_pre_per_s,queue_imbalance_std_5s,cooldown_seconds,CVD,distance_from_range_extreme_norm,dsigma_dt,sigma0,realized_volatility_30s,realized_vol_1m,realized_vol_5m,distance_from_overnight_low,opening_range_width,trade_rate_pre_per_s,cooldown_seconds,sigma0,queue_imbalance_std_5s,CVD,0.021318246901738447,0.070182509455532,0.0625488630910842,31,512,8.133880887949207,0.9542496218213647,3.4657359027997265,0.677981910271087,0.6819000940071468,0.5838953552123044
ok,upper,3,600,mr_pts_t600,12,3.0,vol5m_top30,realized_vol_5m,0.3,1043,677,209,157,461,157,105,0.6809453471196455,0.7511961722488039,0.6687898089171974,0.6882655560999511,0.8732920450671485,0.52846903297641,0.1758571749624938,0.5672161172161172,0.7009892665190257,0.6459547691081511,0.2240153287206309,156.0,z_anchor_vwap,wall_strength_opposite_5,impact_efficiency_3s,cancel_ratio,impact_efficiency_30s,distance_from_prior_day_high,impact_decay_5s,trade_imbalance_60s,vwap_drift,trade_sign_autocorr_30s,z_anchor_vwap,wall_strength_opposite_5,impact_efficiency_3s,impact_efficiency_30s,distance_from_overnight_high,distance_from_prior_day_high,cancel_ratio,depth_mid_bid,trade_sign_autocorr_30s,trade_imbalance_60s,0.1210494388838339,0.17230277854812281,0.11748573613174107,105,157,6.950814768442584,0.8533238912840216,4.663439094112067,0.6778655740972646,0.6934170065768225,0.6864129703872811
ok,upper,2,180,mr_pts_t180,24,6.0,none,,,3418,2221,684,513,348,85,86,0.1566861773975686,0.1242690058479532,0.1676413255360623,0.750486104291466,0.3626295690342196,0.3286755537969588,0.0969682441200839,0.7796960949839333,0.426400985368103,0.3800558678930881,0.117505718051557,116.0,cancel_rate_ask,depth_far_bid,realized_vol_1m,opening_range_width,toxicity_ratio,realized_volatility_30s,depth_mid_ask,depth_mid_bid,add_rate_ask,CVD,realized_vol_1m,depth_far_bid,cancel_rate_ask,realized_volatility_30s,depth_mid_ask,depth_mid_bid,toxicity_ratio,opening_range_width,distance_from_overnight_low,add_rate_ask,0.029209990692467325,0.06377141633388339,0.05138031409612931,85,513,8.137103389639302,0.9535092964868246,4.454347296253507,0.6775905017449534,0.700337393632647,0.6034470418085642
ok,lower,2,60,mr_pts_t60,12,3.0,vol5m_top30,realized_vol_5m,0.3,1031,670,206,155,244,71,65,0.3641791044776119,0.3446601941747573,0.4193548387096774,0.6559207094418362,0.5420783436628906,0.6080213850126089,0.2103346192785004,0.6615384615384615,0.5710379614813714,0.6484671458738541,0.2284512776466924,106.0,distance_from_overnight_high,realized_volatility_30s,bid_depth_curvature,realized_vol_1m,rv_pre_pts2,realized_vol_5m,depth_far_bid,liquidity_compression,depth_near_bid,impact_efficiency_10s,realized_vol_1m,distance_from_overnight_high,realized_volatility_30s,bid_depth_curvature,depth_near_bid,realized_vol_5m,rv_pre_pts2,trade_sign_autocorr_10s,depth_mid_ask,depth_far_ask,0.005617752096625295,0.028959617818480776,0.040445760861245184,65,155,6.939253946041508,0.9827113150424469,4.189654742026425,0.6764109398838902,0.7017471664061852,0.644608421462427
ok,lower,1,60,mr_pts_t60,12,3.0,none,,,3413,2218,683,512,442,117,128,0.1992786293958521,0.171303074670571,0.25,0.7947962912627223,0.430947972548663,0.3779746215569646,0.1196650396867633,0.75115966796875,0.4465449011852479,0.4979587221369714,0.1679507402989472,140.0,realized_volatility_30s,realized_vol_1m,cancel_rate_ask,depth_mid_ask,trade_imbalance_5s,toxicity_ratio,distance_from_ema_21,realized_vol_5m,impact_efficiency_3s,add_rate_ask,realized_volatility_30s,realized_vol_1m,cancel_rate_ask,realized_vol_5m,depth_near_ask,average_true_range,trade_imbalance_5s,add_rate_ask,since_touch_any_seconds,depth_mid_ask,0.04363662329397233,0.015596928636584906,0.1199841005800068,117,512,8.135639903354386,0.9703832240347214,4.770684624465665,0.6759029405110825,0.7074958603671969,0.615959728654945
ok,upper,1,300,mr_pts_t300,8,2.0,vol5m_top30,realized_vol_5m,0.3,1023,664,205,154,500,161,126,0.7530120481927711,0.7853658536585366,0.8181818181818182,0.6366459627329193,0.8424469078636009,0.5002727217471836,0.1613121306584808,0.4580498866213152,0.796047400086611,0.4947072346617008,0.155618792519061,89.0,cancel_ratio,z_anchor_vwap,distance_from_overnight_low,depth_mid_ask,tick_rate,liquidity_compression,distance_from_session_vwap_anchor,abs_vwap_slope_pts_per_s,distance_from_prior_day_high,opening_range_width,cancel_ratio,z_anchor_vwap,distance_from_overnight_low,depth_mid_ask,liquidity_compression,abs_vwap_slope_pts_per_s,distance_from_session_vwap_anchor,tick_rate,distance_from_prior_day_high,ask_depth_curvature,0.1785960761116041,0.04639950777698987,-0.005565487085482823,126,154,6.931471805599453,0.887502208055703,4.844187086458591,0.6754029275047069,0.6949776798861778,0.7125228415655174
ok,lower,3,60,mr_pts_t60,12,3.0,vol30_top30,realized_volatility_30s,0.3,1026,666,206,154,229,105,61,0.3438438438438438,0.5097087378640777,0.3961038961038961,0.7302215935879302,0.7674563873892993,0.6323577946588119,0.2201943214250832,0.6760091662259827,0.5796232744823553,0.6283545773119853,0.2190694125617714,113.0,realized_volatility_30s,wall_strength_opposite_3_2s_avg,depth_far_ask,queue_imbalance_slope_5s,wall_persistence_2s,ask_queue_depletion_rate,aggressive_sell_volume,average_true_range,wall_strength_opposite_5_5s_avg,distance_from_value_area_high,realized_volatility_30s,ask_queue_depletion_rate,wall_strength_opposite_3_2s_avg,depth_far_ask,queue_imbalance_slope_5s,depth_mid_ask,wall_persistence_2s,realized_vol_5m,spread_expansion_ratio,aggressive_sell_volume,0.054212427361947424,0.18783311290694404,-0.004003217346826626,61,154,6.934397209928558,0.8789772298655543,4.127134385045092,0.6752003710704353,0.6871132909081488,0.6380338751393035
ok,lower,1,180,mr_pts_t180,16,4.0,vol1m_top30,realized_vol_1m,0.3,1025,666,205,154,276,120,73,0.4144144144144144,0.5853658536585366,0.474025974025974,0.6530392156862745,0.718826021045923,0.7173528742131907,0.2620467051934861,0.647894469812278,0.5935572983578672,0.6880025534281822,0.2475024798454181,5.0,depth_near_ask,opening_range_width,avg_trade_size,depth_mid_ask,average_true_range,add_rate_bid,distance_from_prior_day_high,realized_vol_5m,realized_volatility_30s,liquidity_slope_ask,depth_near_ask,opening_range_width,depth_mid_ask,distance_from_prior_day_high,add_rate_bid,realized_vol_5m,average_true_range,avg_trade_size,realized_volatility_30s,distance_from_ema_21,0.005144745873996492,0.12526872268805578,-0.029350320785008543,73,154,6.933423025730715,0.9347932657189739,4.30406509320417,0.6750977573710556,0.6969390542077682,0.6517343415758304
ok,lower,2,180,mr_pts_t180,32,8.0,vol30_top30,realized_volatility_30s,0.3,1031,670,206,155,89,56,43,0.1328358208955224,0.2718446601941747,0.2774193548387096,0.7542857142857142,0.5374299578684075,0.52075527239268,0.175073528903135,0.7477159468438539,0.4838438187858515,0.5741196777497427,0.195955021229846,61.0,distance_from_prior_day_high,depth_mid_ask,realized_vol_5m,realized_vol_1m,distance_from_overnight_high,realized_volatility_30s,average_true_range,depth_near_ask,opening_range_width,ask_queue_depletion_rate,distance_from_prior_day_high,realized_vol_5m,realized_vol_1m,depth_mid_ask,realized_volatility_30s,distance_from_overnight_high,opening_range_width,average_true_range,depth_near_ask,ask_queue_depletion_rate,0.00656976744186033,0.05358613908255605,0.05336440535706266,43,155,6.939253946041508,0.9699220467377918,3.784189633918261,0.6747253500973738,0.6932875041573977,0.6173744676995021
ok,lower,2,60,mr_pts_t60,8,2.0,vol5m_top30,realized_vol_5m,0.3,1031,670,206,155,361,109,83,0.5388059701492537,0.529126213592233,0.535483870967742,0.6210157949493994,0.6511720463993746,0.6712373896120162,0.2393533452171759,0.589859437751004,0.639460517197286,0.6876745512967487,0.2469439646171374,224.0,distance_from_overnight_high,bid_depth_curvature,distance_from_prior_day_high,depth_curvature_pressure,OFI_60s,distance_from_overnight_low,aggressive_sell_volume,ask_curvature_l5,cooldown_seconds,net_liquidity_shock,distance_from_overnight_high,bid_depth_curvature,distance_from_prior_day_high,depth_curvature_pressure,net_liquidity_shock,OFI_60s,distance_from_overnight_low,rv_pre_pts2,realized_volatility_30s,realized_vol_1m,0.03115635719839538,0.011711529202088622,0.016437161684732526,83,155,6.939253946041508,0.9785660567997579,4.430816798843313,0.6746938268310041,0.7022489151183515,0.6640574378412007
ok,lower,3,60,mr_pts_t60,8,2.0,vol5m_top30,realized_vol_5m,0.3,1026,666,206,154,349,124,82,0.524024024024024,0.6019417475728155,0.5324675324675324,0.6317859952793077,0.7597992193617237,0.6619867866342826,0.2346795686051599,0.6112804878048781,0.630037060662751,0.6777492267932856,0.2423548593209539,15.0,realized_volatility_30s,cancel_rate_ask,realized_vol_5m,flow_toxicity_30s,queue_imbalance_std_5s,depth_far_ask,bid_convexity,distance_from_ema_21,distance_from_value_area_low,distance_from_range_extreme_norm,realized_volatility_30s,realized_vol_5m,cancel_rate_ask,queue_imbalance_std_5s,bid_convexity,depth_far_ask,flow_toxicity_30s,distance_from_ema_21,distance_from_value_area_low,distance_from_range_extreme_norm,0.020505507474429585,0.12976215869897267,0.015762440159003077,82,154,6.934397209928558,0.9248661669132989,4.418840607796598,0.6740633078789262,0.6958866842410671,0.6613035359354307
ok,upper,3,180,mr_pts_t180,12,3.0,vol1m_top30,realized_vol_1m,0.3,1042,677,208,157,352,130,87,0.5199409158050221,0.625,0.554140127388535,0.7289940828402366,0.7940453309038897,0.6241368861273509,0.2162153802430119,0.6244663382594416,0.6309343586389256,0.667358560862581,0.2372424330322868,28.0,cancel_ratio,opening_range_width,depth_mid_bid,depth_far_ask,realized_volatility_30s,depth_near_bid,trade_rate_pre_per_s,time_of_day_sin,return_last_30s,weighted_OBI_l10,cancel_ratio,opening_range_width,depth_mid_bid,depth_far_ask,depth_near_bid,time_of_day_sin,realized_volatility_30s,trade_rate_pre_per_s,dist_day_low,return_last_30s,0.10452774458079495,0.16311097226496418,0.0432216747352302,87,157,6.949856455000773,0.8661806415771205,4.477336814478207,0.6740176207756173,0.6904629035201113,0.663145288126007
ok,lower,2,600,mr_pts_t600,40,10.0,none,,,3434,2232,686,516,293,59,101,0.1312724014336917,0.08600583090379,0.1957364341085271,0.8216149001162383,0.3858379881908854,0.2461996744406563,0.0670733667256,0.7661219133961589,0.4315919809783436,0.4508637108479893,0.144440977488194,43.0,distance_from_overnight_high,average_true_range,realized_vol_1m,depth_mid_bid,realized_volatility_30s,realized_vol_5m,depth_far_bid,cancel_rate_ask,return_last_30s,cancel_rate_bid,average_true_range,distance_from_overnight_high,realized_vol_1m,realized_vol_5m,realized_volatility_30s,depth_mid_bid,return_last_30s,depth_far_bid,cancel_rate_bid,cancel_rate_ask,0.05549298672007941,0.04575399278745823,0.20466403640733302,59,516,8.14177220465645,0.9493765102462312,4.0943445622221,0.6738812112680486,0.687522151076987,0.6050498859957945
ok,upper,3,300,mr_pts_t300,12,3.0,vol1m_top30,realized_vol_1m,0.3,1042,677,208,157,407,138,95,0.6011816838995568,0.6634615384615384,0.6050955414012739,0.6981884057971014,0.8133457436381547,0.6201268653329414,0.2145354374263733,0.5889643463497453,0.6628007696955593,0.6630457551330203,0.2351822438594535,17.0,cancel_ratio,opening_range_width,depth_mid_bid,depth_curvature_pressure,flow_burst_ratio,weighted_OBI_l5,volume_burst_ratio,cooldown_seconds,since_touch_any_seconds,distance_from_session_vwap_anchor,cancel_ratio,depth_mid_bid,opening_range_width,weighted_OBI_l5,depth_curvature_pressure,flow_burst_ratio,depth_near_ask,average_true_range,volume_burst_ratio,distance_from_session_vwap_anchor,0.10922405944735614,0.15054497394259536,0.04291888980007896,95,157,6.949856455000773,0.8701154833050242,4.564348191467836,0.6729568726071826,0.6905098230889907,0.6716847306976211
ok,lower,1,600,mr_pts_t600,40,10.0,none,,,3413,2218,683,512,301,63,98,0.1357078449053201,0.0922401171303074,0.19140625,0.8746799795186891,0.4614387465706462,0.2243916807283253,0.0644687591022338,0.766784974859509,0.4297484829839836,0.4346617334068181,0.1378387217353877,141.0,distance_from_overnight_high,average_true_range,depth_mid_ask,depth_near_bid,distance_from_prior_day_high,opening_range_width,realized_volatility_30s,depth_far_bid,depth_far_ask,cancel_rate_bid,average_true_range,distance_from_overnight_high,realized_vol_5m,realized_volatility_30s,distance_from_prior_day_high,opening_range_width,realized_vol_1m,depth_mid_ask,depth_near_bid,depth_far_bid,0.10789500465918012,0.031690263586662604,0.21027005267849277,63,512,8.135639903354386,0.9302073658770786,4.1588830833596715,0.671416910171116,0.6849440479322585,0.6019619260359659
ok,upper,3,600,mr_pts_t600,16,4.0,none,,,3474,2258,694,522,992,311,273,0.4393268379096545,0.4481268011527377,0.5229885057471264,0.6728148900623777,0.6215540627391247,0.6401626098952344,0.2245995176702011,0.5815349309325213,0.6076953571101776,0.6957379594287837,0.250724111418405,121.0,realized_vol_1m,opening_range_width,depth_far_ask,realized_vol_5m,average_true_range,OBI_l10,depth_mid_ask,distance_from_overnight_high,cancel_ratio,impact_efficiency_30s,realized_vol_1m,opening_range_width,depth_far_ask,average_true_range,distance_from_overnight_high,distance_from_overnight_low,z_anchor_vwap,realized_vol_5m,depth_mid_ask,distance_from_session_vwap_anchor,0.09127995912985643,0.013858705628947088,0.055575349533549256,273,522,8.153349757998892,0.9474306676205981,5.6131281063880705,0.6704351819791393,0.7124630817018247,0.6603451968924473
ok,lower,2,300,mr_pts_t300,32,8.0,vol5m_top30,realized_vol_5m,0.3,1031,670,206,155,162,52,47,0.2417910447761194,0.2524271844660194,0.3032258064516129,0.7024225774225774,0.4357804763371629,0.5180467943209369,0.1718414574294314,0.712962962962963,0.510741543867913,0.5707777814909987,0.1935221748021011,94.0,realized_volatility_30s,distance_from_ema_21,realized_vol_5m,distance_from_overnight_high,average_true_range,distance_from_session_vwap_anchor,realized_vol_1m,impact_efficiency_30s,impact_decay_5s,distance_from_prior_day_high,realized_vol_5m,realized_volatility_30s,realized_vol_1m,distance_from_ema_21,distance_from_overnight_high,opening_range_width,distance_from_session_vwap_anchor,average_true_range,distance_from_prior_day_high,impact_efficiency_30s,0.01054038554038561,0.07496106753075016,0.05273098717006175,47,155,6.939253946041508,0.9572492734644321,3.871201010907891,0.6703159692505061,0.6887844477437347,0.6189664667285559
ok,upper,2,180,mr_pts_t180,12,3.0,vol5m_top30,realized_vol_5m,0.3,1026,666,206,154,365,113,96,0.5480480480480481,0.5485436893203883,0.6233766233766234,0.6492054429536587,0.6777685549753627,0.6798808989546614,0.2434397150073511,0.552173132183908,0.6730779600554769,0.6682684752371595,0.2376353877404083,6.0,realized_volatility_30s,depth_far_ask,depth_near_ask,depth_near_bid,depth_far_bid,distance_from_value_area_low,toxicity_ratio,depth_mid_bid,weighted_OBI_l10,impact_efficiency_10s,depth_far_ask,realized_volatility_30s,depth_far_bid,depth_mid_bid,depth_near_bid,depth_near_ask,toxicity_ratio,impact_efficiency_10s,depth_mid_ask,cancel_rate_bid,0.09703231076975072,0.004690594919885771,-0.01161242371750193,96,154,6.934397209928558,0.9491385471551816,4.574710978503383,0.6700639634118168,0.6967738353188786,0.6746992456971457
ok,lower,1,60,mr_pts_t60,16,4.0,none,,,3413,2218,683,512,278,57,83,0.1253381424706943,0.0834553440702781,0.162109375,0.8393027296676195,0.2733741709110308,0.2679047711141351,0.0723602378163634,0.8018928862302357,0.3922527482177428,0.4154214258161302,0.1293684683569085,13.0,realized_volatility_30s,realized_vol_1m,realized_vol_5m,add_rate_ask,impact_efficiency_30s,depth_near_bid,distance_from_overnight_high,cooldown_seconds,cancel_rate_bid,sigma0,realized_volatility_30s,realized_vol_1m,realized_vol_5m,impact_efficiency_30s,depth_near_bid,distance_from_overnight_high,sigma0,distance0,add_rate_ask,distance_from_prior_day_high,0.03740984343738385,0.11887857730671203,0.1475166547019951,57,512,8.135639903354386,0.9218557896279521,4.060443010546419,0.6696266231879978,0.681907848241086,0.594141103404087
ok,lower,3,180,mr_pts_t180,24,6.0,vol30_top30,realized_volatility_30s,0.3,1026,666,206,154,156,81,57,0.2342342342342342,0.3932038834951456,0.3701298701298701,0.7161975308641976,0.657820905375418,0.6451544515216121,0.2275811796085662,0.6822210164586725,0.5451808523008208,0.6543886475993016,0.2307947141471054,39.0,realized_vol_5m,bid_depth_curvature,opening_range_width,update_rate_bid,return_last_5m,depth_far_ask,cancel_ratio,aggressive_sell_volume,abs_vwap_slope_pts_per_s,depth_near_ask,realized_vol_5m,bid_depth_curvature,return_last_5m,update_rate_bid,depth_far_ask,opening_range_width,cancel_ratio,abs_vwap_slope_pts_per_s,queue_imbalance_slope_5s,aggressive_sell_volume,0.03397651440552507,0.11264005307459724,0.009234196077689494,57,154,6.934397209928558,0.9266917162599388,4.060443010546419,0.6686795909303358,0.6868683103723595,0.6287179271889081
ok,upper,2,600,mr_pts_t600,24,6.0,vol30_top30,realized_volatility_30s,0.3,1026,666,206,154,324,115,78,0.4864864864864865,0.558252427184466,0.5064935064935064,0.6604873387482083,0.7201823280681086,0.6457450085594172,0.2273870107704475,0.6347840755735493,0.593269087009483,0.6725410759303643,0.2395571401563334,67.0,distance_from_overnight_low,toxicity_ratio,depth_far_bid,opening_range_width,impact_efficiency_10s,average_true_range,depth_mid_ask,spread_volatility,vwap_drift,trade_sign_autocorr_30s,depth_far_bid,distance_from_overnight_low,toxicity_ratio,opening_range_width,time_of_day_sin,impact_efficiency_10s,depth_mid_ask,average_true_range,spread_volatility,vwap_drift,0.025703263174658986,0.12691324105862556,0.026796067370947085,78,154,6.934397209928558,0.9236917478833577,4.3694478524670215,0.6686401116220935,0.6916409779655178,0.6514722756882902
ok,lower,3,180,mr_pts_t180,24,6.0,none,,,3419,2222,684,513,271,56,96,0.1219621962196219,0.0818713450292397,0.1871345029239766,0.8314518880800728,0.3084332474128182,0.2298815447619786,0.0655164892460206,0.7622651878497202,0.4340227452418306,0.4457021802622428,0.1376561675271109,68.0,realized_vol_1m,realized_volatility_30s,depth_near_bid,opening_range_width,average_true_range,depth_near_ask,bid_depth_curvature,curvature_pressure_l5,add_rate_ask,distance_from_overnight_high,realized_vol_1m,realized_volatility_30s,bid_depth_curvature,depth_near_ask,realized_vol_5m,return_last_5m,opening_range_width,distance_from_overnight_high,depth_near_bid,depth_far_bid,0.06918670023035256,0.1255894978290124,0.21582063550026417,56,513,8.13739583005665,0.9026119009703175,4.04305126783455,0.6685806900408857,0.67629548748668,0.5987232094324185
ok,lower,3,180,mr_pts_t180,24,6.0,vol1m_top30,realized_vol_1m,0.3,1026,666,206,154,153,78,57,0.2297297297297297,0.3786407766990291,0.3701298701298701,0.7411358173076923,0.6265445396964966,0.6230710687055335,0.2183800913725296,0.680774100198951,0.5456533698034334,0.6632688834577258,0.2346636334297606,32.0,realized_vol_5m,return_last_5m,bid_depth_curvature,depth_far_ask,opening_range_width,realized_volatility_30s,cancel_ratio,depth_near_ask,cancel_rate_ask,ask_depth_curvature,realized_vol_5m,return_last_5m,bid_depth_curvature,depth_far_ask,opening_range_width,cancel_ratio,depth_near_ask,realized_volatility_30s,cancel_rate_ask,ask_depth_curvature,0.060361717108741275,0.08089116989306322,0.04019781475219231,57,154,6.934397209928558,0.9293735564990978,4.060443010546419,0.6685580154514081,0.6870400129800727,0.6287174174608219
ok,lower,2,180,mr_pts_t180,32,8.0,vol1m_top30,realized_vol_1m,0.3,1031,670,206,155,89,59,39,0.1328358208955224,0.2864077669902912,0.2516129032258064,0.7365386832699182,0.5335719651475701,0.5346879317544538,0.1789050405933946,0.7541998231653404,0.4638998948504319,0.5210549724070214,0.1757166362891959,102.0,distance_from_overnight_high,ask_queue_depletion_rate,distance_from_prior_day_high,depth_mid_ask,average_true_range,realized_vol_1m,depth_far_ask,realized_vol_5m,realized_volatility_30s,impact_efficiency_30s,realized_vol_1m,distance_from_overnight_high,realized_vol_5m,distance_from_prior_day_high,average_true_range,ask_queue_depletion_rate,depth_mid_ask,depth_far_ask,realized_volatility_30s,dsigma_dt,0.017661139895422173,0.06967207029713818,-0.013632959347432472,39,155,6.939253946041508,0.9563333949037198,3.6888794541139363,0.6679824658683933,0.684527484953237,0.6071094242932087
ok,lower,2,300,mr_pts_t300,32,8.0,none,,,3434,2232,686,516,261,53,84,0.1169354838709677,0.0772594752186588,0.1627906976744186,0.8653909207427941,0.390120595120594,0.2207548643660872,0.0606137676059107,0.7801752645502645,0.4018593621984285,0.3949779608003549,0.123049812395355,38.0,realized_vol_1m,average_true_range,realized_volatility_30s,distance_from_overnight_high,depth_far_ask,depth_far_bid,realized_vol_5m,distance_from_prior_day_high,cancel_ratio,opening_range_width,average_true_range,realized_vol_1m,realized_volatility_30s,distance_from_overnight_high,depth_far_ask,realized_vol_5m,opening_range_width,depth_far_bid,distance_from_prior_day_high,distance_from_ema_21,0.08521565619252958,0.0117387670778345,0.1742230964342677,53,516,8.14177220465645,0.9515227883648181,3.9889840465642745,0.6678241320295835,0.6813762916072277,0.5941322421157983
ok,upper,1,600,mr_pts_t600,24,6.0,none,,,3407,2214,681,512,741,198,181,0.3346883468834688,0.2907488986784141,0.353515625,0.7164293033858251,0.5210733354437338,0.5392439981433845,0.1802581833823725,0.6831299761312614,0.4940280753791433,0.6046293052931846,0.2097433518375758,97.0,realized_vol_1m,opening_range_width,distance_from_overnight_low,realized_volatility_30s,CVD,depth_near_bid,realized_vol_5m,impact_decay_5s,average_true_range,time_of_day_sin,realized_vol_1m,opening_range_width,realized_volatility_30s,distance_from_overnight_low,depth_near_bid,CVD,impact_decay_5s,realized_vol_5m,distance_from_range_extreme_norm,time_of_day_sin,0.03329932725456375,0.027045260064590515,0.06538530714980006,181,512,8.133880887949207,0.9698277063404228,5.204006687076795,0.6676072075403677,0.7084055598668126,0.6276201499082845
ok,upper,1,600,mr_pts_t600,40,10.0,none,,,3407,2214,681,512,361,67,95,0.1630532971996386,0.0983847283406754,0.185546875,0.842797413583548,0.3990699860317269,0.2557548293033314,0.0734396030843196,0.7749337372207497,0.4026211569603859,0.4105368916947491,0.1305374702700758,105.0,opening_range_width,distance_from_overnight_low,depth_far_ask,realized_vol_1m,realized_vol_5m,average_true_range,distance_from_overnight_high,depth_near_bid,realized_volatility_30s,cancel_ratio,distance_from_overnight_low,realized_vol_5m,depth_far_ask,opening_range_width,realized_vol_1m,average_true_range,realized_volatility_30s,distance_from_overnight_high,z_anchor_vwap,cancel_ratio,0.06786367636279833,0.003551170928659031,0.15478206239141773,67,512,8.133880887949207,0.9642925763542713,4.219507705176107,0.6672124316100451,0.6879560444314943,0.5974200312899507
ok,lower,3,60,mr_pts_t60,8,2.0,vol1m_top30,realized_vol_1m,0.3,1026,666,206,154,345,141,88,0.5180180180180181,0.6844660194174758,0.5714285714285714,0.6937261320240045,0.8480545199282985,0.6228758165551143,0.2156166170890528,0.5714531680440771,0.6712719530743113,0.6784786900159782,0.2428376739205391,31.0,realized_volatility_30s,wall_strength_opposite_5_5s_avg,opening_range_width,queue_imbalance_std_5s,depth_far_ask,wall_strength_opposite_3_2s_avg,OFI_30s,distance_from_prior_day_high,remove_rate_near_bid,obv_session,wall_strength_opposite_5_5s_avg,realized_volatility_30s,opening_range_width,queue_imbalance_std_5s,wall_strength_opposite_3_2s_avg,distance_from_prior_day_high,OFI_30s,depth_far_ask,return_last_5m,macd,0.12227296397992737,0.1767825668539872,0.0556028734608639,88,154,6.934397209928558,0.8504722345830427,4.48863636973214,0.6671869437062043,0.6811439438338286,0.6621923149623665
ok,upper,3,600,mr_pts_t600,24,6.0,vol30_top30,realized_volatility_30s,0.3,1042,677,208,157,297,117,77,0.4387001477104874,0.5625,0.4904458598726114,0.6638489715412793,0.7147183739468047,0.6420894405391739,0.2258304106968336,0.6193181818181818,0.6031366664402117,0.6806511934816807,0.2436333488516785,118.0,opening_range_width,depth_mid_bid,vwap_slope_pts_per_s,toxicity_ratio,impact_decay_3s,distance_from_overnight_low,distance_from_overnight_high,distance_from_prior_day_high,time_of_day_sin,distance_from_session_vwap_anchor,depth_mid_bid,opening_range_width,time_of_day_sin,vwap_slope_pts_per_s,toxicity_ratio,abs_vwap_slope_pts_per_s,distance_from_overnight_high,distance_from_overnight_low,impact_decay_3s,distance_from_session_vwap_anchor,0.04453078972309754,0.11158170750659302,0.038561752942506744,77,157,6.949856455000773,0.9219437513851547,4.356708826689592,0.6664155923004312,0.6885273698441942,0.647893819777494
ok,lower,1,180,mr_pts_t180,24,6.0,vol1m_top30,realized_vol_1m,0.3,1025,666,205,154,171,85,52,0.2567567567567567,0.4146341463414634,0.3376623376623376,0.6787254901960784,0.5870151337838168,0.6303377278872792,0.2217548981816692,0.668552036199095,0.5417706605718325,0.6077539596401031,0.2086840012149118,107.0,opening_range_width,distance_from_prior_day_high,realized_vol_1m,since_touch_any_seconds,realized_vol_5m,average_true_range,avg_trade_size,distance_from_overnight_high,realized_volatility_30s,depth_mid_bid,opening_range_width,realized_vol_1m,distance_from_prior_day_high,realized_vol_5m,since_touch_any_seconds,average_true_range,realized_volatility_30s,depth_near_ask,depth_mid_bid,distance_from_overnight_high,0.01017345399698344,0.045244473211984215,-0.022583768247176006,52,154,6.933423025730715,0.9722910363955162,3.970291913552122,0.6663959058790226,0.6879785440155358,0.6231015198798722
ok,upper,1,600,mr_pts_t600,32,8.0,none,,,3407,2214,681,512,511,123,131,0.2308039747064137,0.1806167400881057,0.255859375,0.7626686481918583,0.4496101962080446,0.418118279667167,0.129490372137293,0.7213840636332672,0.4467276886748743,0.5185834996457422,0.171488574442254,37.0,opening_range_width,average_true_range,distance_from_overnight_low,realized_volatility_30s,realized_vol_1m,cancel_ratio,distance_from_overnight_high,impact_decay_5s,time_of_day_cos,cooldown_seconds,opening_range_width,average_true_range,distance_from_overnight_low,realized_volatility_30s,realized_vol_1m,cancel_ratio,realized_vol_5m,dist_day_high,cooldown_seconds,sigma0,0.041284584558591075,0.00288250753317032,0.10046521997857522,123,512,8.133880887949207,0.9779164539541194,4.820281565605037,0.6647975626208322,0.699847555519637,0.6087016780737617
ok,lower,2,300,mr_pts_t300,32,8.0,vol30_top30,realized_volatility_30s,0.3,1031,670,206,155,142,74,52,0.2119402985074626,0.3592233009708738,0.3354838709677419,0.7338247338247339,0.564008832814428,0.5836216893652615,0.2014258349694316,0.6947348767737117,0.5146907379922692,0.6198633949499823,0.2150999023485948,105.0,realized_vol_1m,distance_from_ema_21,distance_from_overnight_high,realized_vol_5m,distance_from_session_vwap_anchor,distance_from_prior_day_high,distance_from_overnight_low,average_true_range,wall_persistence_2s,opening_range_width,realized_vol_1m,realized_vol_5m,distance_from_ema_21,distance_from_overnight_high,distance_from_session_vwap_anchor,distance_from_prior_day_high,distance_from_overnight_low,average_true_range,trade_rate_pre_per_s,wall_persistence_2s,0.03908985705102219,0.049318094822158876,0.03624170558472084,52,155,6.939253946041508,0.9557960240634094,3.970291913552122,0.6644590874844456,0.6857195589763613,0.6195736435526222
ok,upper,1,60,mr_pts_t60,12,3.0,vol30_top30,realized_volatility_30s,0.3,1023,664,205,154,277,92,72,0.4171686746987952,0.448780487804878,0.4675324675324675,0.6408233936129281,0.5835276447009238,0.6800876230074147,0.2435441699525636,0.6104336043360434,0.5921108170745566,0.6867949706165899,0.2468740300639006,7.0,depth_mid_bid,add_rate_ask,opening_range_width,toxicity_ratio,abs_vwap_slope_pts_per_s,realized_vol_1m,queue_imbalance_positive_ratio,realized_volatility_30s,wall_strength_opposite_3_2s_avg,cooldown_seconds,opening_range_width,add_rate_ask,depth_mid_bid,toxicity_ratio,realized_vol_1m,wall_strength_opposite_3_2s_avg,realized_volatility_30s,queue_imbalance_positive_ratio,abs_vwap_slope_pts_per_s,cooldown_seconds,0.030389789276884627,0.00858317237363282,0.00670734760917524,72,154,6.931471805599453,0.9805135191747412,4.290459441148391,0.6640829124976804,0.6922054657108831,0.6435638813402182
ok,upper,2,600,mr_pts_t600,16,4.0,vol5m_top30,realized_vol_5m,0.3,1026,666,206,154,423,141,99,0.6351351351351351,0.6844660194174758,0.6428571428571429,0.6144026186579378,0.729101234204216,0.6013641409455899,0.205337283582179,0.5504132231404958,0.663096668208373,0.6598485396003034,0.2325530510742192,51.0,depth_far_bid,impact_efficiency_10s,z_anchor_vwap,vwap_drift,depth_mid_bid,average_true_range,realized_volatility_30s,weighted_OBI_l10,distance_from_overnight_low,best_ask_queue_norm,depth_far_bid,z_anchor_vwap,vwap_drift,impact_efficiency_10s,average_true_range,depth_mid_bid,distance_from_session_vwap_anchor,cancel_ratio,realized_volatility_30s,distance_from_overnight_low,0.06398939551744198,0.06600456599584303,0.058484398654713554,99,154,6.934397209928558,0.9350030192433575,4.605170185988092,0.663953930264428,0.6910805054554658,0.6721863459685311
ok,upper,3,300,mr_pts_t300,24,6.0,none,,,3474,2258,694,522,449,119,120,0.1988485385296722,0.1714697406340057,0.2298850574712643,0.7180416514431859,0.3690999494572499,0.4136422913604322,0.1284052571198025,0.7334162520729685,0.4350814363345469,0.4764502931620802,0.1562729579710476,118.0,realized_vol_1m,opening_range_width,depth_far_ask,average_true_range,realized_vol_5m,distance_from_overnight_low,abs_vwap_slope_pts_per_s,update_rate_ask,microprice_deviation,wall_persistence_2s,realized_vol_1m,depth_far_ask,opening_range_width,average_true_range,realized_volatility_30s,distance_from_session_vwap_anchor,depth_far_bid,realized_vol_5m,distance_from_overnight_low,time_of_day_sin,0.015374600629782575,0.06598148687729699,0.06280800180164803,119,522,8.153349757998892,0.9593219562464602,4.787491742782046,0.6633312709876522,0.6960449768642472,0.6027183325843176
ok,upper,3,300,mr_pts_t300,16,4.0,none,,,3474,2258,694,522,746,217,206,0.3303808680248007,0.3126801152737752,0.3946360153256705,0.6735163125911756,0.491316998349477,0.5803835056816058,0.1977099200419042,0.6384109622711074,0.5281735037310036,0.6479768438704214,0.2279949945914579,76.0,realized_vol_1m,opening_range_width,cancel_ratio,realized_vol_5m,cancel_rate_ask,depth_mid_bid,impact_efficiency_3s,depth_far_ask,wall_persistence_2s,add_rate_ask,realized_vol_1m,cancel_ratio,opening_range_width,cancel_rate_ask,depth_mid_bid,distance_from_overnight_low,realized_volatility_30s,depth_far_ask,add_rate_ask,realized_vol_5m,0.03510535032006823,0.03685650538152657,0.06759333818881563,206,522,8.153349757998892,0.9640190721492026,5.332718793265369,0.6630356936157646,0.7049802983692048,0.6319813245009542
ok,lower,3,60,mr_pts_t60,16,4.0,vol1m_top30,realized_vol_1m,0.3,1026,666,206,154,138,88,39,0.2072072072072072,0.4271844660194174,0.2532467532467532,0.739117873651772,0.7052767877938153,0.6506423449436437,0.2236582443643789,0.6760312151616499,0.5410353569925941,0.538185102826069,0.1671064112268241,242.0,trade_sign_autocorr_60s,wall_persistence_2s,depth_near_ask,opening_range_width,cancel_ratio,aggressive_sell_volume,trades_per_second,queue_imbalance_slope_5s,bid_depth_curvature,return_last_5m,wall_persistence_2s,trade_sign_autocorr_60s,return_last_5m,depth_near_ask,opening_range_width,trades_per_second,aggressive_sell_volume,ask_depth_curvature,cancel_ratio,OBI_l10,0.06308665849012207,0.16424143080122122,-0.11245724211757469,39,154,6.934397209928558,0.8863359553543283,3.6888794541139363,0.660509896197675,0.6663096228847156,0.6038420198188934
ok,lower,2,60,mr_pts_t60,16,4.0,vol5m_top30,realized_vol_5m,0.3,1031,670,206,155,157,48,47,0.2343283582089552,0.233009708737864,0.3032258064516129,0.6430643459915611,0.3103697584909518,0.5316409504302952,0.1765899953795316,0.7157210401891252,0.505463084790974,0.5832347770912495,0.1990306995664975,61.0,realized_vol_1m,realized_volatility_30s,average_true_range,distance_from_overnight_high,bid_queue_depletion_rate,depth_mid_ask,distance_from_ema_21,depth_far_ask,distance_from_session_vwap_anchor,net_liquidity_shock,realized_vol_1m,realized_volatility_30s,average_true_range,distance_from_overnight_high,depth_mid_ask,realized_vol_5m,bid_queue_depletion_rate,depth_far_ask,ema_spread_9_21,distance_from_ema_21,0.07265669419756404,0.19509332630002224,0.051593826660954245,47,155,6.939253946041508,0.8661249897512068,3.871201010907891,0.6601953881388727,0.6699413803071648,0.6088340008481534
ok,upper,1,300,mr_pts_t300,24,6.0,none,,,3407,2214,681,512,512,126,128,0.2312556458897922,0.185022026431718,0.25,0.7741026741026742,0.4749982930269594,0.4034284718664767,0.1251105771438339,0.7267862955729167,0.4348236309814896,0.507132415148915,0.1693916510758416,304.0,realized_volatility_30s,opening_range_width,impact_decay_5s,distance_from_overnight_low,realized_vol_1m,trade_sign_autocorr_10s,CVD,time_of_day_cos,overnight_high,net_liquidity_shock,realized_volatility_30s,realized_vol_1m,distance_from_overnight_low,opening_range_width,impact_decay_5s,cancel_ratio,add_rate_bid,depth_near_bid,time_of_day_cos,CVD,0.04731637852975745,0.04017466204546982,0.10370394328243837,126,512,8.133880887949207,0.9562544797123864,4.844187086458591,0.6600306348951648,0.6944187466190386,0.6031108237887985
ok,upper,2,60,mr_pts_t60,12,3.0,vol30_top30,realized_volatility_30s,0.3,1026,666,206,154,270,86,65,0.4054054054054054,0.4174757281553398,0.422077922077922,0.6050387596899224,0.503855411140187,0.6675470439819071,0.2373668374802093,0.6309420916162489,0.567578854241771,0.6601193789229775,0.2339263268393752,22.0,depth_far_bid,cancel_rate_ask,toxicity_ratio,rv_pre_pts2,realized_volatility_30s,trade_imbalance_5s,depth_mid_bid,queue_imbalance_std_5s,abs_vwap_slope_pts_per_s,trade_rate_pre_per_s,cancel_rate_ask,depth_far_bid,toxicity_ratio,rv_pre_pts2,realized_volatility_30s,depth_mid_bid,trade_imbalance_5s,trade_rate_pre_per_s,queue_imbalance_std_5s,absorption_ratio,0.025903331926326545,0.06372344310158407,-0.007427665058929667,65,154,6.934397209928558,0.9551866124860448,4.189654742026425,0.6599767113923571,0.68449576425025,0.631815247830332
ok,upper,3,180,mr_pts_t180,16,4.0,none,,,3474,2258,694,522,552,153,154,0.2444641275465013,0.2204610951008645,0.2950191570881226,0.7158976961086345,0.4516692443148467,0.4764543197862068,0.1532096874665451,0.6933759175607002,0.4581800271741127,0.5670653125528198,0.1915759019026222,92.0,realized_vol_1m,add_rate_bid,cancel_rate_ask,realized_vol_5m,realized_volatility_30s,add_rate_ask,opening_range_width,cancel_ratio,wall_persistence_2s,weighted_OBI_l10,realized_vol_1m,add_rate_bid,realized_volatility_30s,add_rate_ask,cancel_rate_ask,realized_vol_5m,cancel_ratio,opening_range_width,time_of_day_sin,ema_spread_9_21,0.022521778547934357,0.00651078285926604,0.090610992766613,153,522,8.153349757998892,0.9854837192963998,5.0369526024136295,0.659170749823565,0.7002872249128892,0.6111770302720078
ok,upper,1,180,mr_pts_t180,24,6.0,none,,,3407,2214,681,512,368,88,89,0.1662149954832881,0.1292217327459618,0.173828125,0.7815805610915223,0.4052948183307219,0.3209528432385223,0.0953556300183755,0.759157436183494,0.3925514325459037,0.397214244156899,0.1260283889791654,161.0,realized_vol_1m,opening_range_width,realized_volatility_30s,overnight_high,impact_decay_5s,distance_from_overnight_low,time_of_day_cos,CVD,cancel_rate_ask,add_rate_ask,realized_vol_1m,realized_volatility_30s,opening_range_width,distance_from_overnight_low,add_rate_ask,cancel_rate_ask,cancel_ratio,CVD,time_of_day_sin,impact_decay_5s,0.022423124908028336,0.012743385784818206,0.07626140091837669,88,512,8.133880887949207,0.9824167446535768,4.48863636973214,0.6586864382592804,0.6896131835382091,0.5892173417636357
ok,lower,1,60,mr_pts_t60,8,2.0,vol30_top30,realized_volatility_30s,0.3,1025,666,205,154,361,142,93,0.5420420420420421,0.6926829268292682,0.6038961038961039,0.6471048513302035,0.7704679396133225,0.657727766724842,0.2323513376820696,0.5717433456724836,0.6373364652029362,0.6767576900653248,0.2418280087669284,3.0,avg_trade_size,realized_volatility_30s,ema_spread_9_21,update_rate_bid,macd,time_of_day_cos,trade_imbalance_30s,time_of_day_sin,band_k,side,realized_volatility_30s,avg_trade_size,update_rate_bid,ema_spread_9_21,macd,time_of_day_cos,trade_imbalance_30s,time_of_day_sin,band_k,side,0.07536150565771982,0.1331314744103863,0.019029923340482813,93,154,6.933423025730715,0.895753509965947,4.543294782270004,0.6582449988778627,0.6814564430644382,0.659788256634883
ok,lower,1,300,mr_pts_t300,32,8.0,none,,,3413,2218,683,512,261,62,81,0.117673579801623,0.0907759882869692,0.158203125,0.8722663757726872,0.4095162183410137,0.236252054049045,0.0686806056681651,0.7900948125232735,0.3710308126188049,0.3819526964240184,0.1199209981164617,64.0,realized_vol_1m,average_true_range,depth_mid_bid,opening_range_width,distance_from_overnight_high,realized_volatility_30s,add_rate_ask,distance_from_prior_day_high,realized_vol_5m,wall_strength_opposite_5,realized_vol_5m,realized_vol_1m,average_true_range,realized_volatility_30s,opening_range_width,depth_mid_bid,distance_from_prior_day_high,distance_from_overnight_high,add_rate_ask,depth_mid_ask,0.08217156324941366,0.03848540572220882,0.1457006423749734,62,512,8.135639903354386,0.9396715155141888,4.143134726391533,0.6582001920542614,0.6769952808506055,0.5843696389209937
ok,upper,3,600,mr_pts_t600,24,6.0,none,,,3474,2258,694,522,678,199,182,0.3002657218777679,0.286743515850144,0.3486590038314176,0.6888584335820517,0.4694912911832188,0.5528876080784138,0.1857797941622375,0.656496444731739,0.4962620891565957,0.6112071382984227,0.2118968845386123,82.0,opening_range_width,realized_vol_1m,realized_vol_5m,depth_far_ask,depth_mid_ask,vwap_slope_pts_per_s,average_true_range,cancel_rate_ask,update_rate_ask,distance_from_overnight_low,realized_vol_1m,opening_range_width,depth_far_ask,average_true_range,realized_vol_5m,distance_from_session_vwap_anchor,distance_from_overnight_low,depth_mid_ask,distance_from_overnight_high,depth_near_ask,0.03236198885031272,0.026770797973376892,0.05831953022000891,182,522,8.153349757998892,0.9704336065881553,5.209486152841421,0.6581467742141495,0.7000090737469263,0.6199828758578584
ok,upper,2,300,mr_pts_t300,24,6.0,none,,,3418,2221,684,513,495,130,129,0.2228725799189554,0.1900584795321637,0.2514619883040935,0.719272424326576,0.4200594478667767,0.4368197779128834,0.1372225949174531,0.7112806847545219,0.4374625277633262,0.5136119926101318,0.169104717851579,107.0,depth_far_bid,realized_volatility_30s,realized_vol_1m,opening_range_width,cancel_rate_ask,toxicity_ratio,CVD,depth_mid_bid,spread_volatility,average_true_range,depth_far_bid,realized_vol_1m,realized_volatility_30s,depth_mid_bid,opening_range_width,toxicity_ratio,distance_from_overnight_low,cancel_rate_ask,spread_volatility,average_true_range,0.007991739572054124,0.017403079896549545,0.0767922146972484,129,513,8.137103389639302,0.9873025902656982,4.867534450455582,0.6580282839891655,0.6965634600444832,0.6027463873711609
ok,lower,3,180,mr_pts_t180,32,8.0,none,,,3419,2222,684,513,158,22,51,0.0711071107110711,0.0321637426900584,0.0994152046783625,0.8586926668497665,0.2644559853891359,0.1160558417906549,0.0284791182657898,0.8328240387063917,0.3222167771867606,0.2839830308871419,0.0814199529528993,139.0,realized_vol_1m,realized_volatility_30s,opening_range_width,convexity_imbalance,microprice_deviation,distance_from_overnight_low,realized_vol_5m,add_rate_bid,spread_expansion_ratio,tick_rate,realized_volatility_30s,realized_vol_1m,realized_vol_5m,opening_range_width,distance_from_overnight_high,average_true_range,depth_near_ask,return_last_5m,distance_from_prior_day_high,distance_from_overnight_low,0.025868628143374872,0.05776079179762472,0.167927189096487,22,513,8.13739583005665,0.9581852900295003,3.1354942159291497,0.6576391820674445,0.6563919665752256,0.5731582200392216
ok,upper,3,180,mr_pts_t180,16,4.0,vol1m_top30,realized_vol_1m,0.3,1042,677,208,157,266,108,69,0.3929098966026588,0.5192307692307693,0.4394904458598726,0.7167592592592593,0.7123033183964261,0.6398655804094239,0.2239642967841895,0.6330698287220027,0.5743919090025786,0.657401508929231,0.2330326864430804,69.0,realized_volatility_30s,replenishment_rate_near_5s,depth_far_ask,ema_spread_9_21,depth_near_bid,weighted_OBI_l10,depth_far_bid,depth_mid_bid,since_touch_any_seconds,opening_range_width,realized_volatility_30s,depth_far_ask,ema_spread_9_21,depth_near_bid,depth_mid_bid,depth_far_bid,replenishment_rate_near_5s,add_rate_bid,since_touch_any_seconds,time_of_day_sin,0.08368943053725664,0.1379114093938475,0.01753592851980712,69,157,6.949856455000773,0.8891995800344479,4.248495242049359,0.6571439309518357,0.6755244807027838,0.6310409195084873
ok,lower,3,300,mr_pts_t300,32,8.0,none,,,3419,2222,684,513,248,46,89,0.1116111611161116,0.067251461988304,0.1734892787524366,0.8122188905547226,0.2590301284952561,0.2057413943892241,0.0566543260133394,0.744567521729913,0.4252707184161616,0.4367676089775235,0.1299462982053668,159.0,depth_mid_bid,opening_range_width,realized_vol_1m,realized_volatility_30s,cancel_rate_bid,distance_from_overnight_high,depth_mid_ask,realized_vol_5m,impact_decay_3s,depth_near_ask,realized_vol_1m,realized_volatility_30s,realized_vol_5m,opening_range_width,distance_from_overnight_high,depth_mid_bid,depth_near_ask,distance_from_overnight_low,cancel_rate_bid,depth_far_ask,0.0676513688248096,0.1662405899209055,0.2310262145882994,46,513,8.13739583005665,0.8830540206271424,3.8501476017100584,0.6560450248283776,0.6588514013372754,0.5863481285474438
ok,upper,2,300,mr_pts_t300,24,6.0,vol30_top30,realized_volatility_30s,0.3,1026,666,206,154,253,94,65,0.3798798798798798,0.4563106796116505,0.422077922077922,0.6631838905775076,0.6218020770386796,0.6488501338091216,0.2289687168883883,0.641313742437338,0.546539569675758,0.6573099815459018,0.2313106422876278,118.0,toxicity_ratio,depth_mid_bid,depth_far_bid,opening_range_width,distance_from_overnight_low,queue_imbalance_slope_5s,vwap_drift,spread_volatility,distance_from_session_vwap_anchor,impact_efficiency_10s,toxicity_ratio,depth_mid_bid,depth_far_bid,vwap_drift,spread_volatility,distance_from_overnight_low,distance_from_session_vwap_anchor,opening_range_width,impact_efficiency_10s,queue_imbalance_slope_5s,0.021870148140169632,0.07526250736292162,0.008459847736780213,65,154,6.934397209928558,0.9514336722484543,4.189654742026425,0.6553343638706284,0.6810634686203093,0.6271876994547949
ok,lower,1,300,mr_pts_t300,24,6.0,vol5m_top30,realized_vol_5m,0.3,1025,666,205,154,229,90,65,0.3438438438438438,0.4390243902439024,0.422077922077922,0.6838647342995169,0.6080170436290104,0.6482622926650196,0.2271060628740345,0.645980985306828,0.5414786518470203,0.6731630092132387,0.236406450501284,141.0,realized_vol_5m,avg_trade_size,average_true_range,distance_from_prior_day_high,opening_range_width,depth_mid_bid,bid_liquidity_shock,update_rate_ask,distance0,liquidity_slope_ask,realized_vol_5m,average_true_range,distance_from_prior_day_high,opening_range_width,avg_trade_size,liquidity_slope_ask,depth_mid_bid,update_rate_ask,bid_liquidity_shock,since_touch_any_seconds,0.03788374899268887,0.06653839178199017,0.024900716548219126,65,154,6.933423025730715,0.9477889296126605,4.189654742026425,0.6548004713539055,0.6804497797488508,0.6264401285425599
ok,lower,2,300,mr_pts_t300,4,1.0,vol5m_top30,realized_vol_5m,0.3,1031,670,206,155,600,177,141,0.8955223880597015,0.8592233009708737,0.9096774193548388,0.4822715760763686,0.8520162880044401,0.412791462505682,0.1222727384740134,0.3239614994934143,0.8723690006185773,0.3059798784630528,0.0826631218197991,1.0,flow_burst_ratio,realized_vol_1m,distance_from_session_midrange,band_k,side,is_weekend,entry_price,distance0,sigma0,cooldown_seconds,flow_burst_ratio,realized_vol_1m,distance_from_session_midrange,band_k,side,is_weekend,entry_price,distance0,sigma0,cooldown_seconds,0.15831007658295432,0.02035271261413718,-0.10681158404262919,141,155,6.939253946041508,0.9106686054014542,4.955827057601261,0.6547082997566545,0.6783039161610419,0.7151453126796099
ok,upper,3,180,mr_pts_t180,12,3.0,vol5m_top30,realized_vol_5m,0.3,1043,677,209,157,356,122,90,0.5258493353028065,0.583732057416268,0.5732484076433121,0.7227247032221594,0.799244191556642,0.6392952649167261,0.223839638536713,0.588391376451078,0.6223658276031439,0.6733066502606453,0.2401203602704692,36.0,cancel_ratio,depth_mid_ask,queue_imbalance_std_5s,ema_spread_9_21,average_true_range,impact_efficiency_30s,z_anchor_vwap,opening_range_width,wall_persistence_2s,dist_day_low,cancel_ratio,depth_mid_ask,ema_spread_9_21,opening_range_width,queue_imbalance_std_5s,impact_efficiency_30s,flow_impact,average_true_range,z_anchor_vwap,realized_volatility_30s,0.13433332677108145,0.1768783639534981,0.03401138534391923,90,157,6.950814768442584,0.8443941546377102,4.51085950651685,0.6539933285602649,0.6717277838619362,0.6500231606814967
ok,upper,2,180,mr_pts_t180,24,6.0,vol30_top30,realized_volatility_30s,0.3,1026,666,206,154,198,76,50,0.2972972972972973,0.3689320388349514,0.3246753246753247,0.6712044534412955,0.5114686212198255,0.654344481505105,0.2311648047254335,0.6889423076923077,0.4875749213878063,0.6182960260755122,0.2141417202186828,6.0,depth_mid_bid,depth_far_bid,depth_near_ask,vwap_drift,toxicity_ratio,aggressive_volume_ratio,realized_vol_1m,queue_imbalance_mean_5s,realized_volatility_30s,bid_curvature_l5,depth_mid_bid,depth_near_ask,depth_far_bid,vwap_drift,realized_volatility_30s,aggressive_volume_ratio,toxicity_ratio,queue_imbalance_mean_5s,bid_curvature_l5,realized_vol_1m,0.017737854251012153,0.023893699832019222,-0.036048455429592896,50,154,6.934397209928558,0.9791842229584844,3.9318256327243257,0.6535749857284388,0.679295306938226,0.6090033075911163
ok,lower,1,180,mr_pts_t180,24,6.0,vol5m_top30,realized_vol_5m,0.3,1025,666,205,154,177,67,48,0.2657657657657657,0.3268292682926829,0.3116883116883117,0.6459009301319489,0.4786949149456186,0.6101800294258191,0.2106281566909792,0.667059748427673,0.5069013054959296,0.5872981103570033,0.1995867044130654,37.0,realized_vol_1m,average_true_range,avg_trade_size,opening_range_width,realized_vol_5m,depth_mid_bid,realized_volatility_30s,distance_from_prior_day_high,depth_near_ask,update_rate_ask,realized_vol_1m,realized_vol_5m,opening_range_width,average_true_range,realized_volatility_30s,avg_trade_size,depth_mid_bid,distance_from_prior_day_high,depth_near_ask,update_rate_ask,0.02115881829572408,0.02820639055031099,-0.02288191906881576,48,154,6.933423025730715,0.9753173955769825,3.8918202981106265,0.6521538846582393,0.6756836135535913,0.6068560912939224
ok,lower,2,180,mr_pts_t180,32,8.0,none,,,3434,2232,686,516,165,35,54,0.0739247311827957,0.0510204081632653,0.1046511627906976,0.8992319508448541,0.4206710605387884,0.1447746703265975,0.0397735539719851,0.8338143338143338,0.3179023908865421,0.2919545310499777,0.0849494136390592,110.0,realized_vol_1m,distance_from_overnight_high,average_true_range,distance_from_prior_day_high,realized_volatility_30s,depth_mid_ask,depth_mid_bid,depth_far_ask,cancel_ratio,opening_range_width,realized_vol_1m,average_true_range,realized_volatility_30s,distance_from_overnight_high,depth_far_ask,distance_from_prior_day_high,depth_mid_ask,opening_range_width,impact_efficiency_30s,realized_vol_5m,0.06541761703052029,0.10276866965224629,0.1471798607233802,35,516,8.14177220465645,0.9159068566586167,3.58351893845611,0.6521353780398365,0.6579340024787579,0.5685564995326806
ok,lower,1,60,mr_pts_t60,12,3.0,vol30_top30,realized_volatility_30s,0.3,1025,666,205,154,221,111,63,0.3318318318318318,0.5414634146341464,0.4090909090909091,0.6337933678359211,0.657023700324467,0.691126830623518,0.2484193297996879,0.650444793301936,0.5340160256677655,0.6478139915776266,0.228891790578467,134.0,realized_volatility_30s,spread_expansion_ratio,since_touch_any_seconds,distance0,spread_mid_ratio,distance_from_ema_21,ema_spread_9_21,distance_from_overnight_low,realized_vol_5m,avg_trade_size,realized_volatility_30s,realized_vol_5m,distance0,distance_from_overnight_low,distance_from_ema_21,since_touch_any_seconds,ema_spread_9_21,spread_mid_ratio,spread_expansion_ratio,avg_trade_size,0.016651425466014946,0.12300767465670148,-0.04331283904589134,63,154,6.933423025730715,0.9301704499386418,4.1588830833596715,0.651839096112845,0.6754978640045551,0.6214574518628992
ok,lower,1,180,mr_pts_t180,16,4.0,vol5m_top30,realized_vol_5m,0.3,1025,666,205,154,274,102,73,0.4114114114114114,0.4975609756097561,0.474025974025974,0.6679040548258138,0.6363995442980842,0.6526211959916179,0.2302423636415325,0.6118721461187214,0.5696069784253578,0.6779635063183458,0.2422030025099056,63.0,depth_near_ask,realized_vol_1m,average_true_range,realized_vol_5m,opening_range_width,add_rate_ask,return_last_5m,bid_queue_depletion_rate,spread_mid_ratio,distance_from_prior_day_high,depth_near_ask,realized_vol_1m,average_true_range,realized_vol_5m,opening_range_width,distance_from_prior_day_high,depth_mid_bid,add_rate_ask,return_last_5m,spread_mid_ratio,0.056031908707092404,0.06679256587272642,0.025342310326727846,73,154,6.933423025730715,0.9385877627100906,4.30406509320417,0.6514881496197408,0.677905044333494,0.6329244821904969
ok,upper,2,60,mr_pts_t60,24,6.0,vol5m_top30,realized_vol_5m,0.3,1026,666,206,154,93,29,21,0.1396396396396396,0.1407766990291262,0.1363636363636363,0.7182933956750439,0.2961639110891799,0.3807215781820568,0.1168587430085429,0.7357679914070892,0.4519878807891752,0.3548995500124631,0.1045336503311092,54.0,opening_range_width,average_true_range,realized_vol_1m,realized_vol_5m,depth_far_ask,dsigma_dt,depth_far_bid,tick_rate,queue_imbalance_std_5s,distance_from_overnight_low,realized_vol_5m,opening_range_width,realized_vol_1m,average_true_range,queue_imbalance_std_5s,depth_far_bid,depth_far_ask,distance_from_overnight_low,distance0,dsigma_dt,0.01747459573204524,0.1558239696999953,-0.025822028169593725,21,154,6.934397209928558,0.9133507172839798,3.091042453358316,0.6514870924074483,0.6513007910212949,0.5757654446818261
ok,lower,1,60,mr_pts_t60,24,6.0,none,,,3413,2218,683,512,108,25,36,0.0486925157799819,0.0366032210834553,0.0703125,0.9116717325227964,0.2270423613406297,0.1249566091708862,0.032513845012553,0.835842670401494,0.3112855922490213,0.2199414287835068,0.0604264622141245,49.0,realized_volatility_30s,depth_near_bid,realized_vol_1m,cancel_ratio,add_rate_ask,opening_range_width,realized_vol_5m,depth_far_bid,wall_strength_opposite_3,depth_far_ask,realized_volatility_30s,realized_vol_5m,realized_vol_1m,depth_near_bid,add_rate_ask,cancel_ratio,wall_strength_opposite_3,average_true_range,opening_range_width,overnight_high,0.07582906212130247,0.08424323090839161,0.0949848196126206,25,512,8.135639903354386,0.919963853485153,3.258096538021482,0.6506304808547325,0.6495200719314382,0.562028809202132
ok,upper,3,60,mr_pts_t60,8,2.0,vol1m_top30,realized_vol_1m,0.3,1042,677,208,157,339,129,71,0.5007385524372231,0.6201923076923077,0.4522292993630573,0.7674418604651164,0.8348904720382337,0.5689465453230149,0.1923000761621236,0.658696364231903,0.5531611141287409,0.6803151501337827,0.2403720301493654,196.0,depth_near_bid,CVD,OFI_60s,impact_efficiency_30s,distance_from_overnight_low,ask_queue_depletion_rate,depth_mid_ask,realized_vol_5m,realized_volatility_30s,queue_imbalance_std_5s,depth_near_bid,CVD,trade_rate_pre_per_s,realized_vol_5m,depth_mid_ask,distance_from_overnight_low,impact_efficiency_30s,best_bid_queue_norm,OFI_60s,realized_volatility_30s,0.10874549623321339,0.28172935790949283,0.11136860481076782,71,157,6.949856455000773,0.8047625729286468,4.276666119016055,0.6504585264956807,0.6619253547950428,0.6247652292705118
ok,upper,1,600,mr_pts_t600,24,6.0,vol5m_top30,realized_vol_5m,0.3,1023,664,205,154,324,110,86,0.4879518072289157,0.5365853658536586,0.5584415584415584,0.6669856459330143,0.6844199138047354,0.6506116296371566,0.2290393515175077,0.5701094391244871,0.6132887921053476,0.6979343213810915,0.2506573542255962,121.0,opening_range_width,CVD,time_of_day_sin,z_anchor_vwap,distance_from_overnight_low,average_true_range,cancel_ratio,convexity_imbalance,spread_volatility,depth_near_bid,opening_range_width,average_true_range,time_of_day_sin,z_anchor_vwap,CVD,distance_from_overnight_low,cancel_ratio,spread_volatility,convexity_imbalance,depth_near_bid,0.09687620680852727,0.07113112169938784,0.047322691743934886,86,154,6.931471805599453,0.9159963357460426,4.465908118654584,0.6499727180825043,0.6758282497800613,0.6460635683310219
ok,upper,2,60,mr_pts_t60,12,3.0,vol1m_top30,realized_vol_1m,0.3,1026,666,206,154,264,82,60,0.3963963963963964,0.3980582524271844,0.3896103896103896,0.6313434303697876,0.5120997372463385,0.6566461275552543,0.2320648936946164,0.6499999999999999,0.5147219245199903,0.6459671100807306,0.227090335371156,22.0,realized_volatility_30s,depth_far_ask,trade_sign_autocorr_30s,depth_far_bid,abs_vwap_slope_pts_per_s,toxicity_ratio,opening_range_width,cancel_rate_bid,aggressive_volume_ratio,cancel_rate_ask,realized_volatility_30s,depth_far_ask,trade_sign_autocorr_30s,depth_far_bid,cancel_rate_ask,toxicity_ratio,abs_vwap_slope_pts_per_s,opening_range_width,add_rate_ask,aggressive_volume_ratio,0.01865656963021234,0.0026221872736518215,-0.010679017474523711,60,154,6.934397209928558,0.9893606215480679,4.110873864173311,0.6498745037633475,0.6802191046122611,0.6175799659789063
ok,upper,3,60,mr_pts_t60,8,2.0,vol5m_top30,realized_vol_5m,0.3,1043,677,209,157,336,121,83,0.4963072378138848,0.5789473684210527,0.5286624203821656,0.7369459053343351,0.7840597167496415,0.6075244453919142,0.2094252043888491,0.5915011396939108,0.6094049946155486,0.6879860441189739,0.2466115101381406,163.0,depth_near_bid,realized_vol_5m,CVD,queue_imbalance_std_5s,time_of_day_cos,cancel_ratio,distance_from_prior_day_low,aggressive_buy_volume,z_anchor_vwap,trade_sign_autocorr_10s,depth_near_bid,realized_vol_5m,CVD,distance_from_prior_day_low,time_of_day_cos,queue_imbalance_std_5s,OFI_60s,z_anchor_vwap,impact_decay_3s,dist_day_low,0.1454447656404243,0.17465472213409283,0.08046159872705971,83,157,6.950814768442584,0.8399502561127414,4.430816798843313,0.6496085108098631,0.6660836938864443,0.6392875101670195
ok,upper,1,60,mr_pts_t60,16,4.0,vol5m_top30,realized_vol_5m,0.3,1023,664,205,154,181,54,53,0.2725903614457831,0.2634146341463415,0.3441558441558441,0.70542065244052,0.4502695629038107,0.5349066807075091,0.1786482966326571,0.6788716607509807,0.4906678998740261,0.6176731922257399,0.2106883662715444,149.0,cancel_rate_bid,opening_range_width,realized_volatility_30s,realized_vol_1m,add_rate_bid,depth_mid_bid,realized_vol_5m,distance0,queue_imbalance_positive_ratio,OBI_l1,opening_range_width,realized_vol_1m,cancel_rate_bid,distance0,realized_vol_5m,add_rate_bid,realized_volatility_30s,depth_mid_bid,cancel_rate_ask,tick_rate,0.02654899168953928,0.04039833697021539,0.08276651151823078,53,154,6.931471805599453,0.9665263356701226,3.9889840465642745,0.6494822498329811,0.6755633010412185,0.6086850653875584
ok,upper,2,600,mr_pts_t600,32,8.0,none,,,3418,2221,684,513,498,126,131,0.2242233228275551,0.1842105263157894,0.2553606237816764,0.7543238322808217,0.4532012059398465,0.4091054363811225,0.1275873370253982,0.6935374285600097,0.4395196734891583,0.5272857893128334,0.1737408864446359,129.0,distance_from_overnight_low,realized_vol_1m,opening_range_width,depth_far_bid,average_true_range,realized_volatility_30s,cancel_rate_ask,add_rate_ask,realized_vol_5m,distance_from_overnight_high,realized_vol_1m,realized_volatility_30s,distance_from_overnight_low,depth_far_bid,opening_range_width,average_true_range,distance_from_overnight_high,cancel_rate_ask,z_anchor_vwap,cancel_rate_bid,0.06078640372081201,0.01368153245068815,0.11818035293171092,126,513,8.137103389639302,0.9627660319142499,4.844187086458591,0.6493001839665486,0.6854927663571944,0.596274551003341
ok,lower,3,300,mr_pts_t300,32,8.0,vol5m_top30,realized_vol_5m,0.3,1026,666,206,154,146,56,47,0.2192192192192192,0.2718446601941747,0.3051948051948052,0.7008333333333333,0.5491570674727386,0.5299132618065276,0.1722881221994378,0.6756810499105189,0.4940010563188525,0.5969710219866673,0.2013326042153247,112.0,realized_volatility_30s,realized_vol_5m,distance_from_overnight_low,distance_from_overnight_high,CVD,bid_depth_curvature,return_last_30s,depth_far_ask,distance_from_prior_day_high,opening_range_width,realized_vol_5m,realized_volatility_30s,opening_range_width,distance_from_overnight_high,return_last_30s,distance_from_overnight_low,CVD,depth_far_ask,bid_depth_curvature,distance_from_prior_day_high,0.025152283422814392,0.05515601115388613,0.06705776018013965,47,154,6.934397209928558,0.9598458527116498,3.871201010907891,0.6489070995634583,0.6712329477601047,0.6024181625356844
ok,upper,1,600,mr_pts_t600,24,6.0,vol1m_top30,realized_vol_1m,0.3,1023,664,205,154,326,120,81,0.4909638554216867,0.5853658536585366,0.525974025974026,0.688921568627451,0.757459283376949,0.6375904613129051,0.2230249140893848,0.5951293759512937,0.5961559961995193,0.6794937584507154,0.2431730776145039,50.0,opening_range_width,distance_from_overnight_low,cancel_ratio,toxicity_ratio,since_touch_any_seconds,impact_efficiency_3s,z_anchor_vwap,depth_near_bid,add_rate_ask,impact_decay_5s,opening_range_width,distance_from_overnight_low,cancel_ratio,since_touch_any_seconds,toxicity_ratio,z_anchor_vwap,depth_near_bid,impact_efficiency_3s,add_rate_ask,impact_decay_5s,0.09379219267615735,0.1613032871774297,0.04190329713781027,81,154,6.931471805599453,0.8724522600732065,4.406719247264253,0.6487731668836121,0.669290564374347,0.6383485333746106
ok,upper,3,300,mr_pts_t300,12,3.0,vol5m_top30,realized_vol_5m,0.3,1043,677,209,157,400,134,97,0.5908419497784343,0.6411483253588517,0.6178343949044586,0.661592039800995,0.7970614874787157,0.6354877304947611,0.2220672495864475,0.55,0.6420048590311302,0.6627489370593593,0.2349542488062731,22.0,cancel_ratio,depth_mid_ask,wall_strength_opposite_5,return_last_30s,z_anchor_vwap,opening_range_width,distance_from_ema_21,impact_decay_3s,wall_persistence_2s,queue_length_total_norm,cancel_ratio,depth_mid_ask,wall_strength_opposite_5,return_last_30s,opening_range_width,z_anchor_vwap,flow_impact,distance_from_prior_day_high,impact_efficiency_30s,depth_curvature_pressure,0.11159203980099497,0.1550566284475855,0.027261206564598184,97,157,6.950814768442584,0.8666756658757098,4.584967478670572,0.6487205416748283,0.6704493031676814,0.6542954579589405
ok,upper,3,300,mr_pts_t300,16,4.0,vol30_top30,realized_volatility_30s,0.3,1042,677,208,157,335,119,83,0.4948301329394387,0.5721153846153846,0.5286624203821656,0.65886129732792,0.7244133173363798,0.6519823653140319,0.2303134270540535,0.5779876261803973,0.6054348642756735,0.7128552527418224,0.2569555538742505,294.0,weighted_OBI_l10,opening_range_width,impact_decay_3s,weighted_OBI_l5,wall_strength_opposite_5,time_of_day_sin,trade_sign_autocorr_10s,abs_vwap_slope_pts_per_s,ema_spread_9_21,ask_curvature_l5,weighted_OBI_l10,opening_range_width,abs_vwap_slope_pts_per_s,time_of_day_sin,wall_strength_opposite_5,impact_decay_3s,weighted_OBI_l5,ema_spread_9_21,depth_mid_bid,trade_sign_autocorr_10s,0.08087367114752264,0.11897845306070631,0.06087288742779051,83,157,6.949856455000773,0.9000739378958855,4.430816798843313,0.6486156678305752,0.6721876614113809,0.6398445250560766
ok,upper,3,600,mr_pts_t600,32,8.0,vol1m_top30,realized_vol_1m,0.3,1042,677,208,157,229,96,62,0.3382570162481536,0.4615384615384615,0.3949044585987261,0.6923363095238095,0.6688759221590603,0.6564743461636791,0.2326036449570894,0.6414261460101868,0.5391434122620038,0.6437896077712201,0.2267367095274288,33.0,opening_range_width,impact_efficiency_10s,depth_mid_bid,average_true_range,toxicity_ratio,distance_from_session_vwap_anchor,distance_from_overnight_low,abs_vwap_slope_pts_per_s,z_anchor_vwap,time_of_day_sin,opening_range_width,depth_mid_bid,impact_efficiency_10s,toxicity_ratio,average_true_range,distance_from_overnight_low,distance_from_session_vwap_anchor,time_of_day_sin,abs_vwap_slope_pts_per_s,z_anchor_vwap,0.050910163513622764,0.12973250989705654,-0.012684738392458983,62,157,6.949856455000773,0.9096786632946604,4.143134726391533,0.6484349674969007,0.6693964570200792,0.6165708510725907
ok,lower,3,60,mr_pts_t60,8,2.0,vol30_top30,realized_volatility_30s,0.3,1026,666,206,154,355,140,84,0.5330330330330331,0.6796116504854369,0.5454545454545454,0.6700757575757575,0.801393142948637,0.6619680059627241,0.234460855752587,0.588265306122449,0.6047546923673107,0.6861989018527113,0.2465349871791022,3.0,wall_strength_opposite_5_5s_avg,wall_strength_opposite_3_2s_avg,depth_far_ask,realized_volatility_30s,cvd_acceleration,flow_toxicity_30s,depth_near_bid,macd,impact_efficiency_3s,trade_imbalance_30s,wall_strength_opposite_5_5s_avg,wall_strength_opposite_3_2s_avg,depth_far_ask,realized_volatility_30s,flow_toxicity_30s,cvd_acceleration,macd,depth_near_bid,trade_imbalance_30s,impact_efficiency_3s,0.08181045145330856,0.19663845058132623,0.02423089588998717,84,154,6.934397209928558,0.8607755489826827,4.442651256490317,0.6483352260947168,0.6680102408869935,0.6410891426822882
ok,upper,2,300,mr_pts_t300,16,4.0,vol5m_top30,realized_vol_5m,0.3,1026,666,206,154,356,117,90,0.5345345345345346,0.5679611650485437,0.5844155844155844,0.6463075002400844,0.6583613497860967,0.6610580921710993,0.2341955138896778,0.5557291666666667,0.6180463200904788,0.6749053863430917,0.2409399103230881,33.0,average_true_range,depth_far_bid,depth_far_ask,cancel_rate_ask,depth_mid_ask,realized_volatility_30s,weighted_OBI_l10,impact_efficiency_10s,depth_mid_bid,z_anchor_vwap,average_true_range,depth_far_bid,cancel_rate_ask,depth_far_ask,depth_mid_ask,realized_volatility_30s,z_anchor_vwap,depth_mid_bid,impact_efficiency_10s,weighted_OBI_l10,0.09057833357341771,0.040315029695617954,0.013847294171992375,90,154,6.934397209928558,0.9345533183654822,4.51085950651685,0.6480151983399511,0.6770319909291471,0.6492023033310981
ok,upper,2,60,mr_pts_t60,16,4.0,none,,,3418,2221,684,513,327,78,78,0.1472309770373705,0.1140350877192982,0.1520467836257309,0.7738850808157739,0.3571119877872729,0.3047105556728174,0.0892691928870807,0.765988800471559,0.3556090561108765,0.3665985498439099,0.1128612285445082,72.0,realized_volatility_30s,cancel_rate_ask,depth_far_bid,depth_near_ask,cooldown_seconds,distance_from_overnight_low,depth_far_ask,realized_vol_1m,opening_range_width,cancel_rate_bid,realized_volatility_30s,cancel_rate_ask,depth_far_bid,realized_vol_1m,cooldown_seconds,distance_from_overnight_low,depth_near_ask,sigma0,cancel_rate_bid,distance0,0.007896280344214857,0.0015029316763963685,0.061887994171092475,78,513,8.137103389639302,0.9953003939896944,4.3694478524670215,0.6479699219874,0.6805863516315066,0.5763976066785599
ok,upper,3,180,mr_pts_t180,16,4.0,vol30_top30,realized_volatility_30s,0.3,1042,677,208,157,269,111,75,0.397341211225997,0.5336538461538461,0.4777070063694267,0.7038172192811368,0.7218581444115594,0.6437191552230865,0.2258885778714461,0.6079674796747967,0.5783655484427168,0.6748641820953653,0.2411993089979442,57.0,weighted_OBI_l10,time_of_day_sin,realized_volatility_30s,opening_range_width,add_rate_bid,dist_day_low,depth_mid_bid,cancel_rate_ask,ema_spread_9_21,CVD,add_rate_bid,cancel_rate_ask,time_of_day_sin,realized_volatility_30s,weighted_OBI_l10,depth_mid_bid,ema_spread_9_21,opening_range_width,dist_day_low,CVD,0.09584973960634013,0.14349259596884256,0.031145026872278714,75,157,6.949856455000773,0.8803288322124088,4.330733340286331,0.6478053723268047,0.6681657126415231,0.6297463978926031
ok,upper,2,600,mr_pts_t600,24,6.0,none,,,3418,2221,684,513,725,199,187,0.3264295362449347,0.2909356725146199,0.3645224171539961,0.7201885717246024,0.5489231980775072,0.535280545228711,0.1768699485676484,0.6395295429939962,0.4967483676791687,0.64514810432672,0.2258184643003747,162.0,opening_range_width,realized_vol_1m,cancel_rate_ask,spread_volatility,depth_far_bid,realized_vol_5m,distance_from_overnight_low,realized_volatility_30s,average_true_range,spread_change_rate,realized_vol_1m,opening_range_width,depth_far_bid,cancel_rate_ask,realized_volatility_30s,distance_from_overnight_low,average_true_range,spread_volatility,realized_vol_5m,toxicity_ratio,0.08065902873060615,0.052174830398338534,0.10986755909800894,187,513,8.137103389639302,0.9335830704355277,5.236441962829949,0.6476702112682751,0.6875049764072235,0.6135582011580164
ok,lower,3,60,mr_pts_t60,12,3.0,vol1m_top30,realized_vol_1m,0.3,1026,666,206,154,224,108,59,0.3363363363363363,0.5242718446601942,0.3831168831168831,0.7374338624338626,0.7646749396129066,0.6128928079400172,0.2118777297651141,0.6251561106155219,0.565008644409325,0.6526370470180746,0.226735598077273,260.0,realized_volatility_30s,queue_imbalance_slope_5s,wall_persistence_2s,return_last_5m,replenishment_rate_near_5s,spread_expansion_ratio,distance_from_prior_day_high,opening_range_width,opening_range_position,depth_far_ask,realized_volatility_30s,queue_imbalance_slope_5s,return_last_5m,wall_persistence_2s,depth_mid_ask,wall_strength_opposite_5_5s_avg,curvature_pressure_l5,depth_far_ask,distance_from_prior_day_high,queue_imbalance_std_5s,0.11227775181834065,0.1996662952035816,0.03974423907805735,59,154,6.934397209928558,0.8440279764890388,4.0943445622221,0.6455183714593873,0.65713941238162,0.6122198606449012
ok,lower,2,180,mr_pts_t180,24,6.0,vol5m_top30,realized_vol_5m,0.3,1031,670,206,155,176,51,54,0.2626865671641791,0.2475728155339805,0.3483870967741935,0.5780518659076535,0.3013903371181494,0.5574422670006068,0.1863203099471731,0.6481481481481481,0.5411948632482738,0.6417342615227142,0.2246143161268223,22.0,distance_from_overnight_high,realized_vol_1m,realized_vol_5m,opening_range_width,cancel_rate_ask,realized_volatility_30s,rv_pre_pts2,add_rate_bid,impact_decay_5s,distance_from_range_extreme,realized_vol_1m,realized_vol_5m,distance_from_overnight_high,realized_volatility_30s,opening_range_width,rv_pre_pts2,cancel_rate_ask,average_true_range,distance_from_range_extreme,distance_from_vpoc,0.07009628224049469,0.23980452613012443,0.08429199452210734,51,155,6.939253946041508,0.8450495958146904,3.9512437185814275,0.6453514033117502,0.6547508003519203,0.6057349098506508
ok,lower,1,300,mr_pts_t300,40,10.0,vol1m_top30,realized_vol_1m,0.3,1025,666,205,154,95,56,32,0.1426426426426426,0.2731707317073171,0.2077922077922078,0.7490412272291468,0.5466248503092359,0.5094536916571072,0.1682203909186809,0.7492315573770492,0.4171864904290743,0.4512522700399086,0.1476527152361854,92.0,realized_vol_5m,average_true_range,distance_from_prior_day_high,depth_far_bid,wall_strength_opposite_3,distance_from_overnight_high,opening_range_width,depth_mid_bid,since_touch_any_seconds,best_bid_queue_norm,realized_vol_5m,distance_from_prior_day_high,average_true_range,wall_strength_opposite_3,distance_from_overnight_high,depth_far_bid,opening_range_width,depth_mid_bid,ask_queue_change_rate,realized_vol_1m,0.00019033014790237335,0.1294383598801616,-0.0582014216171986,32,154,6.933423025730715,0.9351856549859681,3.4965075614664802,0.6451235081521463,0.6598452951792361,0.5805098590618188
ok,lower,1,300,mr_pts_t300,40,10.0,vol30_top30,realized_volatility_30s,0.3,1025,666,205,154,96,53,33,0.1441441441441441,0.2585365853658536,0.2142857142857142,0.7688679245283019,0.585355978656788,0.4983906192914295,0.1646735193524957,0.7470573503631355,0.4236651826041032,0.4815237266685087,0.1575254831354996,48.0,realized_vol_5m,distance_from_overnight_high,distance_from_prior_day_high,average_true_range,distance_from_ema_21,opening_range_width,depth_mid_bid,wall_strength_opposite_3,distance_from_session_vwap_anchor,z_anchor_vwap,realized_vol_5m,distance_from_prior_day_high,distance_from_overnight_high,average_true_range,distance_from_ema_21,wall_strength_opposite_3,depth_mid_bid,distance_from_session_vwap_anchor,realized_vol_1m,opening_range_width,0.021810574165166408,0.16169079605268483,-0.016866892622920848,33,154,6.933423025730715,0.9082493148910744,3.5263605246161616,0.644151668207103,0.656369982988335,0.5804055311834414
ok,upper,2,300,mr_pts_t300,24,6.0,vol1m_top30,realized_vol_1m,0.3,1026,666,206,154,256,95,65,0.3843843843843844,0.4611650485436893,0.422077922077922,0.6750118539592224,0.6314159187648658,0.6451822033584559,0.2269926366520964,0.6271391529818496,0.5377407178798403,0.6659681640760665,0.2355776555040134,126.0,depth_far_bid,opening_range_width,depth_mid_bid,toxicity_ratio,impact_efficiency_10s,aggressive_volume_ratio,update_rate_ask,average_true_range,queue_imbalance_slope_5s,vwap_drift,depth_far_bid,depth_mid_bid,opening_range_width,toxicity_ratio,aggressive_volume_ratio,impact_efficiency_10s,vwap_drift,distance_from_session_vwap_anchor,update_rate_ask,spread_volatility,0.04787270097737273,0.09367520088502546,0.02078596071761063,65,154,6.934397209928558,0.9292260490688009,4.189654742026425,0.6439242250521007,0.6690211821361824,0.617634962171612
ok,lower,3,60,mr_pts_t60,16,4.0,none,,,3419,2222,684,513,259,44,75,0.1165616561656165,0.0643274853801169,0.1461988304093567,0.8681818181818182,0.3130941364695713,0.1867137691759951,0.0516378453031816,0.7668797564687977,0.3620020330030361,0.3676614408817851,0.1120637525254781,81.0,realized_volatility_30s,realized_vol_1m,depth_near_bid,depth_near_ask,depth_far_ask,distance_from_value_area_high,bid_depth_curvature,realized_vol_5m,aggressive_sell_volume,depth_far_bid,realized_volatility_30s,realized_vol_1m,depth_near_ask,trade_sign_autocorr_10s,depth_far_ask,depth_mid_ask,cancel_ratio,depth_near_bid,time_of_day_cos,aggressive_sell_volume,0.10130206171302047,0.048907896533464834,0.18094767170579,44,513,8.13739583005665,0.9248950208767573,3.8066624897703196,0.6438465445836428,0.6549859180785415,0.5709882918480147
ok,upper,3,180,mr_pts_t180,12,3.0,vol30_top30,realized_volatility_30s,0.3,1042,677,208,157,356,131,89,0.5258493353028065,0.6298076923076923,0.5668789808917197,0.7427877466045405,0.8083520389033599,0.6457425544097025,0.2265073101536406,0.5822042300066094,0.6072347215209827,0.6756621391201455,0.2412874888291864,12.0,opening_range_width,cancel_ratio,dist_day_low,depth_mid_bid,queue_imbalance_std_5s,time_of_day_sin,return_last_30s,abs_vwap_slope_pts_per_s,depth_mid_ask,since_touch_any_seconds,opening_range_width,dist_day_low,cancel_ratio,time_of_day_sin,depth_mid_bid,queue_imbalance_std_5s,cancel_rate_ask,return_last_30s,abs_vwap_slope_pts_per_s,depth_mid_ask,0.16058351659793113,0.20111731738237726,0.02991958471044298,89,157,6.949856455000773,0.8191495830098459,4.499809670330265,0.6429298167705798,0.659704084242247,0.6393795048276276
ok,lower,3,300,mr_pts_t300,32,8.0,vol30_top30,realized_volatility_30s,0.3,1026,666,206,154,146,69,49,0.2192192192192192,0.3349514563106796,0.3181818181818182,0.7587009415000529,0.6587928621518193,0.5659682190331244,0.1918559413963186,0.6765792031098153,0.4979316795934839,0.6062891881226039,0.2081505156428471,88.0,depth_near_ask,distance_from_overnight_high,opening_range_width,realized_vol_5m,queue_imbalance_slope_5s,depth_mid_bid,depth_far_ask,distance_from_overnight_low,CVD,OFI_5s,depth_near_ask,distance_from_overnight_high,realized_vol_5m,opening_range_width,depth_mid_bid,depth_far_ask,distance_from_overnight_low,queue_imbalance_slope_5s,OFI_5s,CVD,0.08212173839023751,0.16086118255833542,0.040320969089479464,49,154,6.934397209928558,0.8785085395257135,3.912023005428146,0.6427048788344358,0.6574563244732622,0.5978776472710527
ok,upper,1,180,mr_pts_t180,16,4.0,vol1m_top30,realized_vol_1m,0.3,1023,664,205,154,313,120,78,0.4713855421686747,0.5853658536585366,0.5064935064935064,0.6643137254901961,0.7410537773793883,0.6695436964785355,0.2382618223770924,0.5886470985155196,0.5831124349445226,0.6831876014096984,0.2450422405109694,16.0,opening_range_width,cancel_ratio,queue_imbalance_std_5s,replenishment_rate_near_5s,impact_efficiency_3s,distance_from_value_area_low,depth_mid_bid,depth_mid_ask,depth_far_bid,toxicity_ratio,opening_range_width,cancel_ratio,queue_imbalance_std_5s,replenishment_rate_near_5s,impact_efficiency_3s,depth_mid_ask,distance_from_value_area_low,depth_far_bid,toxicity_ratio,impact_efficiency_30s,0.07566662697467652,0.15794134243486568,0.013643904931162854,78,154,6.931471805599453,0.8831960152952288,4.3694478524670215,0.6420372069295059,0.6643468938580935,0.6299909013047538
ok,upper,1,300,mr_pts_t300,40,10.0,none,,,3407,2214,681,512,207,38,54,0.0934959349593495,0.0558002936857562,0.10546875,0.83588442334452,0.2248227561669642,0.2095960322228661,0.0515700884283984,0.8103873524179201,0.3056346879710862,0.3159891634028015,0.0904564768227909,10.0,opening_range_width,realized_vol_5m,distance_from_overnight_low,realized_vol_1m,add_rate_ask,wall_strength_opposite_5,depth_near_bid,realized_volatility_30s,add_rate_bid,abs_vwap_slope_pts_per_s,realized_vol_5m,realized_vol_1m,opening_range_width,distance_from_overnight_low,wall_strength_opposite_5,add_rate_ask,realized_volatility_30s,depth_far_ask,add_rate_bid,cancel_ratio,0.025497070926599807,0.08081193180412202,0.10639313117993537,38,512,8.133880887949207,0.9468454986346391,3.6635616461296463,0.64085458232123,0.6541974540197919,0.5603544251808837
ok,upper,2,60,mr_pts_t60,24,6.0,none,,,3418,2221,684,513,156,34,34,0.0702386312471859,0.0497076023391812,0.0662768031189083,0.826923076923077,0.2167898261310789,0.174162541876148,0.0440439970586552,0.8520815424290802,0.2589447337954691,0.2097552878160828,0.0565022619652906,24.0,realized_vol_1m,opening_range_width,depth_far_ask,cooldown_seconds,realized_volatility_30s,distance_from_overnight_low,average_true_range,depth_far_bid,dsigma_dt,aggressive_buy_volume,realized_vol_1m,average_true_range,realized_volatility_30s,distance_from_overnight_low,depth_far_ask,cooldown_seconds,opening_range_width,depth_far_bid,OFI_60s,aggressive_buy_volume,0.025158465506003203,0.04215490766439023,0.035592745939934806,34,513,8.137103389639302,0.9663433134148032,3.5553480614894135,0.6408455817867564,0.6560392931707292,0.5526317113219111
ok,lower,2,60,mr_pts_t60,16,4.0,vol30_top30,realized_volatility_30s,0.3,1031,670,206,155,147,83,56,0.2194029850746268,0.4029126213592233,0.3612903225806451,0.6608874522480166,0.5478757950016739,0.6918781508263668,0.2482709270338615,0.6672077922077921,0.4774498373392857,0.6791870354196283,0.2410325383740945,23.0,realized_vol_1m,realized_volatility_30s,depth_mid_ask,depth_far_ask,impact_efficiency_10s,macd,distance_from_overnight_high,average_true_range,OFI,distance_from_prior_day_high,realized_vol_1m,realized_volatility_30s,depth_mid_ask,depth_far_ask,impact_efficiency_10s,average_true_range,distance_from_overnight_high,macd,aggressive_buy_volume,OFI,0.006320339959775545,0.07042595766238824,-0.012691115406738507,56,155,6.939253946041508,0.9616268511889181,4.04305126783455,0.6391349761094354,0.6678565166849618,0.6027352534087886
ok,upper,3,300,mr_pts_t300,16,4.0,vol1m_top30,realized_vol_1m,0.3,1042,677,208,157,333,117,77,0.4918759231905465,0.5625,0.4904458598726114,0.6595285056823519,0.6981244196668234,0.6520835960833554,0.2298429066436839,0.5998376623376623,0.5584190031461427,0.6899000127666168,0.2475421441744363,139.0,weighted_OBI_l10,weighted_OBI_l5,abs_vwap_slope_pts_per_s,depth_mid_bid,impact_decay_3s,ema_spread_9_21,cancel_ratio,opening_range_width,ask_curvature_l5,bid_curvature_l5,depth_mid_bid,weighted_OBI_l10,abs_vwap_slope_pts_per_s,weighted_OBI_l5,cancel_ratio,vwap_drift,ema_spread_9_21,trade_rate_pre_per_s,opening_range_width,trade_imbalance_60s,0.05969084334468955,0.1397054165206807,0.03781641668326141,77,157,6.949856455000773,0.9003018700673149,4.356708826689592,0.6385721310588118,0.6639655127742237,0.6242342936486301
ok,upper,2,60,mr_pts_t60,12,3.0,vol5m_top30,realized_vol_5m,0.3,1026,666,206,154,235,71,66,0.3528528528528528,0.3446601941747573,0.4285714285714285,0.6209702660406886,0.4536039279531295,0.6340889787671993,0.2212088869212202,0.6002066115702479,0.5427342810386073,0.6723086376795049,0.2397948686526482,19.0,depth_far_ask,realized_volatility_30s,depth_far_bid,trade_imbalance_5s,realized_vol_1m,spread_volatility,add_rate_ask,opening_range_width,average_true_range,rv_pre_pts2,depth_far_ask,realized_volatility_30s,depth_far_bid,realized_vol_1m,rv_pre_pts2,trade_imbalance_5s,add_rate_ask,average_true_range,spread_volatility,depth_near_ask,0.020763654470440707,0.08913035308547784,0.03821965891230561,66,154,6.934397209928558,0.9450529962220408,4.204692619390966,0.6367313284662908,0.6646256327823034,0.6138596675430499
ok,lower,2,300,mr_pts_t300,40,10.0,vol30_top30,realized_volatility_30s,0.3,1031,670,206,155,87,55,37,0.1298507462686567,0.2669902912621359,0.2387096774193548,0.8057796508127634,0.5336555978243608,0.4704462158484352,0.1565103279340645,0.7251488776912507,0.425204189235481,0.5362871531972782,0.1734551270546445,167.0,distance_from_overnight_high,distance_from_ema_21,ask_convexity,realized_vol_5m,opening_range_width,distance_from_prior_day_high,net_liquidity_shock,average_true_range,realized_vol_1m,distance_from_session_vwap_anchor,realized_vol_5m,distance_from_overnight_high,opening_range_width,distance_from_prior_day_high,realized_vol_1m,distance_from_ema_21,average_true_range,net_liquidity_shock,ask_convexity,distance_from_session_vwap_anchor,0.08063077312151268,0.1084514085888798,0.06584093734884294,37,155,6.939253946041508,0.9054589091448038,3.6375861597263857,0.6357963568568854,0.6513229281281203,0.5778277112388894
ok,upper,3,180,mr_pts_t180,16,4.0,vol5m_top30,realized_vol_5m,0.3,1043,677,209,157,270,95,68,0.3988183161004431,0.4545454545454545,0.4331210191082802,0.6850415512465374,0.6280277767558711,0.6426709860910875,0.2254750693366478,0.6116986120290813,0.5303471273776581,0.666390733907816,0.2367355861943508,68.0,weighted_OBI_l5,average_true_range,ema_spread_9_21,realized_vol_1m,wall_strength_opposite_5,impact_efficiency_30s,depth_near_bid,z_anchor_vwap,realized_volatility_30s,remove_rate_near_bid,ema_spread_9_21,average_true_range,weighted_OBI_l5,realized_vol_1m,wall_strength_opposite_5,realized_volatility_30s,depth_near_bid,z_anchor_vwap,impact_efficiency_30s,add_rate_bid,0.07334293921745616,0.09768064937821297,0.023719747816728476,68,157,6.950814768442584,0.9144882057021655,4.23410650459726,0.6335181478077174,0.6595373225095269,0.6107990831021685
ok,upper,2,180,mr_pts_t180,24,6.0,vol5m_top30,realized_vol_5m,0.3,1026,666,206,154,184,65,55,0.2762762762762762,0.3155339805825243,0.3571428571428571,0.6560829241680307,0.4474705191720546,0.5993107218064682,0.2055150573509082,0.6209366391184574,0.5123138999779664,0.640240298417505,0.2236993067744796,24.0,depth_far_bid,realized_vol_1m,average_true_range,depth_mid_ask,depth_near_ask,trade_imbalance,opening_range_width,depth_near_bid,realized_volatility_30s,aggressive_volume_ratio,depth_far_bid,realized_vol_1m,average_true_range,depth_near_ask,depth_near_bid,depth_mid_ask,realized_volatility_30s,depth_far_ask,opening_range_width,trade_imbalance,0.03514628504957329,0.06484338080591179,0.0409295766110368,55,154,6.934397209928558,0.9500051670722574,4.02535169073515,0.6333504041463398,0.6593640868495765,0.5992124738070244
ok,upper,2,600,mr_pts_t600,24,6.0,vol1m_top30,realized_vol_1m,0.3,1026,666,206,154,330,120,79,0.4954954954954955,0.5825242718446602,0.512987012987013,0.6519379844961241,0.704438584117411,0.6406207739244153,0.2247529766940565,0.5799156118143459,0.566576150842941,0.6927557010119687,0.2487297397007551,105.0,opening_range_width,depth_far_bid,distance_from_overnight_low,average_true_range,toxicity_ratio,impact_efficiency_10s,z_anchor_vwap,vwap_slope_pts_per_s,OFI_burst_ratio,cooldown_seconds,depth_far_bid,opening_range_width,distance_from_overnight_low,toxicity_ratio,time_of_day_sin,impact_efficiency_10s,average_true_range,spread_volatility,vwap_slope_pts_per_s,z_anchor_vwap,0.07202237268177814,0.13786243327447,0.05213492708755341,79,154,6.934397209928558,0.8950575970218759,4.382026634673881,0.633152136565647,0.6590096096452428,0.6237798197901172
ok,lower,1,180,mr_pts_t180,32,8.0,vol1m_top30,realized_vol_1m,0.3,1025,666,205,154,99,60,35,0.1486486486486486,0.2926829268292683,0.2272727272727272,0.6890804597701149,0.4958207040638427,0.5637154222497919,0.1874906238874931,0.704921968787515,0.4258255589706552,0.4990148861740064,0.1641039961618992,78.0,opening_range_width,distance_from_prior_day_high,best_bid_queue_norm,realized_vol_1m,realized_vol_5m,distance_from_overnight_high,depth_mid_bid,trade_sign_autocorr_10s,sma_spread_20_50,depth_near_ask,realized_vol_5m,distance_from_prior_day_high,opening_range_width,realized_vol_1m,best_bid_queue_norm,distance_from_overnight_high,trade_sign_autocorr_10s,depth_near_bid,sma_spread_20_50,depth_mid_bid,0.015841509017400113,0.0699951450931875,-0.06470053607578546,35,154,6.933423025730715,0.9570816729447061,3.58351893845611,0.6330449019288388,0.6534335884018232,0.5753523361924635
ok,upper,1,300,mr_pts_t300,24,6.0,vol1m_top30,realized_vol_1m,0.3,1023,664,205,154,247,106,67,0.3719879518072289,0.5170731707317073,0.435064935064935,0.69115685153421,0.7273795501448328,0.6531940641251979,0.2290005221743871,0.603534053868588,0.5488639373793391,0.6838533200706873,0.2429309577390376,140.0,opening_range_width,distance_from_overnight_low,cancel_ratio,impact_decay_5s,distance_from_prior_day_high,macd,replenishment_rate_near_5s,remove_rate_near_ask,depth_near_bid,time_of_day_sin,opening_range_width,distance_from_overnight_low,cancel_ratio,impact_decay_5s,distance_from_prior_day_high,depth_near_bid,macd,since_touch_any_seconds,replenishment_rate_near_5s,time_of_day_sin,0.08762279766562198,0.17851561276549366,0.03065925594548946,67,154,6.931471805599453,0.8669307947844421,4.219507705176107,0.6326660679935812,0.6523666330699578,0.6101292059974956
ok,lower,3,180,mr_pts_t180,24,6.0,vol5m_top30,realized_vol_5m,0.3,1026,666,206,154,152,64,49,0.2282282282282282,0.3106796116504854,0.3181818181818182,0.684419014084507,0.5797307729023027,0.5718313856673414,0.1917513324043875,0.6818270165208941,0.4530220480521426,0.6068446163974267,0.2094676477935596,53.0,realized_vol_5m,bid_depth_curvature,realized_volatility_30s,return_last_5m,depth_far_ask,realized_vol_1m,dsigma_dt,distance0,distance_from_session_vwap_anchor,distance_from_prior_day_high,realized_vol_5m,bid_depth_curvature,return_last_5m,realized_volatility_30s,realized_vol_1m,depth_far_ask,distance0,sigma0,distance_from_prior_day_high,distance_from_session_vwap_anchor,0.0025919975636129466,0.1267087248501601,0.03501323073008533,49,154,6.934397209928558,0.9353496387931135,3.912023005428146,0.6325242615090707,0.6571883895582175,0.5894177301816468
ok,upper,1,600,mr_pts_t600,32,8.0,vol1m_top30,realized_vol_1m,0.3,1023,664,205,154,239,95,66,0.3599397590361445,0.4634146341463415,0.4285714285714285,0.729090909090909,0.7298653548885474,0.6132624338958124,0.2117111372716519,0.628615702479339,0.5278229164007516,0.6692490851060358,0.2381379442814402,182.0,opening_range_width,distance_from_overnight_low,distance_from_overnight_high,cancel_ratio,z_anchor_vwap,impact_decay_5s,flow_impact,macd_signal,average_true_range,replenishment_rate_near_5s,opening_range_width,distance_from_overnight_low,distance_from_overnight_high,cancel_ratio,z_anchor_vwap,average_true_range,OFI_burst_ratio,impact_decay_5s,flow_impact,tick_rate,0.10047520661157006,0.2020424384877958,0.05598665121022339,66,154,6.931471805599453,0.8487411774503171,4.204692619390966,0.632463357313034,0.6508330414547838,0.6074963555307769
ok,upper,3,180,mr_pts_t180,24,6.0,none,,,3474,2258,694,522,296,80,78,0.1310894596988485,0.1152737752161383,0.1494252873563218,0.7705415309446254,0.3903160794835413,0.3260132074977738,0.0940023466408749,0.773013398013398,0.3169811492613326,0.3842747990077674,0.1174338998685153,16.0,cancel_rate_ask,depth_far_bid,average_true_range,depth_mid_ask,realized_vol_1m,realized_volatility_30s,depth_far_ask,cooldown_seconds,depth_mid_bid,add_rate_bid,cancel_rate_ask,depth_far_bid,realized_volatility_30s,average_true_range,depth_far_ask,depth_mid_bid,distance_from_session_vwap_anchor,depth_mid_ask,realized_vol_1m,distance_from_overnight_low,0.0024718670687725597,0.07333493022220872,0.058261591509993604,78,522,8.153349757998892,0.9620966013545094,4.3694478524670215,0.6322074790453431,0.6648158301892501,0.561470874884385
ok,upper,2,300,mr_pts_t300,32,8.0,none,,,3418,2221,684,513,296,75,72,0.1332733003151733,0.1096491228070175,0.1403508771929824,0.7594745484400656,0.3863645886272082,0.2948550941499219,0.083813951875615,0.7541572184429327,0.3333996753948441,0.3554560166784,0.1081789691631971,127.0,depth_far_bid,opening_range_width,realized_vol_1m,realized_volatility_30s,cancel_rate_ask,average_true_range,distance_from_overnight_low,dsigma_dt,time_of_day_cos,queue_length_total_norm,realized_volatility_30s,realized_vol_1m,depth_far_bid,distance_from_overnight_low,opening_range_width,dsigma_dt,depth_near_bid,depth_far_ask,cancel_rate_ask,average_true_range,0.005317329997132858,0.052964913232364075,0.060600922528478096,72,513,8.137103389639302,0.9708588783852514,4.290459441148391,0.6319093853290922,0.6629644599864827,0.5608763112940041
ok,lower,1,300,mr_pts_t300,32,8.0,vol1m_top30,realized_vol_1m,0.3,1025,666,205,154,146,75,44,0.2192192192192192,0.3658536585365853,0.2857142857142857,0.6934871794871794,0.5689870452364031,0.6563902225766892,0.2321328945415602,0.6957644628099173,0.4369294462935487,0.5811678238559146,0.1981176899702713,14.0,opening_range_width,distance_from_prior_day_high,realized_vol_1m,realized_vol_5m,average_true_range,ask_liquidity_shock,distance_from_overnight_high,wall_strength_opposite_5,sigma0,realized_volatility_30s,distance_from_prior_day_high,opening_range_width,realized_vol_1m,realized_vol_5m,average_true_range,distance_from_overnight_high,realized_volatility_30s,sigma0,ask_liquidity_shock,wall_strength_opposite_5,0.002277283322737911,0.1320575989428544,-0.07522239872077463,44,154,6.933423025730715,0.9328325588672037,3.8066624897703196,0.6313985430592068,0.6541612968831764,0.5828327673206806
ok,lower,1,60,mr_pts_t60,12,3.0,vol5m_top30,realized_vol_5m,0.3,1025,666,205,154,223,91,56,0.3348348348348348,0.4439024390243902,0.3636363636363636,0.6442066705224601,0.594287456701236,0.6569047578516307,0.2312746176024803,0.6333819241982507,0.4946247926631308,0.6348654449773262,0.2218019040227594,78.0,realized_volatility_30s,realized_vol_5m,wall_strength_opposite_3,dsigma_dt,add_rate_ask,vwap_drift,distance_from_overnight_low,vol_ratio,spread_expansion_ratio,average_true_range,realized_volatility_30s,realized_vol_5m,add_rate_ask,wall_strength_opposite_3,distance_from_overnight_low,dsigma_dt,vwap_drift,average_true_range,distance0,absorption_ratio,0.010824746324209378,0.09966266403810514,-0.022039312874304495,56,154,6.933423025730715,0.9447562948188427,4.04305126783455,0.630716039757537,0.6577958382047607,0.5971920622500099
ok,upper,3,60,mr_pts_t60,16,4.0,none,,,3474,2258,694,522,267,69,73,0.1182462356067316,0.0994236311239193,0.1398467432950191,0.789959420289855,0.3419859526655852,0.3005212629115053,0.0843616585866966,0.759312932849254,0.3227784981702948,0.3819588095228158,0.1151030221073746,10.0,realized_volatility_30s,add_rate_ask,average_true_range,cancel_rate_ask,sigma0,distance0,dist_day_low,depth_far_ask,depth_mid_bid,depth_near_ask,realized_volatility_30s,add_rate_ask,cancel_rate_ask,sigma0,distance0,average_true_range,dist_day_low,depth_mid_bid,queue_imbalance_std_5s,cancel_ratio,0.030646487440600945,0.019207454495290377,0.08143754661131047,69,522,8.153349757998892,0.9750730290320544,4.248495242049359,0.630343875311025,0.6614002336971578,0.5592506686118377
ok,upper,1,600,mr_pts_t600,40,10.0,vol5m_top30,realized_vol_5m,0.3,1023,664,205,154,189,63,58,0.2846385542168674,0.3073170731707317,0.3766233766233766,0.6263134361725912,0.4662345897346734,0.6035083225405041,0.2075578366466997,0.6201508620689655,0.4941104235646748,0.6569512393939086,0.2306367409680621,154.0,cancel_ratio,distance_from_overnight_low,distance_from_overnight_high,average_true_range,flow_impact,impact_efficiency_30s,ask_queue_depletion_rate,z_anchor_vwap,convexity_imbalance,macd,cancel_ratio,average_true_range,distance_from_overnight_low,realized_vol_5m,impact_efficiency_30s,flow_impact,distance_from_overnight_high,convexity_imbalance,ask_queue_depletion_rate,z_anchor_vwap,0.00616257410362564,0.027875833830001417,0.05344291685340452,58,154,6.931471805599453,0.9829807960331864,4.07753744390572,0.6290163858727409,0.6614980679723235,0.5987892849811172
ok,upper,2,300,mr_pts_t300,32,8.0,vol30_top30,realized_volatility_30s,0.3,1026,666,206,154,167,73,41,0.2507507507507507,0.3543689320388349,0.2662337662337662,0.7337521886909053,0.6327437981434381,0.5627012503046613,0.1915554219718614,0.6930714439887762,0.4440060911308036,0.549530960247896,0.1817890167369675,255.0,distance_from_overnight_low,queue_imbalance_slope_5s,depth_far_bid,distance_from_overnight_high,bid_queue_change_rate,ask_depth_curvature,cancel_rate_ask,opening_range_width,ask_queue_change_rate,replenishment_rate_near_5s,distance_from_overnight_low,depth_far_bid,cancel_rate_ask,ask_depth_curvature,queue_imbalance_slope_5s,opening_range_width,distance_from_overnight_high,trade_rate_pre_per_s,bid_queue_change_rate,impact_efficiency_10s,0.040680744702129124,0.18873770701263448,-0.013170290056765288,41,154,6.934397209928558,0.8852907741426181,3.7376696182833684,0.6284097632626384,0.6441478515067292,0.5768373792422854
ok,lower,3,60,mr_pts_t60,16,4.0,vol30_top30,realized_volatility_30s,0.3,1026,666,206,154,141,89,41,0.2117117117117117,0.4320388349514563,0.2662337662337662,0.7721117833477384,0.767279938958741,0.644562773189637,0.2230135583502897,0.6583207424994604,0.4979326121708233,0.5585196775368029,0.1793917890618463,285.0,aggressive_sell_volume,trade_sign_autocorr_60s,distance_from_prior_day_low,depth_near_ask,liquidity_compression,time_of_day_cos,realized_volatility_30s,trades_per_second,distance_from_overnight_high,cancel_ratio,aggressive_sell_volume,depth_near_ask,realized_vol_5m,distance_from_prior_day_low,trade_sign_autocorr_60s,time_of_day_cos,cancel_ratio,trades_per_second,queue_imbalance_slope_5s,distance_from_overnight_high,0.11379104084827807,0.26934732678791773,-0.08604309565283408,41,154,6.934397209928558,0.808430816181902,3.7376696182833684,0.6283940952868483,0.6327910707053312,0.577600455363426
ok,upper,1,600,mr_pts_t600,40,10.0,vol1m_top30,realized_vol_1m,0.3,1023,664,205,154,182,82,55,0.2740963855421687,0.4,0.3571428571428571,0.7353757683918304,0.7007727748106463,0.5982403445753385,0.2034782734646849,0.6620752984389349,0.4822605898724634,0.6220515925924135,0.217736036391358,125.0,distance_from_overnight_low,opening_range_width,cancel_ratio,distance_from_overnight_high,replenishment_rate_near_5s,cancel_rate_ask,flow_impact,z_anchor_vwap,cancel_rate_bid,average_true_range,distance_from_overnight_low,opening_range_width,cancel_ratio,cancel_rate_ask,distance_from_overnight_high,replenishment_rate_near_5s,z_anchor_vwap,flow_impact,vwap_drift,distance_from_session_vwap_anchor,0.07330046995289552,0.21851218493818286,0.023811248017075015,55,154,6.931471805599453,0.8540936725544609,4.02535169073515,0.6281575145959715,0.6455643256765333,0.5914083838298834
ok,upper,3,60,mr_pts_t60,12,3.0,none,,,3474,2258,694,522,424,119,122,0.1877767936226749,0.1714697406340057,0.2337164750957854,0.7598976982097185,0.4311853038405198,0.3951403926022631,0.1222729363045473,0.6960040983606558,0.3865439432728506,0.5145880040784285,0.1675323222350077,71.0,realized_volatility_30s,realized_vol_1m,add_rate_ask,wall_persistence_2s,cancel_ratio,CVD,depth_far_ask,average_true_range,dist_day_low,distance_from_prior_day_low,realized_volatility_30s,add_rate_ask,realized_vol_1m,cancel_ratio,CVD,wall_persistence_2s,dist_day_low,trade_rate_pre_per_s,weighted_OBI_l10,depth_far_ask,0.06389359984906273,0.04464136056766921,0.11944761147616545,119,522,8.153349757998892,0.9457325197916341,4.787491742782046,0.627592468632566,0.6656715878554635,0.5737223328972256
ok,lower,1,300,mr_pts_t300,40,10.0,none,,,3413,2218,683,512,161,34,52,0.0725879170423805,0.0497803806734992,0.1015625,0.8858424725822531,0.3304655674884612,0.1574997845990657,0.0410143053858383,0.7842809364548495,0.3008328940380204,0.2997783154401593,0.0858738501167664,38.0,realized_vol_1m,realized_volatility_30s,realized_vol_5m,average_true_range,opening_range_width,distance_from_prior_day_high,distance_from_ema_21,depth_mid_bid,distance_from_overnight_high,cancel_rate_ask,realized_vol_5m,realized_volatility_30s,realized_vol_1m,average_true_range,distance_from_prior_day_high,distance_from_overnight_high,distance_from_ema_21,opening_range_width,vwap_drift,range_position,0.1015615361274036,0.029632673450440794,0.14227853084109363,34,512,8.135639903354386,0.9344028952110778,3.5553480614894135,0.627268612164267,0.6384874455117688,0.5490332488168809
ok,lower,3,300,mr_pts_t300,40,10.0,none,,,3419,2222,684,513,163,23,51,0.0733573357335733,0.033625730994152,0.0994152046783625,0.7896467802407419,0.1906095249989917,0.1315270138140941,0.03041709593005,0.7909769968593499,0.2894220979165707,0.3037838518052643,0.0833850729022665,153.0,realized_vol_1m,realized_volatility_30s,depth_mid_bid,distance_from_overnight_high,bid_depth_curvature,cancel_rate_ask,distance_from_prior_day_high,depth_near_ask,opening_range_width,impact_decay_3s,realized_vol_1m,realized_volatility_30s,realized_vol_5m,distance_from_overnight_high,opening_range_width,depth_mid_bid,bid_depth_curvature,depth_near_ask,cancel_rate_ask,return_last_30s,0.0013302166186079933,0.098812572917579,0.1722568379911702,23,513,8.13739583005665,0.9499286052319065,3.1780538303479458,0.6269568251407924,0.6312955107320923,0.5483003012607832
ok,lower,1,60,mr_pts_t60,12,3.0,vol1m_top30,realized_vol_1m,0.3,1025,666,205,154,223,108,60,0.3348348348348348,0.526829268292683,0.3896103896103896,0.6573119511263841,0.6676318442888058,0.6797853950097466,0.2432409118893316,0.6108156028368794,0.5180353868065533,0.6447088358684565,0.2268860130937018,68.0,realized_volatility_30s,opening_range_width,depth_mid_bid,distance_from_overnight_low,realized_vol_5m,wall_strength_opposite_5,ema_spread_9_21,spread_mid_ratio,distance0,wall_strength_opposite_3,realized_volatility_30s,opening_range_width,depth_mid_bid,wall_strength_opposite_5,distance_from_overnight_low,realized_vol_5m,realized_vol_1m,distance0,since_touch_any_seconds,wall_strength_opposite_3,0.04649634828950466,0.1495964574822526,-0.03507655914129004,60,154,6.933423025730715,0.9019535971141214,4.110873864173311,0.6267734790998852,0.6500171994043484,0.5982317079174281
ok,upper,2,60,mr_pts_t60,24,6.0,vol1m_top30,realized_vol_1m,0.3,1026,666,206,154,100,37,23,0.1501501501501501,0.1796116504854369,0.1493506493506493,0.695186310570926,0.3832355660867618,0.4471769766752093,0.1429987283404738,0.7066047129107202,0.4009585280895646,0.3792072514885459,0.1137416050171448,92.0,opening_range_width,flow_impact,realized_vol_1m,realized_vol_5m,depth_far_bid,distance_from_overnight_low,obv_session,queue_imbalance_slope_5s,average_true_range,z_anchor_vwap,opening_range_width,realized_vol_5m,realized_vol_1m,average_true_range,flow_impact,distance0,distance_from_overnight_low,depth_far_bid,update_rate_ask,trade_rate_pre_per_s,0.011418402339794298,0.017722962002802822,-0.06796972518666339,23,154,6.934397209928558,0.9854293178287015,3.1780538303479458,0.6266178999835288,0.6423262829213292,0.5583120996905758
ok,upper,2,300,mr_pts_t300,24,6.0,vol5m_top30,realized_vol_5m,0.3,1026,666,206,154,247,85,70,0.3708708708708709,0.4126213592233009,0.4545454545454545,0.6695187165775401,0.5678898560319723,0.6421160946576066,0.2252945276584965,0.5789115646258503,0.5366581836579833,0.6905070943291018,0.2476711375742351,65.0,depth_far_bid,toxicity_ratio,average_true_range,distance_from_session_vwap_anchor,impact_efficiency_10s,curvature_pressure_l5,spread_volatility,realized_volatility_30s,depth_mid_bid,z_anchor_vwap,depth_far_bid,toxicity_ratio,average_true_range,distance_from_session_vwap_anchor,realized_volatility_30s,impact_efficiency_10s,depth_mid_bid,spread_volatility,curvature_pressure_l5,realized_vol_1m,0.09060715195168989,0.03123167237398894,0.048390999671495294,70,154,6.934397209928558,0.9390805878371606,4.2626798770413155,0.6251856298977942,0.6555717089128876,0.6086433824341282
ok,upper,1,600,mr_pts_t600,32,8.0,vol30_top30,realized_volatility_30s,0.3,1023,664,205,154,233,94,64,0.3509036144578313,0.4585365853658537,0.4155844155844156,0.6984377995016293,0.6867601255572535,0.699306337607869,0.2529635781757017,0.6284722222222222,0.5034427061870648,0.6802905454779773,0.2436131519437667,4.0,distance_from_overnight_low,depth_mid_bid,opening_range_width,cancel_ratio,add_rate_ask,toxicity_ratio,overnight_high,distance_from_session_vwap_anchor,OFI_burst_ratio,distance_from_range_extreme,distance_from_overnight_low,cancel_ratio,opening_range_width,add_rate_ask,depth_mid_bid,overnight_high,toxicity_ratio,distance_from_range_extreme,distance_from_session_vwap_anchor,OFI_burst_ratio,0.06996557727940711,0.18331741937018875,-0.019015792129891684,64,154,6.931471805599453,0.873358501675202,4.174387269895637,0.6251156135472011,0.6476518525237306,0.599433918353288
ok,lower,1,300,mr_pts_t300,32,8.0,vol30_top30,realized_volatility_30s,0.3,1025,666,205,154,148,74,47,0.2222222222222222,0.3609756097560975,0.3051948051948052,0.6991438002888385,0.5655250082638774,0.6368828396019595,0.2236717505598668,0.6823424139988069,0.4333426270400846,0.5985186029737821,0.2061637786400384,22.0,distance_from_prior_day_high,realized_vol_1m,realized_vol_5m,opening_range_width,distance_from_overnight_high,distance_from_ema_21,depth_near_ask,cancel_rate_ask,average_true_range,vwap_drift,distance_from_prior_day_high,realized_vol_1m,realized_vol_5m,opening_range_width,distance_from_overnight_high,distance_from_ema_21,depth_near_ask,average_true_range,cancel_rate_ask,vwap_drift,0.016801386290031584,0.13218238122379283,-0.03836423662817734,47,154,6.933423025730715,0.9255081162430878,3.871201010907891,0.6238625515709655,0.6484993491136627,0.5797403995983013
ok,upper,3,60,mr_pts_t60,12,3.0,vol30_top30,realized_volatility_30s,0.3,1042,677,208,157,244,94,60,0.3604135893648449,0.4519230769230769,0.3821656050955414,0.7304964539007093,0.6834488333464384,0.643889694112551,0.2262859878243544,0.6305841924398625,0.5009213280282787,0.6450745275578084,0.2268650182433861,43.0,dist_day_low,weighted_OBI_l10,depth_mid_bid,CVD,trade_rate_pre_per_s,cancel_rate_ask,opening_range_width,macd_signal,cancel_ratio,impact_decay_3s,dist_day_low,trade_rate_pre_per_s,CVD,weighted_OBI_l10,depth_mid_bid,realized_vol_5m,opening_range_width,cancel_rate_ask,cancel_ratio,impact_decay_3s,0.09991226146084675,0.18252750531815964,0.0011848334452573273,60,157,6.949856455000773,0.8587801166104968,4.110873864173311,0.6237194977068645,0.6431672920311853,0.5929398528257955
ok,upper,3,300,mr_pts_t300,16,4.0,vol5m_top30,realized_vol_5m,0.3,1043,677,209,157,324,109,75,0.4785819793205317,0.5215311004784688,0.4777070063694267,0.6288073394495414,0.6357645743879574,0.6693166800539844,0.2382333711352581,0.5835772357723578,0.5301037095490293,0.6874332809832634,0.2469863641475264,74.0,depth_mid_ask,weighted_OBI_l5,average_true_range,impact_efficiency_30s,ema_spread_9_21,cancel_ratio,queue_imbalance_std_5s,CVD,wall_strength_opposite_3,wall_strength_opposite_5,average_true_range,depth_mid_ask,weighted_OBI_l5,ema_spread_9_21,wall_strength_opposite_5,impact_efficiency_30s,CVD,abs_vwap_slope_pts_per_s,cancel_ratio,queue_imbalance_std_5s,0.04523010367718361,0.10566086483892811,0.018116600929279025,75,157,6.950814768442584,0.9245545157419441,4.330733340286331,0.6231788611775545,0.6539957123134703,0.6099720030782811
ok,upper,3,300,mr_pts_t300,32,8.0,none,,,3474,2258,694,522,277,65,65,0.1226749335695305,0.0936599423631124,0.1245210727969348,0.7820716644246057,0.3416772988760472,0.3012602805515186,0.0825395325465749,0.7541827975088369,0.3109813433470002,0.3595143344382517,0.1051941798557157,7.0,realized_volatility_30s,average_true_range,depth_far_ask,ask_depth_curvature,distance_from_overnight_low,realized_vol_1m,cancel_rate_ask,wall_strength_opposite_3,depth_far_bid,best_bid_queue_norm,realized_volatility_30s,average_true_range,depth_far_ask,distance_from_overnight_low,cancel_rate_ask,depth_far_bid,wall_strength_opposite_3,realized_vol_1m,impact_efficiency_30s,ask_depth_curvature,0.027888866915768862,0.03069595552904697,0.058254053886733104,65,522,8.153349757998892,0.9707075887775921,4.189654742026425,0.623136415220094,0.6537549533025342,0.5508472292214006
ok,lower,1,180,mr_pts_t180,32,8.0,none,,,3413,2218,683,512,169,43,54,0.0761947700631199,0.0629575402635432,0.10546875,0.8799781976744185,0.3973915564806277,0.176620857283509,0.0494613527605588,0.784570596797671,0.296568792739149,0.3122394656686273,0.0888659338978225,111.0,depth_mid_bid,realized_volatility_30s,realized_vol_1m,distance_from_overnight_high,depth_far_ask,distance_from_prior_day_high,update_rate_bid,depth_far_bid,cancel_rate_ask,opening_range_width,realized_volatility_30s,realized_vol_5m,realized_vol_1m,distance_from_prior_day_high,depth_mid_bid,opening_range_width,distance_from_overnight_high,depth_far_ask,add_rate_ask,trade_sign_autocorr_10s,0.09540760087674749,0.1008227637414787,0.13561860838511833,43,512,8.135639903354386,0.9018848176908869,3.784189633918261,0.6224270280298279,0.6363966780178419,0.5449618412131032
ok,lower,2,300,mr_pts_t300,40,10.0,vol1m_top30,realized_vol_1m,0.3,1031,670,206,155,82,57,33,0.1223880597014925,0.2766990291262136,0.2129032258064516,0.7679265277287177,0.4999744217844253,0.5063332284043135,0.1676446270427874,0.7406855439642326,0.370849585562711,0.4841056789320618,0.1583911795489787,178.0,distance_from_overnight_high,ask_convexity,realized_vol_5m,distance_from_ema_21,net_liquidity_shock,bid_depth_curvature,average_true_range,distance_from_prior_day_high,best_ask_queue_norm,realized_vol_1m,realized_vol_5m,distance_from_overnight_high,ask_convexity,realized_vol_1m,distance_from_prior_day_high,distance_from_ema_21,average_true_range,net_liquidity_shock,realized_volatility_30s,best_ask_queue_norm,0.027240983764485138,0.12912483622171428,-0.022227549472251695,33,155,6.939253946041508,0.9218170900069003,3.5263605246161616,0.6219049999831798,0.6410087266594666,0.5612294501795887
ok,lower,1,180,mr_pts_t180,40,10.0,vol1m_top30,realized_vol_1m,0.3,1025,666,205,154,56,43,24,0.084084084084084,0.2097560975609756,0.1558441558441558,0.7294717197817974,0.5064288226966721,0.4906573619462878,0.1571292143863023,0.7431089743589744,0.3674846600181872,0.4170110449325389,0.1278381897212077,29.0,distance_from_overnight_high,realized_vol_5m,realized_vol_1m,wall_strength_opposite_3,realized_volatility_30s,distance_from_prior_day_high,rv_pre_pts2,wall_strength_opposite_5,average_true_range,depth_near_bid,realized_vol_5m,realized_vol_1m,distance_from_overnight_high,wall_strength_opposite_3,distance_from_prior_day_high,rv_pre_pts2,realized_volatility_30s,average_true_range,distance_from_prior_day_low,wall_strength_opposite_5,0.013637254577177016,0.13894416267848492,-0.07364631701374891,24,154,6.933423025730715,0.9237092913721691,3.2188758248682006,0.6216461064191816,0.6337139074637002,0.5523375993589982
ok,lower,2,60,mr_pts_t60,12,3.0,vol1m_top30,realized_vol_1m,0.3,1031,670,206,155,242,104,69,0.3611940298507463,0.5048543689320388,0.4451612903225806,0.7177130467571644,0.7126155486511289,0.7184692877550378,0.2623960314740341,0.6015335355578024,0.5269252744167011,0.6949565243723218,0.2507865640634317,7.0,depth_mid_ask,realized_volatility_30s,distance_from_overnight_high,trade_imbalance,depth_mid_bid,aggressive_buy_volume,cooldown_seconds,depth_near_bid,add_rate_bid,bid_liquidity_shock,depth_mid_ask,realized_volatility_30s,distance_from_overnight_high,trade_imbalance,depth_near_bid,aggressive_buy_volume,depth_mid_bid,add_rate_bid,cooldown_seconds,bid_liquidity_shock,0.11617951119936198,0.18569027423442774,-0.023512763382716018,69,155,6.939253946041508,0.8490651072831051,4.248495242049359,0.6213992738898242,0.6422198931692819,0.6016738501615961
ok,upper,3,600,mr_pts_t600,32,8.0,none,,,3474,2258,694,522,486,135,117,0.2152347209920283,0.1945244956772334,0.2241379310344827,0.7223746107467038,0.4161826535610486,0.4389708307361101,0.1383963321299179,0.6710984488762266,0.3918082468778179,0.502100620210611,0.1629273365862595,115.0,opening_range_width,realized_vol_1m,depth_far_ask,distance_from_overnight_low,depth_mid_ask,abs_vwap_slope_pts_per_s,distance_from_session_vwap_anchor,realized_volatility_30s,bid_liquidity_shock,z_anchor_vwap,realized_vol_1m,depth_far_ask,opening_range_width,distance_from_overnight_low,distance_from_session_vwap_anchor,average_true_range,realized_volatility_30s,abs_vwap_slope_pts_per_s,depth_mid_ask,impact_efficiency_10s,0.05127616187047723,0.02437440668323071,0.06312978947450087,117,522,8.153349757998892,0.9621747157231461,4.770684624465665,0.6213801498739324,0.6614117357302696,0.5683005822975913
ok,upper,2,180,mr_pts_t180,16,4.0,vol5m_top30,realized_vol_5m,0.3,1026,666,206,154,296,98,83,0.4444444444444444,0.4757281553398058,0.538961038961039,0.6319916855631142,0.602613028853398,0.6755193432720209,0.2412584148746529,0.5360597318852877,0.5705556085878992,0.6967804857880414,0.2517690713930708,19.0,average_true_range,depth_far_ask,realized_volatility_30s,depth_far_bid,depth_mid_ask,depth_near_ask,depth_mid_bid,distance_from_value_area_low,abs_vwap_slope_pts_per_s,toxicity_ratio,average_true_range,realized_volatility_30s,depth_far_ask,depth_far_bid,depth_mid_bid,depth_near_ask,depth_mid_ask,opening_range_width,distance_from_value_area_low,abs_vwap_slope_pts_per_s,0.09593195367782659,0.03205742026549874,0.021261142516020515,83,154,6.934397209928558,0.9360053130283372,4.430816798843313,0.6212963392926532,0.6542353967282506,0.6200067415188852
ok,lower,3,300,mr_pts_t300,32,8.0,vol1m_top30,realized_vol_1m,0.3,1026,666,206,154,141,71,50,0.2117117117117117,0.3446601941747573,0.3246753246753247,0.7480959833072509,0.6593599392428415,0.5856887666626215,0.2011215445028621,0.6582692307692307,0.4649537449308707,0.6090553240193786,0.2113781707433737,54.0,depth_near_ask,distance_from_overnight_high,depth_far_ask,realized_vol_5m,opening_range_width,depth_mid_bid,distance_from_overnight_low,queue_imbalance_slope_5s,CVD,distance_from_prior_day_high,depth_near_ask,distance_from_overnight_high,realized_vol_5m,depth_far_ask,opening_range_width,depth_mid_bid,distance_from_overnight_low,CVD,queue_imbalance_slope_5s,distance_from_prior_day_high,0.0898267525380202,0.19440619431197081,0.02336655735675708,50,154,6.934397209928558,0.8578835265750044,3.9318256327243257,0.6201272147380856,0.6375132378013725,0.5797539031159177
ok,upper,1,600,mr_pts_t600,24,6.0,vol30_top30,realized_volatility_30s,0.3,1023,664,205,154,319,119,81,0.4804216867469879,0.5804878048780487,0.525974025974026,0.6653312487785813,0.7316893413982757,0.6422888434737435,0.2257409084577589,0.5677321156773212,0.5539664036097978,0.6946556928030078,0.2495638273611275,96.0,toxicity_ratio,opening_range_width,distance_from_overnight_low,impact_decay_5s,CVD,z_anchor_vwap,add_rate_ask,OFI_30s,spread_volatility,cancel_ratio,toxicity_ratio,opening_range_width,distance_from_overnight_low,z_anchor_vwap,impact_decay_5s,add_rate_ask,CVD,spread_volatility,OFI_30s,cancel_ratio,0.09759913310126012,0.17772293778847792,0.052366849329264276,81,154,6.931471805599453,0.862338964555131,4.406719247264253,0.6199270961863268,0.6450219863979251,0.6143516683342087
ok,upper,1,300,mr_pts_t300,32,8.0,vol5m_top30,realized_vol_5m,0.3,1023,664,205,154,170,57,49,0.2560240963855422,0.2780487804878049,0.3181818181818182,0.6840919867235657,0.4522721161248226,0.5540369973937516,0.185789423578112,0.6347910592808552,0.4592847038179993,0.6228552751424703,0.2110944501870251,244.0,cancel_ratio,distance_from_overnight_low,CVD,opening_range_width,average_true_range,impact_decay_5s,curvature_pressure_l5,add_rate_bid,impact_efficiency_30s,distance_from_overnight_high,average_true_range,cancel_ratio,opening_range_width,distance_from_overnight_low,realized_vol_5m,add_rate_bid,CVD,distance_from_overnight_high,impact_efficiency_30s,time_of_day_sin,0.04930092744271053,0.007012587693176697,0.06881827774871874,49,154,6.931471805599453,0.9718432424320564,3.912023005428146,0.6198284214987135,0.6499033219817494,0.5811123531070008
ok,lower,2,300,mr_pts_t300,40,10.0,none,,,3434,2232,686,516,159,28,56,0.0712365591397849,0.0408163265306122,0.1085271317829457,0.8689209726443768,0.297749043640439,0.1287934108346331,0.0334984459553318,0.7727096273291926,0.2900139033229017,0.3326042103702261,0.0925042252313297,106.0,realized_vol_1m,realized_volatility_30s,average_true_range,distance_from_overnight_high,distance_from_prior_day_high,depth_far_ask,impact_decay_5s,best_ask_queue_norm,update_rate_ask,trade_rate_pre_per_s,average_true_range,realized_volatility_30s,realized_vol_1m,distance_from_overnight_high,realized_vol_5m,depth_far_ask,distance_from_prior_day_high,vwap_drift,queue_imbalance_std_5s,trade_rate_pre_per_s,0.09621134531518427,0.0077351403175373035,0.20381079953559297,28,516,8.14177220465645,0.9480267571836392,3.367295829986474,0.6197500904728261,0.6293223662249362,0.5442575023412035
ok,upper,1,180,mr_pts_t180,32,8.0,none,,,3407,2214,681,512,195,43,47,0.0880758807588075,0.0631424375917768,0.091796875,0.8111649777648173,0.1991576448653985,0.2348455708118282,0.0589914923374911,0.7861816517959276,0.2754645235599198,0.2986686188340542,0.082016455940308,3.0,opening_range_width,realized_volatility_30s,depth_far_ask,realized_vol_5m,realized_vol_1m,add_rate_ask,abs_vwap_slope_pts_per_s,distance_from_overnight_low,remove_rate_near_ask,depth_near_bid,opening_range_width,realized_vol_5m,realized_volatility_30s,realized_vol_1m,abs_vwap_slope_pts_per_s,remove_rate_near_ask,wall_strength_opposite_5,depth_mid_bid,depth_near_bid,ask_queue_depletion_rate,0.024983325968889747,0.0763068786945213,0.06382304802222602,43,512,8.133880887949207,0.9493548976682944,3.784189633918261,0.6193551762113321,0.6401232825089445,0.5407333161037433
ok,upper,3,180,mr_pts_t180,24,6.0,vol1m_top30,realized_vol_1m,0.3,1042,677,208,157,161,74,49,0.2378138847858198,0.3557692307692308,0.3121019108280254,0.7058289632916498,0.6075401684297927,0.6118422263613816,0.2122088567866257,0.6623204837490553,0.4482447068167554,0.5970398768019051,0.2051833743165802,42.0,opening_range_width,depth_mid_bid,depth_near_bid,cancel_rate_ask,distance_from_overnight_low,depth_far_bid,CVD,realized_volatility_30s,toxicity_ratio,distance_from_session_vwap_anchor,depth_mid_bid,depth_near_bid,opening_range_width,cancel_rate_ask,distance_from_session_vwap_anchor,depth_far_bid,distance_from_overnight_low,toxicity_ratio,realized_volatility_30s,seconds_since_open,0.043508479542594514,0.15929546161303737,-0.014802349559476569,49,157,6.949856455000773,0.898598029422184,3.912023005428146,0.619325157027101,0.6415775788432717,0.5774961599355616
ok,lower,2,180,mr_pts_t180,32,8.0,vol5m_top30,realized_vol_5m,0.3,1031,670,206,155,111,33,36,0.1656716417910447,0.1601941747572815,0.232258064516129,0.6549308110001753,0.2428964095586889,0.4279006070022732,0.1326450882796296,0.7240896358543417,0.3879470021566081,0.5183072979037961,0.1707765296479752,82.0,distance_from_overnight_high,realized_vol_1m,average_true_range,realized_vol_5m,ask_queue_depletion_rate,distance_from_prior_day_high,impact_efficiency_30s,bid_depth_curvature,realized_volatility_30s,distance_from_overnight_low,realized_vol_1m,realized_vol_5m,distance_from_overnight_high,average_true_range,realized_volatility_30s,distance_from_prior_day_high,opening_range_width,ask_queue_depletion_rate,update_rate_bid,impact_efficiency_30s,0.06915882485416647,0.1450505925979192,0.09040669090152292,33,155,6.939253946041508,0.8928952912739572,3.5263605246161616,0.6192134235034881,0.6345450240525854,0.5622458194876427
ok,upper,3,600,mr_pts_t600,32,8.0,vol5m_top30,realized_vol_5m,0.3,1043,677,209,157,226,82,60,0.3338257016248153,0.3923444976076555,0.3821656050955414,0.6717399654311503,0.54309010667324,0.6583034481409049,0.2331527706436225,0.6046391752577319,0.4943290869106514,0.6594320683885128,0.2335004814142767,9.0,average_true_range,opening_range_width,depth_far_ask,z_anchor_vwap,flow_impact,depth_near_bid,wall_strength_opposite_3,time_of_day_sin,vwap_drift,distance0,average_true_range,opening_range_width,depth_far_ask,z_anchor_vwap,flow_impact,depth_near_bid,vwap_drift,time_of_day_sin,distance_from_session_vwap_anchor,distance_from_overnight_low,0.06710079017341841,0.048761019762588564,0.0011286202476078477,60,157,6.950814768442584,0.9420690950319965,4.110873864173311,0.6190452458453581,0.6487666593664513,0.5911897147383836
ok,lower,1,180,mr_pts_t180,32,8.0,vol5m_top30,realized_vol_5m,0.3,1025,666,205,154,108,41,32,0.1621621621621621,0.2,0.2077922077922078,0.676829268292683,0.3481662682427806,0.4758678560222028,0.1522744167387263,0.7095286885245902,0.3817208778549785,0.4773188240137333,0.153836660721476,34.0,opening_range_width,realized_vol_5m,realized_volatility_30s,realized_vol_1m,spread_mid_ratio,distance_from_prior_day_high,cancel_ratio,average_true_range,depth_mid_bid,trade_sign_autocorr_10s,realized_vol_5m,opening_range_width,realized_vol_1m,realized_volatility_30s,distance_from_prior_day_high,trade_sign_autocorr_60s,average_true_range,spread_mid_ratio,trade_sign_autocorr_10s,cancel_ratio,0.032699420231907195,0.033554609612197916,0.0014509679915305496,32,154,6.933423025730715,0.9668729850779475,3.4965075614664802,0.6182248485907224,0.6416470733270425,0.5593547670143455
ok,upper,2,60,mr_pts_t60,16,4.0,vol1m_top30,realized_vol_1m,0.3,1026,666,206,154,196,67,37,0.2942942942942942,0.3252427184466019,0.2402597402597402,0.6873188016750779,0.4625953900844533,0.6106313423291718,0.2108152991186053,0.6946176946176946,0.3959712357683906,0.5454429240444405,0.1799777955377861,11.0,trade_rate_pre_per_s,depth_near_ask,realized_vol_1m,realized_volatility_30s,depth_far_bid,sigma_lvl,average_true_range,return_last_5m,depth_far_ask,opening_range_width,trade_rate_pre_per_s,depth_near_ask,realized_vol_1m,realized_volatility_30s,opening_range_width,average_true_range,return_last_5m,trade_sign_autocorr_30s,sigma_lvl,depth_far_ask,0.007298892942616764,0.06662415431606267,-0.06518841828473132,37,154,6.934397209928558,0.9630384763706603,3.6375861597263857,0.6175890915920448,0.64338304145742,0.5643677213808167
ok,upper,1,600,mr_pts_t600,32,8.0,vol5m_top30,realized_vol_5m,0.3,1023,664,205,154,241,80,68,0.3629518072289157,0.3902439024390244,0.4415584415584415,0.6155,0.5121111305651714,0.6524355988617444,0.230576214758466,0.5689124487004105,0.5181817669777582,0.6912367037968089,0.2476117822635358,84.0,cancel_ratio,average_true_range,impact_efficiency_30s,distance_from_overnight_low,convexity_imbalance,opening_range_width,z_anchor_vwap,CVD,flow_impact,spread_mid_ratio,cancel_ratio,average_true_range,distance_from_overnight_low,impact_efficiency_30s,opening_range_width,convexity_imbalance,z_anchor_vwap,realized_vol_5m,CVD,trade_sign_autocorr_60s,0.04658755129958958,0.006070636412586761,0.0388011049350645,68,154,6.931471805599453,0.9736709061439117,4.23410650459726,0.6172185689016247,0.6527490973128716,0.6006520019164621
ok,upper,2,180,mr_pts_t180,32,8.0,vol1m_top30,realized_vol_1m,0.3,1026,666,206,154,116,50,30,0.1741741741741741,0.2427184466019417,0.1948051948051948,0.7392307692307692,0.4868916598747187,0.5062387566713071,0.1668952356800941,0.7024193548387097,0.3924996246066438,0.4639553731053538,0.1470463588594674,33.0,average_true_range,opening_range_width,add_rate_ask,cancel_rate_ask,distance_from_overnight_low,depth_far_ask,depth_near_bid,depth_far_bid,impact_efficiency_10s,wall_strength_opposite_3,average_true_range,opening_range_width,add_rate_ask,depth_far_ask,depth_near_bid,distance_from_overnight_low,depth_far_bid,cancel_rate_ask,wall_strength_opposite_3,impact_efficiency_10s,0.036811414392059594,0.09439203526807494,-0.04228338356595335,30,154,6.934397209928558,0.9343982751699328,3.4339872044851463,0.6164570910956793,0.6343700895772956,0.5558109536022553
ok,upper,2,600,mr_pts_t600,32,8.0,vol30_top30,realized_volatility_30s,0.3,1026,666,206,154,249,98,63,0.3738738738738739,0.4757281553398058,0.4090909090909091,0.7220332577475436,0.6831800305705884,0.6258081814410683,0.217637614579745,0.6227106227106227,0.4917612607338866,0.6585076122422048,0.233166347167825,60.0,distance_from_overnight_low,average_true_range,depth_mid_bid,depth_far_bid,impact_efficiency_10s,toxicity_ratio,opening_range_width,distance_from_overnight_high,distance_from_session_vwap_anchor,OFI_5s,distance_from_overnight_low,average_true_range,depth_far_bid,depth_mid_bid,impact_efficiency_10s,time_of_day_sin,toxicity_ratio,opening_range_width,distance_from_session_vwap_anchor,distance_from_range_extreme,0.09932263503692085,0.1914187698367018,0.032699430801136464,63,154,6.934397209928558,0.8546292975631887,4.1588830833596715,0.6163013549346672,0.6380062443423411,0.5908058659905471
ok,upper,1,60,mr_pts_t60,24,6.0,vol1m_top30,realized_vol_1m,0.3,1023,664,205,154,76,50,24,0.1144578313253012,0.2439024390243902,0.1558441558441558,0.7473548387096774,0.5008641358082362,0.5527642140394137,0.1836840173645453,0.7217948717948718,0.3738869222518876,0.4127905802518625,0.1267238059021523,27.0,realized_volatility_30s,add_rate_ask,flow_impact,ask_queue_depletion_rate,realized_vol_5m,opening_range_width,queue_imbalance_std_5s,distance_from_overnight_low,distance0,depth_curvature_pressure,realized_volatility_30s,add_rate_ask,realized_vol_5m,opening_range_width,flow_impact,distance_from_overnight_low,ask_queue_depletion_rate,cooldown_seconds,queue_imbalance_std_5s,depth_curvature_pressure,0.025559966914805665,0.1269772135563486,-0.13997363378755118,24,154,6.931471805599453,0.9237314097644229,3.2188758248682006,0.615659650611112,0.6281790739148251,0.548162440695654
ok,upper,1,60,mr_pts_t60,24,6.0,vol5m_top30,realized_vol_5m,0.3,1023,664,205,154,79,33,20,0.1189759036144578,0.1609756097560975,0.1298701298701298,0.6974982381959126,0.3302720548926513,0.4163991413079653,0.1279389514728499,0.7294776119402986,0.3514445553081406,0.3526382795463182,0.1047514648670045,30.0,realized_volatility_30s,cancel_rate_bid,realized_vol_5m,queue_imbalance_std_5s,add_rate_bid,cancel_ratio,distance0,vol_ratio,add_rate_ask,opening_range_width,realized_volatility_30s,realized_vol_5m,cancel_rate_bid,distance0,realized_vol_1m,queue_imbalance_std_5s,cancel_ratio,add_rate_bid,depth_mid_ask,opening_range_width,0.031979373744385975,0.021172500415489293,-0.06376086176164708,20,154,6.931471805599453,0.9734240629200624,3.044522437723423,0.6147250652073482,0.6298143258549821,0.5436855957284306
ok,upper,2,60,mr_pts_t60,24,6.0,vol30_top30,realized_volatility_30s,0.3,1026,666,206,154,96,40,28,0.1441441441441441,0.1941747572815534,0.1818181818181818,0.7295180722891567,0.4214856927244949,0.4394929076016796,0.1410732067358456,0.721938775510204,0.3600910964579749,0.4345593213556999,0.1378687161061546,110.0,flow_impact,depth_far_bid,opening_range_width,distance_from_overnight_low,realized_vol_1m,realized_vol_5m,rv_pre_pts2,obv_session,update_rate_ask,bid_queue_depletion_rate,realized_vol_5m,opening_range_width,realized_vol_1m,flow_impact,rv_pre_pts2,distance_from_overnight_low,depth_far_bid,trade_rate_pre_per_s,vwap_drift,update_rate_ask,0.007579296778952638,0.061394596266519996,-0.004933586245979671,28,154,6.934397209928558,0.9655130534772636,3.367295829986474,0.6144129259355426,0.636072985287537,0.5514872208343506
ok,upper,2,600,mr_pts_t600,40,10.0,none,,,3418,2221,684,513,334,81,89,0.1503827104907699,0.1184210526315789,0.1734892787524366,0.7527793133099933,0.3391694183027227,0.3168968568249848,0.0923622983202544,0.7048441806232775,0.3365192742925472,0.4259225933064123,0.1322269506797984,74.0,realized_vol_5m,opening_range_width,depth_far_bid,realized_volatility_30s,distance_from_overnight_low,distance_from_overnight_high,realized_vol_1m,spread_volatility,average_true_range,cancel_rate_bid,realized_volatility_30s,realized_vol_5m,depth_far_bid,distance_from_overnight_low,opening_range_width,realized_vol_1m,average_true_range,impact_efficiency_10s,spread_volatility,abs_vwap_slope_pts_per_s,0.04793513268671579,0.0026501440101754925,0.1090257364814275,81,513,8.137103389639302,0.9747073616515545,4.406719247264253,0.6138168580869416,0.6502507497531194,0.552529868122852
ok,upper,2,180,mr_pts_t180,32,8.0,vol5m_top30,realized_vol_5m,0.3,1026,666,206,154,112,44,31,0.1681681681681681,0.2135922330097087,0.2012987012987013,0.7070005611672279,0.3899866396263305,0.488695657005147,0.1583019699186894,0.6671911880409127,0.4103915327042318,0.4820761582989225,0.1541568738504072,20.0,average_true_range,opening_range_width,distance_from_overnight_low,realized_volatility_30s,rv_pre_pts2,realized_vol_1m,depth_far_bid,depth_far_ask,distance_from_range_extreme,wall_strength_opposite_3,average_true_range,distance_from_overnight_low,opening_range_width,realized_volatility_30s,rv_pre_pts2,realized_vol_1m,depth_far_ask,depth_near_bid,depth_far_bid,sigma0,0.03980937312631516,0.020404893077901276,-0.006619498706224525,31,154,6.934397209928558,0.9698928668978918,3.4657359027997265,0.6130720467883917,0.6352823562225169,0.5560281565438939
ok,lower,1,300,mr_pts_t300,32,8.0,vol5m_top30,realized_vol_5m,0.3,1025,666,205,154,154,61,41,0.2312312312312312,0.2975609756097561,0.2662337662337662,0.6779371584699453,0.4487387032500077,0.572734817976552,0.1946652544506807,0.67019210015109,0.405902064467745,0.5521691083129601,0.1850230571789963,55.0,realized_vol_5m,realized_vol_1m,opening_range_width,distance_from_prior_day_high,average_true_range,bid_queue_depletion_rate,distance_from_session_vwap_anchor,avg_trade_size,add_rate_ask,dist_day_high,realized_vol_5m,realized_vol_1m,opening_range_width,distance_from_prior_day_high,average_true_range,distance_from_session_vwap_anchor,dist_day_high,avg_trade_size,add_rate_ask,bid_queue_depletion_rate,0.007745058318855302,0.04283663878226268,-0.020565709663591947,41,154,6.933423025730715,0.9747091514494409,3.7376696182833684,0.6129463045235782,0.642592548625986,0.5655670562201468
ok,upper,1,300,mr_pts_t300,24,6.0,vol5m_top30,realized_vol_5m,0.3,1023,664,205,154,248,87,73,0.3734939759036144,0.424390243902439,0.474025974025974,0.6733878823300214,0.5944926579778611,0.6387582917849369,0.2227928576119818,0.5555555555555556,0.5311848411799637,0.7101897982759026,0.2563685528349154,109.0,cancel_ratio,opening_range_width,time_of_day_sin,distance_from_overnight_low,realized_volatility_30s,CVD,bid_curvature_l5,depth_mid_ask,impact_efficiency_30s,depth_mid_bid,cancel_ratio,opening_range_width,time_of_day_sin,realized_volatility_30s,distance_from_overnight_low,cancel_rate_bid,depth_mid_ask,time_of_day_cos,depth_mid_bid,CVD,0.11783232677446587,0.06330781679789743,0.07143150649096563,73,154,6.931471805599453,0.9094299282138183,4.30406509320417,0.6106529435315557,0.6408360295635132,0.5996420420208979
ok,lower,2,60,mr_pts_t60,24,6.0,vol30_top30,realized_volatility_30s,0.3,1031,670,206,155,59,39,33,0.0880597014925373,0.1893203883495145,0.2129032258064516,0.7538768616612928,0.465824502191688,0.4189341314313366,0.127468274842732,0.736214605067064,0.3443701625203578,0.5770276049566176,0.1794616315194354,92.0,distance_from_prior_day_high,realized_volatility_30s,depth_near_bid,opening_range_width,realized_vol_5m,realized_vol_1m,absorption_ratio,add_rate_ask,macd,bid_depth_curvature,distance_from_prior_day_high,realized_vol_5m,realized_vol_1m,depth_near_bid,realized_volatility_30s,opening_range_width,absorption_ratio,bid_depth_curvature,liquidity_slope_bid,distance_from_prior_day_low,0.01766225659422871,0.12145433967133018,0.15809347352528103,33,155,6.939253946041508,0.9304417018672206,3.5263605246161616,0.6103873163934033,0.6332249935048158,0.5514828316316466
ok,upper,3,300,mr_pts_t300,40,10.0,none,,,3474,2258,694,522,179,36,39,0.0792736935341009,0.0518731988472622,0.0747126436781609,0.825143532590341,0.3334065607284436,0.1642386388503025,0.0422755582117543,0.8055422838031534,0.2325968101829798,0.2302323045306337,0.0644241492499138,233.0,impact_efficiency_10s,realized_vol_1m,depth_mid_bid,distance_from_prior_day_low,distance_from_overnight_low,realized_volatility_30s,depth_far_ask,toxicity_ratio,cvd_slope,opening_range_width,realized_vol_1m,realized_volatility_30s,distance_from_overnight_low,depth_mid_bid,average_true_range,depth_far_ask,opening_range_width,distance_from_prior_day_low,realized_vol_5m,cancel_ratio,0.01960124878718761,0.10080975054546379,0.06599366568033121,36,522,8.153349757998892,0.9397945003336744,3.6109179126442243,0.6092350876278206,0.6278940081315785,0.5282579152900805
ok,upper,2,600,mr_pts_t600,24,6.0,vol5m_top30,realized_vol_5m,0.3,1026,666,206,154,319,115,81,0.4789789789789789,0.558252427184466,0.525974025974026,0.6694696607740086,0.6763728613090689,0.6457044451306511,0.2263219525427557,0.5274818197192627,0.5641282633177591,0.7220131189851096,0.2620271431532339,121.0,depth_far_bid,average_true_range,z_anchor_vwap,ask_liquidity_shock,toxicity_ratio,distance_from_overnight_low,impact_efficiency_10s,OFI_burst_ratio,vwap_slope_pts_per_s,opening_range_width,depth_far_bid,average_true_range,z_anchor_vwap,spread_volatility,toxicity_ratio,distance_from_overnight_low,impact_efficiency_10s,opening_range_width,time_of_day_sin,vwap_drift,0.14198784105474593,0.11224459799130981,0.0763086738544585,81,154,6.934397209928558,0.8728837804769721,4.406719247264253,0.6089820830630506,0.6360919039093613,0.6069235918213403
ok,lower,2,300,mr_pts_t300,40,10.0,vol5m_top30,realized_vol_5m,0.3,1031,670,206,155,105,30,32,0.1567164179104477,0.145631067961165,0.2064516129032258,0.7613636363636364,0.3717387021244551,0.3585245367172995,0.1089119268091991,0.6742886178861789,0.399597622626168,0.5063124231081135,0.156948372495558,122.0,average_true_range,distance_from_prior_day_high,realized_vol_5m,realized_vol_1m,opening_range_width,distance_from_overnight_high,distance_from_session_vwap_anchor,ask_convexity,queue_imbalance_std_5s,absorption_ratio,realized_vol_5m,realized_vol_1m,average_true_range,distance_from_prior_day_high,opening_range_width,realized_volatility_30s,distance_from_overnight_high,distance_from_session_vwap_anchor,queue_imbalance_std_5s,distance_from_ema_21,0.08707501847745747,0.027858920501712903,0.14778788639081403,30,155,6.939253946041508,0.9425330305104149,3.4339872044851463,0.6089170384276925,0.6282806821178635,0.5524760374432502
ok,upper,1,600,mr_pts_t600,40,10.0,vol30_top30,realized_volatility_30s,0.3,1023,664,205,154,178,79,52,0.2680722891566265,0.3853658536585366,0.3376623376623376,0.7580872011251758,0.7127958679659158,0.581688444871047,0.1978709388913602,0.657051282051282,0.4480098820500739,0.6078696239812261,0.2114404289044472,77.0,distance_from_overnight_low,cancel_rate_ask,distance_from_overnight_high,cancel_ratio,flow_impact,average_true_range,vwap_drift,impact_efficiency_30s,z_anchor_vwap,realized_vol_5m,distance_from_overnight_low,cancel_rate_ask,distance_from_overnight_high,cancel_ratio,average_true_range,flow_impact,vwap_drift,distance_from_session_vwap_anchor,depth_far_ask,opening_range_width,0.10103591907389375,0.26478598591584185,0.026181179110179142,52,154,6.931471805599453,0.8170890475051321,3.970291913552122,0.6087471624070218,0.6247846487291969,0.5712908907487404
ok,upper,1,180,mr_pts_t180,40,10.0,none,,,3407,2214,681,512,122,20,29,0.055103884372177,0.0293685756240822,0.056640625,0.8069591527987896,0.1489229002626795,0.1174102189889393,0.0270853070437071,0.8330120653958735,0.1965751235190724,0.1859249399549025,0.0497337481824549,55.0,opening_range_width,realized_vol_5m,abs_vwap_slope_pts_per_s,depth_far_bid,depth_mid_ask,distance_from_overnight_low,realized_volatility_30s,add_rate_ask,realized_vol_1m,spread_mid_ratio,realized_vol_5m,opening_range_width,realized_volatility_30s,average_true_range,realized_vol_1m,distance_from_overnight_low,depth_mid_ask,abs_vwap_slope_pts_per_s,depth_far_bid,add_rate_ask,0.026052912597083866,0.0476522232563929,0.0685147209659632,20,512,8.133880887949207,0.9631474320732616,3.044522437723423,0.6079108350754682,0.6175352288583525,0.5232769661099271
ok,upper,3,180,mr_pts_t180,32,8.0,none,,,3474,2258,694,522,170,42,41,0.0752878653675819,0.0605187319884726,0.0785440613026819,0.8441790826760152,0.27647413449252,0.1876630770578946,0.0503246577172555,0.8083261497895644,0.2224928523229329,0.2354979606708962,0.066211636792245,54.0,depth_far_ask,realized_volatility_30s,depth_mid_bid,depth_far_bid,average_true_range,cancel_rate_ask,distance_from_overnight_low,depth_near_ask,opening_range_width,tick_rate,realized_volatility_30s,average_true_range,depth_far_ask,depth_far_bid,cancel_rate_ask,depth_mid_bid,distance_from_overnight_low,realized_vol_5m,depth_near_ask,distance_from_session_vwap_anchor,0.03585293288645075,0.053981282169587114,0.047834883613001616,41,522,8.153349757998892,0.9550828924719811,3.7376696182833684,0.6078358900921971,0.6319914505605164,0.5276602416924963
ok,upper,2,180,mr_pts_t180,32,8.0,none,,,3418,2221,684,513,195,45,45,0.0877982890589824,0.0657894736842105,0.087719298245614,0.7640410363415058,0.3198798307052067,0.2096463015428883,0.055071163240664,0.7702754036087369,0.2580523764437127,0.2598248471103206,0.0727510584029921,100.0,add_rate_ask,depth_far_bid,cancel_rate_ask,realized_volatility_30s,depth_near_bid,depth_far_ask,realized_vol_1m,opening_range_width,distance_from_overnight_high,distance_from_overnight_low,realized_volatility_30s,realized_vol_1m,depth_far_bid,cancel_rate_ask,depth_far_ask,depth_near_bid,add_rate_ask,average_true_range,distance_from_overnight_low,opening_range_width,0.0062343672672311445,0.061827454261494,0.050178545567432314,45,513,8.137103389639302,0.9659690892356374,3.828641396489095,0.6077287608999999,0.6337412653528295,0.5309564964537826
ok,lower,3,300,mr_pts_t300,40,10.0,vol5m_top30,realized_vol_5m,0.3,1026,666,206,154,96,42,31,0.1441441441441441,0.203883495145631,0.2012987012987013,0.733739837398374,0.5134585333857725,0.4523245190327994,0.1430481438036111,0.6942040388145817,0.3836085648792261,0.4805460063500679,0.1540540871337263,41.0,realized_vol_5m,realized_vol_1m,queue_imbalance_std_5s,opening_range_width,realized_volatility_30s,bid_depth_curvature,distance0,rv_pre_pts2,cancel_rate_ask,return_last_30s,realized_vol_5m,realized_vol_1m,queue_imbalance_std_5s,opening_range_width,realized_volatility_30s,distance0,return_last_30s,bid_depth_curvature,rv_pre_pts2,cancel_rate_ask,0.0395357985837923,0.1298499685065464,0.02822148731726848,31,154,6.934397209928558,0.9153071164548306,3.4657359027997265,0.607705424923551,0.6257848135571872,0.5492993979929366
ok,upper,3,60,mr_pts_t60,12,3.0,vol5m_top30,realized_vol_5m,0.3,1043,677,209,157,211,79,60,0.311669128508124,0.3779904306220095,0.3821656050955414,0.7063291139240506,0.5817060046904248,0.6074100406238659,0.2089552010026175,0.588659793814433,0.4930323193533312,0.6739972885795695,0.2371047533598834,145.0,realized_volatility_30s,realized_vol_5m,cancel_ratio,CVD,dist_day_low,macd_signal,liquidity_compression,absorption_ratio,queue_length_total_norm,liquidity_slope_ask,realized_vol_5m,realized_volatility_30s,CVD,dist_day_low,macd_signal,liquidity_compression,cancel_ratio,opening_range_width,absorption_ratio,queue_length_total_norm,0.11766932010961761,0.08867368533709358,0.06658724795570359,60,157,6.950814768442584,0.8968284972766444,4.110873864173311,0.6076107264695754,0.6337367260430301,0.5814179718847966
ok,upper,2,60,mr_pts_t60,16,4.0,vol30_top30,realized_volatility_30s,0.3,1026,666,206,154,201,69,42,0.3018018018018018,0.3349514563106796,0.2727272727272727,0.6948058817306675,0.5016001351976591,0.6020255776791872,0.2069027961154381,0.6819727891156463,0.3888515810641774,0.5630233265030251,0.1893054573220735,36.0,depth_far_bid,depth_near_ask,trade_rate_pre_per_s,realized_vol_1m,rv_pre_pts2,liquidity_slope_ask,queue_imbalance_std_5s,distance_from_session_vwap_anchor,toxicity_ratio,realized_volatility_30s,depth_near_ask,trade_rate_pre_per_s,depth_far_bid,realized_vol_1m,rv_pre_pts2,liquidity_slope_ask,distance_from_session_vwap_anchor,queue_imbalance_std_5s,opening_range_width,realized_volatility_30s,0.012833092615021191,0.11274855413348173,-0.03900225117616207,42,154,6.934397209928558,0.9372091766257487,3.7612001156935624,0.607100337535049,0.6346755098718838,0.5603695704793663
ok,upper,1,300,mr_pts_t300,40,10.0,vol5m_top30,realized_vol_5m,0.3,1023,664,205,154,122,38,35,0.1837349397590361,0.1853658536585365,0.2272727272727272,0.6883075953356446,0.3799148031018368,0.4461838398632986,0.1397640802591296,0.6756302521008404,0.3805128729586422,0.5135770763327562,0.1669515212020174,180.0,cancel_ratio,flow_impact,distance_from_overnight_low,realized_vol_5m,CVD,queue_imbalance_std_5s,macd_signal,liquidity_slope_ask,sma_spread_20_50,average_true_range,realized_vol_5m,cancel_ratio,average_true_range,distance_from_overnight_low,flow_impact,queue_imbalance_std_5s,CVD,opening_range_width,cancel_rate_bid,macd_signal,0.012677343234804184,0.0005980698568054388,0.06739323646945755,35,154,6.931471805599453,0.9933622934541952,3.58351893845611,0.6068072713851786,0.636843805859781,0.5543095116180716
ok,upper,2,300,mr_pts_t300,40,10.0,none,,,3418,2221,684,513,186,42,44,0.0837460603331832,0.0614035087719298,0.0857699805068226,0.7364263462394303,0.2247424105303264,0.2085136339684308,0.0538577767986482,0.7753440589261484,0.2489783105100585,0.2543070763646011,0.0721522213794039,103.0,depth_far_bid,realized_volatility_30s,opening_range_width,realized_vol_1m,depth_near_bid,distance_from_overnight_low,depth_far_ask,cancel_ratio,average_true_range,abs_vwap_slope_pts_per_s,realized_volatility_30s,depth_far_bid,average_true_range,realized_vol_1m,distance_from_overnight_low,opening_range_width,depth_near_bid,depth_far_ask,abs_vwap_slope_pts_per_s,distance_from_session_vwap_anchor,0.038917712686718176,0.024235899979732106,0.04579344239617028,42,513,8.137103389639302,0.9684231936667749,3.7612001156935624,0.6063720070966166,0.6316362765475292,0.5292541827545222
ok,upper,3,60,mr_pts_t60,24,6.0,none,,,3474,2258,694,522,116,31,29,0.0513728963684676,0.0446685878962536,0.0555555555555555,0.8404125918357417,0.2570795362980372,0.1491192228620629,0.0384783897729953,0.8057634468769672,0.2192272534699723,0.1800422675021541,0.0479782960103207,99.0,realized_volatility_30s,cancel_rate_ask,distance_from_prior_day_low,add_rate_bid,avg_trade_size,depth_mid_ask,depth_far_ask,add_rate_ask,cancel_ratio,realized_vol_1m,cancel_rate_ask,realized_volatility_30s,realized_vol_5m,depth_far_ask,CVD,distance_from_prior_day_low,sigma0,add_rate_ask,avg_trade_size,realized_vol_1m,0.03464914495877447,0.03785228282806491,0.030923044640091213,29,522,8.153349757998892,0.9637492861065803,3.4011973816621555,0.6063712087494338,0.6236279432713584,0.5231668347215718
ok,lower,1,180,mr_pts_t180,40,10.0,vol30_top30,realized_volatility_30s,0.3,1025,666,205,154,57,40,26,0.0855855855855855,0.1951219512195122,0.1688311688311688,0.7324242424242424,0.4944503686608528,0.4602948404038561,0.1449448604563725,0.7421875,0.3309669239261733,0.449275209153637,0.1387639809957403,37.0,realized_vol_5m,distance_from_overnight_high,wall_strength_opposite_3,distance_from_prior_day_high,realized_volatility_30s,realized_vol_1m,distance_from_prior_day_low,average_true_range,prior_day_rth_high,distance_from_session_vwap_anchor,realized_vol_5m,realized_vol_1m,wall_strength_opposite_3,distance_from_prior_day_high,distance_from_overnight_high,realized_volatility_30s,distance_from_prior_day_low,average_true_range,add_rate_ask,sma_spread_20_50,0.009763257575757578,0.16348344473467952,-0.011019631250219097,26,154,6.933423025730715,0.9133766488447814,3.295836866004329,0.6056371579860476,0.6222497331854813,0.5401947371144141
ok,upper,1,180,mr_pts_t180,24,6.0,vol30_top30,realized_volatility_30s,0.3,1023,664,205,154,181,87,61,0.2725903614457831,0.424390243902439,0.3961038961038961,0.6879018118059614,0.6613493185188342,0.6562681052277777,0.2265450324490022,0.5921029437687291,0.4924974983175207,0.7069440280338298,0.2479446426365861,117.0,cancel_ratio,realized_vol_1m,CVD,cancel_rate_ask,queue_imbalance_std_5s,add_rate_bid,macd,add_rate_ask,distance_from_overnight_low,ask_queue_depletion_rate,cancel_ratio,add_rate_bid,realized_vol_1m,add_rate_ask,distance_from_overnight_low,cancel_rate_ask,CVD,queue_imbalance_std_5s,vwap_drift,toxicity_ratio,0.09579886803723237,0.16885182020131345,0.050675922806052154,61,154,6.931471805599453,0.8676746558807271,4.127134385045092,0.6056214344385387,0.6293478654016942,0.5812018495613742
ok,lower,1,180,mr_pts_t180,32,8.0,vol30_top30,realized_volatility_30s,0.3,1025,666,205,154,100,58,40,0.1501501501501501,0.2829268292682926,0.2597402597402597,0.702732817264837,0.5069992734007728,0.6210499950660813,0.2114917265325032,0.675109649122807,0.3895085097688111,0.5937904536302973,0.1990230792039007,7.0,distance_from_prior_day_high,realized_vol_5m,opening_range_width,rv_pre_pts2,depth_near_bid,realized_vol_1m,distance_from_overnight_high,cancel_ratio,depth_far_bid,macd_signal,distance_from_prior_day_high,realized_vol_5m,opening_range_width,rv_pre_pts2,realized_vol_1m,cancel_ratio,depth_near_bid,distance_from_overnight_high,vwap_drift,macd_signal,0.02762316814203003,0.1174907636319617,-0.027259541435784018,40,154,6.933423025730715,0.9274430341130041,3.713572066704308,0.6036292904990478,0.6293536874196538,0.5556039390593654
ok,upper,2,300,mr_pts_t300,32,8.0,vol5m_top30,realized_vol_5m,0.3,1026,666,206,154,161,65,44,0.2417417417417417,0.3155339805825243,0.2857142857142857,0.6931805782869613,0.5326905964186739,0.5757748967446101,0.1947667498426514,0.6489669421487604,0.4138882086623607,0.5818764249404265,0.1957583897802143,176.0,depth_far_bid,average_true_range,depth_far_ask,distance_from_overnight_low,queue_imbalance_slope_5s,toxicity_ratio,realized_volatility_30s,CVD,obv_session,bid_queue_change_rate,depth_far_bid,average_true_range,depth_far_ask,distance_from_overnight_low,realized_volatility_30s,queue_imbalance_slope_5s,cancel_rate_ask,obv_session,depth_mid_bid,vol_ratio,0.04421363613820095,0.11880238775631319,0.00610152819581633,44,154,6.934397209928558,0.918491988052743,3.8066624897703196,0.6020409309302674,0.6280016791995229,0.5593069691394161
ok,upper,3,300,mr_pts_t300,24,6.0,vol5m_top30,realized_vol_5m,0.3,1043,677,209,157,222,76,61,0.327917282127031,0.3636363636363636,0.3885350318471338,0.691630391768896,0.5293431435210749,0.6234382625220182,0.2163636734763443,0.5940915300546448,0.4672625309624053,0.6582183732219841,0.2330357194872551,39.0,average_true_range,depth_far_ask,depth_far_bid,distance_from_session_vwap_anchor,distance_from_overnight_low,sigma0,realized_vol_5m,depth_near_bid,z_anchor_vwap,vwap_drift,average_true_range,depth_far_ask,distance_from_session_vwap_anchor,sigma0,realized_vol_5m,depth_far_bid,depth_near_bid,distance_from_overnight_low,z_anchor_vwap,vwap_drift,0.09753886171425119,0.062080612558669646,0.034780110699965894,61,157,6.950814768442584,0.9201902628635396,4.127134385045092,0.6018116821679792,0.6329765017917925,0.5773196573914644
ok,upper,1,180,mr_pts_t180,32,8.0,vol5m_top30,realized_vol_5m,0.3,1023,664,205,154,114,38,32,0.1716867469879518,0.1853658536585365,0.2077922077922078,0.6987078474629688,0.412666610850818,0.4392558182858087,0.1361675753044087,0.6280737704918034,0.4232716770580473,0.4913218434306551,0.1545739754030602,112.0,cancel_ratio,opening_range_width,rsi_14,realized_vol_5m,queue_imbalance_std_5s,distance_from_overnight_low,depth_far_bid,impact_efficiency_30s,add_rate_bid,realized_vol_1m,realized_vol_5m,cancel_ratio,opening_range_width,average_true_range,distance_from_overnight_low,queue_imbalance_std_5s,rsi_14,depth_far_bid,add_rate_bid,realized_vol_1m,0.07063407697116542,0.010605066207229286,0.05206602514484643,32,154,6.931471805599453,0.9593804284108026,3.4965075614664802,0.6014900138769868,0.6241045804430587,0.548687884143735
ok,upper,1,300,mr_pts_t300,32,8.0,vol1m_top30,realized_vol_1m,0.3,1023,664,205,154,163,80,49,0.2454819277108433,0.3902439024390244,0.3181818181818182,0.7432999999999998,0.6779875823726991,0.6014291256486242,0.2042469877403816,0.6447035957240038,0.438162439815431,0.6254048437386427,0.2127010504625325,181.0,opening_range_width,distance_from_overnight_low,distance_from_overnight_high,cancel_ratio,flow_impact,depth_near_bid,add_rate_bid,impact_decay_5s,average_true_range,z_anchor_vwap,opening_range_width,distance_from_overnight_low,distance_from_overnight_high,depth_near_bid,cancel_ratio,add_rate_bid,z_anchor_vwap,flow_impact,cancel_rate_ask,distance_from_prior_day_high,0.09859640427599603,0.23982514255726806,0.023975718090018527,49,154,6.931471805599453,0.8307892265833681,3.912023005428146,0.6012391288900769,0.6188252273663433,0.5625879200541777
ok,upper,1,180,mr_pts_t180,24,6.0,vol1m_top30,realized_vol_1m,0.3,1023,664,205,154,191,89,55,0.2876506024096386,0.4341463414634146,0.3571428571428571,0.6978884153428904,0.6876466360495549,0.6465619683916881,0.2229141458379455,0.6119375573921029,0.466313728404317,0.6503625178719652,0.2266388830858896,141.0,cancel_ratio,opening_range_width,remove_rate_near_ask,distance_from_overnight_low,macd,ask_queue_depletion_rate,flow_toxicity,add_rate_bid,since_touch_any_seconds,time_of_day_sin,cancel_ratio,opening_range_width,remove_rate_near_ask,add_rate_bid,distance_from_overnight_low,cancel_rate_ask,ask_queue_depletion_rate,macd,since_touch_any_seconds,impact_efficiency_30s,0.0859508579507875,0.2213329076452379,0.0038005494802770823,55,154,6.931471805599453,0.8463581172019873,4.02535169073515,0.6009501180547328,0.6216849467992035,0.5700121044667352
ok,upper,1,300,mr_pts_t300,24,6.0,vol30_top30,realized_volatility_30s,0.3,1023,664,205,154,242,104,71,0.3644578313253012,0.5073170731707317,0.461038961038961,0.6892612338156893,0.7250606820434422,0.673859755572487,0.2403515013887706,0.57203461734261,0.5093662984798383,0.6884019527665488,0.2476404892768866,32.0,toxicity_ratio,opening_range_width,cancel_ratio,distance_from_overnight_low,add_rate_ask,cancel_rate_ask,realized_volatility_30s,vwap_drift,realized_vol_5m,OFI_30s,toxicity_ratio,opening_range_width,cancel_ratio,distance_from_overnight_low,add_rate_ask,cancel_rate_ask,realized_volatility_30s,vwap_drift,distance_from_session_vwap_anchor,realized_vol_5m,0.1172266164730793,0.21569438356360393,0.014542197194061801,71,154,6.931471805599453,0.8335394999816583,4.276666119016055,0.6009281083431113,0.6242106840997218,0.5874121758407025
ok,upper,3,60,mr_pts_t60,12,3.0,vol1m_top30,realized_vol_1m,0.3,1042,677,208,157,230,93,53,0.3397341211225997,0.4471153846153846,0.3375796178343949,0.730341280972417,0.670898751699014,0.6385637296629109,0.2241465565436901,0.646044992743106,0.431894526581377,0.6154855339191768,0.2130239855124728,41.0,realized_volatility_30s,depth_near_bid,CVD,macd_signal,depth_mid_bid,realized_vol_5m,cancel_ratio,trade_rate_pre_per_s,opening_range_width,dist_day_low,realized_volatility_30s,depth_near_bid,CVD,depth_mid_bid,realized_vol_5m,distance0,trade_rate_pre_per_s,cancel_ratio,macd_signal,depth_far_ask,0.08429628822931101,0.23900422511763703,-0.023078195743734042,53,157,6.949856455000773,0.838349743326526,3.9889840465642745,0.6002500599210041,0.6208066367819484,0.5646877769927839
ok,lower,3,180,mr_pts_t180,16,4.0,vol30_top30,realized_volatility_30s,0.3,1026,666,206,154,271,122,81,0.4069069069069069,0.5922330097087378,0.525974025974026,0.7055035128805621,0.7807505610569156,0.7291029954679159,0.2678471468701287,0.5313715542026044,0.5546423767030614,0.7186531344041841,0.2625569030152845,4.0,depth_near_ask,depth_mid_ask,realized_vol_5m,overnight_high,best_ask_queue_norm,return_last_5m,depth_curvature_pressure,update_rate_bid,queue_imbalance_slope_5s,bid_curvature_l5,depth_near_ask,depth_mid_ask,realized_vol_5m,return_last_5m,update_rate_bid,best_ask_queue_norm,overnight_high,depth_curvature_pressure,bid_curvature_l5,ask_curvature_l5,0.17413195867795772,0.22610818435385427,-0.010449861063731802,81,154,6.934397209928558,0.7998799284840941,4.406719247264253,0.5994432370112204,0.6200067745955459,0.5974700666519108
ok,upper,2,180,mr_pts_t180,40,10.0,none,,,3418,2221,684,513,114,20,27,0.0513282305267897,0.0292397660818713,0.0526315789473684,0.7647590361445782,0.1427407767985383,0.1189550366930479,0.0273522648198028,0.816948635878677,0.1947815635455447,0.1740232265745775,0.0464026730526246,89.0,depth_far_ask,realized_volatility_30s,impact_efficiency_10s,opening_range_width,realized_vol_1m,abs_vwap_slope_pts_per_s,depth_far_bid,depth_near_bid,remove_rate_near_bid,add_rate_ask,realized_volatility_30s,depth_far_ask,realized_vol_1m,average_true_range,realized_vol_5m,opening_range_width,impact_efficiency_10s,distance_from_overnight_low,depth_near_bid,abs_vwap_slope_pts_per_s,0.05218959973409887,0.05204078674700641,0.0550681898815296,20,513,8.137103389639302,0.9478848067594474,3.044522437723423,0.5992813004010897,0.6083224354725127,0.51574209547805
ok,lower,3,60,mr_pts_t60,12,3.0,vol5m_top30,realized_vol_5m,0.3,1026,666,206,154,225,85,54,0.3378378378378378,0.4126213592233009,0.3506493506493506,0.6904229460379193,0.651049022299445,0.6321458103990839,0.2200118764542051,0.6192592592592593,0.4463512646642197,0.6300180334372011,0.2195040591089507,35.0,realized_volatility_30s,realized_vol_5m,depth_far_ask,wall_strength_opposite_3_2s_avg,aggressive_sell_volume,cancel_ratio,distance_from_overnight_high,average_true_range,distance_from_prior_day_high,return_last_5m,realized_vol_5m,realized_volatility_30s,depth_far_ask,aggressive_sell_volume,cancel_ratio,return_last_5m,wall_strength_opposite_3_2s_avg,average_true_range,queue_imbalance_slope_5s,distance_from_overnight_high,0.07116368677866003,0.20469775763522524,-0.0021277769618828213,54,154,6.934397209928558,0.8620692777930574,4.007333185232471,0.597500809149242,0.6209608356694979,0.5658547225875077
ok,upper,2,180,mr_pts_t180,32,8.0,vol30_top30,realized_volatility_30s,0.3,1026,666,206,154,118,55,27,0.1771771771771771,0.2669902912621359,0.1753246753246753,0.7544852498494883,0.5303056532356698,0.5048303283540425,0.1677089064618702,0.7284922717993585,0.3276362632986651,0.426831321145298,0.1339262923799717,123.0,distance_from_overnight_low,cancel_rate_ask,flow_impact,queue_imbalance_slope_5s,average_true_range,time_of_day_sin,trade_rate_pre_per_s,depth_near_bid,depth_near_ask,wall_strength_opposite_3,distance_from_overnight_low,cancel_rate_ask,flow_impact,depth_near_ask,depth_near_bid,average_true_range,distance_from_session_vwap_anchor,time_of_day_sin,trade_rate_pre_per_s,queue_imbalance_slope_5s,0.02599297805012979,0.20266938993700473,-0.07799900720874453,27,154,6.934397209928558,0.8856688160064328,3.332204510175204,0.5960679674403973,0.6118041156274666,0.5331356283942295
ok,upper,2,600,mr_pts_t600,32,8.0,vol5m_top30,realized_vol_5m,0.3,1026,666,206,154,240,96,67,0.3603603603603603,0.4660194174757281,0.435064935064935,0.6909090909090909,0.6274256826307657,0.6475021720858332,0.2279815773643661,0.572139303482587,0.4860735005922615,0.6817668479150926,0.2439328616927198,51.0,average_true_range,depth_far_bid,distance_from_overnight_low,wall_persistence_2s,distance_from_session_vwap_anchor,impact_efficiency_10s,depth_mid_bid,queue_imbalance_slope_5s,impact_efficiency_30s,bid_depth_curvature,average_true_range,distance_from_overnight_low,depth_far_bid,distance_from_session_vwap_anchor,depth_mid_bid,impact_efficiency_10s,wall_persistence_2s,time_of_day_sin,z_anchor_vwap,impact_efficiency_30s,0.1187697874265039,0.1413521820385042,0.034264675829259406,67,154,6.934397209928558,0.869939015267496,4.219507705176107,0.5953286949572336,0.6231429834953449,0.5790708298391021
ok,upper,3,60,mr_pts_t60,16,4.0,vol30_top30,realized_volatility_30s,0.3,1042,677,208,157,168,63,44,0.2481536189069424,0.3028846153846153,0.2802547770700637,0.7146141215106733,0.5200772630648203,0.5711695532816234,0.1938234643091488,0.6415929203539823,0.4060253486349987,0.5729346834671133,0.1937438649198506,35.0,cancel_rate_ask,trade_rate_pre_per_s,cancel_ratio,realized_volatility_30s,dist_day_low,queue_imbalance_std_5s,distance_from_session_vwap_anchor,CVD,rv_pre_pts2,sigma0,cancel_rate_ask,trade_rate_pre_per_s,distance_from_session_vwap_anchor,cancel_ratio,queue_imbalance_std_5s,realized_volatility_30s,CVD,dist_day_low,rv_pre_pts2,ema_spread_9_21,0.07302120115669097,0.1140519144298216,0.0017651301854898493,44,157,6.949856455000773,0.9064634422067437,3.8066624897703196,0.5949329296748251,0.6206562043939421,0.5525105867681865
ok,upper,3,600,mr_pts_t600,32,8.0,vol30_top30,realized_volatility_30s,0.3,1042,677,208,157,230,94,62,0.3397341211225997,0.4519230769230769,0.3949044585987261,0.7067002612915265,0.6623875977683624,0.6228217966100311,0.2163744185058206,0.5884550084889643,0.4715322700421901,0.6699924263856082,0.2390035051044542,139.0,opening_range_width,distance_from_overnight_low,depth_mid_bid,vwap_slope_pts_per_s,impact_efficiency_10s,impact_decay_3s,bid_liquidity_shock,distance_from_session_vwap_anchor,depth_far_ask,OFI,opening_range_width,depth_mid_bid,distance_from_overnight_low,impact_efficiency_10s,vwap_slope_pts_per_s,depth_far_ask,time_of_day_sin,abs_vwap_slope_pts_per_s,distance_from_session_vwap_anchor,distance_from_overnight_high,0.11824525280256226,0.1908553277261723,0.047170629775577066,62,157,6.949856455000773,0.8454497097356326,4.143134726391533,0.5937791602445833,0.6177274255099017,0.5705927146833863
ok,lower,3,180,mr_pts_t180,16,4.0,vol5m_top30,realized_vol_5m,0.3,1026,666,206,154,268,104,69,0.4024024024024024,0.5048543689320388,0.448051948051948,0.6608220211161389,0.632267312665145,0.7106578926359031,0.2586251999110439,0.5580562659846547,0.4912146676852559,0.6909459566172793,0.2488648481386838,1.0,realized_vol_5m,return_last_30s,wall_strength_opposite_3_2s_avg,trade_sign_autocorr_10s,band_k,side,is_weekend,entry_price,distance0,sigma0,realized_vol_5m,return_last_30s,wall_strength_opposite_3_2s_avg,trade_sign_autocorr_10s,band_k,side,is_weekend,entry_price,distance0,sigma0,0.10276575513148412,0.14105264497988912,-0.019711936018623755,69,154,6.934397209928558,0.8780907999443133,4.248495242049359,0.5925671252629403,0.6220948053314882,0.5794085574880041
ok,upper,3,600,mr_pts_t600,40,10.0,none,,,3474,2258,694,522,325,79,74,0.1439326837909654,0.1138328530259366,0.1417624521072797,0.7517958217556859,0.328376181847945,0.3119740397903598,0.0902103858881578,0.7100929054054054,0.2814004729019497,0.3771527978313795,0.1135086302304463,72.0,opening_range_width,depth_far_ask,realized_vol_1m,distance_from_overnight_low,depth_mid_ask,average_true_range,vwap_slope_pts_per_s,depth_mid_bid,realized_vol_5m,distance_from_overnight_high,realized_vol_1m,depth_far_ask,opening_range_width,average_true_range,distance_from_overnight_low,depth_mid_bid,realized_vol_5m,depth_mid_ask,vwap_slope_pts_per_s,distance_from_session_vwap_anchor,0.04170291635028056,0.04697570894599529,0.06517875804101969,74,522,8.153349757998892,0.9556606873518622,4.31748811353631,0.5921634200581283,0.629562873470576,0.5283484736885822
ok,upper,2,60,mr_pts_t60,16,4.0,vol5m_top30,realized_vol_5m,0.3,1026,666,206,154,167,58,39,0.2507507507507507,0.2815533980582524,0.2532467532467532,0.6457945013979497,0.3989479543372594,0.5707223302056462,0.1924317143392949,0.6347826086956523,0.3857808266196181,0.5502338798382992,0.1824680475779981,29.0,depth_far_bid,realized_vol_1m,depth_far_ask,average_true_range,realized_volatility_30s,realized_vol_5m,dsigma_dt,trade_imbalance_5s,opening_range_width,cancel_rate_bid,realized_vol_1m,depth_far_bid,average_true_range,realized_volatility_30s,realized_vol_5m,depth_far_ask,rv_pre_pts2,opening_range_width,cancel_rate_bid,dsigma_dt,0.01101189270229741,0.01316712771764128,-0.020488450367347033,39,154,6.934397209928558,0.9879104897900307,3.6888794541139363,0.5920660949056558,0.6256111583968642,0.5472858056921226
ok,lower,1,60,mr_pts_t60,16,4.0,vol5m_top30,realized_vol_5m,0.3,1025,666,205,154,157,62,42,0.2357357357357357,0.3024390243902439,0.2727272727272727,0.714414617640424,0.4930124994380374,0.5625850172037744,0.1901577735101597,0.6500850340136054,0.3868529458765245,0.5658277836875727,0.1911473597299727,38.0,realized_volatility_30s,average_true_range,flow_impact,realized_vol_5m,dist_day_high,distance0,impact_efficiency_10s,opening_range_width,prior_day_rth_high,ask_depth_curvature,realized_volatility_30s,average_true_range,realized_vol_5m,flow_impact,rv_pre_pts2,opening_range_width,distance0,realized_vol_1m,dist_day_high,wall_strength_opposite_3,0.06432958362681862,0.10615955356151285,0.0032427664837982872,42,154,6.933423025730715,0.9147554314058342,3.7612001156935624,0.5912884586277355,0.6184244559858908,0.5478463988416397
ok,lower,3,300,mr_pts_t300,40,10.0,vol30_top30,realized_volatility_30s,0.3,1026,666,206,154,97,53,35,0.1456456456456456,0.2572815533980582,0.2272727272727272,0.813355530891602,0.6101186146322299,0.5333318455993348,0.1798859844130115,0.695078031212485,0.3645706108124081,0.5326236131276166,0.1747855523106536,27.0,distance_from_overnight_high,realized_vol_5m,update_rate_bid,bid_depth_curvature,depth_far_ask,realized_vol_1m,queue_imbalance_std_5s,entry_price,opening_range_width,depth_near_ask,realized_vol_5m,distance_from_overnight_high,update_rate_bid,bid_depth_curvature,distance_from_overnight_low,queue_imbalance_std_5s,realized_vol_1m,depth_far_ask,depth_near_ask,update_rate_ask,0.11827749967911694,0.24554800381982184,-0.0007082324717181399,35,154,6.934397209928558,0.8180872482505306,3.58351893845611,0.590717853435555,0.6038128408642535,0.5370724288645952
ok,upper,2,300,mr_pts_t300,32,8.0,vol1m_top30,realized_vol_1m,0.3,1026,666,206,154,167,71,44,0.2507507507507507,0.3446601941747573,0.2857142857142857,0.7091288471570162,0.5861397774218225,0.5904425764994756,0.202514004946386,0.6485537190082645,0.3938603472013703,0.577291389361814,0.19550771523457,52.0,depth_far_bid,distance_from_overnight_low,average_true_range,depth_far_ask,depth_mid_bid,cancel_rate_ask,bid_queue_change_rate,queue_imbalance_slope_5s,ask_depth_curvature,distance_from_overnight_high,depth_far_bid,distance_from_overnight_low,depth_far_ask,cancel_rate_ask,average_true_range,depth_mid_bid,ask_depth_curvature,bid_queue_change_rate,queue_imbalance_slope_5s,depth_near_bid,0.060575128148751656,0.19227943022045224,-0.013151187137661613,44,154,6.934397209928558,0.873572720815398,3.8066624897703196,0.5893725703659385,0.6128648392145832,0.5476813239621863
ok,lower,1,300,mr_pts_t300,40,10.0,vol5m_top30,realized_vol_5m,0.3,1025,666,205,154,99,40,31,0.1486486486486486,0.1951219512195122,0.2012987012987013,0.7603030303030303,0.4206305704655341,0.4334063167953349,0.1398389813770511,0.6747967479674797,0.3526230151908698,0.5102734601590357,0.161152782473086,133.0,realized_vol_5m,distance_from_prior_day_high,realized_volatility_30s,best_bid_queue_norm,average_true_range,ask_curvature_l5,wall_strength_opposite_3,liquidity_compression,opening_range_width,vwap_drift,realized_vol_5m,distance_from_prior_day_high,realized_volatility_30s,average_true_range,wall_strength_opposite_3,realized_vol_1m,vwap_drift,ask_curvature_l5,best_bid_queue_norm,liquidity_compression,0.08550628233555058,0.06800755527466429,0.07686714336370082,31,154,6.933423025730715,0.9232430811948926,3.4657359027997265,0.5883299369139291,0.611283789802207,0.5334139165524429
ok,upper,3,300,mr_pts_t300,40,10.0,vol5m_top30,realized_vol_5m,0.3,1043,677,209,157,107,39,24,0.1580502215657311,0.1866028708133971,0.1528662420382165,0.7064856711915535,0.334001999997141,0.442845366905141,0.1403474757304711,0.7033208020050126,0.3076195198600505,0.4031299977062483,0.1234300243395022,70.0,realized_volatility_30s,average_true_range,depth_far_ask,avg_trade_size,distance_from_overnight_low,bid_depth_curvature,wall_strength_opposite_3,depth_near_bid,impact_decay_5s,opening_range_width,average_true_range,realized_volatility_30s,distance_from_overnight_low,depth_far_ask,avg_trade_size,depth_near_bid,distance_from_session_vwap_anchor,wall_strength_opposite_3,opening_range_width,distance0,0.0031648691865409084,0.02638248013709049,-0.03971536919889268,24,157,6.950814768442584,0.9852263253381843,3.2188758248682006,0.5881497927546488,0.6141319118855756,0.5253666728668774
ok,upper,1,300,mr_pts_t300,40,10.0,vol1m_top30,realized_vol_1m,0.3,1023,664,205,154,111,64,35,0.1671686746987951,0.3121951219512195,0.2272727272727272,0.7301640070921986,0.6030470812190212,0.5770962227586444,0.1924838199832202,0.6696278511404562,0.3725303540082229,0.519457745958082,0.1673816203337604,104.0,flow_impact,opening_range_width,depth_near_bid,distance_from_overnight_low,cancel_ratio,z_anchor_vwap,replenishment_rate_near_5s,macd,wall_strength_opposite_5,queue_imbalance_std_5s,opening_range_width,flow_impact,depth_near_bid,distance_from_overnight_low,z_anchor_vwap,cancel_ratio,replenishment_rate_near_5s,add_rate_bid,average_true_range,cancel_rate_ask,0.06053615595174244,0.2305167272107983,-0.05763847680056233,35,154,6.931471805599453,0.8544735584187295,3.58351893845611,0.5873244299173108,0.6045704628314276,0.535826036193763
ok,upper,3,300,mr_pts_t300,32,8.0,vol30_top30,realized_volatility_30s,0.3,1042,677,208,157,155,70,43,0.2289512555391432,0.3365384615384615,0.2738853503184713,0.6797101449275362,0.5447757650476376,0.6108767357728753,0.2120109591350734,0.6487148102815178,0.380806800739037,0.5640678716651559,0.1904896192379208,25.0,opening_range_width,depth_far_ask,distance_from_overnight_low,depth_mid_ask,depth_near_bid,depth_mid_bid,distance_from_session_vwap_anchor,queue_imbalance_slope_5s,z_anchor_vwap,OFI_30s,opening_range_width,depth_far_ask,distance_from_overnight_low,depth_mid_ask,depth_near_bid,depth_mid_bid,distance_from_session_vwap_anchor,sigma0,OFI_30s,queue_imbalance_slope_5s,0.030995334646018446,0.16396896430860058,-0.04680886410771934,43,157,6.949856455000773,0.9025178505226905,3.784189633918261,0.5872997073190493,0.6142451617035154,0.5444706888017163
ok,upper,2,600,mr_pts_t600,40,10.0,vol30_top30,realized_volatility_30s,0.3,1026,666,206,154,185,72,45,0.2777777777777778,0.3495145631067961,0.2922077922077922,0.7762230514096184,0.6374558637695281,0.5528301447049843,0.1857013748359919,0.6273190621814475,0.4182807340552658,0.590191979278077,0.200477526122743,75.0,impact_efficiency_10s,distance_from_overnight_low,depth_far_bid,distance_from_overnight_high,distance_from_session_vwap_anchor,opening_range_width,average_true_range,depth_mid_bid,queue_imbalance_slope_5s,queue_length_total_norm,distance_from_overnight_low,impact_efficiency_10s,depth_far_bid,distance_from_session_vwap_anchor,distance_from_overnight_high,average_true_range,distance_from_range_extreme,depth_mid_bid,opening_range_width,queue_length_total_norm,0.14890398922817094,0.21917512971426234,0.03736183457309272,45,154,6.934397209928558,0.8159604405287834,3.828641396489095,0.5848856343481084,0.6017733233953733,0.545070860258369
ok,upper,1,180,mr_pts_t180,24,6.0,vol5m_top30,realized_vol_5m,0.3,1023,664,205,154,184,67,57,0.2771084337349397,0.3268292682926829,0.3701298701298701,0.7064676616915423,0.5580466420531869,0.5748803045343129,0.1928989101751058,0.5731597033821667,0.4551390520442514,0.6907117034978718,0.2416350656776702,193.0,cancel_ratio,time_of_day_sin,curvature_pressure_l5,time_of_day_cos,impact_decay_5s,cancel_rate_ask,rsi_14,impact_efficiency_30s,opening_range_width,CVD,cancel_ratio,realized_vol_5m,time_of_day_sin,cancel_rate_ask,time_of_day_cos,distance_from_overnight_low,opening_range_width,add_rate_bid,curvature_pressure_l5,realized_vol_1m,0.13330795830937558,0.10290759000893546,0.11583139896355887,57,154,6.931471805599453,0.8818922258408444,4.060443010546419,0.5845225167706178,0.6127244126347929,0.559969074349669
ok,lower,2,60,mr_pts_t60,24,6.0,vol1m_top30,realized_vol_1m,0.3,1031,670,206,155,58,39,28,0.0865671641791044,0.1893203883495145,0.1806451612903225,0.7439735912789804,0.5101683176473443,0.4481578670723627,0.141890936816014,0.7154105736782903,0.3107796268455227,0.4840861934947528,0.1505521790948035,28.0,distance_from_prior_day_high,opening_range_width,depth_near_bid,realized_vol_5m,realized_vol_1m,add_rate_ask,realized_volatility_30s,opening_range_position,buy_impact_efficiency_10s,average_true_range,distance_from_prior_day_high,realized_vol_5m,realized_vol_1m,opening_range_width,depth_near_bid,realized_volatility_30s,add_rate_ask,depth_far_bid,average_true_range,buy_impact_efficiency_10s,0.028563017600690133,0.1993886908018216,0.03592832642239008,28,155,6.939253946041508,0.8860241457987441,3.367295829986474,0.5841877339611119,0.6030968922269276,0.5242044694445551
ok,upper,3,180,mr_pts_t180,24,6.0,vol30_top30,realized_volatility_30s,0.3,1042,677,208,157,159,76,51,0.2348596750369276,0.3653846153846153,0.3248407643312102,0.68231658692185,0.6046903895538771,0.6141126499695301,0.2122784404415375,0.6071032186459488,0.4192742568700119,0.6169488594583183,0.2133563018804719,71.0,depth_mid_bid,cancel_rate_ask,distance_from_overnight_low,CVD,toxicity_ratio,opening_range_width,time_of_day_sin,depth_far_ask,distance_from_session_vwap_anchor,cancel_rate_bid,depth_mid_bid,cancel_rate_ask,distance_from_overnight_low,opening_range_width,toxicity_ratio,distance_from_session_vwap_anchor,CVD,time_of_day_sin,depth_near_bid,depth_far_ask,0.0752133682759012,0.1854161326838652,0.002836209488788266,51,157,6.949856455000773,0.8696852495201168,3.9512437185814275,0.5827587930169543,0.6087360238537574,0.5498108729585404
ok,upper,1,300,mr_pts_t300,32,8.0,vol30_top30,realized_volatility_30s,0.3,1023,664,205,154,155,80,50,0.233433734939759,0.3902439024390244,0.3246753246753247,0.741,0.6758362901453661,0.6241091083061351,0.2175368890997229,0.6215384615384615,0.4158625257190181,0.6178270947800066,0.2144425545412833,47.0,add_rate_ask,distance_from_overnight_low,opening_range_width,cancel_ratio,vwap_drift,average_true_range,depth_mid_bid,add_rate_bid,distance_from_overnight_high,flow_impact,add_rate_ask,distance_from_overnight_low,opening_range_width,vwap_drift,cancel_ratio,average_true_range,depth_mid_bid,distance_from_session_vwap_anchor,add_rate_bid,queue_imbalance_std_5s,0.11946153846153851,0.25997376442634795,-0.006282013526128449,50,154,6.931471805599453,0.8102823485560567,3.9318256327243257,0.5810024217745636,0.600409867203258,0.5467567480360652
ok,lower,1,180,mr_pts_t180,40,10.0,vol5m_top30,realized_vol_5m,0.3,1025,666,205,154,66,27,22,0.0990990990990991,0.1317073170731707,0.1428571428571428,0.7174365376612568,0.3557248781769553,0.3535947308369425,0.1052720374418508,0.7047176308539945,0.2891689159755102,0.3995330869065993,0.1191615281896968,36.0,realized_vol_5m,realized_volatility_30s,wall_strength_opposite_3,distance_from_overnight_high,distance_from_prior_day_high,average_true_range,add_rate_ask,spread_mid_ratio,rv_pre_pts2,realized_vol_1m,realized_vol_5m,realized_volatility_30s,wall_strength_opposite_3,realized_vol_1m,distance_from_prior_day_high,average_true_range,add_rate_ask,distance_from_overnight_high,CVD,rv_pre_pts2,0.012718906807262287,0.0665559622014451,0.045938356069656794,22,154,6.933423025730715,0.9603625654956464,3.1354942159291497,0.5786285988124666,0.6020758205567407,0.5151269613568631
ok,upper,3,180,mr_pts_t180,40,10.0,none,,,3474,2258,694,522,96,21,22,0.0425155004428697,0.0302593659942363,0.0421455938697318,0.8301139177810797,0.1809596301809782,0.1132578057355907,0.0274144925255928,0.8045454545454546,0.1470014719221365,0.1509615262258412,0.038401763235231,80.0,realized_volatility_30s,depth_near_bid,depth_mid_bid,depth_far_ask,average_true_range,CVD,cancel_ratio,z_anchor_vwap,stoch_k_14,distance_from_vpoc,realized_volatility_30s,average_true_range,depth_near_bid,realized_vol_5m,depth_far_ask,CVD,z_anchor_vwap,depth_mid_bid,cancel_ratio,stoch_k_14,0.025568463235625116,0.033958158258841686,0.03770372049025049,21,522,8.153349757998892,0.9702366892527665,3.091042453358316,0.5776424395123131,0.5952541748533685,0.4961596595421205
ok,upper,3,180,mr_pts_t180,32,8.0,vol5m_top30,realized_vol_5m,0.3,1043,677,209,157,101,36,31,0.1491875923190546,0.1722488038277512,0.197452229299363,0.7814707771355169,0.4217851941831487,0.3929733165066635,0.1228650832429686,0.6607782898105479,0.3448277230859675,0.5162641811883079,0.1574792766637037,440.0,impact_decay_5s,realized_volatility_30s,z_anchor_vwap,depth_mid_bid,flow_impact,impact_decay_3s,obv_session,avg_trade_size,weighted_OBI_l5,vwap_slope_pts_per_s,average_true_range,depth_near_bid,impact_decay_5s,flow_impact,distance_from_session_vwap_anchor,depth_mid_bid,z_anchor_vwap,distance_from_prior_day_low,sigma0,realized_volatility_30s,0.12069248732496907,0.07695747109718121,0.12329086468164435,31,157,6.950814768442584,0.9011750207889249,3.4657359027997265,0.5776109387123037,0.5996251297346166,0.5239095579718551
ok,upper,3,300,mr_pts_t300,24,6.0,vol30_top30,realized_volatility_30s,0.3,1042,677,208,157,225,89,65,0.3323485967503692,0.4278846153846153,0.4140127388535032,0.6635822868473231,0.5917147644374616,0.6457367454053462,0.2271346430329191,0.554180602006689,0.4564331889566007,0.6849109638622913,0.2453261231433074,70.0,depth_mid_bid,opening_range_width,distance_from_session_vwap_anchor,abs_vwap_slope_pts_per_s,depth_far_bid,CVD,time_of_day_sin,trade_rate_pre_per_s,ema_spread_9_21,cvd_slope,depth_mid_bid,opening_range_width,abs_vwap_slope_pts_per_s,time_of_day_sin,distance_from_session_vwap_anchor,depth_far_bid,ema_spread_9_21,CVD,trade_rate_pre_per_s,vwap_slope_pts_per_s,0.10940168484063417,0.13528157548086095,0.03917421845694513,65,157,6.949856455000773,0.8776583698392525,4.189654742026425,0.5772506312277995,0.6087798947719946,0.561112822407326
ok,upper,1,180,mr_pts_t180,32,8.0,vol30_top30,realized_volatility_30s,0.3,1023,664,205,154,100,61,35,0.1506024096385542,0.2975609756097561,0.2272727272727272,0.7376479963570127,0.5379969218784798,0.5977240863006659,0.2046851526314283,0.6523409363745498,0.3609251948515091,0.520442285689712,0.1711577058605857,37.0,add_rate_ask,opening_range_width,depth_mid_ask,flow_impact,distance_from_overnight_low,depth_far_bid,obv_session,z_anchor_vwap,replenishment_rate_near_5s,queue_imbalance_std_5s,opening_range_width,add_rate_ask,depth_mid_ask,distance_from_overnight_low,flow_impact,depth_far_bid,average_true_range,z_anchor_vwap,replenishment_rate_near_5s,queue_imbalance_std_5s,0.08530705998246291,0.17707172702697072,-0.07728180061095391,35,154,6.931471805599453,0.8688106064952832,3.58351893845611,0.5772013051559179,0.5979059045316569,0.5280118608667966
ok,upper,3,300,mr_pts_t300,32,8.0,vol1m_top30,realized_vol_1m,0.3,1042,677,208,157,148,69,43,0.2186115214180206,0.3317307692307692,0.2738853503184713,0.685121468042957,0.4897183837343721,0.5874547860260381,0.2031232679632011,0.6336189310485516,0.3654043179938635,0.5808239872073573,0.1958025709691332,113.0,opening_range_width,distance_from_overnight_low,depth_far_ask,average_true_range,weighted_OBI_l5,impact_decay_3s,depth_near_bid,avg_trade_size,ask_curvature_l5,realized_volatility_30s,opening_range_width,distance_from_overnight_low,depth_far_ask,average_true_range,depth_near_bid,distance_from_session_vwap_anchor,weighted_OBI_l5,avg_trade_size,realized_volatility_30s,impact_decay_3s,0.051502536994405435,0.12431406574050857,-0.006630798818680783,43,157,6.949856455000773,0.9120916986325429,3.784189633918261,0.5760577473387788,0.6062556287703957,0.535508440882001
ok,upper,2,600,mr_pts_t600,40,10.0,vol1m_top30,realized_vol_1m,0.3,1026,666,206,154,187,72,47,0.2807807807807808,0.3495145631067961,0.3051948051948052,0.7466832504145937,0.6170735619669078,0.5643413528805558,0.1902231493361034,0.6162258898389342,0.4007825350091206,0.6051921121106586,0.2077343329978301,89.0,distance_from_overnight_low,depth_far_bid,average_true_range,distance_from_overnight_high,distance_from_session_vwap_anchor,opening_range_width,impact_efficiency_10s,queue_imbalance_slope_5s,depth_far_ask,toxicity_ratio,distance_from_overnight_low,depth_far_bid,average_true_range,distance_from_session_vwap_anchor,distance_from_overnight_high,opening_range_width,depth_far_ask,impact_efficiency_10s,flow_impact,queue_imbalance_slope_5s,0.1304573605756595,0.21629102695778718,0.04085075923010284,47,154,6.934397209928558,0.8266258062332767,3.871201010907891,0.5745156223630943,0.5958140760464559,0.5386331274079654
ok,lower,2,180,mr_pts_t180,40,10.0,vol30_top30,realized_volatility_30s,0.3,1031,670,206,155,56,42,25,0.0835820895522388,0.203883495145631,0.1612903225806451,0.789924506387921,0.4936383720342332,0.4333184464478878,0.1392523955661126,0.7166153846153847,0.291168767373826,0.4344436592825238,0.133453619451576,52.0,distance_from_overnight_high,average_true_range,realized_vol_5m,realized_vol_1m,realized_volatility_30s,depth_near_bid,distance_from_prior_day_high,ask_convexity,OFI_30s,cancel_ratio,realized_vol_5m,distance_from_overnight_high,realized_vol_1m,average_true_range,realized_volatility_30s,distance_from_prior_day_high,depth_near_bid,depth_mid_ask,OFI_30s,dist_day_high,0.07330912177253635,0.2024696046604072,0.0011252128346360135,25,155,6.939253946041508,0.8621106367835283,3.258096538021482,0.5744339636457495,0.5901848311034165,0.5124075352026165
ok,upper,3,60,mr_pts_t60,16,4.0,vol5m_top30,realized_vol_5m,0.3,1043,677,209,157,142,50,39,0.2097488921713441,0.2392344497607655,0.2484076433121019,0.6723270440251572,0.4043399082750747,0.5164752263987394,0.1695682507416008,0.6258148631029987,0.3585538275620189,0.5519841442457674,0.1821412769601977,53.0,realized_volatility_30s,cancel_rate_ask,queue_imbalance_std_5s,realized_vol_5m,sigma0,average_true_range,update_rate_bid,weighted_OBI_l5,CVD,macd_signal,realized_volatility_30s,sigma0,cancel_rate_ask,realized_vol_5m,average_true_range,queue_imbalance_std_5s,update_rate_bid,CVD,depth_mid_bid,weighted_OBI_l5,0.046512180922158475,0.04578608071305579,0.03550891784702792,39,157,6.950814768442584,0.9538508691823928,3.6888794541139363,0.5743835946590514,0.607492423600628,0.5311355634674659
ok,upper,3,60,mr_pts_t60,16,4.0,vol1m_top30,realized_vol_1m,0.3,1042,677,208,157,156,62,35,0.2304283604135893,0.2980769230769231,0.2229299363057325,0.7147591692443659,0.505697719115335,0.555072422939445,0.1872321056852912,0.6723653395784543,0.3238338913687141,0.5013502438843639,0.1642887299263753,53.0,realized_volatility_30s,cancel_rate_ask,queue_imbalance_std_5s,macd_signal,CVD,trade_rate_pre_per_s,add_rate_ask,depth_mid_bid,sigma0,depth_far_ask,realized_volatility_30s,cancel_rate_ask,queue_imbalance_std_5s,trade_rate_pre_per_s,CVD,macd_signal,add_rate_ask,sigma0,depth_mid_bid,depth_far_ask,0.04239382966591154,0.1818638277466209,-0.05372217905508114,35,157,6.949856455000773,0.8878711712937337,3.58351893845611,0.5725060873667991,0.5975991675678751,0.5225173492863778
ok,lower,2,60,mr_pts_t60,16,4.0,vol1m_top30,realized_vol_1m,0.3,1031,670,206,155,145,80,50,0.2164179104477611,0.3883495145631068,0.3225806451612903,0.6609126984126984,0.5285936691445579,0.7286279391264409,0.2618659527640536,0.5966666666666667,0.3959299363329288,0.655285155472436,0.2285252423233005,4.0,impact_efficiency_10s,realized_volatility_30s,depth_mid_ask,realized_vol_1m,sell_impact_efficiency_10s,z_anchor_vwap,flow_impact,rsi_14,distance_from_ema_21,bid_queue_depletion_rate,realized_volatility_30s,impact_efficiency_10s,depth_mid_ask,realized_vol_1m,sell_impact_efficiency_10s,z_anchor_vwap,rsi_14,flow_impact,bid_queue_depletion_rate,distance_from_ema_21,0.06424603174603172,0.13266373281162908,-0.07334278365400482,50,155,6.939253946041508,0.9015451177211695,3.9318256327243257,0.5723023921436676,0.6039775160153255,0.541226325434548
ok,lower,1,60,mr_pts_t60,24,6.0,vol30_top30,realized_volatility_30s,0.3,1025,666,205,154,63,44,25,0.0945945945945946,0.2146341463414634,0.1623376623376623,0.7272021456804065,0.4775845273635256,0.5006155633096829,0.1616774163397334,0.6674418604651162,0.325596779634304,0.440251955130637,0.1346023303100189,27.0,realized_volatility_30s,prior_day_rth_low,prior_day_rth_high,realized_vol_1m,wall_strength_opposite_5,OFI_burst_ratio,distance_from_overnight_high,realized_vol_5m,overnight_high,depth_mid_ask,realized_volatility_30s,realized_vol_1m,realized_vol_5m,depth_mid_ask,prior_day_rth_low,sigma_lvl,wall_strength_opposite_5,prior_day_rth_high,distance_from_overnight_high,OFI_burst_ratio,0.05976028521529031,0.15198774772922158,-0.06036360817904596,25,154,6.933423025730715,0.8941259835277441,3.258096538021482,0.5716657779236426,0.589705570677809,0.5129924022460651
ok,lower,3,180,mr_pts_t180,32,8.0,vol30_top30,realized_volatility_30s,0.3,1026,666,206,154,93,55,36,0.1396396396396396,0.2669902912621359,0.2337662337662337,0.8139674894641782,0.63702398541759,0.4767511984901475,0.1561038299087679,0.6727871939736346,0.3458840954326627,0.5829620257171502,0.1850857516394585,281.0,opening_range_width,realized_vol_5m,depth_near_ask,distance_from_overnight_high,distance_from_prior_day_high,distance_from_overnight_low,absorption_ratio,bid_queue_depletion_rate,distance_from_range_extreme_norm,queue_length_total_norm,realized_vol_5m,opening_range_width,distance_from_overnight_high,depth_near_ask,distance_from_overnight_low,distance_from_prior_day_high,return_last_5m,distance_from_range_extreme_norm,bid_queue_depletion_rate,queue_length_total_norm,0.14118029549054356,0.2911398899849273,0.10621082722700265,36,154,6.934397209928558,0.7838399072622646,3.6109179126442243,0.57090217828929,0.5842249936518699,0.5213941891852285
ok,upper,3,600,mr_pts_t600,40,10.0,vol30_top30,realized_volatility_30s,0.3,1042,677,208,157,165,75,41,0.2437223042836041,0.3605769230769231,0.2611464968152866,0.7378446115288222,0.5853291032865588,0.5773619432201627,0.1973838166125812,0.6307821698906645,0.3720587812561247,0.5558939970454164,0.1874591930006056,102.0,distance_from_overnight_low,opening_range_width,depth_mid_bid,impact_efficiency_10s,vwap_slope_pts_per_s,depth_far_ask,ask_queue_change_rate,realized_vol_5m,net_liquidity_shock,bid_liquidity_shock,distance_from_overnight_low,opening_range_width,depth_mid_bid,impact_efficiency_10s,vwap_slope_pts_per_s,realized_vol_5m,depth_far_ask,ask_queue_change_rate,abs_vwap_slope_pts_per_s,average_true_range,0.1070624416381577,0.21327032203043417,-0.021467946174746233,41,157,6.949856455000773,0.8398336181657041,3.7376696182833684,0.5703590201338444,0.5916709814146035,0.5278498386042647
ok,upper,2,600,mr_pts_t600,32,8.0,vol1m_top30,realized_vol_1m,0.3,1026,666,206,154,252,100,66,0.3783783783783784,0.4854368932038835,0.4285714285714285,0.689622641509434,0.6622333414301241,0.6752149086226223,0.2413567602773779,0.5530303030303031,0.4514560356152921,0.6829173728048819,0.2448525561748462,17.0,depth_far_bid,distance_from_overnight_low,distance_from_session_vwap_anchor,average_true_range,opening_range_width,add_rate_ask,impact_efficiency_10s,depth_far_ask,bid_queue_change_rate,dist_day_low,depth_far_bid,distance_from_overnight_low,average_true_range,opening_range_width,distance_from_session_vwap_anchor,depth_far_ask,add_rate_ask,dist_day_low,impact_efficiency_10s,realized_volatility_30s,0.13659233847913088,0.21077730581483206,0.007702464182259505,66,154,6.934397209928558,0.8263151778530186,4.204692619390966,0.5694757250440845,0.5969828874925237,0.5558856072460039
ok,lower,3,60,mr_pts_t60,16,4.0,vol5m_top30,realized_vol_5m,0.3,1026,666,206,154,136,65,33,0.2042042042042042,0.3155339805825243,0.2142857142857142,0.7734860883797053,0.6754127880751297,0.5301166353315908,0.1700554661635915,0.6591535186576509,0.3546798202773832,0.5130216206594048,0.1622636090572398,200.0,realized_volatility_30s,bid_depth_curvature,distance_from_overnight_high,aggressive_sell_volume,realized_vol_5m,cancel_ratio,impact_decay_5s,queue_imbalance_slope_5s,trade_sign_autocorr_60s,distance_from_session_vwap_anchor,realized_volatility_30s,realized_vol_5m,aggressive_sell_volume,distance_from_overnight_high,bid_depth_curvature,queue_imbalance_slope_5s,depth_far_ask,trade_sign_autocorr_60s,distance_from_session_vwap_anchor,impact_decay_5s,0.11433256972205441,0.3207329677977465,-0.017095014672185993,33,154,6.934397209928558,0.7824672312400995,3.5263605246161616,0.5688297304985683,0.5797516164632046,0.517323244761791
ok,upper,2,600,mr_pts_t600,40,10.0,vol5m_top30,realized_vol_5m,0.3,1026,666,206,154,180,69,49,0.2702702702702703,0.3349514563106796,0.3181818181818182,0.7151168941076906,0.5565347271161942,0.5840142096407136,0.1991342098234254,0.5951409135082606,0.3988617399982733,0.6176050233289025,0.2127563087104036,51.0,average_true_range,distance_from_overnight_low,depth_far_bid,depth_mid_bid,distance_from_session_vwap_anchor,impact_efficiency_10s,queue_imbalance_slope_5s,depth_near_bid,wall_persistence_2s,distance0,average_true_range,distance_from_overnight_low,distance_from_session_vwap_anchor,depth_far_bid,impact_efficiency_10s,depth_mid_bid,distance0,depth_near_bid,realized_vol_1m,queue_imbalance_slope_5s,0.11997598059943004,0.15767298711792094,0.03359081368818895,49,154,6.934397209928558,0.8611755161413245,3.912023005428146,0.5687682848172906,0.5957653365572771,0.5370383791938236
ok,upper,3,60,mr_pts_t60,24,6.0,vol1m_top30,realized_vol_1m,0.3,1042,677,208,157,73,35,21,0.1078286558345642,0.1682692307692307,0.1337579617834395,0.7334434351775392,0.3876624717774538,0.4078195609751934,0.1269446056507061,0.6981792717086835,0.2784951260833536,0.37235010422896,0.1113833724438711,56.0,cancel_rate_ask,CVD,distance_from_overnight_low,avg_trade_size,realized_vol_5m,depth_far_ask,distance_from_session_vwap_anchor,spread_expansion_ratio,trade_rate_pre_per_s,opening_range_width,realized_vol_5m,cancel_rate_ask,distance_from_session_vwap_anchor,distance_from_overnight_low,CVD,distance0,depth_far_ask,trade_rate_pre_per_s,avg_trade_size,depth_far_bid,0.035264163468855636,0.10916734569410019,-0.03546945674623342,21,157,6.949856455000773,0.9277842454185221,3.091042453358316,0.5686874615172255,0.5889836183420148,0.5050084723097052
ok,lower,2,180,mr_pts_t180,40,10.0,vol1m_top30,realized_vol_1m,0.3,1031,670,206,155,54,42,23,0.0805970149253731,0.203883495145631,0.1483870967741935,0.7826655052264808,0.5485384301464054,0.4303780030022839,0.1362285929389633,0.6986166007905138,0.2953807250448191,0.4057898228487169,0.122346882257821,61.0,distance_from_overnight_high,average_true_range,realized_vol_1m,realized_vol_5m,ask_convexity,net_liquidity_shock,realized_volatility_30s,distance_from_prior_day_high,depth_mid_ask,depth_near_bid,realized_vol_5m,realized_vol_1m,distance_from_overnight_high,average_true_range,distance_from_prior_day_high,realized_volatility_30s,net_liquidity_shock,ask_convexity,depth_far_ask,depth_mid_ask,0.08404890443596702,0.25315770510158625,-0.024588180153567007,23,155,6.939253946041508,0.8313966952312233,3.1780538303479458,0.5658478390289678,0.5770505782463377,0.5034752072138046
ok,upper,3,60,mr_pts_t60,24,6.0,vol5m_top30,realized_vol_5m,0.3,1043,677,209,157,69,22,23,0.1019202363367799,0.1052631578947368,0.1464968152866242,0.7051531356344191,0.2072692579479373,0.3164682021386092,0.0905904300553719,0.6943543153796237,0.2654004659296322,0.3968675955120125,0.1204423448700771,34.0,cancel_rate_ask,depth_far_ask,realized_vol_5m,add_rate_bid,depth_near_ask,depth_far_bid,realized_volatility_30s,cancel_ratio,avg_trade_size,distance_from_session_vwap_anchor,realized_vol_5m,cancel_rate_ask,depth_far_ask,depth_near_ask,add_rate_bid,distance_from_session_vwap_anchor,distance0,depth_far_bid,realized_volatility_30s,CVD,0.010798820254795394,0.05813120798169488,0.0803993933734033,22,157,6.950814768442584,0.9655349858817548,3.1354942159291497,0.565706442586683,0.5923526092041692,0.5049755100452326
ok,lower,1,60,mr_pts_t60,16,4.0,vol1m_top30,realized_vol_1m,0.3,1025,666,205,154,150,85,45,0.2252252252252252,0.4146341463414634,0.2922077922077922,0.6645098039215687,0.5961077677708082,0.6735975669804799,0.2382200201777659,0.6136595310907238,0.3720012765059551,0.5991277817900952,0.204972501571568,85.0,realized_volatility_30s,opening_range_width,flow_impact,cvd_acceleration,distance_from_overnight_high,realized_vol_5m,microprice,distance0,dist_day_high,prior_day_rth_low,realized_volatility_30s,flow_impact,realized_vol_5m,opening_range_width,distance0,distance_from_overnight_high,CVD,prior_day_rth_low,cvd_acceleration,dist_day_high,0.05085027283084487,0.2241064912648531,-0.07446978519038472,45,154,6.933423025730715,0.862521617952151,3.828641396489095,0.5655542083649868,0.5924208857335003,0.5294193602617855
ok,upper,3,300,mr_pts_t300,32,8.0,vol5m_top30,realized_vol_5m,0.3,1043,677,209,157,151,54,42,0.2230428360413589,0.2583732057416268,0.267515923566879,0.7303464755077658,0.4264221012387372,0.5155834203331019,0.1723057436721524,0.6105590062111801,0.3562866914602706,0.5821744353851839,0.1947144939532995,115.0,average_true_range,depth_far_ask,weighted_OBI_l5,avg_trade_size,distance_from_overnight_low,distance_from_session_vwap_anchor,realized_volatility_30s,z_anchor_vwap,wall_strength_opposite_3,obv_session,average_true_range,distance_from_session_vwap_anchor,depth_far_ask,realized_volatility_30s,sigma0,depth_near_bid,distance_from_overnight_low,avg_trade_size,wall_strength_opposite_3,weighted_OBI_l5,0.11978746929658568,0.0701354097784666,0.06659101505208198,42,157,6.950814768442584,0.9050385604624739,3.7612001156935624,0.5624931665896328,0.5934770957414938,0.5237503199305331
ok,upper,3,180,mr_pts_t180,32,8.0,vol1m_top30,realized_vol_1m,0.3,1042,677,208,157,97,51,32,0.1432791728212703,0.2451923076923076,0.2038216560509554,0.7342325465217935,0.4987289575770259,0.4924952364047155,0.1602555100658503,0.6482500000000001,0.325310397276806,0.5038283677091284,0.1600717082794699,193.0,opening_range_width,realized_volatility_30s,CVD,z_anchor_vwap,distance_from_overnight_low,depth_mid_bid,impact_decay_3s,flow_impact,curvature_pressure_l5,depth_near_bid,opening_range_width,depth_near_bid,realized_volatility_30s,flow_impact,distance_from_overnight_low,z_anchor_vwap,depth_mid_bid,distance_from_session_vwap_anchor,impact_decay_3s,depth_far_ask,0.08598254652179338,0.1734185603002199,0.011333131304412936,32,157,6.949856455000773,0.8702994465889934,3.4965075614664802,0.5616933814281801,0.5839616804721934,0.5111761099719832
ok,upper,1,180,mr_pts_t180,40,10.0,vol1m_top30,realized_vol_1m,0.3,1023,664,205,154,63,41,25,0.0948795180722891,0.2,0.1623376623376623,0.7099940511600238,0.4361985008429781,0.47861674664525,0.1478698075061281,0.6282170542635659,0.3265474611660407,0.4648243611540179,0.1369059737799867,63.0,opening_range_width,replenishment_rate_near_5s,flow_impact,depth_far_bid,queue_imbalance_std_5s,ask_queue_depletion_rate,add_rate_ask,average_true_range,add_rate_bid,realized_vol_5m,opening_range_width,average_true_range,replenishment_rate_near_5s,flow_impact,realized_vol_5m,queue_imbalance_std_5s,depth_far_bid,add_rate_ask,add_rate_bid,ask_queue_depletion_rate,0.0817769968964579,0.1096510396769374,-0.013792385491232129,25,154,6.931471805599453,0.9042859817133023,3.258096538021482,0.557348196359139,0.5782940926038991,0.5025497672251297
ok,lower,1,60,mr_pts_t60,24,6.0,vol1m_top30,realized_vol_1m,0.3,1025,666,205,154,60,47,20,0.09009009009009,0.2292682926829268,0.1298701298701298,0.7358604901696741,0.4792731515152429,0.5302971312094577,0.1730191453565913,0.6847014925373134,0.2767527878839982,0.372084699357046,0.1097543745146215,25.0,realized_volatility_30s,opening_range_width,realized_vol_1m,impact_efficiency_30s,depth_near_bid,prior_day_rth_low,overnight_high,cvd_acceleration,time_of_day_sin,realized_vol_5m,realized_volatility_30s,realized_vol_1m,opening_range_width,realized_vol_5m,impact_efficiency_30s,depth_near_bid,depth_near_ask,wall_strength_opposite_3,prior_day_rth_low,add_rate_ask,0.05115899763236076,0.2025203636312447,-0.15821243185241163,20,154,6.933423025730715,0.8731603193681973,3.044522437723423,0.5569354676364445,0.5716824051263215,0.4941081984690327
ok,lower,3,300,mr_pts_t300,40,10.0,vol1m_top30,realized_vol_1m,0.3,1026,666,206,154,88,58,33,0.1321321321321321,0.2815533980582524,0.2142857142857142,0.7788909599254428,0.6018383176298672,0.5455817810440201,0.1852075604380992,0.6516403706486352,0.3252153498307346,0.5134783613222398,0.1660759317862098,46.0,bid_depth_curvature,distance_from_overnight_high,realized_vol_5m,realized_vol_1m,opening_range_width,update_rate_ask,queue_imbalance_std_5s,cancel_rate_ask,average_true_range,depth_near_ask,realized_vol_5m,bid_depth_curvature,distance_from_overnight_high,realized_vol_1m,opening_range_width,cancel_rate_ask,update_rate_ask,depth_near_ask,queue_imbalance_std_5s,return_last_30s,0.12725058927680755,0.2766229677991326,-0.032103419721780324,33,154,6.934397209928558,0.79806322146203,3.5263605246161616,0.5555982821384955,0.5714018715704406,0.5063163347249524
ok,upper,1,180,mr_pts_t180,32,8.0,vol1m_top30,realized_vol_1m,0.3,1023,664,205,154,106,59,36,0.1596385542168674,0.2878048780487804,0.2337662337662337,0.7392616670536336,0.5167468252873586,0.5948716522067806,0.2036692474449077,0.6177024482109228,0.3449054824518033,0.543990355766896,0.1790873196518386,22.0,opening_range_width,add_rate_ask,depth_mid_ask,distance_from_overnight_low,depth_near_bid,replenishment_rate_near_5s,impact_efficiency_30s,depth_far_bid,cancel_rate_ask,flow_impact,opening_range_width,add_rate_ask,depth_near_bid,depth_mid_ask,distance_from_overnight_low,cancel_rate_ask,z_anchor_vwap,depth_mid_bid,realized_vol_1m,replenishment_rate_near_5s,0.12155921884271081,0.1718413428355553,-0.050881296439884593,36,154,6.931471805599453,0.8532997191608669,3.6109179126442243,0.5553869361971433,0.5785437111203834,0.5114363523183958
ok,upper,3,600,mr_pts_t600,40,10.0,vol5m_top30,realized_vol_5m,0.3,1043,677,209,157,168,62,38,0.2481536189069424,0.2966507177033493,0.2420382165605095,0.7104454685099847,0.5045416526093351,0.5865338642305552,0.2000183013385184,0.622954444935869,0.3248053868520236,0.5464121613469214,0.1808661571459031,13.0,average_true_range,distance_from_overnight_low,flow_impact,realized_vol_5m,depth_far_ask,bid_depth_curvature,rv_pre_pts2,depth_mid_bid,wall_strength_opposite_5,depth_near_bid,average_true_range,distance_from_overnight_low,realized_vol_5m,flow_impact,depth_far_ask,depth_mid_bid,wall_strength_opposite_5,rv_pre_pts2,depth_near_bid,vwap_slope_pts_per_s,0.08749102357411565,0.17973626575731155,-0.040121702883633814,38,157,6.950814768442584,0.8663863553342864,3.6635616461296463,0.5509935997233909,0.5782553174052847,0.5087636183712791
ok,upper,1,60,mr_pts_t60,24,6.0,vol30_top30,realized_volatility_30s,0.3,1023,664,205,154,74,51,29,0.1114457831325301,0.248780487804878,0.1883116883116883,0.7341482047364399,0.5016498180195699,0.5585301355182865,0.1845631636050888,0.6375172413793103,0.3124514643861392,0.4998809835197433,0.1555669297430066,39.0,add_rate_ask,realized_volatility_30s,distance_from_overnight_low,opening_range_width,queue_imbalance_std_5s,replenishment_rate_near_5s,obv_session,toxicity_ratio,depth_mid_bid,z_anchor_vwap,add_rate_ask,realized_volatility_30s,distance_from_overnight_low,opening_range_width,replenishment_rate_near_5s,realized_vol_5m,queue_imbalance_std_5s,toxicity_ratio,obv_session,z_anchor_vwap,0.09663096335712962,0.18919835363343068,-0.05864915199854315,29,154,6.931471805599453,0.8570853415047198,3.4011973816621555,0.5507098084726179,0.5713762457016565,0.4995822643621331
ok,upper,3,300,mr_pts_t300,24,6.0,vol1m_top30,realized_vol_1m,0.3,1042,677,208,157,222,88,61,0.327917282127031,0.4230769230769231,0.3885350318471338,0.6847537878787878,0.5855695974747686,0.6497367964467209,0.2292430495581128,0.5474726775956285,0.4056617828823101,0.662552757796268,0.2355824545801157,35.0,depth_far_bid,opening_range_width,depth_mid_bid,abs_vwap_slope_pts_per_s,depth_far_ask,distance_from_session_vwap_anchor,distance_from_overnight_low,impact_efficiency_30s,depth_mid_ask,ask_curvature_l5,depth_far_bid,depth_mid_bid,opening_range_width,abs_vwap_slope_pts_per_s,depth_far_ask,distance_from_session_vwap_anchor,impact_efficiency_30s,distance_from_overnight_low,depth_mid_ask,ema_spread_9_21,0.13728111028315937,0.17990781459245847,0.0128159613495471,61,157,6.949856455000773,0.8414055375621912,4.127134385045092,0.5506336158059528,0.5824227339468386,0.5338835136793446
ok,upper,3,300,mr_pts_t300,40,10.0,vol30_top30,realized_volatility_30s,0.3,1042,677,208,157,105,55,25,0.155096011816839,0.2644230769230769,0.1592356687898089,0.7016042780748662,0.4283496113625898,0.5284681104150157,0.1776897224228631,0.6712121212121211,0.2620972348550129,0.4162588630794735,0.1291690620581666,108.0,distance_from_overnight_low,opening_range_width,CVD,realized_vol_1m,cvd_slope,depth_mid_ask,curvature_pressure_l5,depth_mid_bid,depth_near_bid,depth_far_ask,distance_from_overnight_low,opening_range_width,depth_near_bid,depth_mid_bid,CVD,depth_mid_ask,realized_vol_1m,distance_from_session_vwap_anchor,cvd_slope,curvature_pressure_l5,0.0303921568627451,0.1662523765075769,-0.11220924733554222,25,157,6.949856455000773,0.901677733314839,3.258096538021482,0.5487307936168959,0.5734856484628925,0.49239007007140445
ok,upper,3,300,mr_pts_t300,40,10.0,vol1m_top30,realized_vol_1m,0.3,1042,677,208,157,102,54,25,0.1506646971935007,0.2596153846153846,0.1592356687898089,0.7055074555074555,0.4817831104323311,0.5266738638832736,0.1750634091355647,0.6518181818181817,0.2839809510417526,0.423003463253164,0.1306966090745996,99.0,distance_from_overnight_low,opening_range_width,realized_vol_1m,curvature_pressure_l5,depth_far_ask,depth_near_bid,realized_volatility_30s,obv_session,average_true_range,wall_strength_opposite_3,distance_from_overnight_low,opening_range_width,realized_vol_1m,depth_near_bid,average_true_range,curvature_pressure_l5,depth_far_ask,avg_trade_size,realized_volatility_30s,obv_session,0.053689273689273787,0.1978021593905785,-0.10367040063010963,25,157,6.949856455000773,0.8742542834600738,3.258096538021482,0.5469843593485395,0.5677781945600825,0.49148884393310505
ok,lower,3,180,mr_pts_t180,32,8.0,vol1m_top30,realized_vol_1m,0.3,1026,666,206,154,89,57,36,0.1336336336336336,0.2766990291262136,0.2337662337662337,0.7882962439656187,0.5992796756367852,0.5282733537878305,0.1790449379923557,0.621939736346516,0.3311349705371763,0.5539321426376362,0.1815534169242035,42.0,realized_vol_5m,distance_from_overnight_high,depth_near_ask,opening_range_width,bid_queue_depletion_rate,depth_far_ask,trades_per_second,distance_from_prior_day_high,OBI_l10,return_last_30s,realized_vol_5m,distance_from_overnight_high,depth_near_ask,opening_range_width,return_last_5m,depth_far_ask,bid_queue_depletion_rate,distance_from_prior_day_high,trades_per_second,OBI_l10,0.1663565076191027,0.2681447050996089,0.02565878884980577,36,154,6.934397209928558,0.7827493936406442,3.6109179126442243,0.544554493918086,0.5617855432894083,0.5008687068215105
ok,upper,2,180,mr_pts_t180,40,10.0,vol5m_top30,realized_vol_5m,0.3,1026,666,206,154,75,24,20,0.1126126126126126,0.116504854368932,0.1298701298701298,0.7326007326007326,0.3940554846819303,0.3258035804310442,0.0940514602830001,0.6705223880597014,0.2477766581045438,0.3682899619643279,0.1089374733605886,28.0,realized_volatility_30s,average_true_range,opening_range_width,sma_spread_20_50,depth_far_ask,distance0,rv_pre_pts2,flow_impact,realized_vol_5m,cancel_rate_ask,average_true_range,realized_volatility_30s,opening_range_width,realized_vol_5m,distance0,rv_pre_pts2,depth_far_ask,flow_impact,sma_spread_20_50,distance_from_overnight_low,0.062078344541031116,0.1462788265773865,0.04248638153328371,20,154,6.934397209928558,0.8958214144407912,3.044522437723423,0.5419514317103219,0.5625590986398398,0.481990879479644
ok,lower,1,60,mr_pts_t60,16,4.0,vol30_top30,realized_volatility_30s,0.3,1025,666,205,154,152,84,49,0.2282282282282282,0.4097560975609756,0.3181818181818182,0.66991341991342,0.5711301664206583,0.7412120638784329,0.2685554380427687,0.5603498542274054,0.370316993489274,0.6441211584757495,0.2240695337572743,4.0,realized_volatility_30s,dist_day_high,add_rate_ask,flow_impact,overnight_high,distance_from_overnight_high,distance_from_value_area_low,ema_spread_9_21,stoch_k_14,CVD,realized_volatility_30s,flow_impact,CVD,dist_day_high,impact_efficiency_3s,add_rate_ask,distance_from_overnight_high,ema_spread_9_21,overnight_high,distance_from_value_area_low,0.10956356568601466,0.2008131729313843,-0.09709090540268339,49,154,6.933423025730715,0.8448116306913006,3.912023005428146,0.5417856256869019,0.5717522647662732,0.5149620633169704
ok,upper,3,60,mr_pts_t60,24,6.0,vol30_top30,realized_volatility_30s,0.3,1042,677,208,157,75,37,23,0.1107828655834564,0.1778846153846154,0.1464968152866242,0.724197882092619,0.4062964434568396,0.4227965240174188,0.1317812850165275,0.6765087605451007,0.2388682895914091,0.3962516322975096,0.1205280718412201,72.0,cancel_rate_ask,distance_from_overnight_low,avg_trade_size,depth_far_ask,trade_rate_pre_per_s,CVD,distance_from_session_vwap_anchor,realized_vol_5m,opening_range_width,update_rate_bid,distance_from_overnight_low,cancel_rate_ask,distance_from_session_vwap_anchor,realized_vol_5m,depth_far_ask,trade_rate_pre_per_s,avg_trade_size,CVD,distance0,opening_range_width,0.047689121547518365,0.16742815386543047,-0.026544891719909203,23,157,6.949856455000773,0.8924413622935256,3.1780538303479458,0.5406342341425149,0.5645680369368805,0.48301446590142794
ok,lower,3,180,mr_pts_t180,32,8.0,vol5m_top30,realized_vol_5m,0.3,1026,666,206,154,93,38,33,0.1396396396396396,0.1844660194174757,0.2142857142857142,0.7736528822055138,0.5286166582015267,0.3999654745205052,0.1200519095493077,0.6260956674179815,0.3062340254435289,0.5799991125603189,0.1767936006875378,170.0,realized_vol_5m,cooldown_seconds,bid_queue_depletion_rate,distance_from_prior_day_high,microprice_minus_mid,distance_from_range_extreme_norm,opening_range_width,bid_depth_curvature,return_last_30s,convexity_imbalance,realized_vol_5m,realized_volatility_30s,opening_range_width,cooldown_seconds,bid_queue_depletion_rate,return_last_30s,distance_from_range_extreme_norm,realized_vol_1m,queue_imbalance_std_5s,microprice_minus_mid,0.14755721478753225,0.2223826327579978,0.1800336380398137,33,154,6.934397209928558,0.815030076227235,3.5263605246161616,0.5394845565678723,0.5601601990765911,0.4937061456967548
ok,upper,2,300,mr_pts_t300,40,10.0,vol30_top30,realized_volatility_30s,0.3,1026,666,206,154,112,54,25,0.1681681681681681,0.2621359223300971,0.1623376623376623,0.7485380116959063,0.5653355168651978,0.5024692534178098,0.1653347031248938,0.6551937984496125,0.2753079940134122,0.4386875727440321,0.1352462787786768,76.0,depth_far_bid,distance_from_overnight_low,flow_impact,impact_efficiency_10s,average_true_range,depth_far_ask,ask_depth_curvature,distance_from_session_vwap_anchor,depth_near_bid,realized_volatility_30s,distance_from_overnight_low,depth_far_bid,impact_efficiency_10s,average_true_range,depth_far_ask,flow_impact,ask_depth_curvature,depth_near_bid,distance_from_session_vwap_anchor,realized_volatility_30s,0.09334421324629383,0.29002752285178557,-0.06378168067377771,25,154,6.934397209928558,0.8083141319509604,3.258096538021482,0.5380818019808504,0.5531697429707585,0.483147671785868
ok,upper,3,600,mr_pts_t600,40,10.0,vol1m_top30,realized_vol_1m,0.3,1042,677,208,157,166,77,40,0.2451994091580502,0.3701923076923077,0.2547770700636942,0.723604639635174,0.5883997712089665,0.5949653353009031,0.2045074866536174,0.5927350427350427,0.3277907059043067,0.5668133221694243,0.1914260218275258,112.0,distance_from_overnight_low,opening_range_width,depth_mid_bid,vwap_slope_pts_per_s,microprice_deviation,toxicity_ratio,flow_impact,impact_efficiency_10s,bid_liquidity_shock,realized_vol_5m,distance_from_overnight_low,opening_range_width,depth_mid_bid,vwap_slope_pts_per_s,flow_impact,toxicity_ratio,impact_efficiency_10s,microprice_deviation,realized_vol_5m,distance_from_session_vwap_anchor,0.13086959690013122,0.26060906530465977,-0.02815201313147886,40,157,6.949856455000773,0.8042606688976045,3.713572066704308,0.5338756442040586,0.5573707609815051,0.4964291651448931
ok,lower,3,180,mr_pts_t180,40,10.0,vol30_top30,realized_volatility_30s,0.3,1026,666,206,154,59,42,20,0.0885885885885885,0.203883495145631,0.1298701298701298,0.8340592334494773,0.6277705332349742,0.4178454578282711,0.1350237762463168,0.6809701492537312,0.2560595793298237,0.3707313925042372,0.1094737983796353,86.0,update_rate_bid,bid_depth_curvature,realized_vol_5m,opening_range_width,realized_volatility_30s,distance_from_range_extreme_norm,queue_imbalance_slope_5s,distance_from_prior_day_high,distance_from_overnight_low,microprice,realized_vol_5m,update_rate_bid,bid_depth_curvature,opening_range_width,realized_volatility_30s,distance_from_range_extreme_norm,queue_imbalance_slope_5s,distance_from_prior_day_high,queue_imbalance_std_5s,distance_from_overnight_low,0.15308908419574607,0.3717109539051505,-0.047114065324033894,20,154,6.934397209928558,0.7375999809495517,3.044522437723423,0.5336215613289217,0.5370564047270862,0.472202086917577
ok,upper,1,180,mr_pts_t180,40,10.0,vol30_top30,realized_volatility_30s,0.3,1023,664,205,154,65,42,25,0.0978915662650602,0.2048780487804878,0.1623376623376623,0.726482617586912,0.4302903499970662,0.5184505694711425,0.1655687877242578,0.6488372093023256,0.244658720712961,0.4483677756378864,0.1371239928061395,15.0,opening_range_width,add_rate_bid,queue_imbalance_std_5s,add_rate_ask,ask_queue_depletion_rate,depth_far_ask,cancel_rate_ask,average_true_range,z_anchor_vwap,distance_from_prior_day_low,opening_range_width,add_rate_bid,queue_imbalance_std_5s,average_true_range,add_rate_ask,depth_far_ask,z_anchor_vwap,cancel_rate_ask,ask_queue_depletion_rate,distance_from_prior_day_high,0.07764540828458644,0.18563162928410523,-0.07008279383325616,25,154,6.931471805599453,0.8683614812156542,3.258096538021482,0.5292483121436462,0.5537596246320114,0.4764823045284149
ok,upper,3,180,mr_pts_t180,32,8.0,vol30_top30,realized_volatility_30s,0.3,1042,677,208,157,100,54,31,0.1477104874446085,0.2596153846153846,0.197452229299363,0.6984126984126984,0.4752300270239583,0.530092707076859,0.1730698296239977,0.6131592421915002,0.2730224633738877,0.4987623282596095,0.1592883653352492,158.0,opening_range_width,CVD,flow_impact,depth_far_ask,z_anchor_vwap,impact_decay_3s,depth_mid_bid,avg_trade_size,weighted_OBI_l5,depth_near_bid,flow_impact,opening_range_width,depth_near_bid,distance_from_session_vwap_anchor,depth_far_ask,z_anchor_vwap,depth_mid_bid,impact_decay_3s,CVD,distance_from_overnight_low,0.08525345622119818,0.2022075636500706,-0.03133037881724948,31,157,6.949856455000773,0.8562694900643656,3.4657359027997265,0.5253389090911501,0.5524357790094141,0.47998969609821013
ok,upper,2,300,mr_pts_t300,40,10.0,vol1m_top30,realized_vol_1m,0.3,1026,666,206,154,115,50,27,0.1726726726726726,0.2427184466019417,0.1753246753246753,0.7328205128205127,0.5341822253084821,0.4910069824465699,0.1586407543857019,0.616214639836687,0.2726410000806893,0.4665638545296032,0.1449857661295838,85.0,depth_far_bid,distance_from_overnight_low,average_true_range,impact_efficiency_10s,depth_far_ask,flow_impact,opening_range_width,realized_volatility_30s,distance_from_overnight_high,z_anchor_vwap,depth_far_bid,distance_from_overnight_low,average_true_range,depth_far_ask,flow_impact,impact_efficiency_10s,realized_volatility_30s,opening_range_width,ask_depth_curvature,z_anchor_vwap,0.11660587298382574,0.26154122522779283,-0.024443127916966678,27,154,6.934397209928558,0.8109264508941907,3.332204510175204,0.5216845728569142,0.5410598924526904,0.4727297601679123
ok,lower,3,60,mr_pts_t60,24,6.0,vol30_top30,realized_volatility_30s,0.3,1026,666,206,154,60,49,21,0.09009009009009,0.2378640776699029,0.1363636363636363,0.7630313271805538,0.535222272220955,0.5356189959870649,0.1768961126735426,0.6555674901539563,0.2277123305678862,0.3903389387626104,0.1160394743073274,44.0,realized_vol_5m,depth_far_ask,realized_volatility_30s,distance_from_prior_day_high,OBI_l10,queue_imbalance_std_5s,prior_day_rth_high,macd,ema_spread_9_21,best_ask_queue_norm,realized_vol_5m,depth_far_ask,OBI_l10,distance_from_prior_day_high,realized_volatility_30s,ema_spread_9_21,queue_imbalance_std_5s,prior_day_rth_high,realized_vol_1m,best_ask_queue_norm,0.10746383702659745,0.3075099416530688,-0.14528005722445447,21,154,6.934397209928558,0.7925131106601668,3.091042453358316,0.5176129111552983,0.5317804291915491,0.4611250910660538
ok,upper,1,300,mr_pts_t300,40,10.0,vol30_top30,realized_volatility_30s,0.3,1023,664,205,154,105,65,36,0.1581325301204819,0.3170731707317073,0.2337662337662337,0.7534615384615385,0.632369072454888,0.6093585807678398,0.2108430912273314,0.5779190207156308,0.3088683852738604,0.5483491029050427,0.180127820778653,27.0,add_rate_ask,cancel_rate_ask,opening_range_width,flow_impact,distance_from_overnight_low,z_anchor_vwap,add_rate_bid,wall_strength_opposite_5,impact_efficiency_10s,cancel_rate_bid,add_rate_ask,cancel_rate_ask,opening_range_width,flow_impact,distance_from_overnight_low,z_anchor_vwap,wall_strength_opposite_5,average_true_range,add_rate_bid,cancel_rate_bid,0.17554251774590768,0.32350068718102765,-0.06100947786279709,36,154,6.931471805599453,0.7504783975365323,3.6109179126442243,0.5147765941654159,0.5332441180187814,0.47660620789509484
ok,upper,2,300,mr_pts_t300,40,10.0,vol5m_top30,realized_vol_5m,0.3,1026,666,206,154,117,41,28,0.1756756756756756,0.1990291262135922,0.1818181818181818,0.7121212121212122,0.3481802070958756,0.4894368454148727,0.1565322704430742,0.5797902494331066,0.2148019867879833,0.4713153410949045,0.1479406930263075,4.0,average_true_range,opening_range_width,realized_volatility_30s,abs_vwap_slope_pts_per_s,flow_impact,depth_far_ask,depth_far_bid,time_of_day_sin,toxicity_ratio,dist_day_high,average_true_range,opening_range_width,realized_volatility_30s,abs_vwap_slope_pts_per_s,flow_impact,depth_far_ask,depth_far_bid,time_of_day_sin,toxicity_ratio,queue_length_total_norm,0.1323309626881055,0.13337822030789231,-0.018121504319968174,28,154,6.934397209928558,0.8671454085020011,3.367295829986474,0.48960110713918076,0.5230607392645028,0.4481547101291981
