status,side,band_k,horizon_s,target_col,milestone_ticks,threshold_points,vol_filter_name,vol_filter_col,vol_filter_top_frac,n_total,n_train,n_val,n_test,n_pos_train,n_pos_val,n_pos_test,train_positive_rate,val_positive_rate,test_positive_rate,val_roc_auc,val_pr_auc,val_log_loss,val_brier,test_roc_auc,test_pr_auc,test_log_loss,test_brier,best_iteration,top_shap_1,top_shap_2,top_shap_3,top_shap_4,top_shap_5,top_shap_6,top_shap_7,top_shap_8,top_shap_9,top_shap_10,top_gain_1,top_gain_2,top_gain_3,top_gain_4,top_gain_5,top_gain_6,top_gain_7,top_gain_8,top_gain_9,top_gain_10
ok,upper,1,60,mr_pts_t60,4,1.0,none,,,3407,2214,681,512,1413,416,332,0.6382113821138211,0.6108663729809104,0.6484375,0.695414550072569,0.7725478611969384,0.6400744703957372,0.224557297505677,0.7050368139223562,0.8195748009289741,0.6185889836950293,0.21437452307045154,13.0,realized_volatility_30s,cancel_rate_bid,depth_near_bid,cancel_ratio,depth_mid_bid,ask_queue_depletion_rate,trades_per_second,queue_imbalance_std_5s,since_touch_any_seconds,time_of_day_sin,realized_volatility_30s,cancel_rate_bid,cancel_ratio,ask_queue_depletion_rate,depth_near_bid,trades_per_second,since_touch_any_seconds,realized_vol_1m,queue_imbalance_std_5s,spread_expansion_ratio
ok,upper,1,60,mr_pts_t60,4,1.0,vol30_top30,realized_volatility_30s,0.3,1023,664,205,154,514,165,128,0.7740963855421686,0.8048780487804879,0.8311688311688312,0.6390151515151516,0.8694203082881593,0.49270865702418726,0.1567382346014503,0.63671875,0.9014464043256842,0.4607008226985095,0.14246823819191898,3.0,since_touch_any_seconds,realized_vol_1m,average_true_range,opening_range_width,add_rate_ask,rv_pre_pts2,cancel_ratio,trade_rate_pre_per_s,absorption_ratio,band_k,since_touch_any_seconds,realized_vol_1m,average_true_range,opening_range_width,cancel_ratio,absorption_ratio,add_rate_ask,rv_pre_pts2,trade_rate_pre_per_s,band_k
ok,upper,1,60,mr_pts_t60,4,1.0,vol1m_top30,realized_vol_1m,0.3,1023,664,205,154,519,166,122,0.7816265060240963,0.8097560975609757,0.7922077922077922,0.6548501699104108,0.8728376370563101,0.4871006706011587,0.15420683259089915,0.4998719262295082,0.790135379637918,0.511128440708589,0.1646510946969401,1.0,cancel_ratio,return_last_30s,realized_vol_1m,opening_range_width,band_k,side,is_weekend,entry_price,distance0,sigma0,cancel_ratio,realized_vol_1m,opening_range_width,return_last_30s,band_k,side,is_weekend,entry_price,distance0,sigma0
ok,upper,1,60,mr_pts_t60,4,1.0,vol5m_top30,realized_vol_5m,0.3,1023,664,205,154,510,158,127,0.7680722891566265,0.7707317073170732,0.8246753246753247,0.5996498788042014,0.826770104283792,0.535660446978408,0.17468207707250663,0.6243802857976086,0.8799193262342141,0.44976056484649934,0.14016072463445226,101.0,cancel_ratio,realized_vol_1m,cooldown_seconds,best_ask_queue_norm,dsigma_dt,distance_from_overnight_low,trade_sign_autocorr_60s,depth_near_ask,bid_liquidity_shock,update_rate_ask,cancel_ratio,realized_vol_1m,dsigma_dt,cooldown_seconds,best_ask_queue_norm,bid_liquidity_shock,replenishment_rate_near_5s,update_rate_ask,distance_from_overnight_low,bid_convexity
ok,upper,1,60,mr_pts_t60,8,2.0,none,,,3407,2214,681,512,822,224,210,0.3712737127371274,0.328928046989721,0.41015625,0.7435624413879337,0.5851935913475316,0.5501868355378571,0.18473241800983053,0.7548092084515925,0.6338954915085557,0.5801130064013679,0.19838112036908245,91.0,realized_volatility_30s,opening_range_width,depth_near_bid,realized_vol_1m,cancel_rate_ask,trades_per_second,add_rate_ask,trade_imbalance_60s,aggressive_buy_volume,sigma0,realized_volatility_30s,realized_vol_1m,opening_range_width,add_rate_ask,cancel_rate_ask,sigma0,depth_near_bid,trades_per_second,abs_vwap_slope_pts_per_s,trade_imbalance_60s
ok,upper,1,60,mr_pts_t60,8,2.0,vol30_top30,realized_volatility_30s,0.3,1023,664,205,154,370,131,95,0.5572289156626506,0.6390243902439025,0.6168831168831169,0.5891272952341655,0.721306185950737,0.6458577539993817,0.2269357683858374,0.6008920606601249,0.6611172536435643,0.657353647656424,0.23223865499699928,38.0,opening_range_width,realized_vol_1m,average_true_range,distance_from_ema_21,queue_imbalance_std_5s,cancel_ratio,distance_from_value_area_low,cancel_rate_ask,add_rate_bid,since_touch_any_seconds,opening_range_width,realized_vol_1m,average_true_range,queue_imbalance_std_5s,cancel_rate_ask,add_rate_bid,cancel_ratio,distance_from_ema_21,rv_pre_pts2,cooldown_seconds
ok,upper,1,60,mr_pts_t60,8,2.0,vol1m_top30,realized_vol_1m,0.3,1023,664,205,154,374,132,92,0.5632530120481928,0.6439024390243903,0.5974025974025974,0.5792341220423411,0.7200937676073607,0.6525927142720318,0.23005733813235188,0.6149193548387097,0.6626673569705165,0.6618542246359538,0.2346095264634627,12.0,opening_range_width,cancel_rate_bid,add_rate_bid,cancel_ratio,remove_rate_near_ask,range_position,depth_mid_bid,depth_far_bid,cancel_rate_ask,wall_persistence_2s,opening_range_width,cancel_rate_bid,remove_rate_near_ask,add_rate_bid,range_position,cancel_ratio,depth_mid_bid,vwap_slope_pts_per_s,cancel_rate_ask,distance_from_session_midrange
ok,upper,1,60,mr_pts_t60,8,2.0,vol5m_top30,realized_vol_5m,0.3,1023,664,205,154,352,119,95,0.5301204819277109,0.5804878048780487,0.6168831168831169,0.5978112175102599,0.6841878634016416,0.665364413761576,0.23655450827971486,0.5821587867975022,0.6596776692866859,0.6625230375165534,0.2346472429573063,66.0,add_rate_bid,distance_from_value_area_low,realized_vol_1m,realized_volatility_30s,average_true_range,cancel_rate_bid,depth_far_bid,z_anchor_vwap,opening_range_width,cancel_ratio,add_rate_bid,realized_vol_1m,distance_from_value_area_low,average_true_range,depth_far_bid,depth_mid_bid,opening_range_width,cancel_ratio,realized_volatility_30s,cancel_rate_bid
ok,upper,1,60,mr_pts_t60,12,3.0,none,,,3407,2214,681,512,511,118,130,0.23080397470641373,0.17327459618208516,0.25390625,0.8159075172351506,0.4649541786537797,0.3646124838237261,0.11609134989604485,0.7960934353604512,0.5266444886570825,0.46018109288907816,0.15179966284245663,197.0,realized_volatility_30s,realized_vol_1m,opening_range_width,trades_per_second,depth_near_ask,opening_range_position,spread_expansion_ratio,cooldown_seconds,distance_from_overnight_high,since_touch_any_seconds,realized_vol_1m,realized_volatility_30s,opening_range_width,cooldown_seconds,sigma0,trade_rate_pre_per_s,distance_from_overnight_high,trades_per_second,distance_from_overnight_low,depth_near_ask
ok,upper,1,60,mr_pts_t60,12,3.0,vol30_top30,realized_volatility_30s,0.3,1023,664,205,154,277,92,72,0.4171686746987952,0.44878048780487806,0.4675324675324675,0.6408233936129281,0.5835276447009238,0.6800876230074147,0.24354416995256362,0.6104336043360434,0.5921108170745566,0.6867949706165899,0.2468740300639006,7.0,depth_mid_bid,add_rate_ask,opening_range_width,toxicity_ratio,abs_vwap_slope_pts_per_s,realized_vol_1m,queue_imbalance_positive_ratio,realized_volatility_30s,wall_strength_opposite_3_2s_avg,cooldown_seconds,opening_range_width,add_rate_ask,depth_mid_bid,toxicity_ratio,realized_vol_1m,wall_strength_opposite_3_2s_avg,realized_volatility_30s,queue_imbalance_positive_ratio,abs_vwap_slope_pts_per_s,cooldown_seconds
ok,upper,1,60,mr_pts_t60,12,3.0,vol1m_top30,realized_vol_1m,0.3,1023,664,205,154,282,93,69,0.4246987951807229,0.45365853658536587,0.44805194805194803,0.6539938556067588,0.5860047621968015,0.6627018631856142,0.23503134174131332,0.7060528559249786,0.652612656001422,0.6427596076877743,0.22540223009015023,34.0,depth_mid_bid,opening_range_width,update_rate_ask,add_rate_ask,realized_vol_5m,depth_far_ask,wall_strength_opposite_3_2s_avg,toxicity_ratio,since_touch_any_seconds,trade_sign_autocorr_30s,depth_mid_bid,opening_range_width,update_rate_ask,add_rate_ask,wall_strength_opposite_3_2s_avg,realized_vol_5m,depth_far_ask,trade_sign_autocorr_30s,realized_vol_1m,trade_rate_pre_per_s
ok,upper,1,60,mr_pts_t60,12,3.0,vol5m_top30,realized_vol_5m,0.3,1023,664,205,154,259,72,70,0.39006024096385544,0.35121951219512193,0.45454545454545453,0.6356516290726817,0.4936193027803391,0.6327860887831208,0.22124223831445378,0.6430272108843538,0.6082252072083039,0.6590476348938542,0.23284156819129942,58.0,realized_vol_5m,add_rate_bid,depth_mid_bid,depth_far_ask,add_rate_ask,update_rate_ask,average_true_range,distance_from_value_area_low,realized_vol_1m,realized_volatility_30s,realized_vol_5m,add_rate_bid,depth_mid_bid,add_rate_ask,realized_vol_1m,depth_far_ask,realized_volatility_30s,opening_range_width,update_rate_ask,average_true_range
ok,upper,1,60,mr_pts_t60,16,4.0,none,,,3407,2214,681,512,355,78,82,0.16034327009936766,0.1145374449339207,0.16015625,0.8285282986775524,0.39018741133816015,0.28023282274469985,0.08470187651931152,0.8631877481565513,0.5031673319058106,0.31829416641077535,0.09985058288241341,173.0,realized_volatility_30s,realized_vol_1m,opening_range_width,wall_strength_opposite_3_2s_avg,cooldown_seconds,trades_per_second,abs_vwap_slope_pts_per_s,vol_ratio,distance_from_overnight_high,distance_from_overnight_low,realized_volatility_30s,realized_vol_1m,opening_range_width,cooldown_seconds,trade_rate_pre_per_s,distance_from_overnight_high,distance_from_overnight_low,sigma0,depth_mid_bid,vol_ratio
ok,upper,1,60,mr_pts_t60,16,4.0,vol30_top30,realized_volatility_30s,0.3,1023,664,205,154,195,78,55,0.2936746987951807,0.3804878048780488,0.35714285714285715,0.7257722592368262,0.5931297394400529,0.6114352485804929,0.21161295017603107,0.7125803489439854,0.5612549928384603,0.6122796269893196,0.21247993161699077,38.0,opening_range_width,depth_mid_bid,realized_vol_1m,queue_imbalance_std_5s,realized_volatility_30s,add_rate_ask,distance0,add_rate_bid,impact_efficiency_3s,since_touch_any_seconds,opening_range_width,depth_mid_bid,realized_vol_1m,add_rate_bid,add_rate_ask,realized_volatility_30s,trade_rate_pre_per_s,queue_imbalance_std_5s,distance0,since_touch_any_seconds
ok,upper,1,60,mr_pts_t60,16,4.0,vol1m_top30,realized_vol_1m,0.3,1023,664,205,154,197,78,51,0.29668674698795183,0.3804878048780488,0.33116883116883117,0.7366242681203311,0.6022872048540472,0.5859859192937905,0.20016141852446667,0.7519512659432704,0.5480595852461916,0.5560578903508795,0.18850636043636293,119.0,opening_range_width,depth_mid_bid,impact_efficiency_3s,obv_session,since_touch_any_seconds,distance0,replenishment_rate_near_5s,trade_sign_autocorr_30s,trade_rate_pre_per_s,distance_from_overnight_low,opening_range_width,depth_mid_bid,trade_rate_pre_per_s,since_touch_any_seconds,trade_sign_autocorr_30s,impact_efficiency_3s,obv_session,add_rate_bid,distance0,distance_from_overnight_low
ok,upper,1,60,mr_pts_t60,16,4.0,vol5m_top30,realized_vol_5m,0.3,1023,664,205,154,181,54,53,0.27259036144578314,0.2634146341463415,0.34415584415584416,0.70542065244052,0.4502695629038107,0.5349066807075091,0.17864829663265713,0.6788716607509807,0.49066789987402615,0.6176731922257399,0.21068836627154447,149.0,cancel_rate_bid,opening_range_width,realized_volatility_30s,realized_vol_1m,add_rate_bid,depth_mid_bid,realized_vol_5m,distance0,queue_imbalance_positive_ratio,OBI_l1,opening_range_width,realized_vol_1m,cancel_rate_bid,distance0,realized_vol_5m,add_rate_bid,realized_volatility_30s,depth_mid_bid,cancel_rate_ask,tick_rate
ok,upper,1,60,mr_pts_t60,24,6.0,none,,,3407,2214,681,512,146,31,36,0.06594399277326106,0.04552129221732746,0.0703125,0.9069975186104219,0.3914925672138156,0.13211377945438943,0.03616809282932284,0.8856792717086835,0.3213100577582836,0.1946626425454736,0.05722586492144882,111.0,realized_volatility_30s,opening_range_width,distance_from_overnight_low,trade_rate_pre_per_s,queue_imbalance_std_5s,cooldown_seconds,CVD,distance_from_range_extreme_norm,dsigma_dt,sigma0,realized_volatility_30s,realized_vol_1m,realized_vol_5m,distance_from_overnight_low,opening_range_width,trade_rate_pre_per_s,cooldown_seconds,sigma0,queue_imbalance_std_5s,CVD
ok,upper,1,60,mr_pts_t60,24,6.0,vol30_top30,realized_volatility_30s,0.3,1023,664,205,154,74,51,29,0.11144578313253012,0.24878048780487805,0.18831168831168832,0.7341482047364399,0.5016498180195699,0.5585301355182865,0.1845631636050888,0.6375172413793103,0.3124514643861392,0.4998809835197433,0.15556692974300665,39.0,add_rate_ask,realized_volatility_30s,distance_from_overnight_low,opening_range_width,queue_imbalance_std_5s,replenishment_rate_near_5s,obv_session,toxicity_ratio,depth_mid_bid,z_anchor_vwap,add_rate_ask,realized_volatility_30s,distance_from_overnight_low,opening_range_width,replenishment_rate_near_5s,realized_vol_5m,queue_imbalance_std_5s,toxicity_ratio,obv_session,z_anchor_vwap
ok,upper,1,60,mr_pts_t60,24,6.0,vol1m_top30,realized_vol_1m,0.3,1023,664,205,154,76,50,24,0.1144578313253012,0.24390243902439024,0.15584415584415584,0.7473548387096774,0.5008641358082362,0.5527642140394137,0.18368401736454534,0.7217948717948718,0.37388692225188763,0.41279058025186255,0.12672380590215232,27.0,realized_volatility_30s,add_rate_ask,flow_impact,ask_queue_depletion_rate,realized_vol_5m,opening_range_width,queue_imbalance_std_5s,distance_from_overnight_low,distance0,depth_curvature_pressure,realized_volatility_30s,add_rate_ask,realized_vol_5m,opening_range_width,flow_impact,distance_from_overnight_low,ask_queue_depletion_rate,cooldown_seconds,queue_imbalance_std_5s,depth_curvature_pressure
ok,upper,1,60,mr_pts_t60,24,6.0,vol5m_top30,realized_vol_5m,0.3,1023,664,205,154,79,33,20,0.11897590361445783,0.16097560975609757,0.12987012987012986,0.6974982381959126,0.3302720548926513,0.4163991413079653,0.1279389514728499,0.7294776119402986,0.35144455530814067,0.3526382795463182,0.10475146486700458,30.0,realized_volatility_30s,cancel_rate_bid,realized_vol_5m,queue_imbalance_std_5s,add_rate_bid,cancel_ratio,distance0,vol_ratio,add_rate_ask,opening_range_width,realized_volatility_30s,realized_vol_5m,cancel_rate_bid,distance0,realized_vol_1m,queue_imbalance_std_5s,cancel_ratio,add_rate_bid,depth_mid_ask,opening_range_width
skipped_too_few_positives,upper,1,60,,32,8.0,none,,,3407,2214,681,512,73,13,13,,,,,,,,,,,,,,,,,,,,,,,,,,,,,,,,
skipped_too_few_positives,upper,1,60,,32,8.0,vol30_top30,,,1023,664,205,154,38,33,11,,,,,,,,,,,,,,,,,,,,,,,,,,,,,,,,
skipped_too_few_positives,upper,1,60,,32,8.0,vol1m_top30,,,1023,664,205,154,40,31,11,,,,,,,,,,,,,,,,,,,,,,,,,,,,,,,,
skipped_too_few_positives,upper,1,60,,32,8.0,vol5m_top30,,,1023,664,205,154,46,17,9,,,,,,,,,,,,,,,,,,,,,,,,,,,,,,,,
skipped_too_few_positives,upper,1,60,,40,10.0,none,,,3407,2214,681,512,39,4,3,,,,,,,,,,,,,,,,,,,,,,,,,,,,,,,,
skipped_too_few_positives,upper,1,60,,40,10.0,vol30_top30,,,1023,664,205,154,21,17,4,,,,,,,,,,,,,,,,,,,,,,,,,,,,,,,,
skipped_too_few_positives,upper,1,60,,40,10.0,vol1m_top30,,,1023,664,205,154,21,17,4,,,,,,,,,,,,,,,,,,,,,,,,,,,,,,,,
skipped_too_few_positives,upper,1,60,,40,10.0,vol5m_top30,,,1023,664,205,154,29,7,1,,,,,,,,,,,,,,,,,,,,,,,,,,,,,,,,
ok,upper,1,180,mr_pts_t180,4,1.0,none,,,3407,2214,681,512,1713,505,405,0.7737127371273713,0.7415565345080763,0.791015625,0.6632313231323133,0.8428534741098158,0.543311227362096,0.18151249620866652,0.6665512864889811,0.8806254475621867,0.4839288975965167,0.15627836030211945,72.0,realized_volatility_30s,cancel_rate_bid,spread_volatility,since_touch_any_seconds,add_rate_bid,realized_vol_1m,average_true_range,best_ask_queue_norm,z_anchor_vwap,cooldown_seconds,realized_volatility_30s,cancel_rate_bid,realized_vol_1m,since_touch_any_seconds,average_true_range,add_rate_bid,z_anchor_vwap,spread_volatility,cooldown_seconds,opening_range_position
ok,upper,1,180,mr_pts_t180,4,1.0,vol30_top30,realized_volatility_30s,0.3,1023,664,205,154,573,181,139,0.8629518072289156,0.8829268292682927,0.9025974025974026,0.7053406998158379,0.9498100152990536,0.3591393236307472,0.10292516385265374,0.5683453237410072,0.9281862226813955,0.32367659498633683,0.08878793032398602,5.0,wall_strength_opposite_5_2s_avg,since_touch_any_seconds,seconds_since_open,distance_from_session_vwap_anchor,opening_range_width,add_rate_ask,curvature_pressure_l5,cancel_rate_ask,trade_rate_pre_per_s,trade_sign_autocorr_30s,wall_strength_opposite_5_2s_avg,since_touch_any_seconds,seconds_since_open,opening_range_width,add_rate_ask,midrange_position,distance_from_session_vwap_anchor,cancel_rate_ask,average_true_range,trade_sign_autocorr_30s
ok,upper,1,180,mr_pts_t180,4,1.0,vol1m_top30,realized_vol_1m,0.3,1023,664,205,154,575,183,134,0.8659638554216867,0.8926829268292683,0.8701298701298701,0.6860407352210631,0.9498334560462177,0.3296683329124723,0.09361909242893426,0.6749999999999999,0.9328207894411273,0.3722800309931226,0.10988605369208694,32.0,cancel_ratio,time_of_day_sin,replenishment_rate_near_5s,weighted_OBI_l5,distance_from_session_vwap_anchor,opening_range_width,stoch_d_3,best_ask_queue_norm,since_touch_any_seconds,impact_efficiency_3s,replenishment_rate_near_5s,cancel_ratio,time_of_day_sin,distance_from_session_vwap_anchor,weighted_OBI_l5,opening_range_width,since_touch_any_seconds,impact_efficiency_3s,stoch_d_3,cooldown_seconds
ok,upper,1,180,mr_pts_t180,4,1.0,vol5m_top30,realized_vol_5m,0.3,1023,664,205,154,568,179,139,0.8554216867469879,0.8731707317073171,0.9025974025974026,0.6455737000429738,0.908085404517246,0.38025056671577373,0.11071639126326889,0.45755395683453237,0.8944491671343818,0.32906797831358403,0.0900809839892651,1.0,cancel_ratio,distance_from_session_vwap_anchor,best_ask_queue_norm,average_true_range,band_k,side,is_weekend,entry_price,distance0,sigma0,cancel_ratio,distance_from_session_vwap_anchor,average_true_range,best_ask_queue_norm,band_k,side,is_weekend,entry_price,distance0,sigma0
ok,upper,1,180,mr_pts_t180,8,2.0,none,,,3407,2214,681,512,1209,353,313,0.5460704607046071,0.5183553597650514,0.611328125,0.6689093484419264,0.6863745095848475,0.6567008274611792,0.23224111123062144,0.6928572575336747,0.7531421113173539,0.6280002181682338,0.21832266991620605,29.0,realized_volatility_30s,realized_vol_1m,add_rate_ask,opening_range_width,average_true_range,cancel_ratio,queue_imbalance_std_5s,abs_vwap_slope_pts_per_s,cancel_rate_bid,depth_mid_bid,realized_volatility_30s,realized_vol_1m,add_rate_ask,opening_range_width,cancel_rate_bid,average_true_range,queue_imbalance_std_5s,cancel_ratio,abs_vwap_slope_pts_per_s,ask_depth_curvature
ok,upper,1,180,mr_pts_t180,8,2.0,vol30_top30,realized_volatility_30s,0.3,1023,664,205,154,464,156,115,0.6987951807228916,0.7609756097560976,0.7467532467532467,0.6598639455782312,0.8371768871410175,0.5231298740716285,0.17151083911314405,0.6350055741360089,0.8096936326530906,0.5392720250283213,0.17708522552652128,127.0,opening_range_width,queue_imbalance_std_5s,average_true_range,ask_depth_curvature,since_touch_any_seconds,cooldown_seconds,bid_queue_depletion_rate,volume_burst_ratio,cancel_ratio,abs_vwap_slope_pts_per_s,opening_range_width,ask_depth_curvature,queue_imbalance_std_5s,average_true_range,cooldown_seconds,cancel_ratio,since_touch_any_seconds,abs_vwap_slope_pts_per_s,distance_from_prior_day_low,bid_queue_depletion_rate
ok,upper,1,180,mr_pts_t180,8,2.0,vol1m_top30,realized_vol_1m,0.3,1023,664,205,154,470,155,113,0.7078313253012049,0.7560975609756098,0.7337662337662337,0.6606451612903225,0.8555689503575912,0.5250002709500933,0.1736018910092144,0.5929203539823008,0.7867826021362903,0.5711110006856419,0.19058002883270353,186.0,opening_range_width,cancel_ratio,replenishment_rate_near_5s,average_true_range,impact_efficiency_3s,distance_from_ema_21,queue_imbalance_std_5s,depth_mid_ask,wall_strength_opposite_3_2s_avg,since_touch_any_seconds,opening_range_width,depth_mid_ask,ask_depth_curvature,cooldown_seconds,cancel_ratio,average_true_range,queue_imbalance_std_5s,replenishment_rate_near_5s,wall_strength_opposite_3_2s_avg,impact_efficiency_3s
ok,upper,1,180,mr_pts_t180,8,2.0,vol5m_top30,realized_vol_5m,0.3,1023,664,205,154,457,152,121,0.6882530120481928,0.7414634146341463,0.7857142857142857,0.583416087388282,0.7893113308975774,0.5609823522115234,0.18715317056380626,0.5557225144002003,0.8011286721933176,0.5297054535001976,0.17246807280081788,45.0,cancel_ratio,queue_imbalance_std_5s,ask_depth_curvature,opening_range_width,average_true_range,distance_from_prior_day_high,vwap_slope_pts_per_s,realized_vol_1m,z_anchor_vwap,depth_mid_bid,cancel_ratio,ask_depth_curvature,opening_range_width,queue_imbalance_std_5s,depth_mid_bid,average_true_range,depth_far_bid,vwap_slope_pts_per_s,depth_far_ask,spread_volatility
ok,upper,1,180,mr_pts_t180,12,3.0,none,,,3407,2214,681,512,882,239,236,0.3983739837398374,0.3509544787077827,0.4609375,0.6983471856718226,0.5615129269499097,0.5909629685941148,0.20187351106226925,0.7069362564480473,0.6490684268920557,0.624052641362485,0.217067503933767,78.0,realized_volatility_30s,opening_range_width,realized_vol_1m,cancel_ratio,abs_vwap_slope_pts_per_s,depth_near_bid,cancel_rate_ask,CVD,average_true_range,remove_rate_near_ask,realized_volatility_30s,realized_vol_1m,opening_range_width,cancel_ratio,abs_vwap_slope_pts_per_s,cancel_rate_ask,depth_near_bid,average_true_range,add_rate_ask,distance_from_overnight_low
ok,upper,1,180,mr_pts_t180,12,3.0,vol30_top30,realized_volatility_30s,0.3,1023,664,205,154,385,133,98,0.5798192771084337,0.6487804878048781,0.6363636363636364,0.6255743525480367,0.7354012479311205,0.6439057457818121,0.22576661037234674,0.6350218658892128,0.7324541876547486,0.6489186301815759,0.22822387033600397,9.0,opening_range_width,cancel_ratio,cancel_rate_ask,queue_imbalance_std_5s,abs_vwap_slope_pts_per_s,realized_vol_1m,rsi_14,depth_mid_bid,add_rate_bid,depth_mid_ask,opening_range_width,cancel_rate_ask,cancel_ratio,queue_imbalance_std_5s,abs_vwap_slope_pts_per_s,realized_vol_1m,add_rate_bid,trade_sign_autocorr_30s,realized_vol_5m,ask_depth_curvature
ok,upper,1,180,mr_pts_t180,12,3.0,vol1m_top30,realized_vol_1m,0.3,1023,664,205,154,394,132,94,0.5933734939759037,0.6439024390243903,0.6103896103896104,0.6549398090493981,0.747332637194158,0.6149061604974757,0.21220151745461371,0.6361702127659574,0.7168780171316256,0.6437844640282884,0.2261404081936661,74.0,opening_range_width,rsi_14,cancel_ratio,depth_mid_bid,since_touch_any_seconds,average_true_range,bid_queue_depletion_rate,queue_imbalance_std_5s,depth_mid_ask,wall_strength_opposite_3_2s_avg,opening_range_width,cancel_ratio,rsi_14,average_true_range,since_touch_any_seconds,queue_imbalance_std_5s,depth_mid_bid,depth_mid_ask,bid_queue_depletion_rate,cooldown_seconds
ok,upper,1,180,mr_pts_t180,12,3.0,vol5m_top30,realized_vol_5m,0.3,1023,664,205,154,381,126,100,0.5737951807228916,0.6146341463414634,0.6493506493506493,0.580872011251758,0.6902633567007048,0.6571427003263343,0.23240332796066518,0.6025925925925927,0.7341185206605223,0.6334466257880953,0.22112792940969342,41.0,cancel_rate_bid,opening_range_width,depth_mid_bid,add_rate_bid,realized_vol_5m,z_anchor_vwap,rsi_14,liquidity_compression,ask_depth_curvature,depth_mid_ask,opening_range_width,cancel_rate_bid,depth_mid_bid,add_rate_bid,liquidity_compression,ask_depth_curvature,z_anchor_vwap,abs_vwap_slope_pts_per_s,realized_vol_5m,tick_rate
ok,upper,1,180,mr_pts_t180,16,4.0,none,,,3407,2214,681,512,661,168,161,0.2985546522131888,0.24669603524229075,0.314453125,0.7533300844704354,0.5050330105137374,0.4822914564770325,0.15733263068284054,0.727238944630249,0.5199937340525707,0.5523692364221267,0.18675226171716935,111.0,realized_volatility_30s,opening_range_width,realized_vol_1m,average_true_range,toxicity_ratio,cancel_rate_bid,realized_vol_5m,cancel_ratio,distance_from_prior_day_high,trades_per_second,realized_volatility_30s,realized_vol_1m,opening_range_width,realized_vol_5m,average_true_range,cancel_rate_bid,toxicity_ratio,distance_from_prior_day_high,cancel_ratio,distance_from_overnight_low
ok,upper,1,180,mr_pts_t180,16,4.0,vol30_top30,realized_volatility_30s,0.3,1023,664,205,154,305,120,83,0.45933734939759036,0.5853658536585366,0.538961038961039,0.6675490196078431,0.7504446706381429,0.6950694134400901,0.25096403930835826,0.6215000848464279,0.6415390127881092,0.6955224328791759,0.2511965207588764,6.0,opening_range_width,realized_volatility_30s,depth_mid_ask,realized_vol_5m,queue_imbalance_std_5s,cancel_rate_bid,distance_from_value_area_low,depth_far_bid,replenishment_rate_near_5s,distance_from_session_midrange,opening_range_width,depth_mid_ask,realized_volatility_30s,cancel_rate_bid,depth_far_bid,queue_imbalance_std_5s,realized_vol_5m,sigma0,distance_from_value_area_low,distance_from_session_vwap_anchor
ok,upper,1,180,mr_pts_t180,16,4.0,vol1m_top30,realized_vol_1m,0.3,1023,664,205,154,313,120,78,0.4713855421686747,0.5853658536585366,0.5064935064935064,0.6643137254901961,0.7410537773793883,0.6695436964785355,0.23826182237709245,0.5886470985155196,0.5831124349445226,0.6831876014096984,0.24504224051096948,16.0,opening_range_width,cancel_ratio,queue_imbalance_std_5s,replenishment_rate_near_5s,impact_efficiency_3s,distance_from_value_area_low,depth_mid_bid,depth_mid_ask,depth_far_bid,toxicity_ratio,opening_range_width,cancel_ratio,queue_imbalance_std_5s,replenishment_rate_near_5s,impact_efficiency_3s,depth_mid_ask,distance_from_value_area_low,depth_far_bid,toxicity_ratio,impact_efficiency_30s
ok,upper,1,180,mr_pts_t180,16,4.0,vol5m_top30,realized_vol_5m,0.3,1023,664,205,154,307,102,85,0.4623493975903614,0.4975609756097561,0.551948051948052,0.6259280411193604,0.6149977306034247,0.6686014470030556,0.23794362061610153,0.6086956521739131,0.6576408302159928,0.6764390427610063,0.24168790447954444,63.0,opening_range_width,realized_vol_5m,distance_from_value_area_low,cancel_rate_bid,cancel_ratio,add_rate_bid,depth_mid_bid,distance0,rsi_14,average_true_range,opening_range_width,realized_vol_5m,distance0,cancel_rate_bid,cancel_ratio,add_rate_bid,distance_from_value_area_low,depth_mid_bid,depth_mid_ask,average_true_range
ok,upper,1,180,mr_pts_t180,24,6.0,none,,,3407,2214,681,512,368,88,89,0.16621499548328816,0.12922173274596183,0.173828125,0.7815805610915223,0.4052948183307219,0.3209528432385223,0.09535563001837559,0.759157436183494,0.3925514325459037,0.39721424415689904,0.1260283889791654,161.0,realized_vol_1m,opening_range_width,realized_volatility_30s,overnight_high,impact_decay_5s,distance_from_overnight_low,time_of_day_cos,CVD,cancel_rate_ask,add_rate_ask,realized_vol_1m,realized_volatility_30s,opening_range_width,distance_from_overnight_low,add_rate_ask,cancel_rate_ask,cancel_ratio,CVD,time_of_day_sin,impact_decay_5s
ok,upper,1,180,mr_pts_t180,24,6.0,vol30_top30,realized_volatility_30s,0.3,1023,664,205,154,181,87,61,0.27259036144578314,0.424390243902439,0.3961038961038961,0.6879018118059614,0.6613493185188342,0.6562681052277777,0.22654503244900226,0.5921029437687291,0.49249749831752077,0.7069440280338298,0.2479446426365861,117.0,cancel_ratio,realized_vol_1m,CVD,cancel_rate_ask,queue_imbalance_std_5s,add_rate_bid,macd,add_rate_ask,distance_from_overnight_low,ask_queue_depletion_rate,cancel_ratio,add_rate_bid,realized_vol_1m,add_rate_ask,distance_from_overnight_low,cancel_rate_ask,CVD,queue_imbalance_std_5s,vwap_drift,toxicity_ratio
ok,upper,1,180,mr_pts_t180,24,6.0,vol1m_top30,realized_vol_1m,0.3,1023,664,205,154,191,89,55,0.2876506024096386,0.43414634146341463,0.35714285714285715,0.6978884153428904,0.6876466360495549,0.6465619683916881,0.2229141458379455,0.6119375573921029,0.46631372840431706,0.6503625178719652,0.22663888308588961,141.0,cancel_ratio,opening_range_width,remove_rate_near_ask,distance_from_overnight_low,macd,ask_queue_depletion_rate,flow_toxicity,add_rate_bid,since_touch_any_seconds,time_of_day_sin,cancel_ratio,opening_range_width,remove_rate_near_ask,add_rate_bid,distance_from_overnight_low,cancel_rate_ask,ask_queue_depletion_rate,macd,since_touch_any_seconds,impact_efficiency_30s
ok,upper,1,180,mr_pts_t180,24,6.0,vol5m_top30,realized_vol_5m,0.3,1023,664,205,154,184,67,57,0.27710843373493976,0.32682926829268294,0.37012987012987014,0.7064676616915423,0.5580466420531869,0.5748803045343129,0.19289891017510583,0.5731597033821667,0.4551390520442514,0.6907117034978718,0.2416350656776702,193.0,cancel_ratio,time_of_day_sin,curvature_pressure_l5,time_of_day_cos,impact_decay_5s,cancel_rate_ask,rsi_14,impact_efficiency_30s,opening_range_width,CVD,cancel_ratio,realized_vol_5m,time_of_day_sin,cancel_rate_ask,time_of_day_cos,distance_from_overnight_low,opening_range_width,add_rate_bid,curvature_pressure_l5,realized_vol_1m
ok,upper,1,180,mr_pts_t180,32,8.0,none,,,3407,2214,681,512,195,43,47,0.08807588075880758,0.0631424375917768,0.091796875,0.8111649777648173,0.19915764486539853,0.2348455708118282,0.05899149233749111,0.7861816517959276,0.27546452355991985,0.29866861883405427,0.08201645594030804,3.0,opening_range_width,realized_volatility_30s,depth_far_ask,realized_vol_5m,realized_vol_1m,add_rate_ask,abs_vwap_slope_pts_per_s,distance_from_overnight_low,remove_rate_near_ask,depth_near_bid,opening_range_width,realized_vol_5m,realized_volatility_30s,realized_vol_1m,abs_vwap_slope_pts_per_s,remove_rate_near_ask,wall_strength_opposite_5,depth_mid_bid,depth_near_bid,ask_queue_depletion_rate
ok,upper,1,180,mr_pts_t180,32,8.0,vol30_top30,realized_volatility_30s,0.3,1023,664,205,154,100,61,35,0.15060240963855423,0.2975609756097561,0.22727272727272727,0.7376479963570127,0.5379969218784798,0.5977240863006659,0.2046851526314283,0.6523409363745498,0.3609251948515091,0.520442285689712,0.17115770586058573,37.0,add_rate_ask,opening_range_width,depth_mid_ask,flow_impact,distance_from_overnight_low,depth_far_bid,obv_session,z_anchor_vwap,replenishment_rate_near_5s,queue_imbalance_std_5s,opening_range_width,add_rate_ask,depth_mid_ask,distance_from_overnight_low,flow_impact,depth_far_bid,average_true_range,z_anchor_vwap,replenishment_rate_near_5s,queue_imbalance_std_5s
ok,upper,1,180,mr_pts_t180,32,8.0,vol1m_top30,realized_vol_1m,0.3,1023,664,205,154,106,59,36,0.15963855421686746,0.28780487804878047,0.23376623376623376,0.7392616670536336,0.5167468252873586,0.5948716522067806,0.20366924744490772,0.6177024482109228,0.3449054824518033,0.543990355766896,0.17908731965183866,22.0,opening_range_width,add_rate_ask,depth_mid_ask,distance_from_overnight_low,depth_near_bid,replenishment_rate_near_5s,impact_efficiency_30s,depth_far_bid,cancel_rate_ask,flow_impact,opening_range_width,add_rate_ask,depth_near_bid,depth_mid_ask,distance_from_overnight_low,cancel_rate_ask,z_anchor_vwap,depth_mid_bid,realized_vol_1m,replenishment_rate_near_5s
ok,upper,1,180,mr_pts_t180,32,8.0,vol5m_top30,realized_vol_5m,0.3,1023,664,205,154,114,38,32,0.1716867469879518,0.18536585365853658,0.2077922077922078,0.6987078474629688,0.41266661085081807,0.4392558182858087,0.13616757530440873,0.6280737704918034,0.4232716770580473,0.49132184343065516,0.15457397540306028,112.0,cancel_ratio,opening_range_width,rsi_14,realized_vol_5m,queue_imbalance_std_5s,distance_from_overnight_low,depth_far_bid,impact_efficiency_30s,add_rate_bid,realized_vol_1m,realized_vol_5m,cancel_ratio,opening_range_width,average_true_range,distance_from_overnight_low,queue_imbalance_std_5s,rsi_14,depth_far_bid,add_rate_bid,realized_vol_1m
ok,upper,1,180,mr_pts_t180,40,10.0,none,,,3407,2214,681,512,122,20,29,0.05510388437217705,0.02936857562408223,0.056640625,0.8069591527987896,0.14892290026267957,0.1174102189889393,0.02708530704370714,0.8330120653958735,0.19657512351907244,0.18592493995490256,0.049733748182454914,55.0,opening_range_width,realized_vol_5m,abs_vwap_slope_pts_per_s,depth_far_bid,depth_mid_ask,distance_from_overnight_low,realized_volatility_30s,add_rate_ask,realized_vol_1m,spread_mid_ratio,realized_vol_5m,opening_range_width,realized_volatility_30s,average_true_range,realized_vol_1m,distance_from_overnight_low,depth_mid_ask,abs_vwap_slope_pts_per_s,depth_far_bid,add_rate_ask
ok,upper,1,180,mr_pts_t180,40,10.0,vol30_top30,realized_volatility_30s,0.3,1023,664,205,154,65,42,25,0.09789156626506024,0.2048780487804878,0.16233766233766234,0.726482617586912,0.4302903499970662,0.5184505694711425,0.16556878772425782,0.6488372093023256,0.24465872071296108,0.4483677756378864,0.13712399280613954,15.0,opening_range_width,add_rate_bid,queue_imbalance_std_5s,add_rate_ask,ask_queue_depletion_rate,depth_far_ask,cancel_rate_ask,average_true_range,z_anchor_vwap,distance_from_prior_day_low,opening_range_width,add_rate_bid,queue_imbalance_std_5s,average_true_range,add_rate_ask,depth_far_ask,z_anchor_vwap,cancel_rate_ask,ask_queue_depletion_rate,distance_from_prior_day_high
ok,upper,1,180,mr_pts_t180,40,10.0,vol1m_top30,realized_vol_1m,0.3,1023,664,205,154,63,41,25,0.09487951807228916,0.2,0.16233766233766234,0.7099940511600238,0.4361985008429781,0.47861674664525006,0.14786980750612813,0.6282170542635659,0.3265474611660407,0.4648243611540179,0.13690597377998676,63.0,opening_range_width,replenishment_rate_near_5s,flow_impact,depth_far_bid,queue_imbalance_std_5s,ask_queue_depletion_rate,add_rate_ask,average_true_range,add_rate_bid,realized_vol_5m,opening_range_width,average_true_range,replenishment_rate_near_5s,flow_impact,realized_vol_5m,queue_imbalance_std_5s,depth_far_bid,add_rate_ask,add_rate_bid,ask_queue_depletion_rate
skipped_too_few_positives,upper,1,180,,40,10.0,vol5m_top30,,,1023,664,205,154,76,19,21,,,,,,,,,,,,,,,,,,,,,,,,,,,,,,,,
ok,upper,1,300,mr_pts_t300,4,1.0,none,,,3407,2214,681,512,1805,538,429,0.8152664859981933,0.7900146842878121,0.837890625,0.6550679803467907,0.8679955822478282,0.4944069083365565,0.15863980077915563,0.6352121773808521,0.9027268301330935,0.43111445925270525,0.1325968371929901,130.0,realized_volatility_30s,cooldown_seconds,add_rate_bid,abs_vwap_slope_pts_per_s,opening_range_position,macd_hist,average_true_range,z_anchor_vwap,since_touch_any_seconds,spread_volatility,realized_volatility_30s,abs_vwap_slope_pts_per_s,opening_range_position,average_true_range,cooldown_seconds,z_anchor_vwap,add_rate_bid,realized_vol_5m,OFI_60s,distance_from_overnight_high
ok,upper,1,300,mr_pts_t300,4,1.0,vol30_top30,realized_volatility_30s,0.3,1023,664,205,154,593,184,140,0.8930722891566265,0.8975609756097561,0.9090909090909091,0.720496894409938,0.9566030391005464,0.31544880058155506,0.08955700053011742,0.6229591836734694,0.9445050688181685,0.29120825906881515,0.07983657148302717,46.0,since_touch_any_seconds,bid_queue_change_rate,distance_from_range_extreme_norm,cooldown_seconds,best_ask_queue_norm,impact_efficiency_3s,dist_day_low,wall_strength_opposite_3_2s_avg,cancel_ratio,cancel_rate_ask,since_touch_any_seconds,bid_queue_change_rate,cancel_ratio,cooldown_seconds,average_true_range,dist_day_low,cancel_rate_ask,impact_decay_5s,impact_efficiency_3s,distance_from_range_extreme_norm
ok,upper,1,300,mr_pts_t300,4,1.0,vol1m_top30,realized_vol_1m,0.3,1023,664,205,154,594,185,135,0.8945783132530121,0.9024390243902439,0.8766233766233766,0.712972972972973,0.9625162628244289,0.30369791434533844,0.08615258174493941,0.6194931773879142,0.926567789528421,0.36791433594253103,0.10682944400062037,73.0,replenishment_rate_near_5s,cancel_ratio,distance_from_session_vwap_anchor,time_of_day_sin,z_anchor_vwap,bid_queue_change_rate,impact_decay_5s,cancel_rate_ask,trade_sign_autocorr_30s,wall_strength_opposite_3_2s_avg,replenishment_rate_near_5s,cancel_ratio,distance_from_session_vwap_anchor,time_of_day_sin,impact_decay_5s,z_anchor_vwap,bid_queue_change_rate,average_true_range,sigma0,trade_sign_autocorr_30s
ok,upper,1,300,mr_pts_t300,4,1.0,vol5m_top30,realized_vol_5m,0.3,1023,664,205,154,588,182,140,0.8855421686746988,0.8878048780487805,0.9090909090909091,0.5998566650740563,0.9326531670782401,0.34872445586429257,0.09929074888116807,0.46122448979591835,0.8916027507873201,0.31047416252186505,0.08383288216756407,22.0,cancel_ratio,abs_vwap_slope_pts_per_s,cancel_rate_bid,distance_from_session_vwap_anchor,depth_mid_ask,cancel_rate_ask,z_anchor_vwap,OFI,bid_queue_change_rate,ema_spread_9_21,cancel_ratio,abs_vwap_slope_pts_per_s,z_anchor_vwap,bid_queue_change_rate,cancel_rate_bid,distance_from_session_vwap_anchor,depth_mid_ask,time_of_day_sin,cancel_rate_ask,stoch_d_3
ok,upper,1,300,mr_pts_t300,8,2.0,none,,,3407,2214,681,512,1386,411,345,0.6260162601626016,0.6035242290748899,0.673828125,0.6531855456429665,0.748968964400724,0.6365496265818678,0.22368490932287363,0.6572941074372993,0.7788468798704049,0.600033522752955,0.20597997108937396,74.0,realized_vol_1m,realized_volatility_30s,cancel_ratio,opening_range_width,realized_vol_5m,abs_vwap_slope_pts_per_s,stoch_d_3,distance_from_overnight_low,queue_imbalance_std_5s,z_anchor_vwap,realized_vol_1m,realized_volatility_30s,opening_range_width,cancel_ratio,cancel_rate_bid,realized_vol_5m,distance_from_overnight_low,queue_imbalance_std_5s,abs_vwap_slope_pts_per_s,depth_mid_bid
ok,upper,1,300,mr_pts_t300,8,2.0,vol30_top30,realized_volatility_30s,0.3,1023,664,205,154,506,166,120,0.7620481927710844,0.8097560975609757,0.7792207792207793,0.6603336422613532,0.869064648247258,0.4642939159371671,0.14611046438794698,0.6142156862745098,0.8296219731164476,0.5135585987532636,0.16666844151920274,50.0,opening_range_width,impact_efficiency_3s,z_anchor_vwap,queue_imbalance_std_5s,distance_from_range_extreme_norm,since_touch_any_seconds,distance_from_overnight_low,cancel_ratio,toxicity_ratio,abs_vwap_slope_pts_per_s,opening_range_width,impact_efficiency_3s,z_anchor_vwap,queue_imbalance_std_5s,since_touch_any_seconds,time_of_day_sin,cancel_ratio,distance_from_range_extreme_norm,distance_from_overnight_low,vwap_drift
ok,upper,1,300,mr_pts_t300,8,2.0,vol1m_top30,realized_vol_1m,0.3,1023,664,205,154,513,164,120,0.7725903614457831,0.8,0.7792207792207793,0.6762343842950624,0.8853494040232327,0.47592533276616306,0.15251733837933903,0.5034313725490196,0.7941646339064098,0.5475078947212041,0.17626992430004496,117.0,opening_range_width,replenishment_rate_near_5s,impact_decay_5s,cancel_ratio,z_anchor_vwap,impact_efficiency_3s,distance_from_range_extreme_norm,time_of_day_sin,depth_mid_ask,distance_from_overnight_low,opening_range_width,cancel_ratio,replenishment_rate_near_5s,impact_efficiency_3s,impact_decay_5s,depth_mid_ask,time_of_day_sin,distance_from_range_extreme_norm,since_touch_any_seconds,distance_from_overnight_low
ok,upper,1,300,mr_pts_t300,8,2.0,vol5m_top30,realized_vol_5m,0.3,1023,664,205,154,500,161,126,0.7530120481927711,0.7853658536585366,0.8181818181818182,0.6366459627329193,0.8424469078636009,0.5002727217471836,0.16131213065848082,0.4580498866213152,0.796047400086611,0.4947072346617008,0.15561879251906105,89.0,cancel_ratio,z_anchor_vwap,distance_from_overnight_low,depth_mid_ask,tick_rate,liquidity_compression,distance_from_session_vwap_anchor,abs_vwap_slope_pts_per_s,distance_from_prior_day_high,opening_range_width,cancel_ratio,z_anchor_vwap,distance_from_overnight_low,depth_mid_ask,liquidity_compression,abs_vwap_slope_pts_per_s,distance_from_session_vwap_anchor,tick_rate,distance_from_prior_day_high,ask_depth_curvature
ok,upper,1,300,mr_pts_t300,12,3.0,none,,,3407,2214,681,512,1078,300,282,0.4869015356820235,0.44052863436123346,0.55078125,0.688066491688539,0.6355616590262252,0.6319335858427921,0.22070716043503738,0.6668670983657108,0.6788269506133084,0.6469081180861485,0.22722337805411036,99.0,realized_volatility_30s,realized_vol_1m,opening_range_width,depth_mid_bid,distance_from_prior_day_high,cancel_ratio,time_of_day_cos,abs_vwap_slope_pts_per_s,overnight_high,add_rate_bid,realized_volatility_30s,realized_vol_1m,opening_range_width,depth_mid_bid,abs_vwap_slope_pts_per_s,distance_from_overnight_low,cancel_ratio,distance_from_prior_day_high,time_of_day_cos,remove_rate_near_ask
ok,upper,1,300,mr_pts_t300,12,3.0,vol30_top30,realized_volatility_30s,0.3,1023,664,205,154,440,145,106,0.6626506024096386,0.7073170731707317,0.6883116883116883,0.6436781609195402,0.7955278715180032,0.580946046499592,0.19743572401300874,0.6189072327044025,0.7545013718024468,0.5975229413403346,0.2036251963602561,65.0,opening_range_width,impact_efficiency_3s,abs_vwap_slope_pts_per_s,depth_mid_bid,cancel_rate_ask,realized_vol_1m,remove_rate_near_ask,distance_from_session_vwap_anchor,vwap_drift,cancel_ratio,opening_range_width,abs_vwap_slope_pts_per_s,impact_efficiency_3s,cancel_rate_ask,vwap_drift,depth_mid_bid,distance_from_session_vwap_anchor,remove_rate_near_ask,realized_vol_1m,queue_imbalance_std_5s
ok,upper,1,300,mr_pts_t300,12,3.0,vol1m_top30,realized_vol_1m,0.3,1023,664,205,154,449,146,104,0.6762048192771084,0.7121951219512195,0.6753246753246753,0.6583468771766892,0.8210820599468205,0.574712014184563,0.19530734551025394,0.5848076923076923,0.7233109296596618,0.6285329919322439,0.21564744620074128,122.0,opening_range_width,impact_efficiency_3s,cancel_ratio,abs_vwap_slope_pts_per_s,remove_rate_near_ask,depth_mid_bid,since_touch_any_seconds,depth_mid_ask,cancel_rate_ask,distance_from_value_area_low,opening_range_width,abs_vwap_slope_pts_per_s,since_touch_any_seconds,remove_rate_near_ask,impact_efficiency_3s,cancel_ratio,depth_mid_ask,depth_mid_bid,cancel_rate_ask,time_of_day_sin
ok,upper,1,300,mr_pts_t300,12,3.0,vol5m_top30,realized_vol_5m,0.3,1023,664,205,154,436,140,112,0.6566265060240963,0.6829268292682927,0.7272727272727273,0.5692857142857143,0.7396494914633887,0.6192583297411494,0.21417795124990976,0.5359268707482994,0.74777640761027,0.5875764523953237,0.19899965968633918,13.0,depth_mid_bid,opening_range_width,z_anchor_vwap,cancel_rate_bid,cancel_ratio,depth_mid_ask,abs_vwap_slope_pts_per_s,distance_from_prior_day_high,add_rate_ask,depth_near_bid,opening_range_width,z_anchor_vwap,depth_mid_bid,cancel_rate_bid,cancel_ratio,abs_vwap_slope_pts_per_s,depth_mid_ask,liquidity_compression,depth_near_bid,distance_from_prior_day_high
ok,upper,1,300,mr_pts_t300,16,4.0,none,,,3407,2214,681,512,843,224,215,0.3807588075880759,0.328928046989721,0.419921875,0.7206255861206627,0.5642772631215087,0.564204339259582,0.1908589883715173,0.6820922402317751,0.5805033384968621,0.6365177314659325,0.22214021748885523,149.0,realized_volatility_30s,opening_range_width,realized_vol_5m,add_rate_ask,average_true_range,distance_from_overnight_low,depth_mid_bid,depth_near_bid,realized_vol_1m,CVD,realized_volatility_30s,opening_range_width,add_rate_ask,depth_mid_bid,distance_from_overnight_low,realized_vol_5m,depth_near_bid,realized_vol_1m,cancel_ratio,average_true_range
ok,upper,1,300,mr_pts_t300,16,4.0,vol30_top30,realized_volatility_30s,0.3,1023,664,205,154,359,135,92,0.5406626506024096,0.6585365853658537,0.5974025974025974,0.6592063492063492,0.7882877919757816,0.6414676381756673,0.22451435235265643,0.6276297335203367,0.6794915640029475,0.6658058814323083,0.23644061565604924,14.0,queue_imbalance_std_5s,cancel_rate_ask,vwap_drift,opening_range_width,cancel_ratio,distance_from_ema_21,realized_volatility_30s,distance_from_prior_day_high,average_true_range,impact_efficiency_3s,queue_imbalance_std_5s,cancel_rate_ask,vwap_drift,opening_range_width,cancel_ratio,distance_from_prior_day_high,average_true_range,realized_volatility_30s,distance_from_ema_21,impact_efficiency_3s
ok,upper,1,300,mr_pts_t300,16,4.0,vol1m_top30,realized_vol_1m,0.3,1023,664,205,154,366,135,87,0.5512048192771084,0.6585365853658537,0.564935064935065,0.6726984126984126,0.7839848393429671,0.6049337695402067,0.20851729713023673,0.700291645222165,0.7383124418949822,0.6285026971570337,0.2190026344093431,150.0,opening_range_width,cancel_ratio,cancel_rate_ask,queue_imbalance_std_5s,tick_rate,distance_from_prior_day_high,best_bid_queue_norm,impact_efficiency_3s,distance_from_value_area_low,ask_queue_change_rate,opening_range_width,cancel_rate_ask,cancel_ratio,queue_imbalance_std_5s,distance_from_prior_day_high,impact_efficiency_3s,tick_rate,time_of_day_sin,depth_mid_ask,toxicity_ratio
ok,upper,1,300,mr_pts_t300,16,4.0,vol5m_top30,realized_vol_5m,0.3,1023,664,205,154,364,122,96,0.5481927710843374,0.5951219512195122,0.6233766233766234,0.6439857791823029,0.715759689158349,0.6459346283386139,0.22700877688069027,0.5876436781609196,0.6740024853156747,0.6563750178617652,0.23149519788565226,112.0,cancel_ratio,opening_range_width,cancel_rate_bid,tick_rate,z_anchor_vwap,spread_volatility,time_of_day_sin,bid_depth_curvature,distance0,curvature_pressure_l5,cancel_ratio,opening_range_width,cancel_rate_bid,z_anchor_vwap,tick_rate,depth_mid_ask,distance0,bid_depth_curvature,time_of_day_sin,distance_from_overnight_high
ok,upper,1,300,mr_pts_t300,24,6.0,none,,,3407,2214,681,512,512,126,128,0.23125564588979222,0.18502202643171806,0.25,0.7741026741026742,0.47499829302695945,0.40342847186647673,0.12511057714383392,0.7267862955729167,0.4348236309814896,0.507132415148915,0.16939165107584164,304.0,realized_volatility_30s,opening_range_width,impact_decay_5s,distance_from_overnight_low,realized_vol_1m,trade_sign_autocorr_10s,CVD,time_of_day_cos,overnight_high,net_liquidity_shock,realized_volatility_30s,realized_vol_1m,distance_from_overnight_low,opening_range_width,impact_decay_5s,cancel_ratio,add_rate_bid,depth_near_bid,time_of_day_cos,CVD
ok,upper,1,300,mr_pts_t300,24,6.0,vol30_top30,realized_volatility_30s,0.3,1023,664,205,154,242,104,71,0.3644578313253012,0.5073170731707317,0.461038961038961,0.6892612338156893,0.7250606820434422,0.673859755572487,0.24035150138877062,0.57203461734261,0.5093662984798383,0.6884019527665488,0.24764048927688662,32.0,toxicity_ratio,opening_range_width,cancel_ratio,distance_from_overnight_low,add_rate_ask,cancel_rate_ask,realized_volatility_30s,vwap_drift,realized_vol_5m,OFI_30s,toxicity_ratio,opening_range_width,cancel_ratio,distance_from_overnight_low,add_rate_ask,cancel_rate_ask,realized_volatility_30s,vwap_drift,distance_from_session_vwap_anchor,realized_vol_5m
ok,upper,1,300,mr_pts_t300,24,6.0,vol1m_top30,realized_vol_1m,0.3,1023,664,205,154,247,106,67,0.37198795180722893,0.5170731707317073,0.43506493506493504,0.69115685153421,0.7273795501448328,0.6531940641251979,0.22900052217438718,0.603534053868588,0.5488639373793391,0.6838533200706873,0.24293095773903764,140.0,opening_range_width,distance_from_overnight_low,cancel_ratio,impact_decay_5s,distance_from_prior_day_high,macd,replenishment_rate_near_5s,remove_rate_near_ask,depth_near_bid,time_of_day_sin,opening_range_width,distance_from_overnight_low,cancel_ratio,impact_decay_5s,distance_from_prior_day_high,depth_near_bid,macd,since_touch_any_seconds,replenishment_rate_near_5s,time_of_day_sin
ok,upper,1,300,mr_pts_t300,24,6.0,vol5m_top30,realized_vol_5m,0.3,1023,664,205,154,248,87,73,0.37349397590361444,0.424390243902439,0.474025974025974,0.6733878823300214,0.5944926579778611,0.6387582917849369,0.22279285761198186,0.5555555555555556,0.5311848411799637,0.7101897982759026,0.2563685528349154,109.0,cancel_ratio,opening_range_width,time_of_day_sin,distance_from_overnight_low,realized_volatility_30s,CVD,bid_curvature_l5,depth_mid_ask,impact_efficiency_30s,depth_mid_bid,cancel_ratio,opening_range_width,time_of_day_sin,realized_volatility_30s,distance_from_overnight_low,cancel_rate_bid,depth_mid_ask,time_of_day_cos,depth_mid_bid,CVD
ok,upper,1,300,mr_pts_t300,32,8.0,none,,,3407,2214,681,512,309,68,76,0.13956639566395665,0.09985315712187959,0.1484375,0.7980760003838404,0.37505969767844977,0.26738841412588726,0.07657515705586122,0.8080033800096571,0.39147904611671347,0.3441341076726736,0.10698834741017216,106.0,opening_range_width,average_true_range,realized_volatility_30s,realized_vol_1m,distance_from_overnight_low,distance_from_overnight_high,cancel_ratio,depth_near_bid,realized_vol_5m,add_rate_ask,opening_range_width,realized_vol_1m,realized_volatility_30s,realized_vol_5m,distance_from_overnight_low,add_rate_ask,average_true_range,cancel_ratio,depth_near_bid,distance_from_overnight_high
ok,upper,1,300,mr_pts_t300,32,8.0,vol30_top30,realized_volatility_30s,0.3,1023,664,205,154,155,80,50,0.23343373493975902,0.3902439024390244,0.3246753246753247,0.741,0.6758362901453661,0.6241091083061351,0.21753688909972294,0.6215384615384615,0.41586252571901816,0.6178270947800066,0.2144425545412833,47.0,add_rate_ask,distance_from_overnight_low,opening_range_width,cancel_ratio,vwap_drift,average_true_range,depth_mid_bid,add_rate_bid,distance_from_overnight_high,flow_impact,add_rate_ask,distance_from_overnight_low,opening_range_width,vwap_drift,cancel_ratio,average_true_range,depth_mid_bid,distance_from_session_vwap_anchor,add_rate_bid,queue_imbalance_std_5s
ok,upper,1,300,mr_pts_t300,32,8.0,vol1m_top30,realized_vol_1m,0.3,1023,664,205,154,163,80,49,0.24548192771084337,0.3902439024390244,0.3181818181818182,0.7432999999999998,0.6779875823726991,0.6014291256486242,0.20424698774038166,0.6447035957240038,0.438162439815431,0.6254048437386427,0.21270105046253251,181.0,opening_range_width,distance_from_overnight_low,distance_from_overnight_high,cancel_ratio,flow_impact,depth_near_bid,add_rate_bid,impact_decay_5s,average_true_range,z_anchor_vwap,opening_range_width,distance_from_overnight_low,distance_from_overnight_high,depth_near_bid,cancel_ratio,add_rate_bid,z_anchor_vwap,flow_impact,cancel_rate_ask,distance_from_prior_day_high
ok,upper,1,300,mr_pts_t300,32,8.0,vol5m_top30,realized_vol_5m,0.3,1023,664,205,154,170,57,49,0.2560240963855422,0.2780487804878049,0.3181818181818182,0.6840919867235657,0.45227211612482265,0.5540369973937516,0.18578942357811207,0.6347910592808552,0.45928470381799935,0.6228552751424703,0.21109445018702513,244.0,cancel_ratio,distance_from_overnight_low,CVD,opening_range_width,average_true_range,impact_decay_5s,curvature_pressure_l5,add_rate_bid,impact_efficiency_30s,distance_from_overnight_high,average_true_range,cancel_ratio,opening_range_width,distance_from_overnight_low,realized_vol_5m,add_rate_bid,CVD,distance_from_overnight_high,impact_efficiency_30s,time_of_day_sin
ok,upper,1,300,mr_pts_t300,40,10.0,none,,,3407,2214,681,512,207,38,54,0.09349593495934959,0.055800293685756244,0.10546875,0.83588442334452,0.22482275616696426,0.20959603222286613,0.05157008842839845,0.8103873524179201,0.3056346879710862,0.31598916340280153,0.09045647682279095,10.0,opening_range_width,realized_vol_5m,distance_from_overnight_low,realized_vol_1m,add_rate_ask,wall_strength_opposite_5,depth_near_bid,realized_volatility_30s,add_rate_bid,abs_vwap_slope_pts_per_s,realized_vol_5m,realized_vol_1m,opening_range_width,distance_from_overnight_low,wall_strength_opposite_5,add_rate_ask,realized_volatility_30s,depth_far_ask,add_rate_bid,cancel_ratio
ok,upper,1,300,mr_pts_t300,40,10.0,vol30_top30,realized_volatility_30s,0.3,1023,664,205,154,105,65,36,0.15813253012048192,0.3170731707317073,0.23376623376623376,0.7534615384615385,0.632369072454888,0.6093585807678398,0.21084309122733141,0.5779190207156308,0.3088683852738604,0.5483491029050427,0.180127820778653,27.0,add_rate_ask,cancel_rate_ask,opening_range_width,flow_impact,distance_from_overnight_low,z_anchor_vwap,add_rate_bid,wall_strength_opposite_5,impact_efficiency_10s,cancel_rate_bid,add_rate_ask,cancel_rate_ask,opening_range_width,flow_impact,distance_from_overnight_low,z_anchor_vwap,wall_strength_opposite_5,average_true_range,add_rate_bid,cancel_rate_bid
ok,upper,1,300,mr_pts_t300,40,10.0,vol1m_top30,realized_vol_1m,0.3,1023,664,205,154,111,64,35,0.16716867469879518,0.3121951219512195,0.22727272727272727,0.7301640070921986,0.6030470812190212,0.5770962227586444,0.1924838199832202,0.6696278511404562,0.37253035400822293,0.519457745958082,0.16738162033376042,104.0,flow_impact,opening_range_width,depth_near_bid,distance_from_overnight_low,cancel_ratio,z_anchor_vwap,replenishment_rate_near_5s,macd,wall_strength_opposite_5,queue_imbalance_std_5s,opening_range_width,flow_impact,depth_near_bid,distance_from_overnight_low,z_anchor_vwap,cancel_ratio,replenishment_rate_near_5s,add_rate_bid,average_true_range,cancel_rate_ask
ok,upper,1,300,mr_pts_t300,40,10.0,vol5m_top30,realized_vol_5m,0.3,1023,664,205,154,122,38,35,0.18373493975903615,0.18536585365853658,0.22727272727272727,0.6883075953356446,0.37991480310183684,0.4461838398632986,0.13976408025912965,0.6756302521008404,0.3805128729586422,0.5135770763327562,0.16695152120201742,180.0,cancel_ratio,flow_impact,distance_from_overnight_low,realized_vol_5m,CVD,queue_imbalance_std_5s,macd_signal,liquidity_slope_ask,sma_spread_20_50,average_true_range,realized_vol_5m,cancel_ratio,average_true_range,distance_from_overnight_low,flow_impact,queue_imbalance_std_5s,CVD,opening_range_width,cancel_rate_bid,macd_signal
ok,upper,1,600,mr_pts_t600,4,1.0,none,,,3407,2214,681,512,1917,572,451,0.8658536585365854,0.8399412628487518,0.880859375,0.6598287034066851,0.9101243071972774,0.4254948574534162,0.13105433579035813,0.6220784413507324,0.9236021080455731,0.358170905386068,0.10362679642777617,95.0,abs_vwap_slope_pts_per_s,add_rate_ask,cancel_ratio,ask_liquidity_shock,cancel_rate_bid,distance_from_prior_day_high,z_anchor_vwap,opening_range_position,time_of_day_sin,update_rate_ask,distance_from_prior_day_low,abs_vwap_slope_pts_per_s,z_anchor_vwap,time_of_day_sin,add_rate_ask,cancel_ratio,opening_range_width,distance_from_overnight_high,ask_liquidity_shock,opening_range_position
ok,upper,1,600,mr_pts_t600,4,1.0,vol30_top30,realized_volatility_30s,0.3,1023,664,205,154,607,190,141,0.9141566265060241,0.926829268292683,0.9155844155844156,0.6221052631578947,0.9534902357163322,0.25701152662088145,0.06734048588555895,0.7326786688488816,0.9637565815544799,0.2666083778592522,0.07308754835083475,46.0,bid_queue_change_rate,abs_vwap_slope_pts_per_s,cancel_rate_ask,cooldown_seconds,best_ask_queue_norm,cancel_ratio,trade_sign_autocorr_60s,impact_efficiency_3s,impact_decay_5s,distance_from_range_extreme_norm,bid_queue_change_rate,abs_vwap_slope_pts_per_s,cancel_rate_ask,impact_decay_5s,cooldown_seconds,distance_from_range_extreme_norm,impact_efficiency_3s,best_ask_queue_norm,cancel_ratio,z_anchor_vwap
ok,upper,1,600,mr_pts_t600,4,1.0,vol1m_top30,realized_vol_1m,0.3,1023,664,205,154,607,190,138,0.9141566265060241,0.926829268292683,0.8961038961038961,0.7575438596491229,0.9772391885144649,0.24626167080418282,0.06578957638396772,0.7069746376811594,0.9579507091868761,0.32158145416487527,0.09116055374846951,45.0,distance_from_session_vwap_anchor,bid_queue_change_rate,abs_vwap_slope_pts_per_s,cancel_rate_ask,time_of_day_sin,replenishment_rate_near_5s,vwap_slope_pts_per_s,cancel_ratio,sigma0,realized_vol_1m,bid_queue_change_rate,distance_from_session_vwap_anchor,abs_vwap_slope_pts_per_s,cancel_rate_ask,sigma0,time_of_day_sin,impact_decay_5s,replenishment_rate_near_5s,cancel_ratio,best_bid_queue_norm
ok,upper,1,600,mr_pts_t600,4,1.0,vol5m_top30,realized_vol_5m,0.3,1023,664,205,154,608,188,141,0.9156626506024096,0.9170731707317074,0.9155844155844156,0.6232790988735921,0.9513958666684161,0.28201713060940153,0.07555044036008103,0.5597381342062193,0.9418892394956059,0.2895613540159992,0.0773828346836477,22.0,bid_queue_change_rate,abs_vwap_slope_pts_per_s,cancel_ratio,cancel_rate_bid,z_anchor_vwap,dist_day_high,bid_liquidity_shock,distance_from_session_vwap_anchor,depth_curvature_pressure,absorption_ratio,bid_queue_change_rate,abs_vwap_slope_pts_per_s,z_anchor_vwap,cancel_ratio,cancel_rate_bid,absorption_ratio,bid_liquidity_shock,rv_pre_pts2,vol_ratio,depth_curvature_pressure
ok,upper,1,600,mr_pts_t600,8,2.0,none,,,3407,2214,681,512,1585,486,385,0.7158988256549232,0.7136563876651982,0.751953125,0.6422602089268756,0.8263687439523487,0.5711358644766467,0.19426115094599014,0.6264239697310563,0.8260827300212642,0.544185956077075,0.18013807494036124,90.0,opening_range_width,cancel_ratio,abs_vwap_slope_pts_per_s,realized_vol_5m,average_true_range,add_rate_ask,distance_from_prior_day_high,z_anchor_vwap,opening_range_position,liquidity_compression,opening_range_width,cancel_ratio,average_true_range,abs_vwap_slope_pts_per_s,add_rate_ask,realized_vol_5m,distance_from_prior_day_high,z_anchor_vwap,realized_vol_1m,cooldown_seconds
ok,upper,1,600,mr_pts_t600,8,2.0,vol30_top30,realized_volatility_30s,0.3,1023,664,205,154,534,175,125,0.8042168674698795,0.8536585365853658,0.8116883116883117,0.6773333333333333,0.9017457451613508,0.3919768113900423,0.11782123823096866,0.5809655172413792,0.8523863075241935,0.4894872279783909,0.15162150914757766,171.0,opening_range_width,bid_queue_depletion_rate,impact_decay_5s,z_anchor_vwap,abs_vwap_slope_pts_per_s,impact_efficiency_3s,vwap_drift,time_of_day_sin,since_touch_any_seconds,bid_queue_change_rate,opening_range_width,bid_queue_depletion_rate,z_anchor_vwap,impact_efficiency_3s,impact_decay_5s,abs_vwap_slope_pts_per_s,bid_queue_change_rate,vwap_drift,since_touch_any_seconds,cancel_ratio
ok,upper,1,600,mr_pts_t600,8,2.0,vol1m_top30,realized_vol_1m,0.3,1023,664,205,154,543,174,124,0.8177710843373494,0.848780487804878,0.8051948051948052,0.6776047460140897,0.9147931290239585,0.4239129107229228,0.12803661256497778,0.5047043010752688,0.7972427246643569,0.49334090125194036,0.1569080525637125,3.0,opening_range_width,cancel_ratio,z_anchor_vwap,abs_vwap_slope_pts_per_s,toxicity_ratio,distance_from_range_extreme_norm,OFI_5s,macd_hist,stoch_d_3,band_k,opening_range_width,cancel_ratio,z_anchor_vwap,abs_vwap_slope_pts_per_s,toxicity_ratio,distance_from_range_extreme_norm,macd_hist,OFI_5s,stoch_d_3,band_k
ok,upper,1,600,mr_pts_t600,8,2.0,vol5m_top30,realized_vol_5m,0.3,1023,664,205,154,543,173,130,0.8177710843373494,0.8439024390243902,0.8441558441558441,0.6907514450867052,0.9154177387088278,0.39776317317920096,0.1202182612895434,0.4721153846153846,0.8153498093421715,0.4891484594490866,0.14179198000155002,321.0,distance_from_overnight_high,z_anchor_vwap,depth_mid_bid,abs_vwap_slope_pts_per_s,distance_from_value_area_low,bid_queue_change_rate,buy_impact_efficiency_10s,ask_convexity,cancel_ratio,OFI_30s,z_anchor_vwap,distance_from_overnight_high,opening_range_width,abs_vwap_slope_pts_per_s,distance_from_prior_day_high,depth_mid_bid,bid_queue_change_rate,time_of_day_sin,buy_impact_efficiency_10s,spread_expansion_ratio
ok,upper,1,600,mr_pts_t600,12,3.0,none,,,3407,2214,681,512,1310,389,328,0.5916892502258356,0.5712187958883994,0.640625,0.6756259464027891,0.7524333353613604,0.6325558942466257,0.22235972318620562,0.6129871420996819,0.7291107666946589,0.6449828834046276,0.22546242828413213,110.0,realized_vol_5m,opening_range_width,realized_vol_1m,realized_volatility_30s,prior_day_rth_high,average_true_range,abs_vwap_slope_pts_per_s,distance_from_prior_day_high,distance_from_overnight_high,distance_from_overnight_low,realized_vol_5m,realized_vol_1m,realized_volatility_30s,opening_range_width,abs_vwap_slope_pts_per_s,distance_from_overnight_low,distance_from_overnight_high,average_true_range,depth_mid_bid,distance_from_prior_day_high
ok,upper,1,600,mr_pts_t600,12,3.0,vol30_top30,realized_volatility_30s,0.3,1023,664,205,154,484,160,112,0.7289156626506024,0.7804878048780488,0.7272727272727273,0.6670833333333334,0.8516779254302494,0.49996112583684277,0.16164189981095417,0.6088435374149661,0.7962432780359093,0.5778899845768728,0.1944500493923549,67.0,opening_range_width,abs_vwap_slope_pts_per_s,impact_efficiency_3s,depth_mid_bid,bid_queue_depletion_rate,vwap_drift,distance_from_overnight_high,volume_burst_ratio,spread_volatility,impact_decay_5s,abs_vwap_slope_pts_per_s,opening_range_width,impact_efficiency_3s,vwap_drift,distance_from_overnight_high,depth_mid_bid,bid_queue_depletion_rate,spread_volatility,queue_imbalance_std_5s,impact_decay_5s
ok,upper,1,600,mr_pts_t600,12,3.0,vol1m_top30,realized_vol_1m,0.3,1023,664,205,154,495,159,110,0.7454819277108434,0.775609756097561,0.7142857142857143,0.6722723543888433,0.8483369999066976,0.5018136241886393,0.16211216302640225,0.6305785123966942,0.8011793340730382,0.5953276436764984,0.20102193867594406,127.0,abs_vwap_slope_pts_per_s,opening_range_width,impact_efficiency_3s,distance_from_overnight_high,cancel_ratio,since_touch_any_seconds,depth_mid_bid,distance_from_overnight_low,ask_curvature_l5,bid_queue_depletion_rate,distance_from_overnight_high,opening_range_width,abs_vwap_slope_pts_per_s,since_touch_any_seconds,impact_efficiency_3s,time_of_day_sin,cancel_ratio,bid_queue_depletion_rate,z_anchor_vwap,distance_from_value_area_low
ok,upper,1,600,mr_pts_t600,12,3.0,vol5m_top30,realized_vol_5m,0.3,1023,664,205,154,496,156,117,0.7469879518072289,0.7609756097560976,0.7597402597402597,0.6246729461015175,0.8345050662176174,0.5437252386180778,0.17849550851310172,0.5671055671055671,0.7950035251522762,0.5777462880461464,0.18909171098388225,260.0,abs_vwap_slope_pts_per_s,depth_mid_bid,distance_from_overnight_high,OFI_30s,tick_rate,distance_from_value_area_low,liquidity_compression,time_of_day_sin,distance_from_overnight_low,bid_liquidity_shock,distance_from_overnight_high,abs_vwap_slope_pts_per_s,depth_mid_bid,liquidity_compression,time_of_day_sin,z_anchor_vwap,cancel_ratio,bid_liquidity_shock,tick_rate,wall_persistence_2s
ok,upper,1,600,mr_pts_t600,16,4.0,none,,,3407,2214,681,512,1083,314,266,0.489159891598916,0.461086637298091,0.51953125,0.6862666828650271,0.6736551261546638,0.6316432515399986,0.2205722765374431,0.636652607127575,0.6293813983526431,0.6711806295395668,0.23856207879805497,113.0,realized_vol_5m,opening_range_width,realized_volatility_30s,average_true_range,distance_from_overnight_low,cancel_ratio,realized_vol_1m,abs_vwap_slope_pts_per_s,depth_mid_bid,distance_from_prior_day_high,realized_vol_5m,realized_volatility_30s,opening_range_width,realized_vol_1m,distance_from_overnight_low,average_true_range,depth_mid_bid,cancel_ratio,distance_from_overnight_high,abs_vwap_slope_pts_per_s
ok,upper,1,600,mr_pts_t600,16,4.0,vol30_top30,realized_volatility_30s,0.3,1023,664,205,154,421,149,102,0.6340361445783133,0.7268292682926829,0.6623376623376623,0.670182166826462,0.8328408321618304,0.5505573096213994,0.18394170974804874,0.6185897435897436,0.7359370718469593,0.6190021170694138,0.21331105669173492,107.0,opening_range_width,z_anchor_vwap,impact_efficiency_3s,depth_mid_bid,tick_rate,queue_imbalance_std_5s,impact_decay_5s,spread_volatility,abs_vwap_slope_pts_per_s,time_of_day_sin,opening_range_width,z_anchor_vwap,time_of_day_sin,abs_vwap_slope_pts_per_s,spread_volatility,impact_efficiency_3s,depth_mid_bid,tick_rate,toxicity_ratio,queue_imbalance_std_5s
ok,upper,1,600,mr_pts_t600,16,4.0,vol1m_top30,realized_vol_1m,0.3,1023,664,205,154,433,149,98,0.6521084337349398,0.7268292682926829,0.6363636363636364,0.6846836049856184,0.831170825931377,0.5410391135927484,0.17938768341526956,0.6096938775510204,0.7370756586949115,0.6598469930463284,0.2295514438956845,205.0,opening_range_width,impact_efficiency_3s,depth_mid_bid,tick_rate,time_of_day_sin,distance_from_overnight_high,abs_vwap_slope_pts_per_s,vwap_drift,trade_sign_autocorr_60s,ask_queue_change_rate,opening_range_width,time_of_day_sin,tick_rate,distance_from_overnight_high,impact_efficiency_3s,depth_mid_bid,depth_mid_ask,abs_vwap_slope_pts_per_s,since_touch_any_seconds,vwap_drift
ok,upper,1,600,mr_pts_t600,16,4.0,vol5m_top30,realized_vol_5m,0.3,1023,664,205,154,432,140,105,0.6506024096385542,0.6829268292682927,0.6818181818181818,0.6557142857142857,0.7546184089469199,0.5969622190704007,0.20184962134395779,0.5819241982507288,0.753514096683617,0.6282051110830439,0.2177533533582481,123.0,opening_range_width,depth_mid_bid,abs_vwap_slope_pts_per_s,depth_mid_ask,time_of_day_sin,tick_rate,depth_far_bid,cancel_ratio,cancel_rate_bid,z_anchor_vwap,opening_range_width,abs_vwap_slope_pts_per_s,depth_mid_bid,time_of_day_sin,depth_mid_ask,tick_rate,z_anchor_vwap,distance_from_overnight_high,cancel_ratio,cancel_rate_bid
ok,upper,1,600,mr_pts_t600,24,6.0,none,,,3407,2214,681,512,741,198,181,0.3346883468834688,0.2907488986784141,0.353515625,0.7164293033858251,0.5210733354437338,0.5392439981433845,0.18025818338237257,0.6831299761312614,0.4940280753791433,0.6046293052931846,0.20974335183757584,97.0,realized_vol_1m,opening_range_width,distance_from_overnight_low,realized_volatility_30s,CVD,depth_near_bid,realized_vol_5m,impact_decay_5s,average_true_range,time_of_day_sin,realized_vol_1m,opening_range_width,realized_volatility_30s,distance_from_overnight_low,depth_near_bid,CVD,impact_decay_5s,realized_vol_5m,distance_from_range_extreme_norm,time_of_day_sin
ok,upper,1,600,mr_pts_t600,24,6.0,vol30_top30,realized_volatility_30s,0.3,1023,664,205,154,319,119,81,0.48042168674698793,0.5804878048780487,0.525974025974026,0.6653312487785813,0.7316893413982757,0.6422888434737435,0.22574090845775896,0.5677321156773212,0.5539664036097978,0.6946556928030078,0.24956382736112756,96.0,toxicity_ratio,opening_range_width,distance_from_overnight_low,impact_decay_5s,CVD,z_anchor_vwap,add_rate_ask,OFI_30s,spread_volatility,cancel_ratio,toxicity_ratio,opening_range_width,distance_from_overnight_low,z_anchor_vwap,impact_decay_5s,add_rate_ask,CVD,spread_volatility,OFI_30s,cancel_ratio
ok,upper,1,600,mr_pts_t600,24,6.0,vol1m_top30,realized_vol_1m,0.3,1023,664,205,154,326,120,81,0.49096385542168675,0.5853658536585366,0.525974025974026,0.688921568627451,0.757459283376949,0.6375904613129051,0.22302491408938485,0.5951293759512937,0.5961559961995193,0.6794937584507154,0.24317307761450394,50.0,opening_range_width,distance_from_overnight_low,cancel_ratio,toxicity_ratio,since_touch_any_seconds,impact_efficiency_3s,z_anchor_vwap,depth_near_bid,add_rate_ask,impact_decay_5s,opening_range_width,distance_from_overnight_low,cancel_ratio,since_touch_any_seconds,toxicity_ratio,z_anchor_vwap,depth_near_bid,impact_efficiency_3s,add_rate_ask,impact_decay_5s
ok,upper,1,600,mr_pts_t600,24,6.0,vol5m_top30,realized_vol_5m,0.3,1023,664,205,154,324,110,86,0.4879518072289157,0.5365853658536586,0.5584415584415584,0.6669856459330143,0.6844199138047354,0.6506116296371566,0.2290393515175077,0.5701094391244871,0.6132887921053476,0.6979343213810915,0.25065735422559626,121.0,opening_range_width,CVD,time_of_day_sin,z_anchor_vwap,distance_from_overnight_low,average_true_range,cancel_ratio,convexity_imbalance,spread_volatility,depth_near_bid,opening_range_width,average_true_range,time_of_day_sin,z_anchor_vwap,CVD,distance_from_overnight_low,cancel_ratio,spread_volatility,convexity_imbalance,depth_near_bid
ok,upper,1,600,mr_pts_t600,32,8.0,none,,,3407,2214,681,512,511,123,131,0.23080397470641373,0.18061674008810572,0.255859375,0.7626686481918583,0.4496101962080446,0.418118279667167,0.12949037213729306,0.7213840636332672,0.4467276886748743,0.5185834996457422,0.17148857444225402,37.0,opening_range_width,average_true_range,distance_from_overnight_low,realized_volatility_30s,realized_vol_1m,cancel_ratio,distance_from_overnight_high,impact_decay_5s,time_of_day_cos,cooldown_seconds,opening_range_width,average_true_range,distance_from_overnight_low,realized_volatility_30s,realized_vol_1m,cancel_ratio,realized_vol_5m,dist_day_high,cooldown_seconds,sigma0
ok,upper,1,600,mr_pts_t600,32,8.0,vol30_top30,realized_volatility_30s,0.3,1023,664,205,154,233,94,64,0.3509036144578313,0.4585365853658537,0.4155844155844156,0.6984377995016293,0.6867601255572535,0.699306337607869,0.25296357817570175,0.6284722222222222,0.5034427061870648,0.6802905454779773,0.24361315194376676,4.0,distance_from_overnight_low,depth_mid_bid,opening_range_width,cancel_ratio,add_rate_ask,toxicity_ratio,overnight_high,distance_from_session_vwap_anchor,OFI_burst_ratio,distance_from_range_extreme,distance_from_overnight_low,cancel_ratio,opening_range_width,add_rate_ask,depth_mid_bid,overnight_high,toxicity_ratio,distance_from_range_extreme,distance_from_session_vwap_anchor,OFI_burst_ratio
ok,upper,1,600,mr_pts_t600,32,8.0,vol1m_top30,realized_vol_1m,0.3,1023,664,205,154,239,95,66,0.35993975903614456,0.4634146341463415,0.42857142857142855,0.729090909090909,0.7298653548885474,0.6132624338958124,0.21171113727165197,0.628615702479339,0.5278229164007516,0.6692490851060358,0.23813794428144028,182.0,opening_range_width,distance_from_overnight_low,distance_from_overnight_high,cancel_ratio,z_anchor_vwap,impact_decay_5s,flow_impact,macd_signal,average_true_range,replenishment_rate_near_5s,opening_range_width,distance_from_overnight_low,distance_from_overnight_high,cancel_ratio,z_anchor_vwap,average_true_range,OFI_burst_ratio,impact_decay_5s,flow_impact,tick_rate
ok,upper,1,600,mr_pts_t600,32,8.0,vol5m_top30,realized_vol_5m,0.3,1023,664,205,154,241,80,68,0.3629518072289157,0.3902439024390244,0.44155844155844154,0.6155,0.5121111305651714,0.6524355988617444,0.230576214758466,0.5689124487004105,0.5181817669777582,0.6912367037968089,0.24761178226353586,84.0,cancel_ratio,average_true_range,impact_efficiency_30s,distance_from_overnight_low,convexity_imbalance,opening_range_width,z_anchor_vwap,CVD,flow_impact,spread_mid_ratio,cancel_ratio,average_true_range,distance_from_overnight_low,impact_efficiency_30s,opening_range_width,convexity_imbalance,z_anchor_vwap,realized_vol_5m,CVD,trade_sign_autocorr_60s
ok,upper,1,600,mr_pts_t600,40,10.0,none,,,3407,2214,681,512,361,67,95,0.16305329719963865,0.09838472834067548,0.185546875,0.842797413583548,0.39906998603172694,0.25575482930333143,0.07343960308431968,0.7749337372207497,0.4026211569603859,0.41053689169474916,0.13053747027007584,105.0,opening_range_width,distance_from_overnight_low,depth_far_ask,realized_vol_1m,realized_vol_5m,average_true_range,distance_from_overnight_high,depth_near_bid,realized_volatility_30s,cancel_ratio,distance_from_overnight_low,realized_vol_5m,depth_far_ask,opening_range_width,realized_vol_1m,average_true_range,realized_volatility_30s,distance_from_overnight_high,z_anchor_vwap,cancel_ratio
ok,upper,1,600,mr_pts_t600,40,10.0,vol30_top30,realized_volatility_30s,0.3,1023,664,205,154,178,79,52,0.2680722891566265,0.3853658536585366,0.33766233766233766,0.7580872011251758,0.7127958679659158,0.581688444871047,0.19787093889136026,0.657051282051282,0.44800988205007397,0.6078696239812261,0.2114404289044472,77.0,distance_from_overnight_low,cancel_rate_ask,distance_from_overnight_high,cancel_ratio,flow_impact,average_true_range,vwap_drift,impact_efficiency_30s,z_anchor_vwap,realized_vol_5m,distance_from_overnight_low,cancel_rate_ask,distance_from_overnight_high,cancel_ratio,average_true_range,flow_impact,vwap_drift,distance_from_session_vwap_anchor,depth_far_ask,opening_range_width
ok,upper,1,600,mr_pts_t600,40,10.0,vol1m_top30,realized_vol_1m,0.3,1023,664,205,154,182,82,55,0.2740963855421687,0.4,0.35714285714285715,0.7353757683918304,0.7007727748106463,0.5982403445753385,0.20347827346468492,0.6620752984389349,0.48226058987246345,0.6220515925924135,0.21773603639135805,125.0,distance_from_overnight_low,opening_range_width,cancel_ratio,distance_from_overnight_high,replenishment_rate_near_5s,cancel_rate_ask,flow_impact,z_anchor_vwap,cancel_rate_bid,average_true_range,distance_from_overnight_low,opening_range_width,cancel_ratio,cancel_rate_ask,distance_from_overnight_high,replenishment_rate_near_5s,z_anchor_vwap,flow_impact,vwap_drift,distance_from_session_vwap_anchor
ok,upper,1,600,mr_pts_t600,40,10.0,vol5m_top30,realized_vol_5m,0.3,1023,664,205,154,189,63,58,0.28463855421686746,0.3073170731707317,0.37662337662337664,0.6263134361725912,0.4662345897346734,0.6035083225405041,0.20755783664669974,0.6201508620689655,0.4941104235646748,0.6569512393939086,0.2306367409680621,154.0,cancel_ratio,distance_from_overnight_low,distance_from_overnight_high,average_true_range,flow_impact,impact_efficiency_30s,ask_queue_depletion_rate,z_anchor_vwap,convexity_imbalance,macd,cancel_ratio,average_true_range,distance_from_overnight_low,realized_vol_5m,impact_efficiency_30s,flow_impact,distance_from_overnight_high,convexity_imbalance,ask_queue_depletion_rate,z_anchor_vwap
ok,lower,1,60,mr_pts_t60,4,1.0,none,,,3413,2218,683,512,1472,432,356,0.6636609558160504,0.6325036603221084,0.6953125,0.6649743618120112,0.7554557390842656,0.6505119380231063,0.22924085246032078,0.666279530394699,0.8039287058348814,0.6084188548170993,0.20897304748706189,3.0,realized_vol_1m,cancel_rate_ask,realized_volatility_30s,aggressive_sell_volume,depth_near_ask,update_rate_ask,liquidity_slope_ask,average_true_range,sigma0,stoch_d_3,realized_vol_1m,realized_volatility_30s,aggressive_sell_volume,cancel_rate_ask,depth_near_ask,update_rate_ask,sigma0,depth_near_bid,liquidity_slope_ask,tick_rate
ok,lower,1,60,mr_pts_t60,4,1.0,vol30_top30,realized_volatility_30s,0.3,1025,666,205,154,537,174,128,0.8063063063063063,0.848780487804878,0.8311688311688312,0.6613830181683352,0.9195788717841973,0.4218355009550599,0.12742163220127667,0.6237980769230769,0.8804574092781552,0.4504543013086613,0.1392198897684317,9.0,realized_volatility_30s,cancel_rate_ask,abs_vwap_slope_pts_per_s,add_rate_bid,sigma0,curvature_pressure_l5,spread_mid_ratio,distance0,impact_decay_3s,rv_pre_pts2,cancel_rate_ask,realized_volatility_30s,add_rate_bid,abs_vwap_slope_pts_per_s,sigma0,depth_mid_ask,curvature_pressure_l5,depth_near_ask,replenishment_rate_near_5s,vwap_drift
ok,lower,1,60,mr_pts_t60,4,1.0,vol1m_top30,realized_vol_1m,0.3,1025,666,205,154,535,175,132,0.8033033033033034,0.8536585365853658,0.8571428571428571,0.6392380952380952,0.9063916517650092,0.42065653020761257,0.12613547154395569,0.5668044077134986,0.8917687191942938,0.41808405583294034,0.12474735767494145,4.0,cvd_acceleration,sigma0,curvature_pressure_l5,depth_near_ask,depth_near_bid,queue_imbalance_std_5s,depth_mid_ask,cancel_rate_ask,bid_curvature_l5,realized_volatility_30s,depth_near_ask,depth_near_bid,cvd_acceleration,depth_mid_ask,cancel_rate_ask,curvature_pressure_l5,sigma0,OBI_l3,rv_pre_pts2,queue_imbalance_std_5s
ok,lower,1,60,mr_pts_t60,4,1.0,vol5m_top30,realized_vol_5m,0.3,1025,666,205,154,528,168,125,0.7927927927927928,0.8195121951219512,0.8116883116883117,0.6272522522522522,0.8766053245811418,0.4709796584100244,0.14752745836213396,0.607448275862069,0.8533332308676814,0.48252724168061656,0.152440741669365,3.0,realized_volatility_30s,cancel_rate_ask,depth_mid_ask,depth_near_ask,macd_hist,liquidity_compression,distance_from_session_vwap_anchor,OFI_30s,sma_50,band_k,realized_volatility_30s,depth_near_ask,cancel_rate_ask,depth_mid_ask,liquidity_compression,sma_50,distance_from_session_vwap_anchor,macd_hist,OFI_30s,band_k
ok,lower,1,60,mr_pts_t60,8,2.0,none,,,3413,2218,683,512,817,219,210,0.36834986474301173,0.3206442166910688,0.41015625,0.7076739883482916,0.5079944465154616,0.5683611243488825,0.19366455940014005,0.7094292021444338,0.6304042478089857,0.6138242821875006,0.2136673376131244,74.0,realized_volatility_30s,realized_vol_1m,realized_vol_5m,depth_near_ask,average_true_range,update_rate_ask,depth_mid_ask,opening_range_width,distance_from_overnight_low,avg_trade_size,realized_volatility_30s,realized_vol_1m,depth_near_ask,average_true_range,depth_mid_ask,realized_vol_5m,cancel_ratio,distance0,update_rate_ask,trade_sign_autocorr_10s
ok,lower,1,60,mr_pts_t60,8,2.0,vol30_top30,realized_volatility_30s,0.3,1025,666,205,154,361,142,93,0.5420420420420421,0.6926829268292682,0.6038961038961039,0.6471048513302035,0.7704679396133225,0.657727766724842,0.2323513376820696,0.5717433456724836,0.6373364652029362,0.6767576900653248,0.2418280087669284,3.0,avg_trade_size,realized_volatility_30s,ema_spread_9_21,update_rate_bid,macd,time_of_day_cos,trade_imbalance_30s,time_of_day_sin,band_k,side,realized_volatility_30s,avg_trade_size,update_rate_bid,ema_spread_9_21,macd,time_of_day_cos,trade_imbalance_30s,time_of_day_sin,band_k,side
ok,lower,1,60,mr_pts_t60,8,2.0,vol1m_top30,realized_vol_1m,0.3,1025,666,205,154,364,140,93,0.5465465465465466,0.6829268292682927,0.6038961038961039,0.6540659340659342,0.7948671098491251,0.61511345081935,0.21232091150483642,0.5875198307773665,0.6821672481848966,0.6582591179079891,0.23304706570957615,114.0,realized_volatility_30s,ema_spread_9_21,depth_near_ask,distance0,macd_signal,trade_imbalance_60s,distance_from_ema_21,z_anchor_vwap,flow_burst_ratio,distance_from_overnight_low,realized_volatility_30s,depth_near_ask,distance0,distance_from_overnight_low,ema_spread_9_21,macd_signal,z_anchor_vwap,distance_from_ema_21,bid_queue_depletion_rate,best_bid_queue_norm
ok,lower,1,60,mr_pts_t60,8,2.0,vol5m_top30,realized_vol_5m,0.3,1025,666,205,154,359,124,86,0.539039039039039,0.6048780487804878,0.5584415584415584,0.6447630426125049,0.7112360557041006,0.638351428929893,0.22357304538037012,0.603967168262654,0.6689594635863001,0.6704025777582714,0.23897109725649152,161.0,realized_volatility_30s,bid_queue_depletion_rate,flow_burst_ratio,distance_from_prior_day_low,trade_imbalance_60s,distance_from_overnight_low,wall_strength_opposite_3,bid_queue_change_rate,CVD,update_rate_ask,realized_volatility_30s,bid_queue_depletion_rate,flow_burst_ratio,prior_day_rth_high,distance_from_overnight_low,distance_from_prior_day_low,wall_strength_opposite_3,CVD,realized_vol_5m,bid_queue_change_rate
ok,lower,1,60,mr_pts_t60,12,3.0,none,,,3413,2218,683,512,442,117,128,0.1992786293958521,0.17130307467057102,0.25,0.7947962912627223,0.430947972548663,0.37797462155696465,0.1196650396867633,0.75115966796875,0.4465449011852479,0.49795872213697145,0.1679507402989472,140.0,realized_volatility_30s,realized_vol_1m,cancel_rate_ask,depth_mid_ask,trade_imbalance_5s,toxicity_ratio,distance_from_ema_21,realized_vol_5m,impact_efficiency_3s,add_rate_ask,realized_volatility_30s,realized_vol_1m,cancel_rate_ask,realized_vol_5m,depth_near_ask,average_true_range,trade_imbalance_5s,add_rate_ask,since_touch_any_seconds,depth_mid_ask
ok,lower,1,60,mr_pts_t60,12,3.0,vol30_top30,realized_volatility_30s,0.3,1025,666,205,154,221,111,63,0.33183183183183185,0.5414634146341464,0.4090909090909091,0.6337933678359211,0.657023700324467,0.691126830623518,0.24841932979968798,0.650444793301936,0.5340160256677655,0.6478139915776266,0.22889179057846706,134.0,realized_volatility_30s,spread_expansion_ratio,since_touch_any_seconds,distance0,spread_mid_ratio,distance_from_ema_21,ema_spread_9_21,distance_from_overnight_low,realized_vol_5m,avg_trade_size,realized_volatility_30s,realized_vol_5m,distance0,distance_from_overnight_low,distance_from_ema_21,since_touch_any_seconds,ema_spread_9_21,spread_mid_ratio,spread_expansion_ratio,avg_trade_size
ok,lower,1,60,mr_pts_t60,12,3.0,vol1m_top30,realized_vol_1m,0.3,1025,666,205,154,223,108,60,0.33483483483483484,0.526829268292683,0.38961038961038963,0.6573119511263841,0.6676318442888058,0.6797853950097466,0.24324091188933167,0.6108156028368794,0.5180353868065533,0.6447088358684565,0.22688601309370188,68.0,realized_volatility_30s,opening_range_width,depth_mid_bid,distance_from_overnight_low,realized_vol_5m,wall_strength_opposite_5,ema_spread_9_21,spread_mid_ratio,distance0,wall_strength_opposite_3,realized_volatility_30s,opening_range_width,depth_mid_bid,wall_strength_opposite_5,distance_from_overnight_low,realized_vol_5m,realized_vol_1m,distance0,since_touch_any_seconds,wall_strength_opposite_3
ok,lower,1,60,mr_pts_t60,12,3.0,vol5m_top30,realized_vol_5m,0.3,1025,666,205,154,223,91,56,0.33483483483483484,0.44390243902439025,0.36363636363636365,0.6442066705224601,0.594287456701236,0.6569047578516307,0.2312746176024803,0.6333819241982507,0.4946247926631308,0.6348654449773262,0.22180190402275946,78.0,realized_volatility_30s,realized_vol_5m,wall_strength_opposite_3,dsigma_dt,add_rate_ask,vwap_drift,distance_from_overnight_low,vol_ratio,spread_expansion_ratio,average_true_range,realized_volatility_30s,realized_vol_5m,add_rate_ask,wall_strength_opposite_3,distance_from_overnight_low,dsigma_dt,vwap_drift,average_true_range,distance0,absorption_ratio
ok,lower,1,60,mr_pts_t60,16,4.0,none,,,3413,2218,683,512,278,57,83,0.12533814247069433,0.08345534407027819,0.162109375,0.8393027296676195,0.27337417091103083,0.2679047711141351,0.07236023781636347,0.8018928862302357,0.3922527482177428,0.41542142581613023,0.1293684683569085,13.0,realized_volatility_30s,realized_vol_1m,realized_vol_5m,add_rate_ask,impact_efficiency_30s,depth_near_bid,distance_from_overnight_high,cooldown_seconds,cancel_rate_bid,sigma0,realized_volatility_30s,realized_vol_1m,realized_vol_5m,impact_efficiency_30s,depth_near_bid,distance_from_overnight_high,sigma0,distance0,add_rate_ask,distance_from_prior_day_high
ok,lower,1,60,mr_pts_t60,16,4.0,vol30_top30,realized_volatility_30s,0.3,1025,666,205,154,152,84,49,0.22822822822822822,0.4097560975609756,0.3181818181818182,0.66991341991342,0.5711301664206583,0.7412120638784329,0.2685554380427687,0.5603498542274054,0.37031699348927405,0.6441211584757495,0.22406953375727437,4.0,realized_volatility_30s,dist_day_high,add_rate_ask,flow_impact,overnight_high,distance_from_overnight_high,distance_from_value_area_low,ema_spread_9_21,stoch_k_14,CVD,realized_volatility_30s,flow_impact,CVD,dist_day_high,impact_efficiency_3s,add_rate_ask,distance_from_overnight_high,ema_spread_9_21,overnight_high,distance_from_value_area_low
ok,lower,1,60,mr_pts_t60,16,4.0,vol1m_top30,realized_vol_1m,0.3,1025,666,205,154,150,85,45,0.22522522522522523,0.4146341463414634,0.2922077922077922,0.6645098039215687,0.5961077677708082,0.6735975669804799,0.2382200201777659,0.6136595310907238,0.37200127650595516,0.5991277817900952,0.20497250157156802,85.0,realized_volatility_30s,opening_range_width,flow_impact,cvd_acceleration,distance_from_overnight_high,realized_vol_5m,microprice,distance0,dist_day_high,prior_day_rth_low,realized_volatility_30s,flow_impact,realized_vol_5m,opening_range_width,distance0,distance_from_overnight_high,CVD,prior_day_rth_low,cvd_acceleration,dist_day_high
ok,lower,1,60,mr_pts_t60,16,4.0,vol5m_top30,realized_vol_5m,0.3,1025,666,205,154,157,62,42,0.23573573573573572,0.3024390243902439,0.2727272727272727,0.714414617640424,0.4930124994380374,0.5625850172037744,0.1901577735101597,0.6500850340136054,0.3868529458765245,0.5658277836875727,0.19114735972997274,38.0,realized_volatility_30s,average_true_range,flow_impact,realized_vol_5m,dist_day_high,distance0,impact_efficiency_10s,opening_range_width,prior_day_rth_high,ask_depth_curvature,realized_volatility_30s,average_true_range,realized_vol_5m,flow_impact,rv_pre_pts2,opening_range_width,distance0,realized_vol_1m,dist_day_high,wall_strength_opposite_3
ok,lower,1,60,mr_pts_t60,24,6.0,none,,,3413,2218,683,512,108,25,36,0.04869251577998197,0.036603221083455345,0.0703125,0.9116717325227963,0.22704236134062972,0.12495660917088625,0.03251384501255304,0.835842670401494,0.3112855922490213,0.21994142878350686,0.060426462214124566,49.0,realized_volatility_30s,depth_near_bid,realized_vol_1m,cancel_ratio,add_rate_ask,opening_range_width,realized_vol_5m,depth_far_bid,wall_strength_opposite_3,depth_far_ask,realized_volatility_30s,realized_vol_5m,realized_vol_1m,depth_near_bid,add_rate_ask,cancel_ratio,wall_strength_opposite_3,average_true_range,opening_range_width,overnight_high
ok,lower,1,60,mr_pts_t60,24,6.0,vol30_top30,realized_volatility_30s,0.3,1025,666,205,154,63,44,25,0.0945945945945946,0.2146341463414634,0.16233766233766234,0.7272021456804065,0.47758452736352563,0.5006155633096829,0.16167741633973343,0.6674418604651162,0.325596779634304,0.440251955130637,0.13460233031001897,27.0,realized_volatility_30s,prior_day_rth_low,prior_day_rth_high,realized_vol_1m,wall_strength_opposite_5,OFI_burst_ratio,distance_from_overnight_high,realized_vol_5m,overnight_high,depth_mid_ask,realized_volatility_30s,realized_vol_1m,realized_vol_5m,depth_mid_ask,prior_day_rth_low,sigma_lvl,wall_strength_opposite_5,prior_day_rth_high,distance_from_overnight_high,OFI_burst_ratio
ok,lower,1,60,mr_pts_t60,24,6.0,vol1m_top30,realized_vol_1m,0.3,1025,666,205,154,60,47,20,0.09009009009009009,0.22926829268292684,0.12987012987012986,0.7358604901696741,0.47927315151524297,0.5302971312094577,0.17301914535659138,0.6847014925373134,0.2767527878839982,0.372084699357046,0.1097543745146215,25.0,realized_volatility_30s,opening_range_width,realized_vol_1m,impact_efficiency_30s,depth_near_bid,prior_day_rth_low,overnight_high,cvd_acceleration,time_of_day_sin,realized_vol_5m,realized_volatility_30s,realized_vol_1m,opening_range_width,realized_vol_5m,impact_efficiency_30s,depth_near_bid,depth_near_ask,wall_strength_opposite_3,prior_day_rth_low,add_rate_ask
skipped_too_few_positives,lower,1,60,,24,6.0,vol5m_top30,,,1025,666,205,154,68,28,19,,,,,,,,,,,,,,,,,,,,,,,,,,,,,,,,
skipped_too_few_positives,lower,1,60,,32,8.0,none,,,3413,2218,683,512,58,10,16,,,,,,,,,,,,,,,,,,,,,,,,,,,,,,,,
skipped_too_few_positives,lower,1,60,,32,8.0,vol30_top30,,,1025,666,205,154,33,29,14,,,,,,,,,,,,,,,,,,,,,,,,,,,,,,,,
skipped_too_few_positives,lower,1,60,,32,8.0,vol1m_top30,,,1025,666,205,154,28,32,11,,,,,,,,,,,,,,,,,,,,,,,,,,,,,,,,
skipped_too_few_positives,lower,1,60,,32,8.0,vol5m_top30,,,1025,666,205,154,38,17,8,,,,,,,,,,,,,,,,,,,,,,,,,,,,,,,,
skipped_too_few_positives,lower,1,60,,40,10.0,none,,,3413,2218,683,512,35,1,9,,,,,,,,,,,,,,,,,,,,,,,,,,,,,,,,
skipped_too_few_positives,lower,1,60,,40,10.0,vol30_top30,,,1025,666,205,154,20,14,7,,,,,,,,,,,,,,,,,,,,,,,,,,,,,,,,
skipped_too_few_positives,lower,1,60,,40,10.0,vol1m_top30,,,1025,666,205,154,17,17,5,,,,,,,,,,,,,,,,,,,,,,,,,,,,,,,,
skipped_too_few_positives,lower,1,60,,40,10.0,vol5m_top30,,,1025,666,205,154,25,9,3,,,,,,,,,,,,,,,,,,,,,,,,,,,,,,,,
ok,lower,1,180,mr_pts_t180,4,1.0,none,,,3413,2218,683,512,1744,521,410,0.7862939585211902,0.7628111273792094,0.80078125,0.6487287031113007,0.8399354752486959,0.5240263308406082,0.17134977438079765,0.6639406982305117,0.8854221821025855,0.4673021040322203,0.1486606543484864,80.0,realized_volatility_30s,distance_from_overnight_high,queue_imbalance_std_5s,cancel_rate_ask,realized_vol_1m,wall_strength_opposite_5,bid_liquidity_shock,microprice_deviation,spread_mid_ratio,depth_near_bid,realized_volatility_30s,realized_vol_1m,queue_imbalance_std_5s,distance_from_overnight_high,cancel_rate_ask,depth_near_ask,microprice_deviation,distance_from_prior_day_high,wall_strength_opposite_5,opening_range_width
ok,lower,1,180,mr_pts_t180,4,1.0,vol30_top30,realized_volatility_30s,0.3,1025,666,205,154,580,185,135,0.8708708708708709,0.9024390243902439,0.8766233766233766,0.5794594594594594,0.9080506465955479,0.3230166307544404,0.08871592065738562,0.609551656920078,0.9056477656686267,0.37146812996367073,0.10767272719834266,4.0,ask_depth_curvature,CVD,realized_vol_1m,vwap_slope_pts_per_s,vwap_drift,depth_mid_ask,abs_vwap_slope_pts_per_s,distance0,curvature_pressure_l5,macd,ask_depth_curvature,CVD,depth_mid_ask,realized_vol_1m,vwap_drift,abs_vwap_slope_pts_per_s,vwap_slope_pts_per_s,distance0,macd,curvature_pressure_l5
ok,lower,1,180,mr_pts_t180,4,1.0,vol1m_top30,realized_vol_1m,0.3,1025,666,205,154,577,184,141,0.8663663663663663,0.8975609756097561,0.9155844155844156,0.6498447204968946,0.9451597824383214,0.3315976180888766,0.09217365889230504,0.6805782869612658,0.9594909512951835,0.297343981530601,0.07883859562868792,5.0,depth_near_ask,sigma0,add_rate_ask,sma_spread_20_50,depth_mid_ask,curvature_pressure_l5,microprice,distance0,update_rate_bid,distance_from_prior_day_low,depth_near_ask,depth_mid_ask,impact_efficiency_10s,sigma0,update_rate_bid,sma_spread_20_50,macd_signal,curvature_pressure_l5,distance_from_prior_day_low,microprice
ok,lower,1,180,mr_pts_t180,4,1.0,vol5m_top30,realized_vol_5m,0.3,1025,666,205,154,576,179,139,0.8648648648648649,0.8731707317073171,0.9025974025974026,0.6665234207133648,0.9273882981231496,0.37698254089230127,0.10998607427193909,0.5971223021582734,0.9104683035403358,0.32317954573716084,0.08869116897475939,5.0,realized_volatility_30s,depth_near_ask,wall_strength_opposite_5,cancel_rate_ask,toxicity_ratio,distance_from_session_vwap_anchor,OFI_60s,dsigma_dt,distance_from_vpoc,impact_decay_5s,realized_volatility_30s,depth_near_ask,cancel_rate_ask,OFI_60s,dsigma_dt,distance_from_session_vwap_anchor,toxicity_ratio,wall_strength_opposite_5,bid_liquidity_shock,distance_from_vpoc
ok,lower,1,180,mr_pts_t180,8,2.0,none,,,3413,2218,683,512,1214,357,309,0.5473399458972047,0.5226939970717424,0.603515625,0.6454950078190785,0.6644092754440948,0.6589013337076719,0.23345550785864636,0.7048161078961213,0.7823563884780426,0.6209368882617216,0.2156851931752118,50.0,realized_vol_1m,realized_volatility_30s,cancel_rate_ask,average_true_range,depth_near_ask,distance_from_overnight_low,update_rate_ask,realized_vol_5m,liquidity_slope_ask,depth_mid_ask,realized_volatility_30s,realized_vol_1m,cancel_rate_ask,average_true_range,depth_near_ask,distance_from_overnight_low,depth_mid_ask,update_rate_ask,realized_vol_5m,cancel_ratio
ok,lower,1,180,mr_pts_t180,8,2.0,vol30_top30,realized_volatility_30s,0.3,1025,666,205,154,464,165,116,0.6966966966966966,0.8048780487804879,0.7532467532467533,0.6471212121212121,0.8900748390363074,0.490417595600213,0.1561514127563189,0.6601633393829401,0.8506143744167657,0.541313292517276,0.17917535084197414,49.0,avg_trade_size,update_rate_bid,realized_volatility_30s,bid_queue_depletion_rate,sma_spread_20_50,realized_vol_1m,distance0,macd,cancel_rate_ask,cancel_ratio,update_rate_bid,realized_volatility_30s,avg_trade_size,bid_queue_depletion_rate,cancel_rate_ask,sma_spread_20_50,realized_vol_1m,vol_ratio,cancel_ratio,distance0
ok,lower,1,180,mr_pts_t180,8,2.0,vol1m_top30,realized_vol_1m,0.3,1025,666,205,154,464,164,116,0.6966966966966966,0.8,0.7532467532467533,0.6659726353361094,0.8902448521922777,0.47875875894899067,0.1526815901665507,0.6445099818511798,0.8330960208472477,0.5406505175147801,0.1791094459465766,101.0,cancel_ratio,avg_trade_size,macd,distance_from_overnight_high,realized_volatility_30s,sma_spread_20_50,bid_queue_depletion_rate,cancel_rate_ask,trade_imbalance_60s,trade_rate_pre_per_s,cancel_ratio,cancel_rate_ask,realized_vol_1m,macd,realized_volatility_30s,distance_from_overnight_high,avg_trade_size,wall_strength_opposite_5,sma_spread_20_50,bid_queue_depletion_rate
ok,lower,1,180,mr_pts_t180,8,2.0,vol5m_top30,realized_vol_5m,0.3,1025,666,205,154,457,157,109,0.6861861861861862,0.7658536585365854,0.7077922077922078,0.6624203821656051,0.8623536443316964,0.515377448205551,0.16844637957792205,0.6733944954128441,0.8368552501701987,0.5719147997135883,0.1940644712520149,72.0,realized_volatility_30s,bid_queue_depletion_rate,trade_sign_autocorr_10s,avg_trade_size,cancel_rate_ask,distance_from_overnight_low,OFI_30s,depth_mid_bid,cancel_ratio,sma_spread_20_50,realized_volatility_30s,bid_queue_depletion_rate,cancel_rate_ask,trade_sign_autocorr_10s,avg_trade_size,cancel_ratio,depth_near_ask,range_position,realized_vol_5m,OFI_30s
ok,lower,1,180,mr_pts_t180,12,3.0,none,,,3413,2218,683,512,819,235,228,0.3692515779981966,0.3440702781844802,0.4453125,0.7193484042553191,0.5635499783377149,0.5746909903132207,0.19616561758991943,0.7518068939955522,0.6855202558745606,0.6056990812831469,0.21008232825031348,94.0,realized_vol_1m,realized_volatility_30s,depth_mid_ask,average_true_range,depth_near_ask,cancel_rate_ask,distance_from_overnight_high,distance_from_prior_day_high,toxicity_ratio,opening_range_position,realized_vol_1m,realized_volatility_30s,depth_mid_ask,depth_near_ask,average_true_range,cancel_rate_ask,add_rate_ask,distance_from_overnight_high,distance_from_prior_day_high,opening_range_position
ok,lower,1,180,mr_pts_t180,12,3.0,vol30_top30,realized_volatility_30s,0.3,1025,666,205,154,352,147,97,0.5285285285285285,0.7170731707317073,0.6298701298701299,0.6168191414496832,0.7840671160064674,0.5886834485883301,0.19976805419788346,0.6529209621993127,0.7450991657711926,0.6383879934512511,0.22345783427438135,84.0,distance_from_overnight_high,depth_mid_ask,update_rate_bid,spread_mid_ratio,spread_expansion_ratio,distance0,realized_vol_1m,return_last_5m,realized_vol_5m,ask_depth_curvature,depth_mid_ask,update_rate_bid,realized_vol_1m,distance_from_overnight_high,realized_vol_5m,spread_mid_ratio,spread_expansion_ratio,depth_mid_bid,return_last_5m,ask_depth_curvature
ok,lower,1,180,mr_pts_t180,12,3.0,vol1m_top30,realized_vol_1m,0.3,1025,666,205,154,350,146,94,0.5255255255255256,0.7121951219512195,0.6103896103896104,0.62526120269329,0.7961095005441104,0.6255318793882214,0.2166929393039891,0.6601950354609929,0.7578045118053046,0.653937835876016,0.23063498147408876,21.0,depth_mid_ask,depth_mid_bid,depth_near_ask,realized_vol_1m,distance_from_overnight_high,realized_vol_5m,distance0,session_high_running_t0,cancel_rate_bid,ema_spread_9_21,depth_mid_ask,depth_near_ask,depth_mid_bid,realized_vol_1m,distance_from_overnight_high,realized_vol_5m,cancel_rate_bid,distance0,distance_from_ema_21,add_rate_bid
ok,lower,1,180,mr_pts_t180,12,3.0,vol5m_top30,realized_vol_5m,0.3,1025,666,205,154,348,133,94,0.5225225225225225,0.6487804878048781,0.6103896103896104,0.6534043441938179,0.7810710841435866,0.6158867259470787,0.21408540546506996,0.649113475177305,0.747369161997369,0.6567475846647659,0.23207989826746464,182.0,realized_vol_5m,depth_near_ask,trade_imbalance_60s,distance_from_prior_day_high,depth_mid_ask,impact_decay_3s,spread_expansion_ratio,distance0,realized_vol_1m,absorption_ratio,realized_vol_5m,depth_mid_ask,depth_near_ask,realized_vol_1m,distance_from_prior_day_high,impact_decay_3s,trade_imbalance_60s,spread_expansion_ratio,realized_volatility_30s,absorption_ratio
ok,lower,1,180,mr_pts_t180,16,4.0,none,,,3413,2218,683,512,587,153,174,0.26465284039675385,0.2240117130307467,0.33984375,0.7386854112714268,0.4509383944773001,0.47165663888164067,0.1519724762255045,0.724750051009998,0.5410391774418585,0.6021141621122197,0.20721264247080606,130.0,realized_vol_1m,realized_volatility_30s,depth_near_ask,opening_range_position,depth_mid_bid,realized_vol_5m,distance_from_overnight_high,depth_mid_ask,trade_imbalance_60s,wall_strength_opposite_5,realized_vol_1m,realized_volatility_30s,depth_near_ask,realized_vol_5m,distance_from_overnight_high,depth_mid_bid,opening_range_width,depth_mid_ask,cancel_ratio,opening_range_position
ok,lower,1,180,mr_pts_t180,16,4.0,vol30_top30,realized_volatility_30s,0.3,1025,666,205,154,278,124,79,0.4174174174174174,0.6048780487804878,0.512987012987013,0.6347072879330944,0.72753111677091,0.6711546918810456,0.23923669933759015,0.6582278481012658,0.6359180468427856,0.6743427331018849,0.24094373374351594,43.0,distance_from_overnight_high,depth_mid_ask,realized_vol_5m,realized_vol_1m,update_rate_bid,opening_range_width,spread_mid_ratio,depth_near_ask,distance_from_ema_21,distance0,depth_mid_ask,distance_from_overnight_high,realized_vol_5m,depth_near_ask,realized_vol_1m,update_rate_bid,opening_range_width,spread_mid_ratio,avg_trade_size,distance_from_ema_21
ok,lower,1,180,mr_pts_t180,16,4.0,vol1m_top30,realized_vol_1m,0.3,1025,666,205,154,276,120,73,0.4144144144144144,0.5853658536585366,0.474025974025974,0.6530392156862745,0.718826021045923,0.7173528742131907,0.2620467051934861,0.647894469812278,0.5935572983578672,0.6880025534281822,0.24750247984541812,5.0,depth_near_ask,opening_range_width,avg_trade_size,depth_mid_ask,average_true_range,add_rate_bid,distance_from_prior_day_high,realized_vol_5m,realized_volatility_30s,liquidity_slope_ask,depth_near_ask,opening_range_width,depth_mid_ask,distance_from_prior_day_high,add_rate_bid,realized_vol_5m,average_true_range,avg_trade_size,realized_volatility_30s,distance_from_ema_21
ok,lower,1,180,mr_pts_t180,16,4.0,vol5m_top30,realized_vol_5m,0.3,1025,666,205,154,274,102,73,0.4114114114114114,0.4975609756097561,0.474025974025974,0.6679040548258138,0.6363995442980842,0.6526211959916179,0.23024236364153258,0.6118721461187214,0.5696069784253578,0.6779635063183458,0.24220300250990565,63.0,depth_near_ask,realized_vol_1m,average_true_range,realized_vol_5m,opening_range_width,add_rate_ask,return_last_5m,bid_queue_depletion_rate,spread_mid_ratio,distance_from_prior_day_high,depth_near_ask,realized_vol_1m,average_true_range,realized_vol_5m,opening_range_width,distance_from_prior_day_high,depth_mid_bid,add_rate_ask,return_last_5m,spread_mid_ratio
ok,lower,1,180,mr_pts_t180,24,6.0,none,,,3413,2218,683,512,306,71,98,0.13796212804328223,0.10395314787701318,0.19140625,0.8501564945226917,0.4308002723456031,0.25406349182218824,0.07522435916332126,0.7727250320418023,0.4391829194557654,0.46348088250099617,0.1424888402644259,177.0,realized_vol_1m,depth_mid_bid,realized_volatility_30s,average_true_range,distance_from_overnight_high,opening_range_width,avg_trade_size,cancel_rate_ask,since_touch_any_seconds,distance_from_prior_day_high,realized_volatility_30s,realized_vol_1m,average_true_range,depth_mid_bid,distance_from_overnight_high,distance_from_prior_day_high,opening_range_width,since_touch_any_seconds,realized_vol_5m,depth_near_ask
ok,lower,1,180,mr_pts_t180,24,6.0,vol30_top30,realized_volatility_30s,0.3,1025,666,205,154,174,82,59,0.26126126126126126,0.4,0.38311688311688313,0.7092008724965299,0.5941876840019211,0.6124888977801369,0.21384857001404256,0.6808206958073149,0.5632776607506664,0.6497516853827013,0.22847322685236784,139.0,avg_trade_size,opening_range_width,since_touch_any_seconds,realized_vol_1m,distance_from_overnight_high,realized_vol_5m,OFI_burst_ratio,distance_from_prior_day_high,realized_volatility_30s,average_true_range,realized_vol_1m,realized_vol_5m,avg_trade_size,realized_volatility_30s,opening_range_width,distance_from_prior_day_high,since_touch_any_seconds,distance_from_overnight_high,depth_near_ask,OFI_burst_ratio
ok,lower,1,180,mr_pts_t180,24,6.0,vol1m_top30,realized_vol_1m,0.3,1025,666,205,154,171,85,52,0.25675675675675674,0.4146341463414634,0.33766233766233766,0.6787254901960784,0.5870151337838168,0.6303377278872792,0.22175489818166927,0.668552036199095,0.5417706605718325,0.6077539596401031,0.20868400121491187,107.0,opening_range_width,distance_from_prior_day_high,realized_vol_1m,since_touch_any_seconds,realized_vol_5m,average_true_range,avg_trade_size,distance_from_overnight_high,realized_volatility_30s,depth_mid_bid,opening_range_width,realized_vol_1m,distance_from_prior_day_high,realized_vol_5m,since_touch_any_seconds,average_true_range,realized_volatility_30s,depth_near_ask,depth_mid_bid,distance_from_overnight_high
ok,lower,1,180,mr_pts_t180,24,6.0,vol5m_top30,realized_vol_5m,0.3,1025,666,205,154,177,67,48,0.26576576576576577,0.32682926829268294,0.3116883116883117,0.6459009301319489,0.47869491494561867,0.6101800294258191,0.2106281566909792,0.667059748427673,0.5069013054959296,0.5872981103570033,0.19958670441306542,37.0,realized_vol_1m,average_true_range,avg_trade_size,opening_range_width,realized_vol_5m,depth_mid_bid,realized_volatility_30s,distance_from_prior_day_high,depth_near_ask,update_rate_ask,realized_vol_1m,realized_vol_5m,opening_range_width,average_true_range,realized_volatility_30s,avg_trade_size,depth_mid_bid,distance_from_prior_day_high,depth_near_ask,update_rate_ask
ok,lower,1,180,mr_pts_t180,32,8.0,none,,,3413,2218,683,512,169,43,54,0.07619477006311992,0.0629575402635432,0.10546875,0.8799781976744185,0.39739155648062774,0.17662085728350907,0.049461352760558824,0.784570596797671,0.296568792739149,0.31223946566862737,0.08886593389782252,111.0,depth_mid_bid,realized_volatility_30s,realized_vol_1m,distance_from_overnight_high,depth_far_ask,distance_from_prior_day_high,update_rate_bid,depth_far_bid,cancel_rate_ask,opening_range_width,realized_volatility_30s,realized_vol_5m,realized_vol_1m,distance_from_prior_day_high,depth_mid_bid,opening_range_width,distance_from_overnight_high,depth_far_ask,add_rate_ask,trade_sign_autocorr_10s
ok,lower,1,180,mr_pts_t180,32,8.0,vol30_top30,realized_volatility_30s,0.3,1025,666,205,154,100,58,40,0.15015015015015015,0.28292682926829266,0.2597402597402597,0.702732817264837,0.5069992734007728,0.6210499950660813,0.21149172653250325,0.675109649122807,0.38950850976881113,0.5937904536302973,0.19902307920390078,7.0,distance_from_prior_day_high,realized_vol_5m,opening_range_width,rv_pre_pts2,depth_near_bid,realized_vol_1m,distance_from_overnight_high,cancel_ratio,depth_far_bid,macd_signal,distance_from_prior_day_high,realized_vol_5m,opening_range_width,rv_pre_pts2,realized_vol_1m,cancel_ratio,depth_near_bid,distance_from_overnight_high,vwap_drift,macd_signal
ok,lower,1,180,mr_pts_t180,32,8.0,vol1m_top30,realized_vol_1m,0.3,1025,666,205,154,99,60,35,0.14864864864864866,0.2926829268292683,0.22727272727272727,0.6890804597701149,0.49582070406384277,0.5637154222497919,0.18749062388749316,0.704921968787515,0.4258255589706552,0.4990148861740064,0.16410399616189925,78.0,opening_range_width,distance_from_prior_day_high,best_bid_queue_norm,realized_vol_1m,realized_vol_5m,distance_from_overnight_high,depth_mid_bid,trade_sign_autocorr_10s,sma_spread_20_50,depth_near_ask,realized_vol_5m,distance_from_prior_day_high,opening_range_width,realized_vol_1m,best_bid_queue_norm,distance_from_overnight_high,trade_sign_autocorr_10s,depth_near_bid,sma_spread_20_50,depth_mid_bid
ok,lower,1,180,mr_pts_t180,32,8.0,vol5m_top30,realized_vol_5m,0.3,1025,666,205,154,108,41,32,0.16216216216216217,0.2,0.2077922077922078,0.676829268292683,0.34816626824278063,0.47586785602220283,0.15227441673872633,0.7095286885245902,0.38172087785497855,0.4773188240137333,0.15383666072147603,34.0,opening_range_width,realized_vol_5m,realized_volatility_30s,realized_vol_1m,spread_mid_ratio,distance_from_prior_day_high,cancel_ratio,average_true_range,depth_mid_bid,trade_sign_autocorr_10s,realized_vol_5m,opening_range_width,realized_vol_1m,realized_volatility_30s,distance_from_prior_day_high,trade_sign_autocorr_60s,average_true_range,spread_mid_ratio,trade_sign_autocorr_10s,cancel_ratio
skipped_too_few_positives,lower,1,180,,40,10.0,none,,,3413,2218,683,512,100,18,31,,,,,,,,,,,,,,,,,,,,,,,,,,,,,,,,
ok,lower,1,180,mr_pts_t180,40,10.0,vol30_top30,realized_volatility_30s,0.3,1025,666,205,154,57,40,26,0.08558558558558559,0.1951219512195122,0.16883116883116883,0.7324242424242424,0.49445036866085285,0.46029484040385615,0.14494486045637256,0.7421875,0.3309669239261733,0.44927520915363706,0.13876398099574033,37.0,realized_vol_5m,distance_from_overnight_high,wall_strength_opposite_3,distance_from_prior_day_high,realized_volatility_30s,realized_vol_1m,distance_from_prior_day_low,average_true_range,prior_day_rth_high,distance_from_session_vwap_anchor,realized_vol_5m,realized_vol_1m,wall_strength_opposite_3,distance_from_prior_day_high,distance_from_overnight_high,realized_volatility_30s,distance_from_prior_day_low,average_true_range,add_rate_ask,sma_spread_20_50
ok,lower,1,180,mr_pts_t180,40,10.0,vol1m_top30,realized_vol_1m,0.3,1025,666,205,154,56,43,24,0.08408408408408409,0.2097560975609756,0.15584415584415584,0.7294717197817974,0.5064288226966721,0.4906573619462878,0.1571292143863023,0.7431089743589744,0.36748466001818725,0.4170110449325389,0.12783818972120778,29.0,distance_from_overnight_high,realized_vol_5m,realized_vol_1m,wall_strength_opposite_3,realized_volatility_30s,distance_from_prior_day_high,rv_pre_pts2,wall_strength_opposite_5,average_true_range,depth_near_bid,realized_vol_5m,realized_vol_1m,distance_from_overnight_high,wall_strength_opposite_3,distance_from_prior_day_high,rv_pre_pts2,realized_volatility_30s,average_true_range,distance_from_prior_day_low,wall_strength_opposite_5
ok,lower,1,180,mr_pts_t180,40,10.0,vol5m_top30,realized_vol_5m,0.3,1025,666,205,154,66,27,22,0.0990990990990991,0.13170731707317074,0.14285714285714285,0.7174365376612568,0.35572487817695536,0.35359473083694254,0.10527203744185083,0.7047176308539945,0.2891689159755102,0.3995330869065993,0.11916152818969682,36.0,realized_vol_5m,realized_volatility_30s,wall_strength_opposite_3,distance_from_overnight_high,distance_from_prior_day_high,average_true_range,add_rate_ask,spread_mid_ratio,rv_pre_pts2,realized_vol_1m,realized_vol_5m,realized_volatility_30s,wall_strength_opposite_3,realized_vol_1m,distance_from_prior_day_high,average_true_range,add_rate_ask,distance_from_overnight_high,CVD,rv_pre_pts2
ok,lower,1,300,mr_pts_t300,4,1.0,none,,,3413,2218,683,512,1832,550,427,0.8259693417493237,0.8052708638360175,0.833984375,0.6404784688995215,0.8694892221163095,0.4743601228063371,0.15066463808291908,0.6562060889929742,0.8993087719877373,0.4234986190023263,0.13010135508328957,53.0,realized_volatility_30s,distance_from_overnight_high,queue_imbalance_std_5s,realized_vol_1m,update_rate_ask,cancel_rate_ask,bid_liquidity_shock,realized_vol_5m,distance_from_overnight_low,liquidity_slope_ask,realized_vol_1m,queue_imbalance_std_5s,realized_volatility_30s,distance_from_overnight_high,update_rate_ask,distance_from_overnight_low,ask_convexity,depth_near_ask,cancel_rate_ask,bid_curvature_l5
ok,lower,1,300,mr_pts_t300,4,1.0,vol30_top30,realized_volatility_30s,0.3,1025,666,205,154,595,188,137,0.8933933933933934,0.9170731707317074,0.8896103896103896,0.7007196495619525,0.9594094926463774,0.28662093336715305,0.07616233005584926,0.5893087161872048,0.9219141765898283,0.3461079217946999,0.09797303900660292,3.0,bid_liquidity_shock,distance_from_overnight_high,sigma0,add_rate_bid,queue_imbalance_slope_5s,trade_imbalance_60s,queue_imbalance_std_5s,trade_sign_autocorr_10s,liquidity_slope_bid,vah,bid_liquidity_shock,sigma0,distance_from_overnight_high,add_rate_bid,queue_imbalance_slope_5s,trade_imbalance_60s,queue_imbalance_std_5s,trade_sign_autocorr_10s,liquidity_slope_bid,vah
ok,lower,1,300,mr_pts_t300,4,1.0,vol1m_top30,realized_vol_1m,0.3,1025,666,205,154,595,187,141,0.8933933933933934,0.9121951219512195,0.9155844155844156,0.7131610219845514,0.9642684663759179,0.29414381487958063,0.07949715145258984,0.7449536279323513,0.9700730893263567,0.285562196634334,0.07653837226701521,8.0,sigma0,distance_from_overnight_high,distance0,bid_curvature_l5,bid_queue_depletion_rate,wall_strength_opposite_3,ask_depth_curvature,best_bid_queue_norm,depth_near_ask,depth_mid_ask,distance_from_overnight_high,sigma0,distance0,bid_curvature_l5,ask_depth_curvature,depth_mid_ask,best_bid_queue_norm,depth_near_ask,wall_strength_opposite_3,realized_volatility_30s
ok,lower,1,300,mr_pts_t300,4,1.0,vol5m_top30,realized_vol_5m,0.3,1025,666,205,154,597,183,140,0.8963963963963963,0.8926829268292683,0.9090909090909091,0.5588673621460507,0.903765808148026,0.34024592827980954,0.09569001275316434,0.6293367346938776,0.9434045950513774,0.30269333351360483,0.08228116275413,6.0,bid_liquidity_shock,realized_volatility_30s,realized_vol_1m,ask_convexity,cancel_ratio,depth_near_ask,depth_far_ask,OFI_60s,liquidity_slope_bid,toxicity_ratio,realized_volatility_30s,bid_liquidity_shock,ask_convexity,realized_vol_1m,depth_far_ask,depth_near_ask,depth_mid_ask,cancel_ratio,bid_curvature_l5,time_of_day_sin
ok,lower,1,300,mr_pts_t300,8,2.0,none,,,3413,2218,683,512,1380,409,342,0.6221821460775473,0.5988286969253295,0.66796875,0.6409883461531597,0.7215455430013682,0.6453575639529351,0.22708453770385928,0.6787409700722394,0.8116132438618368,0.5907351897653547,0.20247150602780611,92.0,realized_vol_1m,realized_volatility_30s,average_true_range,distance_from_overnight_high,realized_vol_5m,distance_from_overnight_low,flow_impact,depth_near_ask,since_touch_any_seconds,cancel_rate_ask,realized_vol_1m,realized_volatility_30s,average_true_range,cancel_rate_ask,depth_near_ask,realized_vol_5m,distance_from_overnight_high,since_touch_any_seconds,distance_from_overnight_low,flow_impact
ok,lower,1,300,mr_pts_t300,8,2.0,vol30_top30,realized_volatility_30s,0.3,1025,666,205,154,493,170,121,0.7402402402402403,0.8292682926829268,0.7857142857142857,0.6744537815126052,0.9123136077026849,0.43514777824694617,0.13481843851996683,0.6185825194089657,0.847882161983306,0.5180542506490918,0.169228435328594,140.0,bid_queue_depletion_rate,distance_from_overnight_high,bid_liquidity_shock,update_rate_bid,prior_day_rth_low,sma_spread_20_50,avg_trade_size,distance0,realized_vol_5m,cancel_ratio,bid_queue_depletion_rate,update_rate_bid,cancel_ratio,distance_from_overnight_high,bid_liquidity_shock,sma_spread_20_50,macd,realized_vol_5m,distance_from_prior_day_high,avg_trade_size
ok,lower,1,300,mr_pts_t300,8,2.0,vol1m_top30,realized_vol_1m,0.3,1025,666,205,154,496,168,122,0.7447447447447447,0.8195121951219512,0.7922077922077922,0.6860521235521235,0.9098319174255085,0.4793575389501171,0.15029989711235792,0.5791495901639344,0.8435641088927691,0.513919098680464,0.1656717023708615,8.0,bid_queue_depletion_rate,distance_from_overnight_high,realized_vol_1m,cancel_rate_ask,distance_from_prior_day_high,update_rate_bid,depth_near_ask,sigma0,session_high_running_t0,absorption_ratio,bid_queue_depletion_rate,distance_from_overnight_high,realized_vol_1m,cancel_rate_ask,distance_from_prior_day_high,update_rate_bid,depth_near_ask,depth_curvature_pressure,remove_rate_near_bid,rsi_14
ok,lower,1,300,mr_pts_t300,8,2.0,vol5m_top30,realized_vol_5m,0.3,1025,666,205,154,495,163,115,0.7432432432432432,0.7951219512195122,0.7467532467532467,0.6464358749634823,0.8722195352379946,0.5104717605010752,0.16408303512672323,0.6240802675585285,0.8412198631054777,0.5633382985035776,0.18815335181412207,3.0,add_rate_bid,bid_queue_depletion_rate,realized_vol_1m,wall_strength_opposite_3,trade_sign_autocorr_10s,depth_mid_bid,realized_vol_5m,ema_spread_9_21,spread_expansion_ratio,range_position,add_rate_bid,realized_vol_1m,bid_queue_depletion_rate,wall_strength_opposite_3,depth_mid_bid,realized_vol_5m,trade_sign_autocorr_10s,range_position,ema_spread_9_21,spread_expansion_ratio
ok,lower,1,300,mr_pts_t300,12,3.0,none,,,3413,2218,683,512,1010,303,262,0.45536519386834984,0.44363103953147875,0.51171875,0.6816397429216605,0.6296549305572418,0.6399016476494345,0.22362362628798627,0.7326259541984732,0.7268012622541713,0.6214840453181585,0.21700820698600273,111.0,realized_vol_1m,realized_volatility_30s,average_true_range,depth_mid_ask,realized_vol_5m,opening_range_position,distance_from_overnight_high,distance_from_prior_day_high,cancel_rate_ask,since_touch_any_seconds,realized_vol_1m,realized_volatility_30s,depth_mid_ask,realized_vol_5m,average_true_range,depth_near_ask,distance_from_overnight_high,distance_from_prior_day_high,cancel_rate_ask,opening_range_position
ok,lower,1,300,mr_pts_t300,12,3.0,vol30_top30,realized_volatility_30s,0.3,1025,666,205,154,401,159,107,0.6021021021021021,0.775609756097561,0.6948051948051948,0.6294777139732021,0.8460414258100784,0.5317751526933802,0.1744295003956056,0.6762775899781268,0.8334257190460717,0.6000406298846939,0.2060891055121923,105.0,realized_vol_5m,depth_mid_ask,spread_expansion_ratio,distance_from_overnight_high,bid_queue_depletion_rate,distance0,trade_sign_autocorr_60s,toxicity_ratio,bid_queue_change_rate,return_last_5m,depth_mid_ask,realized_vol_5m,spread_expansion_ratio,distance_from_overnight_high,distance0,bid_queue_depletion_rate,ask_depth_curvature,update_rate_bid,bid_queue_change_rate,toxicity_ratio
ok,lower,1,300,mr_pts_t300,12,3.0,vol1m_top30,realized_vol_1m,0.3,1025,666,205,154,401,157,105,0.6021021021021021,0.7658536585365854,0.6818181818181818,0.6365445859872612,0.8394921408435096,0.5354799112816853,0.17615220988735233,0.7002915451895043,0.8321297974384134,0.5941831517402523,0.2031903483513373,95.0,realized_vol_5m,distance0,depth_mid_ask,realized_vol_1m,vwap_drift,spread_expansion_ratio,bid_queue_depletion_rate,depth_near_ask,trade_sign_autocorr_60s,trade_imbalance_60s,realized_vol_5m,depth_mid_ask,distance0,depth_near_ask,realized_vol_1m,vwap_drift,distance_from_overnight_high,depth_mid_bid,bid_queue_depletion_rate,trade_imbalance_60s
ok,lower,1,300,mr_pts_t300,12,3.0,vol5m_top30,realized_vol_5m,0.3,1025,666,205,154,395,152,104,0.5930930930930931,0.7414634146341463,0.6753246753246753,0.6432472691161866,0.8192170445497615,0.6118409699076784,0.20988951865569036,0.5987500000000001,0.7734388155057179,0.6406393670929875,0.22406614315343326,3.0,realized_vol_5m,depth_near_ask,cancel_rate_ask,distance_from_session_vwap_anchor,best_bid_queue_norm,since_touch_any_seconds,rv_pre_pts2,depth_mid_bid,vwap_drift,band_k,realized_vol_5m,depth_near_ask,cancel_rate_ask,distance_from_session_vwap_anchor,since_touch_any_seconds,best_bid_queue_norm,depth_mid_bid,rv_pre_pts2,vwap_drift,band_k
ok,lower,1,300,mr_pts_t300,16,4.0,none,,,3413,2218,683,512,760,216,214,0.34265103697024346,0.3162518301610542,0.41796875,0.7202395114600681,0.5357075899053302,0.5559237653602903,0.18792911078269434,0.7218058081916828,0.6256598550204613,0.6062851654250921,0.2116528588251363,92.0,realized_vol_1m,realized_volatility_30s,average_true_range,depth_mid_bid,add_rate_ask,tick_rate,distance_from_overnight_high,realized_vol_5m,depth_mid_ask,depth_far_bid,realized_vol_1m,realized_volatility_30s,realized_vol_5m,distance_from_overnight_high,add_rate_ask,depth_mid_bid,depth_far_bid,depth_mid_ask,average_true_range,tick_rate
ok,lower,1,300,mr_pts_t300,16,4.0,vol30_top30,realized_volatility_30s,0.3,1025,666,205,154,332,144,95,0.4984984984984985,0.7024390243902439,0.6168831168831169,0.6313752276867031,0.755386756600057,0.6359365730278306,0.2218363154259742,0.6670829616413917,0.7607088445883972,0.6557979129847025,0.23160890882251733,29.0,realized_vol_5m,distance_from_overnight_high,depth_mid_ask,bid_queue_depletion_rate,distance0,realized_vol_1m,toxicity_ratio,add_rate_bid,ask_depth_curvature,spread_expansion_ratio,realized_vol_5m,depth_mid_ask,distance_from_overnight_high,bid_queue_depletion_rate,distance0,realized_vol_1m,session_low_running_t0,toxicity_ratio,ask_depth_curvature,add_rate_bid
ok,lower,1,300,mr_pts_t300,16,4.0,vol1m_top30,realized_vol_1m,0.3,1025,666,205,154,329,140,89,0.493993993993994,0.6829268292682927,0.577922077922078,0.6237362637362637,0.7607687906047506,0.6223691103374841,0.2158670966230338,0.6949006050129645,0.7420527210867943,0.6387452256596631,0.2235829929813204,68.0,realized_vol_5m,distance_from_overnight_high,distance0,bid_queue_depletion_rate,spread_mid_ratio,realized_vol_1m,depth_near_ask,sigma0,ask_liquidity_shock,distance_from_prior_day_high,realized_vol_5m,distance_from_overnight_high,distance0,realized_vol_1m,bid_queue_depletion_rate,spread_mid_ratio,depth_near_ask,depth_mid_bid,distance_from_prior_day_high,opening_range_width
ok,lower,1,300,mr_pts_t300,16,4.0,vol5m_top30,realized_vol_5m,0.3,1025,666,205,154,329,128,86,0.493993993993994,0.624390243902439,0.5584415584415584,0.6661931818181819,0.7185625327682846,0.6323156016974882,0.21943754895846446,0.661422708618331,0.6975307062380218,0.6534990761814256,0.23044658965606948,183.0,realized_vol_5m,distance0,spread_expansion_ratio,distance_from_prior_day_high,depth_mid_bid,bid_queue_depletion_rate,distance_from_session_vwap_anchor,realized_vol_1m,cancel_ratio,OFI_burst_ratio,realized_vol_5m,distance0,depth_near_ask,depth_mid_bid,realized_vol_1m,cancel_ratio,distance_from_prior_day_high,bid_queue_depletion_rate,spread_expansion_ratio,distance_from_session_vwap_anchor
ok,lower,1,300,mr_pts_t300,24,6.0,none,,,3413,2218,683,512,440,111,138,0.19837691614066727,0.16251830161054173,0.26953125,0.7886032886032885,0.4566226100277827,0.36640357646075805,0.11282556800312164,0.7681159420289855,0.5092869397897088,0.526790572527177,0.17559785076878748,129.0,realized_volatility_30s,realized_vol_1m,distance_from_overnight_high,add_rate_ask,average_true_range,depth_mid_bid,depth_mid_ask,realized_vol_5m,distance_from_prior_day_high,queue_imbalance_std_5s,realized_volatility_30s,average_true_range,realized_vol_1m,realized_vol_5m,distance_from_overnight_high,add_rate_ask,distance_from_prior_day_high,depth_mid_bid,opening_range_width,depth_mid_ask
ok,lower,1,300,mr_pts_t300,24,6.0,vol30_top30,realized_volatility_30s,0.3,1025,666,205,154,226,102,69,0.33933933933933935,0.4975609756097561,0.44805194805194803,0.7266799923853037,0.7024910048165451,0.7148438677715837,0.26070816302760297,0.695225916453538,0.5973018810565658,0.694414096842397,0.25067873990678713,7.0,realized_vol_5m,distance_from_overnight_high,opening_range_width,depth_mid_ask,depth_near_ask,CVD,distance_from_prior_day_high,sma_spread_20_50,dist_day_high,distance_from_range_extreme,realized_vol_5m,distance_from_overnight_high,depth_mid_ask,opening_range_width,distance_from_prior_day_high,depth_near_ask,CVD,sma_spread_20_50,distance_from_range_extreme,dist_day_high
ok,lower,1,300,mr_pts_t300,24,6.0,vol1m_top30,realized_vol_1m,0.3,1025,666,205,154,224,103,65,0.33633633633633636,0.5024390243902439,0.42207792207792205,0.718732153055397,0.7156730902304411,0.6863833892708834,0.24731202356198573,0.7254969749351773,0.6076925903906059,0.6523654898110343,0.23106645166492396,19.0,realized_vol_5m,distance_from_overnight_high,distance_from_prior_day_high,opening_range_width,depth_mid_ask,average_true_range,cancel_rate_ask,sma_spread_20_50,distance_from_session_midrange,vah,realized_vol_5m,distance_from_prior_day_high,distance_from_overnight_high,opening_range_width,depth_mid_ask,average_true_range,distance_from_session_midrange,cancel_rate_ask,vah,distance_from_range_extreme_norm
ok,lower,1,300,mr_pts_t300,24,6.0,vol5m_top30,realized_vol_5m,0.3,1025,666,205,154,229,90,65,0.34384384384384387,0.43902439024390244,0.42207792207792205,0.6838647342995169,0.6080170436290104,0.6482622926650196,0.22710606287403456,0.645980985306828,0.5414786518470203,0.6731630092132387,0.236406450501284,141.0,realized_vol_5m,avg_trade_size,average_true_range,distance_from_prior_day_high,opening_range_width,depth_mid_bid,bid_liquidity_shock,update_rate_ask,distance0,liquidity_slope_ask,realized_vol_5m,average_true_range,distance_from_prior_day_high,opening_range_width,avg_trade_size,liquidity_slope_ask,depth_mid_bid,update_rate_ask,bid_liquidity_shock,since_touch_any_seconds
ok,lower,1,300,mr_pts_t300,32,8.0,none,,,3413,2218,683,512,261,62,81,0.11767357980162309,0.09077598828696926,0.158203125,0.8722663757726872,0.4095162183410137,0.236252054049045,0.0686806056681651,0.7900948125232735,0.3710308126188049,0.3819526964240184,0.11992099811646176,64.0,realized_vol_1m,average_true_range,depth_mid_bid,opening_range_width,distance_from_overnight_high,realized_volatility_30s,add_rate_ask,distance_from_prior_day_high,realized_vol_5m,wall_strength_opposite_5,realized_vol_5m,realized_vol_1m,average_true_range,realized_volatility_30s,opening_range_width,depth_mid_bid,distance_from_prior_day_high,distance_from_overnight_high,add_rate_ask,depth_mid_ask
ok,lower,1,300,mr_pts_t300,32,8.0,vol30_top30,realized_volatility_30s,0.3,1025,666,205,154,148,74,47,0.2222222222222222,0.36097560975609755,0.3051948051948052,0.6991438002888385,0.5655250082638774,0.6368828396019595,0.2236717505598668,0.6823424139988069,0.43334262704008464,0.5985186029737821,0.20616377864003846,22.0,distance_from_prior_day_high,realized_vol_1m,realized_vol_5m,opening_range_width,distance_from_overnight_high,distance_from_ema_21,depth_near_ask,cancel_rate_ask,average_true_range,vwap_drift,distance_from_prior_day_high,realized_vol_1m,realized_vol_5m,opening_range_width,distance_from_overnight_high,distance_from_ema_21,depth_near_ask,average_true_range,cancel_rate_ask,vwap_drift
ok,lower,1,300,mr_pts_t300,32,8.0,vol1m_top30,realized_vol_1m,0.3,1025,666,205,154,146,75,44,0.21921921921921922,0.36585365853658536,0.2857142857142857,0.6934871794871794,0.5689870452364031,0.6563902225766892,0.23213289454156025,0.6957644628099173,0.43692944629354874,0.5811678238559146,0.19811768997027135,14.0,opening_range_width,distance_from_prior_day_high,realized_vol_1m,realized_vol_5m,average_true_range,ask_liquidity_shock,distance_from_overnight_high,wall_strength_opposite_5,sigma0,realized_volatility_30s,distance_from_prior_day_high,opening_range_width,realized_vol_1m,realized_vol_5m,average_true_range,distance_from_overnight_high,realized_volatility_30s,sigma0,ask_liquidity_shock,wall_strength_opposite_5
ok,lower,1,300,mr_pts_t300,32,8.0,vol5m_top30,realized_vol_5m,0.3,1025,666,205,154,154,61,41,0.23123123123123124,0.2975609756097561,0.2662337662337662,0.6779371584699453,0.44873870325000775,0.572734817976552,0.19466525445068072,0.67019210015109,0.405902064467745,0.5521691083129601,0.18502305717899636,55.0,realized_vol_5m,realized_vol_1m,opening_range_width,distance_from_prior_day_high,average_true_range,bid_queue_depletion_rate,distance_from_session_vwap_anchor,avg_trade_size,add_rate_ask,dist_day_high,realized_vol_5m,realized_vol_1m,opening_range_width,distance_from_prior_day_high,average_true_range,distance_from_session_vwap_anchor,dist_day_high,avg_trade_size,add_rate_ask,bid_queue_depletion_rate
ok,lower,1,300,mr_pts_t300,40,10.0,none,,,3413,2218,683,512,161,34,52,0.07258791704238052,0.04978038067349927,0.1015625,0.8858424725822531,0.33046556748846123,0.15749978459906572,0.04101430538583836,0.7842809364548495,0.30083289403802044,0.2997783154401593,0.08587385011676643,38.0,realized_vol_1m,realized_volatility_30s,realized_vol_5m,average_true_range,opening_range_width,distance_from_prior_day_high,distance_from_ema_21,depth_mid_bid,distance_from_overnight_high,cancel_rate_ask,realized_vol_5m,realized_volatility_30s,realized_vol_1m,average_true_range,distance_from_prior_day_high,distance_from_overnight_high,distance_from_ema_21,opening_range_width,vwap_drift,range_position
ok,lower,1,300,mr_pts_t300,40,10.0,vol30_top30,realized_volatility_30s,0.3,1025,666,205,154,96,53,33,0.14414414414414414,0.25853658536585367,0.21428571428571427,0.7688679245283019,0.585355978656788,0.4983906192914295,0.1646735193524957,0.7470573503631355,0.4236651826041032,0.48152372666850873,0.15752548313549966,48.0,realized_vol_5m,distance_from_overnight_high,distance_from_prior_day_high,average_true_range,distance_from_ema_21,opening_range_width,depth_mid_bid,wall_strength_opposite_3,distance_from_session_vwap_anchor,z_anchor_vwap,realized_vol_5m,distance_from_prior_day_high,distance_from_overnight_high,average_true_range,distance_from_ema_21,wall_strength_opposite_3,depth_mid_bid,distance_from_session_vwap_anchor,realized_vol_1m,opening_range_width
ok,lower,1,300,mr_pts_t300,40,10.0,vol1m_top30,realized_vol_1m,0.3,1025,666,205,154,95,56,32,0.14264264264264265,0.2731707317073171,0.2077922077922078,0.7490412272291468,0.5466248503092359,0.5094536916571072,0.16822039091868096,0.7492315573770492,0.4171864904290743,0.4512522700399086,0.14765271523618548,92.0,realized_vol_5m,average_true_range,distance_from_prior_day_high,depth_far_bid,wall_strength_opposite_3,distance_from_overnight_high,opening_range_width,depth_mid_bid,since_touch_any_seconds,best_bid_queue_norm,realized_vol_5m,distance_from_prior_day_high,average_true_range,wall_strength_opposite_3,distance_from_overnight_high,depth_far_bid,opening_range_width,depth_mid_bid,ask_queue_change_rate,realized_vol_1m
ok,lower,1,300,mr_pts_t300,40,10.0,vol5m_top30,realized_vol_5m,0.3,1025,666,205,154,99,40,31,0.14864864864864866,0.1951219512195122,0.2012987012987013,0.7603030303030303,0.4206305704655341,0.4334063167953349,0.13983898137705114,0.6747967479674797,0.35262301519086986,0.5102734601590357,0.161152782473086,133.0,realized_vol_5m,distance_from_prior_day_high,realized_volatility_30s,best_bid_queue_norm,average_true_range,ask_curvature_l5,wall_strength_opposite_3,liquidity_compression,opening_range_width,vwap_drift,realized_vol_5m,distance_from_prior_day_high,realized_volatility_30s,average_true_range,wall_strength_opposite_3,realized_vol_1m,vwap_drift,ask_curvature_l5,best_bid_queue_norm,liquidity_compression
ok,lower,1,600,mr_pts_t600,4,1.0,none,,,3413,2218,683,512,1924,584,452,0.8674481514878268,0.8550512445095169,0.8828125,0.6678514598035146,0.9130708257980753,0.39859211457986937,0.11999425024954338,0.6727138643067847,0.9377718107147083,0.34864785102628526,0.10018904039904089,16.0,realized_volatility_30s,queue_imbalance_std_5s,distance_from_overnight_high,depth_near_bid,realized_vol_5m,update_rate_ask,bid_liquidity_shock,average_true_range,realized_vol_1m,replenishment_rate_near_5s,queue_imbalance_std_5s,realized_volatility_30s,realized_vol_5m,realized_vol_1m,update_rate_ask,average_true_range,distance_from_overnight_high,replenishment_rate_near_5s,remove_rate_near_bid,tick_rate
ok,lower,1,600,mr_pts_t600,4,1.0,vol30_top30,realized_volatility_30s,0.3,1025,666,205,154,615,191,143,0.9234234234234234,0.9317073170731708,0.9285714285714286,0.5751682872101721,0.9423807151449048,0.24693232556297287,0.06329213936363544,0.7279084551811824,0.9696542823372778,0.23890931640186397,0.06325163799718417,37.0,distance0,bid_curvature_l5,bid_liquidity_shock,depth_mid_ask,distance_from_overnight_high,bid_queue_depletion_rate,sigma0,remove_rate_near_bid,best_ask_queue_norm,distance_from_prior_day_high,bid_liquidity_shock,distance0,depth_mid_ask,bid_curvature_l5,bid_queue_depletion_rate,remove_rate_near_bid,best_bid_queue_norm,distance_from_overnight_high,dsigma_dt,rv_pre_pts2
ok,lower,1,600,mr_pts_t600,4,1.0,vol1m_top30,realized_vol_1m,0.3,1025,666,205,154,613,190,145,0.9204204204204204,0.926829268292683,0.9415584415584416,0.6091228070175438,0.9419859436699887,0.2594786652991893,0.06749438463091528,0.7923371647509578,0.9784314678385391,0.21769316429584443,0.05427703949350044,13.0,sigma0,bid_liquidity_shock,realized_vol_5m,bid_queue_change_rate,depth_mid_ask,volume_burst_ratio,depth_near_ask,wall_strength_opposite_5_2s_avg,bid_curvature_l5,distance_from_value_area_low,sigma0,realized_vol_5m,depth_mid_ask,bid_liquidity_shock,depth_near_ask,liquidity_compression,distance_from_value_area_low,net_liquidity_shock,volume_burst_ratio,bid_queue_change_rate
ok,lower,1,600,mr_pts_t600,4,1.0,vol5m_top30,realized_vol_5m,0.3,1025,666,205,154,623,185,146,0.9354354354354354,0.9024390243902439,0.948051948051948,0.5654054054054054,0.9129542175518928,0.3265879357117539,0.08900275773406803,0.47388698630136994,0.9410858760139234,0.20643137873067927,0.049515466408780344,6.0,liquidity_slope_bid,distance0,OFI_60s,cancel_ratio,midrange_position,cooldown_seconds,ask_convexity,range_position,OBI_l5,bid_curvature_l5,liquidity_slope_bid,OFI_60s,distance0,midrange_position,bid_curvature_l5,cooldown_seconds,cancel_ratio,range_position,ask_convexity,OFI_30s
ok,lower,1,600,mr_pts_t600,8,2.0,none,,,3413,2218,683,512,1572,465,382,0.7087466185752931,0.6808199121522694,0.74609375,0.6592976225707804,0.8049752784846747,0.5957571472129183,0.20475191992731276,0.661236407571486,0.8590352920495168,0.5344788785148185,0.1789143296281327,190.0,distance_from_overnight_high,realized_volatility_30s,average_true_range,flow_burst_ratio,update_rate_ask,opening_range_width,OFI_30s,spread_expansion_ratio,flow_impact,ask_depth_curvature,realized_volatility_30s,distance_from_overnight_high,average_true_range,distance_from_overnight_low,realized_vol_1m,OFI_30s,opening_range_width,OFI,opening_range_position,flow_impact
ok,lower,1,600,mr_pts_t600,8,2.0,vol30_top30,realized_volatility_30s,0.3,1025,666,205,154,537,178,129,0.8063063063063063,0.8682926829268293,0.8376623376623377,0.6135039533915938,0.9060683465870603,0.40206223280486353,0.11787279484814663,0.4706976744186046,0.8306072702267421,0.44722743675959215,0.1370989013482493,1.0,realized_vol_5m,liquidity_compression,impact_efficiency_3s,macd,band_k,side,is_weekend,entry_price,distance0,sigma0,realized_vol_5m,liquidity_compression,macd,impact_efficiency_3s,band_k,side,is_weekend,entry_price,distance0,sigma0
ok,lower,1,600,mr_pts_t600,8,2.0,vol1m_top30,realized_vol_1m,0.3,1025,666,205,154,538,176,129,0.8078078078078078,0.8585365853658536,0.8376623376623377,0.6851489028213166,0.9322576698160558,0.3878343286297192,0.1162489112534199,0.6356589147286822,0.8892831809746093,0.42615549352351956,0.13079471501630568,86.0,OFI_burst_ratio,opening_range_width,distance_from_prior_day_high,sma_spread_20_50,distance_from_overnight_low,distance_from_overnight_high,bid_queue_depletion_rate,ema_spread_9_21,trade_rate_pre_per_s,trade_sign_autocorr_60s,OFI_burst_ratio,opening_range_width,distance_from_overnight_low,distance_from_overnight_high,distance_from_prior_day_high,sma_spread_20_50,bid_queue_depletion_rate,update_rate_bid,ema_spread_9_21,cancel_ratio
ok,lower,1,600,mr_pts_t600,8,2.0,vol5m_top30,realized_vol_5m,0.3,1025,666,205,154,541,171,127,0.8123123123123123,0.8341463414634146,0.8246753246753247,0.6472308221534228,0.8992372658343428,0.43310215505254346,0.13420871484133762,0.6179644211140274,0.8837797412500246,0.45259981751893213,0.1411944242530079,140.0,bid_queue_depletion_rate,distance_from_prior_day_high,realized_vol_5m,depth_mid_bid,volume_burst_ratio,spread_mid_ratio,ema_spread_9_21,distance_from_overnight_low,CVD,flow_burst_ratio,bid_queue_depletion_rate,distance_from_prior_day_high,realized_vol_5m,depth_mid_bid,volume_burst_ratio,flow_burst_ratio,CVD,ema_spread_9_21,microprice_deviation,distance_from_overnight_low
ok,lower,1,600,mr_pts_t600,12,3.0,none,,,3413,2218,683,512,1255,384,316,0.5658250676284942,0.5622254758418741,0.6171875,0.6694188963210703,0.7291175549411487,0.6423981957104192,0.22611404176544198,0.6757136398863343,0.7664028164238095,0.6215223555543863,0.21664378926592784,104.0,realized_volatility_30s,realized_vol_1m,average_true_range,distance_from_overnight_high,opening_range_width,spread_expansion_ratio,distance_from_prior_day_high,depth_mid_ask,realized_vol_5m,opening_range_position,realized_volatility_30s,realized_vol_1m,depth_mid_ask,average_true_range,distance_from_overnight_high,realized_vol_5m,opening_range_width,distance_from_overnight_low,depth_near_ask,distance_from_prior_day_high
ok,lower,1,600,mr_pts_t600,12,3.0,vol30_top30,realized_volatility_30s,0.3,1025,666,205,154,461,169,116,0.6921921921921922,0.824390243902439,0.7532467532467533,0.702827087442472,0.8911455380581284,0.5060673846144041,0.16049219974917764,0.6439428312159708,0.8260077228569214,0.5652008290199458,0.1884626633633594,1.0,depth_mid_ask,distance_from_overnight_high,distance_from_range_extreme_norm,distance_from_vpoc,band_k,side,is_weekend,entry_price,distance0,sigma0,depth_mid_ask,distance_from_range_extreme_norm,distance_from_overnight_high,distance_from_vpoc,band_k,side,is_weekend,entry_price,distance0,sigma0
ok,lower,1,600,mr_pts_t600,12,3.0,vol1m_top30,realized_vol_1m,0.3,1025,666,205,154,459,167,114,0.6891891891891891,0.8146341463414634,0.7402597402597403,0.62921525370312,0.8744740607280053,0.4579044150511416,0.14279829455671197,0.7054824561403509,0.8519685654385349,0.5173472716911459,0.16911597275805007,99.0,depth_mid_ask,distance0,CVD,realized_vol_5m,depth_near_ask,distance_from_overnight_high,cancel_ratio,sigma0,spread_expansion_ratio,vol_ratio,depth_mid_ask,distance0,depth_near_ask,distance_from_overnight_high,realized_vol_5m,CVD,cancel_ratio,distance_from_overnight_low,sigma0,OFI_burst_ratio
ok,lower,1,600,mr_pts_t600,12,3.0,vol5m_top30,realized_vol_5m,0.3,1025,666,205,154,461,162,114,0.6921921921921922,0.7902439024390244,0.7402597402597403,0.6745621590582832,0.8658417996430023,0.4812626253031915,0.15399887275826352,0.6469298245614035,0.8171954685771272,0.5551673810132755,0.1846578429888101,150.0,spread_expansion_ratio,distance_from_prior_day_high,depth_near_ask,CVD,realized_vol_5m,depth_mid_ask,sigma0,distance0,distance_from_overnight_low,bid_queue_change_rate,depth_near_ask,depth_mid_ask,distance_from_prior_day_high,realized_vol_5m,CVD,spread_expansion_ratio,distance0,vol_ratio,sigma0,bid_queue_depletion_rate
ok,lower,1,600,mr_pts_t600,16,4.0,none,,,3413,2218,683,512,1003,300,267,0.4522091974752029,0.43923865300146414,0.521484375,0.6938120104438642,0.6507456960370626,0.6252677221542879,0.2176126138312055,0.7191469846365512,0.7042133015077284,0.6245181219613559,0.21761030620390523,124.0,realized_volatility_30s,distance_from_overnight_high,opening_range_position,realized_vol_1m,depth_mid_ask,depth_near_ask,average_true_range,OFI_burst_ratio,realized_vol_5m,depth_far_ask,realized_volatility_30s,distance_from_overnight_high,realized_vol_1m,depth_mid_ask,depth_near_ask,realized_vol_5m,depth_far_ask,average_true_range,opening_range_position,distance_from_range_extreme_norm
ok,lower,1,600,mr_pts_t600,16,4.0,vol30_top30,realized_volatility_30s,0.3,1025,666,205,154,397,158,105,0.5960960960960962,0.7707317073170732,0.6818181818181818,0.680312415836251,0.8745817473860645,0.5600462147183156,0.1854851392855609,0.7290573372206024,0.8391439667781138,0.6095442180390684,0.2092050790252059,16.0,distance_from_overnight_high,depth_mid_ask,realized_vol_5m,distance0,distance_from_range_extreme_norm,session_low_running_t0,CVD,opening_range_position,distance_from_session_midrange,depth_near_ask,depth_mid_ask,distance_from_overnight_high,realized_vol_5m,distance_from_range_extreme_norm,session_low_running_t0,distance0,depth_far_ask,abs_vwap_slope_pts_per_s,depth_near_ask,distance_from_session_midrange
ok,lower,1,600,mr_pts_t600,16,4.0,vol1m_top30,realized_vol_1m,0.3,1025,666,205,154,392,155,100,0.5885885885885885,0.7560975609756098,0.6493506493506493,0.6705161290322581,0.8409226155090188,0.6043767767271707,0.20621631582094876,0.7125925925925927,0.8118666885194492,0.64652696480502,0.22699641354160444,3.0,depth_near_ask,realized_vol_5m,distance_from_overnight_high,midrange,CVD,distance_from_overnight_low,distance_from_range_extreme_norm,depth_far_ask,range_position,opening_range_width,depth_near_ask,realized_vol_5m,midrange,distance_from_overnight_high,depth_far_ask,distance_from_range_extreme_norm,CVD,distance_from_overnight_low,range_position,opening_range_width
ok,lower,1,600,mr_pts_t600,16,4.0,vol5m_top30,realized_vol_5m,0.3,1025,666,205,154,397,145,99,0.5960960960960962,0.7073170731707317,0.6428571428571429,0.7034482758620688,0.8400536000891672,0.55476046923132,0.18592357261240847,0.6571166207529844,0.7439133032340624,0.6225486075719593,0.21571326791871626,96.0,realized_vol_5m,distance0,sigma0,bid_queue_depletion_rate,depth_near_ask,distance_from_overnight_high,distance_from_prior_day_high,CVD,spread_expansion_ratio,liquidity_slope_ask,realized_vol_5m,depth_near_ask,distance0,distance_from_prior_day_high,depth_mid_ask,bid_queue_depletion_rate,sigma0,distance_from_overnight_high,CVD,cancel_rate_bid
ok,lower,1,600,mr_pts_t600,24,6.0,none,,,3413,2218,683,512,673,186,194,0.3034265103697024,0.27232796486090777,0.37890625,0.7572099262240107,0.5823930332358579,0.4956407053155634,0.162003803855226,0.7519127277442781,0.6496679622661784,0.5796416585159295,0.19931853369524738,101.0,realized_volatility_30s,distance_from_overnight_high,average_true_range,realized_vol_1m,depth_mid_ask,depth_near_ask,opening_range_width,cancel_rate_bid,toxicity_ratio,distance_from_range_extreme_norm,realized_volatility_30s,distance_from_overnight_high,average_true_range,realized_vol_1m,depth_mid_ask,depth_near_ask,distance_from_range_extreme_norm,opening_range_width,opening_range_position,realized_vol_5m
ok,lower,1,600,mr_pts_t600,24,6.0,vol30_top30,realized_volatility_30s,0.3,1025,666,205,154,308,134,87,0.4624624624624625,0.6536585365853659,0.564935064935065,0.7326045827202018,0.8141849650465058,0.6528766498815961,0.2300713397718241,0.7322010636472809,0.77367120618709,0.6586767464031882,0.23297945467829484,23.0,distance_from_overnight_high,opening_range_width,depth_mid_ask,average_true_range,realized_vol_5m,distance_from_prior_day_high,realized_vol_1m,distance0,bid_queue_depletion_rate,CVD,depth_mid_ask,opening_range_width,distance_from_overnight_high,realized_vol_5m,average_true_range,distance_from_prior_day_high,dist_day_low,realized_vol_1m,distance0,bid_queue_depletion_rate
ok,lower,1,600,mr_pts_t600,24,6.0,vol1m_top30,realized_vol_1m,0.3,1025,666,205,154,305,135,85,0.45795795795795796,0.6585365853658537,0.551948051948052,0.7156084656084656,0.8024235936905855,0.6743650723879759,0.24064915948370114,0.7553282182438193,0.7930026257992961,0.6665116515652836,0.23679778415470484,14.0,realized_vol_5m,average_true_range,distance_from_overnight_high,distance_from_prior_day_high,bid_queue_depletion_rate,opening_range_width,CVD,depth_near_ask,add_rate_ask,OFI_burst_ratio,realized_vol_5m,distance_from_prior_day_high,average_true_range,distance_from_overnight_high,distance_from_range_extreme_norm,bid_queue_depletion_rate,depth_near_ask,opening_range_width,CVD,add_rate_ask
ok,lower,1,600,mr_pts_t600,24,6.0,vol5m_top30,realized_vol_5m,0.3,1025,666,205,154,309,122,83,0.46396396396396394,0.5951219512195122,0.538961038961039,0.7310882875765355,0.7729653016303659,0.613134049512574,0.21155311011738884,0.6797895808586458,0.6935071363877284,0.6693019916030923,0.23481103013795415,244.0,realized_vol_5m,distance_from_prior_day_high,average_true_range,CVD,bid_queue_depletion_rate,distance0,distance_from_session_vwap_anchor,spread_expansion_ratio,sigma0,distance_from_overnight_high,realized_vol_5m,distance_from_prior_day_high,average_true_range,bid_queue_depletion_rate,CVD,depth_near_ask,distance0,distance_from_overnight_high,distance_from_session_vwap_anchor,sigma0
ok,lower,1,600,mr_pts_t600,32,8.0,none,,,3413,2218,683,512,453,107,129,0.2042380522993688,0.15666178623718888,0.251953125,0.814203660436137,0.4954975239649824,0.3412134076776464,0.10355234335760759,0.75883984050843,0.49925573947394775,0.49687607024752134,0.16447289112592672,137.0,distance_from_overnight_high,average_true_range,depth_mid_ask,depth_mid_bid,realized_vol_5m,realized_volatility_30s,opening_range_width,cancel_rate_ask,distance_from_prior_day_high,realized_vol_1m,average_true_range,distance_from_overnight_high,realized_vol_5m,depth_mid_ask,realized_volatility_30s,realized_vol_1m,opening_range_width,distance_from_prior_day_high,depth_mid_bid,distance_from_range_extreme_norm
ok,lower,1,600,mr_pts_t600,32,8.0,vol30_top30,realized_volatility_30s,0.3,1025,666,205,154,225,109,66,0.33783783783783783,0.5317073170731708,0.42857142857142855,0.7166475535168196,0.7395982366772773,0.6461064721913639,0.22792353003643168,0.7518939393939394,0.691897663099132,0.6136099774270243,0.21308455659798564,56.0,distance_from_overnight_high,distance_from_prior_day_high,realized_vol_5m,bid_queue_depletion_rate,average_true_range,opening_range_width,depth_mid_ask,distance_from_ema_21,depth_mid_bid,return_last_5m,realized_vol_5m,distance_from_prior_day_high,distance_from_overnight_high,bid_queue_depletion_rate,opening_range_width,average_true_range,distance_from_session_midrange,depth_mid_ask,distance_from_ema_21,depth_mid_bid
ok,lower,1,600,mr_pts_t600,32,8.0,vol1m_top30,realized_vol_1m,0.3,1025,666,205,154,224,110,60,0.33633633633633636,0.5365853658536586,0.38961038961038963,0.7128229665071769,0.7150743979742344,0.6285756675722,0.2195586943637931,0.7906028368794327,0.673093887193268,0.5511010569007249,0.18813573267223843,131.0,distance_from_prior_day_high,realized_vol_5m,distance_from_overnight_high,average_true_range,bid_queue_depletion_rate,depth_mid_bid,depth_near_ask,distance_from_prior_day_low,depth_mid_ask,distance0,distance_from_prior_day_high,realized_vol_5m,distance_from_overnight_high,average_true_range,bid_queue_depletion_rate,depth_near_ask,depth_mid_bid,distance_from_session_midrange,opening_range_width,depth_mid_ask
ok,lower,1,600,mr_pts_t600,32,8.0,vol5m_top30,realized_vol_5m,0.3,1025,666,205,154,232,95,59,0.3483483483483483,0.4634146341463415,0.38311688311688313,0.7198086124401915,0.6645779089633435,0.641809803932352,0.22538133555362738,0.7188224799286351,0.6051377413105048,0.6125820469837843,0.21186280016639134,38.0,realized_vol_5m,distance_from_prior_day_high,bid_queue_depletion_rate,average_true_range,distance_from_session_vwap_anchor,cancel_rate_ask,realized_vol_1m,depth_near_ask,return_last_5m,distance0,realized_vol_5m,distance_from_prior_day_high,average_true_range,bid_queue_depletion_rate,realized_vol_1m,opening_range_width,distance_from_session_vwap_anchor,cancel_rate_ask,depth_near_ask,realized_volatility_30s
ok,lower,1,600,mr_pts_t600,40,10.0,none,,,3413,2218,683,512,301,63,98,0.13570784490532012,0.09224011713030747,0.19140625,0.8746799795186891,0.4614387465706462,0.22439168072832535,0.06446875910223389,0.766784974859509,0.4297484829839836,0.4346617334068181,0.13783872173538778,141.0,distance_from_overnight_high,average_true_range,depth_mid_ask,depth_near_bid,distance_from_prior_day_high,opening_range_width,realized_volatility_30s,depth_far_bid,depth_far_ask,cancel_rate_bid,average_true_range,distance_from_overnight_high,realized_vol_5m,realized_volatility_30s,distance_from_prior_day_high,opening_range_width,realized_vol_1m,depth_mid_ask,depth_near_bid,depth_far_bid
ok,lower,1,600,mr_pts_t600,40,10.0,vol30_top30,realized_volatility_30s,0.3,1025,666,205,154,164,82,51,0.24624624624624625,0.4,0.33116883116883117,0.7627900059488399,0.7035149187961285,0.6608550353834636,0.2356363176065834,0.7707024557395773,0.5989961198427911,0.6042738359266658,0.20985947944572142,14.0,distance_from_overnight_high,average_true_range,realized_vol_5m,wall_strength_opposite_5_2s_avg,vwap_drift,distance_from_prior_day_high,opening_range_width,depth_near_ask,range_position,realized_volatility_30s,average_true_range,distance_from_overnight_high,realized_vol_5m,wall_strength_opposite_5_2s_avg,distance_from_prior_day_high,vwap_drift,opening_range_width,range_position,realized_volatility_30s,range_position_norm
ok,lower,1,600,mr_pts_t600,40,10.0,vol1m_top30,realized_vol_1m,0.3,1025,666,205,154,163,83,47,0.24474474474474475,0.40487804878048783,0.3051948051948052,0.7388406083349792,0.6380158987112319,0.6878573602909944,0.24716832712794246,0.8066215947504474,0.6203355611158385,0.5884094851865007,0.20180148076336057,8.0,average_true_range,depth_mid_bid,distance_from_overnight_high,realized_vol_1m,depth_near_bid,distance_from_prior_day_high,microprice,z_anchor_vwap,realized_vol_5m,distance_from_session_midrange,average_true_range,depth_mid_bid,distance_from_overnight_high,depth_near_bid,realized_vol_1m,realized_vol_5m,distance_from_prior_day_high,vwap_slope_pts_per_s,microprice,z_anchor_vwap
ok,lower,1,600,mr_pts_t600,40,10.0,vol5m_top30,realized_vol_5m,0.3,1025,666,205,154,168,69,48,0.25225225225225223,0.33658536585365856,0.3116883116883117,0.724531116794544,0.5322398921203813,0.5704468456807155,0.19433485098649625,0.7193396226415094,0.5617387335789318,0.5585696606107446,0.1891528161932118,74.0,average_true_range,distance_from_prior_day_high,realized_vol_5m,depth_mid_bid,ask_curvature_l5,distance0,bid_queue_depletion_rate,distance_from_session_vwap_anchor,realized_vol_1m,vwap_drift,realized_vol_5m,average_true_range,distance_from_prior_day_high,ask_curvature_l5,realized_vol_1m,depth_mid_bid,distance0,bid_queue_depletion_rate,distance_from_overnight_high,distance_from_session_vwap_anchor
ok,upper,2,60,mr_pts_t60,4,1.0,none,,,3418,2221,684,513,1418,419,350,0.6384511481314723,0.6125730994152047,0.682261208576998,0.6837168460395371,0.752897200185095,0.6594731671424489,0.233563224629706,0.6508851884312008,0.7818956041541865,0.6220447665273536,0.21531674257399505,3.0,realized_volatility_30s,realized_vol_1m,add_rate_ask,average_true_range,depth_far_bid,cancel_rate_bid,depth_mid_bid,queue_imbalance_std_5s,vol_ratio,ask_curvature_l5,realized_volatility_30s,realized_vol_1m,average_true_range,cancel_rate_bid,add_rate_ask,depth_far_bid,queue_imbalance_std_5s,session_low_running_t0,dsigma_dt,vol_ratio
ok,upper,2,60,mr_pts_t60,4,1.0,vol30_top30,realized_volatility_30s,0.3,1026,666,206,154,540,169,130,0.8108108108108109,0.8203883495145631,0.8441558441558441,0.6110666879897649,0.8749476643866116,0.46244641316799395,0.14489755764320075,0.5836538461538461,0.895740515107597,0.43035858750133643,0.13113351729785716,21.0,queue_imbalance_std_5s,spread_volatility,depth_far_bid,depth_mid_bid,remove_rate_near_bid,rsi_14,stoch_k_14,return_last_5m,queue_length_total_norm,microprice,queue_imbalance_std_5s,spread_volatility,depth_mid_bid,depth_far_bid,rsi_14,distance_from_overnight_high,remove_rate_near_bid,trade_sign_autocorr_10s,stoch_k_14,ema_spread_9_21
ok,upper,2,60,mr_pts_t60,4,1.0,vol1m_top30,realized_vol_1m,0.3,1026,666,206,154,539,167,125,0.8093093093093093,0.8106796116504854,0.8116883116883117,0.6566866267465069,0.8847431899090883,0.4727457269785633,0.14967084007167633,0.5478620689655174,0.8677724089249375,0.4893826974272327,0.15518378707148578,73.0,spread_volatility,trade_sign_autocorr_10s,queue_length_total_norm,queue_imbalance_std_5s,depth_far_bid,stoch_k_14,trade_sign_autocorr_30s,best_ask_queue_norm,microprice,depth_far_ask,queue_length_total_norm,stoch_k_14,best_ask_queue_norm,spread_volatility,trade_sign_autocorr_10s,queue_imbalance_std_5s,depth_far_bid,trade_sign_autocorr_30s,ema_spread_9_21,stoch_d_3
ok,upper,2,60,mr_pts_t60,4,1.0,vol5m_top30,realized_vol_5m,0.3,1026,666,206,154,517,167,124,0.7762762762762763,0.8106796116504854,0.8051948051948052,0.5799170888991247,0.8449169697752297,0.48081087464629546,0.15220965582877435,0.5432795698924732,0.8484586831092695,0.49288154434137077,0.15712040977611721,34.0,depth_far_bid,bid_queue_depletion_rate,trade_sign_autocorr_10s,depth_mid_bid,realized_volatility_30s,ask_depth_curvature,queue_imbalance_std_5s,bid_curvature_l5,add_rate_ask,cooldown_seconds,depth_far_bid,bid_queue_depletion_rate,depth_mid_bid,trade_sign_autocorr_10s,ask_depth_curvature,bid_curvature_l5,queue_length_total_norm,cooldown_seconds,rv_pre_pts2,realized_volatility_30s
ok,upper,2,60,mr_pts_t60,8,2.0,none,,,3418,2221,684,513,824,209,212,0.3710040522287258,0.3055555555555556,0.41325536062378165,0.7396726265424326,0.5779325032492545,0.5394815525819443,0.1803981321018361,0.7208675484234941,0.6440607607964675,0.6027202169806619,0.2072328007423272,81.0,realized_vol_1m,realized_volatility_30s,depth_far_bid,ask_queue_depletion_rate,average_true_range,cancel_ratio,toxicity_ratio,distance_from_overnight_low,spread_expansion_ratio,cancel_rate_ask,realized_vol_1m,realized_volatility_30s,distance_from_overnight_low,bid_queue_change_rate,depth_far_bid,ask_queue_depletion_rate,toxicity_ratio,cancel_ratio,average_true_range,bid_queue_depletion_rate
ok,upper,2,60,mr_pts_t60,8,2.0,vol30_top30,realized_volatility_30s,0.3,1026,666,206,154,403,120,94,0.6051051051051051,0.5825242718446602,0.6103896103896104,0.6499031007751938,0.6989481034003,0.6621238223621064,0.23365967021467113,0.6560283687943261,0.7436048793617052,0.6363708470478737,0.2228971113508218,71.0,bid_queue_depletion_rate,queue_imbalance_std_5s,depth_mid_bid,toxicity_ratio,distance_from_session_vwap_anchor,depth_near_bid,trade_sign_autocorr_60s,spread_volatility,realized_vol_1m,ema_spread_9_21,bid_queue_depletion_rate,queue_imbalance_std_5s,toxicity_ratio,depth_mid_bid,distance_from_session_vwap_anchor,trade_sign_autocorr_60s,depth_near_bid,realized_vol_1m,ema_spread_9_21,obv_session
ok,upper,2,60,mr_pts_t60,8,2.0,vol1m_top30,realized_vol_1m,0.3,1026,666,206,154,401,116,89,0.6021021021021021,0.5631067961165048,0.577922077922078,0.6214559386973181,0.6543308232122067,0.6807524724489953,0.24357448255274097,0.6656871218668972,0.724095447943847,0.6553768213955774,0.2319491195541763,37.0,bid_queue_depletion_rate,depth_near_bid,queue_imbalance_std_5s,depth_far_ask,trade_sign_autocorr_30s,obv_session,depth_mid_bid,trade_imbalance_60s,macd,ema_spread_9_21,depth_near_bid,bid_queue_depletion_rate,depth_far_ask,queue_imbalance_std_5s,obv_session,macd,trade_sign_autocorr_30s,realized_vol_1m,trade_imbalance_60s,ema_spread_9_21
ok,upper,2,60,mr_pts_t60,8,2.0,vol5m_top30,realized_vol_5m,0.3,1026,666,206,154,371,104,96,0.5570570570570571,0.5048543689320388,0.6233766233766234,0.6012443438914027,0.5659407294007173,0.6959477531477193,0.25138438996257345,0.5620510057471264,0.7219762970158422,0.662305295403947,0.23478148893151557,9.0,depth_far_bid,realized_volatility_30s,realized_vol_1m,depth_far_ask,depth_mid_bid,best_bid_queue_norm,depth_near_bid,ask_depth_curvature,weighted_OBI_l10,impact_efficiency_10s,depth_far_bid,realized_volatility_30s,realized_vol_1m,depth_far_ask,depth_mid_bid,ask_depth_curvature,bid_queue_depletion_rate,impact_efficiency_10s,liquidity_slope_ask,best_bid_queue_norm
ok,upper,2,60,mr_pts_t60,12,3.0,none,,,3418,2221,684,513,476,115,127,0.21431787483115713,0.16812865497076024,0.2475633528265107,0.7573317032169329,0.4073972925303875,0.3938566367798815,0.12287943950799331,0.7677777324466566,0.49415743950366603,0.47309142490560285,0.1550421744477699,85.0,realized_volatility_30s,opening_range_width,cancel_rate_ask,depth_far_ask,add_rate_bid,depth_far_bid,realized_vol_1m,ask_queue_depletion_rate,depth_near_ask,toxicity_ratio,realized_volatility_30s,cancel_rate_ask,add_rate_bid,opening_range_width,depth_far_bid,realized_vol_1m,rv_pre_pts2,depth_far_ask,depth_near_ask,cooldown_seconds
ok,upper,2,60,mr_pts_t60,12,3.0,vol30_top30,realized_volatility_30s,0.3,1026,666,206,154,270,86,65,0.40540540540540543,0.4174757281553398,0.42207792207792205,0.6050387596899224,0.503855411140187,0.6675470439819071,0.23736683748020937,0.6309420916162489,0.567578854241771,0.6601193789229775,0.23392632683937525,22.0,depth_far_bid,cancel_rate_ask,toxicity_ratio,rv_pre_pts2,realized_volatility_30s,trade_imbalance_5s,depth_mid_bid,queue_imbalance_std_5s,abs_vwap_slope_pts_per_s,trade_rate_pre_per_s,cancel_rate_ask,depth_far_bid,toxicity_ratio,rv_pre_pts2,realized_volatility_30s,depth_mid_bid,trade_imbalance_5s,trade_rate_pre_per_s,queue_imbalance_std_5s,absorption_ratio
ok,upper,2,60,mr_pts_t60,12,3.0,vol1m_top30,realized_vol_1m,0.3,1026,666,206,154,264,82,60,0.3963963963963964,0.39805825242718446,0.38961038961038963,0.6313434303697876,0.5120997372463385,0.6566461275552543,0.2320648936946164,0.6499999999999999,0.5147219245199903,0.6459671100807306,0.227090335371156,22.0,realized_volatility_30s,depth_far_ask,trade_sign_autocorr_30s,depth_far_bid,abs_vwap_slope_pts_per_s,toxicity_ratio,opening_range_width,cancel_rate_bid,aggressive_volume_ratio,cancel_rate_ask,realized_volatility_30s,depth_far_ask,trade_sign_autocorr_30s,depth_far_bid,cancel_rate_ask,toxicity_ratio,abs_vwap_slope_pts_per_s,opening_range_width,add_rate_ask,aggressive_volume_ratio
ok,upper,2,60,mr_pts_t60,12,3.0,vol5m_top30,realized_vol_5m,0.3,1026,666,206,154,235,71,66,0.35285285285285284,0.3446601941747573,0.42857142857142855,0.6209702660406886,0.45360392795312954,0.6340889787671993,0.22120888692122023,0.6002066115702479,0.5427342810386073,0.6723086376795049,0.23979486865264826,19.0,depth_far_ask,realized_volatility_30s,depth_far_bid,trade_imbalance_5s,realized_vol_1m,spread_volatility,add_rate_ask,opening_range_width,average_true_range,rv_pre_pts2,depth_far_ask,realized_volatility_30s,depth_far_bid,realized_vol_1m,rv_pre_pts2,trade_imbalance_5s,add_rate_ask,average_true_range,spread_volatility,depth_near_ask
ok,upper,2,60,mr_pts_t60,16,4.0,none,,,3418,2221,684,513,327,78,78,0.14723097703737056,0.11403508771929824,0.15204678362573099,0.7738850808157739,0.35711198778727293,0.3047105556728174,0.0892691928870807,0.765988800471559,0.3556090561108765,0.3665985498439099,0.11286122854450824,72.0,realized_volatility_30s,cancel_rate_ask,depth_far_bid,depth_near_ask,cooldown_seconds,distance_from_overnight_low,depth_far_ask,realized_vol_1m,opening_range_width,cancel_rate_bid,realized_volatility_30s,cancel_rate_ask,depth_far_bid,realized_vol_1m,cooldown_seconds,distance_from_overnight_low,depth_near_ask,sigma0,cancel_rate_bid,distance0
ok,upper,2,60,mr_pts_t60,16,4.0,vol30_top30,realized_volatility_30s,0.3,1026,666,206,154,201,69,42,0.30180180180180183,0.33495145631067963,0.2727272727272727,0.6948058817306675,0.5016001351976591,0.6020255776791872,0.20690279611543813,0.6819727891156463,0.3888515810641774,0.5630233265030251,0.18930545732207357,36.0,depth_far_bid,depth_near_ask,trade_rate_pre_per_s,realized_vol_1m,rv_pre_pts2,liquidity_slope_ask,queue_imbalance_std_5s,distance_from_session_vwap_anchor,toxicity_ratio,realized_volatility_30s,depth_near_ask,trade_rate_pre_per_s,depth_far_bid,realized_vol_1m,rv_pre_pts2,liquidity_slope_ask,distance_from_session_vwap_anchor,queue_imbalance_std_5s,opening_range_width,realized_volatility_30s
ok,upper,2,60,mr_pts_t60,16,4.0,vol1m_top30,realized_vol_1m,0.3,1026,666,206,154,196,67,37,0.29429429429429427,0.32524271844660196,0.24025974025974026,0.6873188016750779,0.4625953900844533,0.6106313423291718,0.21081529911860533,0.6946176946176946,0.3959712357683906,0.5454429240444405,0.17997779553778612,11.0,trade_rate_pre_per_s,depth_near_ask,realized_vol_1m,realized_volatility_30s,depth_far_bid,sigma_lvl,average_true_range,return_last_5m,depth_far_ask,opening_range_width,trade_rate_pre_per_s,depth_near_ask,realized_vol_1m,realized_volatility_30s,opening_range_width,average_true_range,return_last_5m,trade_sign_autocorr_30s,sigma_lvl,depth_far_ask
ok,upper,2,60,mr_pts_t60,16,4.0,vol5m_top30,realized_vol_5m,0.3,1026,666,206,154,167,58,39,0.25075075075075076,0.2815533980582524,0.2532467532467532,0.6457945013979497,0.39894795433725944,0.5707223302056462,0.19243171433929498,0.6347826086956523,0.3857808266196181,0.5502338798382992,0.18246804757799817,29.0,depth_far_bid,realized_vol_1m,depth_far_ask,average_true_range,realized_volatility_30s,realized_vol_5m,dsigma_dt,trade_imbalance_5s,opening_range_width,cancel_rate_bid,realized_vol_1m,depth_far_bid,average_true_range,realized_volatility_30s,realized_vol_5m,depth_far_ask,rv_pre_pts2,opening_range_width,cancel_rate_bid,dsigma_dt
ok,upper,2,60,mr_pts_t60,24,6.0,none,,,3418,2221,684,513,156,34,34,0.07023863124718595,0.049707602339181284,0.06627680311890838,0.826923076923077,0.21678982613107897,0.17416254187614807,0.044043997058655256,0.8520815424290802,0.2589447337954691,0.20975528781608288,0.05650226196529069,24.0,realized_vol_1m,opening_range_width,depth_far_ask,cooldown_seconds,realized_volatility_30s,distance_from_overnight_low,average_true_range,depth_far_bid,dsigma_dt,aggressive_buy_volume,realized_vol_1m,average_true_range,realized_volatility_30s,distance_from_overnight_low,depth_far_ask,cooldown_seconds,opening_range_width,depth_far_bid,OFI_60s,aggressive_buy_volume
ok,upper,2,60,mr_pts_t60,24,6.0,vol30_top30,realized_volatility_30s,0.3,1026,666,206,154,96,40,28,0.14414414414414414,0.1941747572815534,0.18181818181818182,0.7295180722891567,0.42148569272449493,0.4394929076016796,0.1410732067358456,0.721938775510204,0.3600910964579749,0.4345593213556999,0.1378687161061546,110.0,flow_impact,depth_far_bid,opening_range_width,distance_from_overnight_low,realized_vol_1m,realized_vol_5m,rv_pre_pts2,obv_session,update_rate_ask,bid_queue_depletion_rate,realized_vol_5m,opening_range_width,realized_vol_1m,flow_impact,rv_pre_pts2,distance_from_overnight_low,depth_far_bid,trade_rate_pre_per_s,vwap_drift,update_rate_ask
ok,upper,2,60,mr_pts_t60,24,6.0,vol1m_top30,realized_vol_1m,0.3,1026,666,206,154,100,37,23,0.15015015015015015,0.1796116504854369,0.14935064935064934,0.695186310570926,0.38323556608676185,0.44717697667520934,0.14299872834047386,0.7066047129107202,0.4009585280895646,0.37920725148854595,0.11374160501714488,92.0,opening_range_width,flow_impact,realized_vol_1m,realized_vol_5m,depth_far_bid,distance_from_overnight_low,obv_session,queue_imbalance_slope_5s,average_true_range,z_anchor_vwap,opening_range_width,realized_vol_5m,realized_vol_1m,average_true_range,flow_impact,distance0,distance_from_overnight_low,depth_far_bid,update_rate_ask,trade_rate_pre_per_s
ok,upper,2,60,mr_pts_t60,24,6.0,vol5m_top30,realized_vol_5m,0.3,1026,666,206,154,93,29,21,0.13963963963963963,0.1407766990291262,0.13636363636363635,0.7182933956750439,0.2961639110891799,0.3807215781820568,0.11685874300854295,0.7357679914070892,0.4519878807891752,0.3548995500124631,0.10453365033110924,54.0,opening_range_width,average_true_range,realized_vol_1m,realized_vol_5m,depth_far_ask,dsigma_dt,depth_far_bid,tick_rate,queue_imbalance_std_5s,distance_from_overnight_low,realized_vol_5m,opening_range_width,realized_vol_1m,average_true_range,queue_imbalance_std_5s,depth_far_bid,depth_far_ask,distance_from_overnight_low,distance0,dsigma_dt
skipped_too_few_positives,upper,2,60,,32,8.0,none,,,3418,2221,684,513,72,15,13,,,,,,,,,,,,,,,,,,,,,,,,,,,,,,,,
skipped_too_few_positives,upper,2,60,,32,8.0,vol30_top30,,,1026,666,206,154,42,26,12,,,,,,,,,,,,,,,,,,,,,,,,,,,,,,,,
skipped_too_few_positives,upper,2,60,,32,8.0,vol1m_top30,,,1026,666,206,154,46,23,12,,,,,,,,,,,,,,,,,,,,,,,,,,,,,,,,
skipped_too_few_positives,upper,2,60,,32,8.0,vol5m_top30,,,1026,666,206,154,46,16,13,,,,,,,,,,,,,,,,,,,,,,,,,,,,,,,,
skipped_too_few_positives,upper,2,60,,40,10.0,none,,,3418,2221,684,513,37,6,3,,,,,,,,,,,,,,,,,,,,,,,,,,,,,,,,
skipped_too_few_positives,upper,2,60,,40,10.0,vol30_top30,,,1026,666,206,154,22,16,3,,,,,,,,,,,,,,,,,,,,,,,,,,,,,,,,
skipped_too_few_positives,upper,2,60,,40,10.0,vol1m_top30,,,1026,666,206,154,25,13,3,,,,,,,,,,,,,,,,,,,,,,,,,,,,,,,,
skipped_too_few_positives,upper,2,60,,40,10.0,vol5m_top30,,,1026,666,206,154,25,9,3,,,,,,,,,,,,,,,,,,,,,,,,,,,,,,,,
ok,upper,2,180,mr_pts_t180,4,1.0,none,,,3418,2221,684,513,1707,513,414,0.7685727149932463,0.75,0.8070175438596491,0.6498694755081336,0.8307372012925549,0.5464621273034711,0.18176422080186413,0.610305958132045,0.8639034517049442,0.48319285316635185,0.15322811274837486,14.0,realized_vol_1m,add_rate_ask,cancel_rate_bid,realized_volatility_30s,depth_far_bid,trade_sign_autocorr_30s,add_rate_bid,distance_from_range_extreme_norm,depth_far_ask,best_ask_queue_norm,realized_vol_1m,add_rate_ask,realized_volatility_30s,cancel_rate_bid,add_rate_bid,depth_far_bid,depth_near_bid,trade_sign_autocorr_30s,cvd_acceleration,ask_queue_depletion_rate
ok,upper,2,180,mr_pts_t180,4,1.0,vol30_top30,realized_volatility_30s,0.3,1026,666,206,154,585,188,136,0.8783783783783784,0.912621359223301,0.8831168831168831,0.5573286052009456,0.9259071434975015,0.2957378762349313,0.07961877259827824,0.639297385620915,0.9303326980589687,0.3537577785956976,0.10185060098054818,31.0,depth_far_bid,spread_volatility,trade_rate_pre_per_s,distance_from_session_midrange,impact_efficiency_10s,queue_length_total_norm,trade_sign_autocorr_10s,aggressive_volume_ratio,queue_imbalance_std_5s,bid_curvature_l5,depth_far_bid,trade_rate_pre_per_s,spread_volatility,trade_sign_autocorr_10s,aggressive_volume_ratio,impact_efficiency_10s,distance_from_session_vwap_anchor,queue_length_total_norm,queue_imbalance_std_5s,volume_per_second
ok,upper,2,180,mr_pts_t180,4,1.0,vol1m_top30,realized_vol_1m,0.3,1026,666,206,154,582,187,133,0.8738738738738738,0.9077669902912622,0.8636363636363636,0.7464114832535884,0.9598891446775166,0.31047747928268876,0.08424537760891923,0.5100250626566416,0.8896909560581556,0.39871569040042515,0.11786568403116549,2.0,stoch_k_14,trade_sign_autocorr_30s,ask_liquidity_shock,queue_imbalance_std_5s,bid_queue_change_rate,distance_from_overnight_low,sma_spread_20_50,band_k,side,is_weekend,stoch_k_14,ask_liquidity_shock,trade_sign_autocorr_30s,bid_queue_change_rate,queue_imbalance_std_5s,sma_spread_20_50,distance_from_overnight_low,band_k,side,is_weekend
ok,upper,2,180,mr_pts_t180,4,1.0,vol5m_top30,realized_vol_5m,0.3,1026,666,206,154,566,187,132,0.8498498498498499,0.9077669902912622,0.8571428571428571,0.7016605685336336,0.9606054110512698,0.2997973300464442,0.0824475103984682,0.4552341597796143,0.8535922031234106,0.42265565882351497,0.12556439248484902,48.0,queue_length_total_norm,depth_far_bid,depth_near_bid,impact_efficiency_10s,realized_volatility_30s,distance_from_overnight_low,distance_from_session_midrange,ask_liquidity_shock,tick_rate,best_ask_queue_norm,depth_near_bid,depth_far_bid,queue_length_total_norm,impact_efficiency_10s,distance_from_overnight_low,bid_liquidity_shock,tick_rate,ask_liquidity_shock,realized_volatility_30s,distance_from_session_midrange
ok,upper,2,180,mr_pts_t180,8,2.0,none,,,3418,2221,684,513,1187,345,320,0.5344439441692931,0.5043859649122807,0.6237816764132553,0.6587191654910007,0.654800458566715,0.6692706832943682,0.23822497839946097,0.6279226036269431,0.7241042277082385,0.6554689266387889,0.23147759796772147,15.0,realized_vol_1m,cancel_rate_ask,depth_far_bid,realized_volatility_30s,cancel_ratio,depth_mid_bid,toxicity_ratio,add_rate_ask,spread_expansion_ratio,tick_rate,realized_vol_1m,realized_volatility_30s,cancel_rate_ask,depth_far_bid,depth_mid_bid,cancel_ratio,add_rate_ask,aggressive_buy_volume,toxicity_ratio,spread_expansion_ratio
ok,upper,2,180,mr_pts_t180,8,2.0,vol30_top30,realized_volatility_30s,0.3,1026,666,206,154,481,147,111,0.7222222222222222,0.7135922330097088,0.7207792207792207,0.5755217341173757,0.7992592522724504,0.5961816298568806,0.20329007758202475,0.652838885397025,0.8256438104782108,0.5766264954692161,0.1950274620946078,15.0,depth_mid_bid,toxicity_ratio,depth_near_bid,cooldown_seconds,weighted_OBI_l10,impact_efficiency_10s,flow_burst_ratio,cancel_rate_ask,depth_far_bid,trade_rate_pre_per_s,depth_mid_bid,toxicity_ratio,cooldown_seconds,depth_near_bid,impact_efficiency_10s,weighted_OBI_l10,vwap_drift,depth_far_bid,cancel_rate_ask,trade_rate_pre_per_s
ok,upper,2,180,mr_pts_t180,8,2.0,vol1m_top30,realized_vol_1m,0.3,1026,666,206,154,482,146,107,0.7237237237237237,0.7087378640776699,0.6948051948051948,0.582933789954338,0.7581379802494479,0.6006563551521988,0.20541181473349535,0.6088685623384371,0.7915077868024214,0.6124940435216016,0.21099989290255097,9.0,toxicity_ratio,cancel_ratio,depth_near_bid,abs_vwap_slope_pts_per_s,weighted_OBI_l10,depth_mid_bid,depth_far_bid,bid_curvature_l5,add_rate_ask,queue_imbalance_std_5s,cancel_ratio,toxicity_ratio,depth_near_bid,add_rate_ask,cancel_rate_ask,abs_vwap_slope_pts_per_s,depth_mid_bid,weighted_OBI_l10,volume_per_second,depth_far_bid
ok,upper,2,180,mr_pts_t180,8,2.0,vol5m_top30,realized_vol_5m,0.3,1026,666,206,154,462,139,112,0.6936936936936937,0.6747572815533981,0.7272727272727273,0.5939546869966713,0.7396101763214467,0.6297720085966959,0.2190514723111172,0.5454931972789115,0.7671139434979914,0.5877736596127661,0.1991111332637766,2.0,add_rate_ask,depth_far_bid,toxicity_ratio,realized_volatility_30s,bid_queue_change_rate,volume_per_second,replenishment_rate_near_5s,band_k,side,is_weekend,depth_far_bid,add_rate_ask,bid_queue_change_rate,realized_volatility_30s,volume_per_second,replenishment_rate_near_5s,toxicity_ratio,band_k,side,is_weekend
ok,upper,2,180,mr_pts_t180,12,3.0,none,,,3418,2221,684,513,835,236,237,0.3759567762269248,0.34502923976608185,0.4619883040935672,0.6937802663438257,0.5404449639984751,0.5941492265054348,0.20444756785479096,0.6804256099798203,0.6262015733342232,0.650915046416208,0.22906567063145014,108.0,realized_volatility_30s,cancel_rate_ask,toxicity_ratio,realized_vol_1m,opening_range_width,depth_mid_bid,depth_far_bid,cancel_rate_bid,add_rate_bid,impact_efficiency_30s,realized_volatility_30s,cancel_rate_ask,realized_vol_1m,depth_far_bid,toxicity_ratio,depth_mid_bid,add_rate_bid,opening_range_width,cancel_rate_bid,depth_near_ask
ok,upper,2,180,mr_pts_t180,12,3.0,vol30_top30,realized_volatility_30s,0.3,1026,666,206,154,380,122,93,0.5705705705705706,0.5922330097087378,0.6038961038961039,0.5894320843091334,0.7079667218144998,0.6650883966189992,0.23645985425421234,0.6059404195311123,0.703617692127573,0.6554085881676869,0.2315826061185328,23.0,depth_mid_bid,toxicity_ratio,depth_far_bid,bid_queue_depletion_rate,realized_volatility_30s,depth_near_bid,abs_vwap_slope_pts_per_s,cooldown_seconds,weighted_OBI_l10,bid_queue_change_rate,depth_far_bid,depth_mid_bid,toxicity_ratio,bid_queue_depletion_rate,cooldown_seconds,realized_volatility_30s,depth_near_bid,ask_liquidity_shock,depth_far_ask,bid_queue_change_rate
ok,upper,2,180,mr_pts_t180,12,3.0,vol1m_top30,realized_vol_1m,0.3,1026,666,206,154,384,121,91,0.5765765765765766,0.587378640776699,0.5909090909090909,0.6462809917355371,0.7330456285245787,0.6563989066278864,0.2326059995795302,0.6549799406942265,0.7268155963422342,0.6424044862678717,0.2256106049354489,50.0,depth_far_bid,toxicity_ratio,abs_vwap_slope_pts_per_s,depth_mid_bid,bid_queue_depletion_rate,opening_range_width,add_rate_bid,realized_vol_1m,depth_far_ask,realized_volatility_30s,depth_far_bid,toxicity_ratio,depth_mid_bid,add_rate_bid,abs_vwap_slope_pts_per_s,bid_queue_depletion_rate,opening_range_width,depth_far_ask,realized_vol_1m,OFI_5s
ok,upper,2,180,mr_pts_t180,12,3.0,vol5m_top30,realized_vol_5m,0.3,1026,666,206,154,365,113,96,0.5480480480480481,0.5485436893203883,0.6233766233766234,0.6492054429536587,0.6777685549753627,0.6798808989546614,0.24343971500735112,0.552173132183908,0.6730779600554769,0.6682684752371595,0.23763538774040832,6.0,realized_volatility_30s,depth_far_ask,depth_near_ask,depth_near_bid,depth_far_bid,distance_from_value_area_low,toxicity_ratio,depth_mid_bid,weighted_OBI_l10,impact_efficiency_10s,depth_far_ask,realized_volatility_30s,depth_far_bid,depth_mid_bid,depth_near_bid,depth_near_ask,toxicity_ratio,impact_efficiency_10s,depth_mid_ask,cancel_rate_bid
ok,upper,2,180,mr_pts_t180,16,4.0,none,,,3418,2221,684,513,624,169,173,0.2809545249887438,0.24707602339181287,0.33723196881091616,0.7010800252771874,0.4490033982929946,0.5470259334113129,0.18108325911511344,0.7085345120707243,0.5306276527369498,0.62800932391967,0.21891605750373208,5.0,realized_vol_1m,realized_volatility_30s,depth_far_bid,cancel_rate_ask,average_true_range,toxicity_ratio,depth_mid_bid,add_rate_ask,sigma0,distance_from_overnight_low,realized_vol_1m,realized_volatility_30s,cancel_rate_ask,depth_far_bid,toxicity_ratio,average_true_range,depth_mid_bid,sigma0,depth_near_bid,distance_from_overnight_low
ok,upper,2,180,mr_pts_t180,16,4.0,vol30_top30,realized_volatility_30s,0.3,1026,666,206,154,308,108,78,0.4624624624624625,0.5242718446601942,0.5064935064935064,0.6603363567649282,0.6746603222548971,0.6534998518952388,0.23097169443728116,0.6374831309041835,0.6181049291083236,0.6618938134493438,0.23453210603735097,104.0,depth_far_bid,toxicity_ratio,depth_mid_bid,realized_vol_1m,bid_queue_depletion_rate,obv_session,abs_vwap_slope_pts_per_s,realized_volatility_30s,wall_strength_opposite_3_5s_avg,distance_from_session_vwap_anchor,depth_far_bid,toxicity_ratio,depth_mid_bid,realized_vol_1m,realized_volatility_30s,bid_queue_depletion_rate,distance_from_session_vwap_anchor,obv_session,distance0,wall_strength_opposite_3_5s_avg
ok,upper,2,180,mr_pts_t180,16,4.0,vol1m_top30,realized_vol_1m,0.3,1026,666,206,154,310,107,77,0.46546546546546547,0.5194174757281553,0.5,0.6702539412819786,0.6567295045310865,0.657781775267181,0.2327009901738317,0.6237139483892731,0.6215988974691429,0.6677205846971155,0.23764511589358717,37.0,depth_far_bid,average_true_range,depth_mid_bid,realized_volatility_30s,trade_sign_autocorr_10s,trade_sign_autocorr_60s,abs_vwap_slope_pts_per_s,depth_near_ask,trade_imbalance,opening_range_width,depth_far_bid,depth_mid_bid,average_true_range,trade_rate_pre_per_s,realized_volatility_30s,trade_sign_autocorr_10s,trade_sign_autocorr_60s,opening_range_width,cancel_rate_ask,OFI_5s
ok,upper,2,180,mr_pts_t180,16,4.0,vol5m_top30,realized_vol_5m,0.3,1026,666,206,154,296,98,83,0.4444444444444444,0.47572815533980584,0.538961038961039,0.6319916855631142,0.602613028853398,0.6755193432720209,0.24125841487465297,0.5360597318852877,0.5705556085878992,0.6967804857880414,0.25176907139307086,19.0,average_true_range,depth_far_ask,realized_volatility_30s,depth_far_bid,depth_mid_ask,depth_near_ask,depth_mid_bid,distance_from_value_area_low,abs_vwap_slope_pts_per_s,toxicity_ratio,average_true_range,realized_volatility_30s,depth_far_ask,depth_far_bid,depth_mid_bid,depth_near_ask,depth_mid_ask,opening_range_width,distance_from_value_area_low,abs_vwap_slope_pts_per_s
ok,upper,2,180,mr_pts_t180,24,6.0,none,,,3418,2221,684,513,348,85,86,0.15668617739756865,0.12426900584795321,0.16764132553606237,0.750486104291466,0.3626295690342196,0.32867555379695884,0.09696824412008398,0.7796960949839333,0.42640098536810306,0.38005586789308815,0.11750571805155703,116.0,cancel_rate_ask,depth_far_bid,realized_vol_1m,opening_range_width,toxicity_ratio,realized_volatility_30s,depth_mid_ask,depth_mid_bid,add_rate_ask,CVD,realized_vol_1m,depth_far_bid,cancel_rate_ask,realized_volatility_30s,depth_mid_ask,depth_mid_bid,toxicity_ratio,opening_range_width,distance_from_overnight_low,add_rate_ask
ok,upper,2,180,mr_pts_t180,24,6.0,vol30_top30,realized_volatility_30s,0.3,1026,666,206,154,198,76,50,0.2972972972972973,0.36893203883495146,0.3246753246753247,0.6712044534412955,0.5114686212198255,0.654344481505105,0.2311648047254335,0.6889423076923077,0.4875749213878063,0.6182960260755122,0.2141417202186828,6.0,depth_mid_bid,depth_far_bid,depth_near_ask,vwap_drift,toxicity_ratio,aggressive_volume_ratio,realized_vol_1m,queue_imbalance_mean_5s,realized_volatility_30s,bid_curvature_l5,depth_mid_bid,depth_near_ask,depth_far_bid,vwap_drift,realized_volatility_30s,aggressive_volume_ratio,toxicity_ratio,queue_imbalance_mean_5s,bid_curvature_l5,realized_vol_1m
ok,upper,2,180,mr_pts_t180,24,6.0,vol1m_top30,realized_vol_1m,0.3,1026,666,206,154,200,73,50,0.3003003003003003,0.35436893203883496,0.3246753246753247,0.6751467710371819,0.5155752840403994,0.6137931176491396,0.21281073743507575,0.7144230769230769,0.530351715631313,0.5794280490808082,0.19731634655081753,56.0,depth_far_bid,depth_mid_bid,depth_near_ask,aggressive_volume_ratio,average_true_range,depth_near_bid,depth_mid_ask,realized_volatility_30s,opening_range_width,toxicity_ratio,depth_mid_bid,depth_far_bid,depth_near_ask,aggressive_volume_ratio,depth_near_bid,average_true_range,realized_volatility_30s,depth_mid_ask,trade_rate_pre_per_s,impact_efficiency_10s
ok,upper,2,180,mr_pts_t180,24,6.0,vol5m_top30,realized_vol_5m,0.3,1026,666,206,154,184,65,55,0.27627627627627627,0.3155339805825243,0.35714285714285715,0.6560829241680307,0.4474705191720546,0.5993107218064682,0.20551505735090828,0.6209366391184574,0.5123138999779664,0.640240298417505,0.22369930677447966,24.0,depth_far_bid,realized_vol_1m,average_true_range,depth_mid_ask,depth_near_ask,trade_imbalance,opening_range_width,depth_near_bid,realized_volatility_30s,aggressive_volume_ratio,depth_far_bid,realized_vol_1m,average_true_range,depth_near_ask,depth_near_bid,depth_mid_ask,realized_volatility_30s,depth_far_ask,opening_range_width,trade_imbalance
ok,upper,2,180,mr_pts_t180,32,8.0,none,,,3418,2221,684,513,195,45,45,0.08779828905898245,0.06578947368421052,0.08771929824561403,0.7640410363415058,0.3198798307052067,0.20964630154288838,0.05507116324066405,0.7702754036087369,0.25805237644371276,0.25982484711032067,0.07275105840299217,100.0,add_rate_ask,depth_far_bid,cancel_rate_ask,realized_volatility_30s,depth_near_bid,depth_far_ask,realized_vol_1m,opening_range_width,distance_from_overnight_high,distance_from_overnight_low,realized_volatility_30s,realized_vol_1m,depth_far_bid,cancel_rate_ask,depth_far_ask,depth_near_bid,add_rate_ask,average_true_range,distance_from_overnight_low,opening_range_width
ok,upper,2,180,mr_pts_t180,32,8.0,vol30_top30,realized_volatility_30s,0.3,1026,666,206,154,118,55,27,0.17717717717717718,0.2669902912621359,0.17532467532467533,0.7544852498494883,0.5303056532356698,0.5048303283540425,0.16770890646187026,0.7284922717993585,0.32763626329866513,0.42683132114529804,0.1339262923799717,123.0,distance_from_overnight_low,cancel_rate_ask,flow_impact,queue_imbalance_slope_5s,average_true_range,time_of_day_sin,trade_rate_pre_per_s,depth_near_bid,depth_near_ask,wall_strength_opposite_3,distance_from_overnight_low,cancel_rate_ask,flow_impact,depth_near_ask,depth_near_bid,average_true_range,distance_from_session_vwap_anchor,time_of_day_sin,trade_rate_pre_per_s,queue_imbalance_slope_5s
ok,upper,2,180,mr_pts_t180,32,8.0,vol1m_top30,realized_vol_1m,0.3,1026,666,206,154,116,50,30,0.17417417417417416,0.24271844660194175,0.19480519480519481,0.7392307692307692,0.4868916598747187,0.5062387566713071,0.16689523568009415,0.7024193548387097,0.39249962460664384,0.46395537310535384,0.14704635885946746,33.0,average_true_range,opening_range_width,add_rate_ask,cancel_rate_ask,distance_from_overnight_low,depth_far_ask,depth_near_bid,depth_far_bid,impact_efficiency_10s,wall_strength_opposite_3,average_true_range,opening_range_width,add_rate_ask,depth_far_ask,depth_near_bid,distance_from_overnight_low,depth_far_bid,cancel_rate_ask,wall_strength_opposite_3,impact_efficiency_10s
ok,upper,2,180,mr_pts_t180,32,8.0,vol5m_top30,realized_vol_5m,0.3,1026,666,206,154,112,44,31,0.16816816816816818,0.21359223300970873,0.2012987012987013,0.7070005611672279,0.38998663962633057,0.488695657005147,0.15830196991868944,0.6671911880409127,0.41039153270423184,0.48207615829892253,0.15415687385040727,20.0,average_true_range,opening_range_width,distance_from_overnight_low,realized_volatility_30s,rv_pre_pts2,realized_vol_1m,depth_far_bid,depth_far_ask,distance_from_range_extreme,wall_strength_opposite_3,average_true_range,distance_from_overnight_low,opening_range_width,realized_volatility_30s,rv_pre_pts2,realized_vol_1m,depth_far_ask,depth_near_bid,depth_far_bid,sigma0
ok,upper,2,180,mr_pts_t180,40,10.0,none,,,3418,2221,684,513,114,20,27,0.05132823052678973,0.029239766081871343,0.05263157894736842,0.7647590361445782,0.14274077679853833,0.11895503669304797,0.02735226481980281,0.816948635878677,0.19478156354554477,0.17402322657457753,0.04640267305262461,89.0,depth_far_ask,realized_volatility_30s,impact_efficiency_10s,opening_range_width,realized_vol_1m,abs_vwap_slope_pts_per_s,depth_far_bid,depth_near_bid,remove_rate_near_bid,add_rate_ask,realized_volatility_30s,depth_far_ask,realized_vol_1m,average_true_range,realized_vol_5m,opening_range_width,impact_efficiency_10s,distance_from_overnight_low,depth_near_bid,abs_vwap_slope_pts_per_s
skipped_too_few_positives,upper,2,180,,40,10.0,vol30_top30,,,1026,666,206,154,74,36,17,,,,,,,,,,,,,,,,,,,,,,,,,,,,,,,,
skipped_too_few_positives,upper,2,180,,40,10.0,vol1m_top30,,,1026,666,206,154,74,33,19,,,,,,,,,,,,,,,,,,,,,,,,,,,,,,,,
ok,upper,2,180,mr_pts_t180,40,10.0,vol5m_top30,realized_vol_5m,0.3,1026,666,206,154,75,24,20,0.11261261261261261,0.11650485436893204,0.12987012987012986,0.7326007326007326,0.3940554846819303,0.3258035804310442,0.0940514602830001,0.6705223880597014,0.24777665810454383,0.3682899619643279,0.1089374733605886,28.0,realized_volatility_30s,average_true_range,opening_range_width,sma_spread_20_50,depth_far_ask,distance0,rv_pre_pts2,flow_impact,realized_vol_5m,cancel_rate_ask,average_true_range,realized_volatility_30s,opening_range_width,realized_vol_5m,distance0,rv_pre_pts2,depth_far_ask,flow_impact,sma_spread_20_50,distance_from_overnight_low
ok,upper,2,300,mr_pts_t300,4,1.0,none,,,3418,2221,684,513,1820,552,438,0.8194506978838361,0.8070175438596491,0.8538011695906432,0.6508152173913043,0.8739950723873585,0.4695782724382689,0.14816209024621416,0.6114155251141553,0.8947511942871315,0.41162576920239474,0.12364941655145002,79.0,realized_vol_1m,realized_volatility_30s,depth_far_ask,ask_depth_curvature,add_rate_ask,dsigma_dt,depth_far_bid,average_true_range,ask_queue_depletion_rate,vwap_drift,realized_vol_1m,add_rate_ask,realized_volatility_30s,depth_far_ask,ask_depth_curvature,average_true_range,vwap_drift,opening_range_position,distance_from_session_midrange,ask_queue_depletion_rate
ok,upper,2,300,mr_pts_t300,4,1.0,vol30_top30,realized_volatility_30s,0.3,1026,666,206,154,601,189,140,0.9024024024024024,0.9174757281553398,0.9090909090909091,0.6427015250544663,0.948528793242567,0.2834466129523534,0.07545574714272639,0.5150510204081633,0.9217061899102166,0.3047732984192334,0.08267440697569692,5.0,spread_volatility,macd_hist,depth_near_ask,volume_per_second,trade_sign_autocorr_30s,trade_rate_pre_per_s,range_position,ask_depth_curvature,impact_efficiency_10s,stoch_d_3,trade_rate_pre_per_s,spread_volatility,range_position,macd_hist,impact_efficiency_10s,stoch_d_3,ask_depth_curvature,depth_near_ask,trade_sign_autocorr_30s,trade_imbalance_60s
ok,upper,2,300,mr_pts_t300,4,1.0,vol1m_top30,realized_vol_1m,0.3,1026,666,206,154,599,190,136,0.8993993993993994,0.9223300970873787,0.8831168831168831,0.6922697368421054,0.9557299017256802,0.27470508543329725,0.0718983713176316,0.43157679738562094,0.8650242646763048,0.3626795244942609,0.10359565765473212,1.0,stoch_k_14,spread_volatility,impact_efficiency_30s,volume_burst_ratio,band_k,side,is_weekend,entry_price,distance0,sigma0,stoch_k_14,impact_efficiency_30s,spread_volatility,volume_burst_ratio,band_k,side,is_weekend,entry_price,distance0,sigma0
ok,upper,2,300,mr_pts_t300,4,1.0,vol5m_top30,realized_vol_5m,0.3,1026,666,206,154,589,192,135,0.8843843843843844,0.9320388349514563,0.8766233766233766,0.5498511904761905,0.9362598230060005,0.2516890596139167,0.06427494869750454,0.5079922027290449,0.8808911301241644,0.3882515592179593,0.11100941556791215,50.0,weighted_OBI_l3,impact_efficiency_10s,ask_depth_curvature,queue_length_total_norm,depth_far_bid,distance_from_overnight_low,ask_liquidity_shock,toxicity_ratio,depth_far_ask,distance_from_prior_day_high,ask_depth_curvature,weighted_OBI_l3,impact_efficiency_10s,queue_length_total_norm,depth_far_ask,depth_far_bid,best_ask_queue_norm,wall_strength_opposite_5,distance_from_overnight_low,toxicity_ratio
ok,upper,2,300,mr_pts_t300,8,2.0,none,,,3418,2221,684,513,1352,405,361,0.6087348041422782,0.5921052631578947,0.7037037037037037,0.6349749988937563,0.7216194213780518,0.6528854456829853,0.2304483585654403,0.6045159644263012,0.7834801331241429,0.612132478408209,0.21034023877488,141.0,realized_vol_1m,cancel_ratio,depth_far_bid,realized_volatility_30s,depth_mid_bid,bid_depth_curvature,impact_efficiency_10s,dsigma_dt,average_true_range,opening_range_width,realized_vol_1m,cancel_ratio,realized_volatility_30s,depth_far_bid,depth_mid_bid,dist_day_low,average_true_range,impact_efficiency_10s,opening_range_width,distance_from_overnight_high
ok,upper,2,300,mr_pts_t300,8,2.0,vol30_top30,realized_volatility_30s,0.3,1026,666,206,154,521,157,116,0.7822822822822822,0.7621359223300971,0.7532467532467533,0.5068243858052774,0.7623207260861086,0.5494958777915854,0.18159284284167837,0.5333484573502723,0.771446271642165,0.5605553195264366,0.18650516443152343,1.0,depth_mid_bid,trade_rate_pre_per_s,distance_from_prior_day_high,abs_vwap_slope_pts_per_s,band_k,side,is_weekend,entry_price,distance0,sigma0,depth_mid_bid,abs_vwap_slope_pts_per_s,trade_rate_pre_per_s,distance_from_prior_day_high,band_k,side,is_weekend,entry_price,distance0,sigma0
ok,upper,2,300,mr_pts_t300,8,2.0,vol1m_top30,realized_vol_1m,0.3,1026,666,206,154,523,157,114,0.7852852852852853,0.7621359223300971,0.7402597402597403,0.6208891199792019,0.8105885871090641,0.5480701842567047,0.18111108820289024,0.5291666666666667,0.7552313659063838,0.5786368900194164,0.1943392649616235,1.0,toxicity_ratio,cancel_ratio,dist_day_low,opening_range_width,band_k,side,is_weekend,entry_price,distance0,sigma0,cancel_ratio,opening_range_width,toxicity_ratio,dist_day_low,band_k,side,is_weekend,entry_price,distance0,sigma0
ok,upper,2,300,mr_pts_t300,8,2.0,vol5m_top30,realized_vol_5m,0.3,1026,666,206,154,501,154,116,0.7522522522522522,0.7475728155339806,0.7532467532467533,0.5632492507492507,0.7759401214139166,0.5642649573453179,0.18844315806524478,0.4837794918330308,0.760879091347733,0.5594022072391627,0.18611425543283486,2.0,depth_far_ask,impact_efficiency_10s,cancel_ratio,dsigma_dt,range_position,trade_imbalance_60s,curvature_pressure_l5,band_k,side,is_weekend,depth_far_ask,cancel_ratio,impact_efficiency_10s,dsigma_dt,curvature_pressure_l5,trade_imbalance_60s,range_position,band_k,side,is_weekend
ok,upper,2,300,mr_pts_t300,12,3.0,none,,,3418,2221,684,513,1030,297,293,0.46375506528590726,0.4342105263157895,0.571150097465887,0.6390694194311766,0.5780244690834233,0.6572174067474346,0.23268811776078524,0.6328575860999068,0.6892786128729891,0.669375037955446,0.23844202322721655,66.0,cancel_rate_ask,realized_volatility_30s,realized_vol_1m,depth_mid_bid,opening_range_width,depth_far_bid,impact_efficiency_10s,best_ask_queue_norm,impact_efficiency_30s,toxicity_ratio,realized_volatility_30s,cancel_rate_ask,realized_vol_1m,depth_mid_bid,depth_far_bid,opening_range_width,impact_efficiency_10s,depth_far_ask,best_ask_queue_norm,tick_rate
ok,upper,2,300,mr_pts_t300,12,3.0,vol30_top30,realized_volatility_30s,0.3,1026,666,206,154,434,135,102,0.6516516516516516,0.6553398058252428,0.6623376623376623,0.6045905059989567,0.7335196905554252,0.6322853115811709,0.22015378735314872,0.6210407239819006,0.7334428203498882,0.6262013576768227,0.21749933884495715,36.0,impact_efficiency_10s,depth_far_bid,toxicity_ratio,cancel_rate_ask,depth_far_ask,abs_vwap_slope_pts_per_s,opening_range_width,bid_queue_depletion_rate,weighted_OBI_l10,add_rate_ask,impact_efficiency_10s,depth_far_bid,cancel_rate_ask,toxicity_ratio,depth_far_ask,weighted_OBI_l10,opening_range_width,abs_vwap_slope_pts_per_s,distance_from_session_vwap_anchor,add_rate_ask
ok,upper,2,300,mr_pts_t300,12,3.0,vol1m_top30,realized_vol_1m,0.3,1026,666,206,154,438,137,99,0.6576576576576577,0.6650485436893204,0.6428571428571429,0.6259388553898233,0.7632003523107289,0.6207624936672814,0.21539932458890645,0.6336088154269972,0.7401901811816602,0.6353536071512791,0.22214674905188508,29.0,depth_far_bid,toxicity_ratio,opening_range_width,impact_efficiency_10s,abs_vwap_slope_pts_per_s,distance_from_session_vwap_anchor,cancel_ratio,bid_queue_depletion_rate,cancel_rate_ask,trade_sign_autocorr_30s,depth_far_bid,toxicity_ratio,opening_range_width,abs_vwap_slope_pts_per_s,impact_efficiency_10s,cancel_ratio,distance_from_session_vwap_anchor,cancel_rate_ask,bid_queue_depletion_rate,depth_mid_ask
ok,upper,2,300,mr_pts_t300,12,3.0,vol5m_top30,realized_vol_5m,0.3,1026,666,206,154,415,130,102,0.6231231231231231,0.6310679611650486,0.6623376623376623,0.6076923076923076,0.6864374667621728,0.6461876869185393,0.226947963517122,0.5867269984917045,0.749360506803454,0.6293817002612548,0.21940880735660204,30.0,impact_efficiency_10s,depth_far_bid,cancel_ratio,add_rate_ask,realized_volatility_30s,z_anchor_vwap,distance_from_prior_day_high,depth_mid_bid,average_true_range,realized_vol_1m,impact_efficiency_10s,cancel_ratio,depth_far_bid,average_true_range,add_rate_ask,realized_volatility_30s,z_anchor_vwap,depth_mid_bid,bid_liquidity_shock,distance_from_prior_day_high
ok,upper,2,300,mr_pts_t300,16,4.0,none,,,3418,2221,684,513,802,225,227,0.36109860423232776,0.32894736842105265,0.442495126705653,0.6691164366981361,0.5241442691232012,0.592556475070076,0.20295493499763345,0.6651520285881519,0.5897283902245146,0.6492803879478476,0.22874449697311788,93.0,realized_volatility_30s,cancel_rate_ask,realized_vol_1m,depth_far_bid,opening_range_width,depth_mid_bid,realized_vol_5m,dist_day_low,spread_volatility,impact_efficiency_10s,realized_volatility_30s,realized_vol_1m,depth_far_bid,cancel_rate_ask,depth_mid_bid,opening_range_width,dist_day_low,average_true_range,distance_from_overnight_low,spread_volatility
ok,upper,2,300,mr_pts_t300,16,4.0,vol30_top30,realized_volatility_30s,0.3,1026,666,206,154,371,122,86,0.5570570570570571,0.5922330097087378,0.5584415584415584,0.6501756440281031,0.7183763225016978,0.644857650657063,0.22664388398165794,0.6472298221614228,0.6557453233770025,0.6573708545489453,0.232117528276927,77.0,toxicity_ratio,depth_far_bid,impact_efficiency_10s,abs_vwap_slope_pts_per_s,vwap_drift,average_true_range,opening_range_width,depth_mid_bid,distance_from_session_vwap_anchor,z_anchor_vwap,depth_far_bid,toxicity_ratio,vwap_drift,impact_efficiency_10s,abs_vwap_slope_pts_per_s,z_anchor_vwap,average_true_range,opening_range_width,cooldown_seconds,distance_from_session_vwap_anchor
ok,upper,2,300,mr_pts_t300,16,4.0,vol1m_top30,realized_vol_1m,0.3,1026,666,206,154,372,124,86,0.5585585585585585,0.6019417475728155,0.5584415584415584,0.6538158929976396,0.7343164739238742,0.6400016435177469,0.22443286646388055,0.6450068399452805,0.6513483443959579,0.659276766692453,0.23274095468328493,74.0,depth_far_bid,toxicity_ratio,opening_range_width,vwap_drift,realized_vol_1m,obv_session,abs_vwap_slope_pts_per_s,average_true_range,trade_sign_autocorr_30s,impact_efficiency_10s,depth_far_bid,opening_range_width,toxicity_ratio,vwap_drift,abs_vwap_slope_pts_per_s,obv_session,trade_sign_autocorr_30s,realized_vol_1m,cancel_rate_ask,distance_from_session_vwap_anchor
ok,upper,2,300,mr_pts_t300,16,4.0,vol5m_top30,realized_vol_5m,0.3,1026,666,206,154,356,117,90,0.5345345345345346,0.5679611650485437,0.5844155844155844,0.6463075002400844,0.6583613497860967,0.6610580921710993,0.23419551388967785,0.5557291666666667,0.6180463200904788,0.6749053863430917,0.24093991032308817,33.0,average_true_range,depth_far_bid,depth_far_ask,cancel_rate_ask,depth_mid_ask,realized_volatility_30s,weighted_OBI_l10,impact_efficiency_10s,depth_mid_bid,z_anchor_vwap,average_true_range,depth_far_bid,cancel_rate_ask,depth_far_ask,depth_mid_ask,realized_volatility_30s,z_anchor_vwap,depth_mid_bid,impact_efficiency_10s,weighted_OBI_l10
ok,upper,2,300,mr_pts_t300,24,6.0,none,,,3418,2221,684,513,495,130,129,0.22287257991895543,0.19005847953216373,0.25146198830409355,0.719272424326576,0.42005944786677674,0.4368197779128834,0.13722259491745317,0.7112806847545219,0.4374625277633262,0.5136119926101318,0.169104717851579,107.0,depth_far_bid,realized_volatility_30s,realized_vol_1m,opening_range_width,cancel_rate_ask,toxicity_ratio,CVD,depth_mid_bid,spread_volatility,average_true_range,depth_far_bid,realized_vol_1m,realized_volatility_30s,depth_mid_bid,opening_range_width,toxicity_ratio,distance_from_overnight_low,cancel_rate_ask,spread_volatility,average_true_range
ok,upper,2,300,mr_pts_t300,24,6.0,vol30_top30,realized_volatility_30s,0.3,1026,666,206,154,253,94,65,0.37987987987987987,0.4563106796116505,0.42207792207792205,0.6631838905775076,0.6218020770386796,0.6488501338091216,0.2289687168883883,0.641313742437338,0.546539569675758,0.6573099815459018,0.23131064228762782,118.0,toxicity_ratio,depth_mid_bid,depth_far_bid,opening_range_width,distance_from_overnight_low,queue_imbalance_slope_5s,vwap_drift,spread_volatility,distance_from_session_vwap_anchor,impact_efficiency_10s,toxicity_ratio,depth_mid_bid,depth_far_bid,vwap_drift,spread_volatility,distance_from_overnight_low,distance_from_session_vwap_anchor,opening_range_width,impact_efficiency_10s,queue_imbalance_slope_5s
ok,upper,2,300,mr_pts_t300,24,6.0,vol1m_top30,realized_vol_1m,0.3,1026,666,206,154,256,95,65,0.3843843843843844,0.46116504854368934,0.42207792207792205,0.6750118539592224,0.6314159187648658,0.6451822033584559,0.22699263665209643,0.6271391529818496,0.5377407178798403,0.6659681640760665,0.2355776555040134,126.0,depth_far_bid,opening_range_width,depth_mid_bid,toxicity_ratio,impact_efficiency_10s,aggressive_volume_ratio,update_rate_ask,average_true_range,queue_imbalance_slope_5s,vwap_drift,depth_far_bid,depth_mid_bid,opening_range_width,toxicity_ratio,aggressive_volume_ratio,impact_efficiency_10s,vwap_drift,distance_from_session_vwap_anchor,update_rate_ask,spread_volatility
ok,upper,2,300,mr_pts_t300,24,6.0,vol5m_top30,realized_vol_5m,0.3,1026,666,206,154,247,85,70,0.3708708708708709,0.41262135922330095,0.45454545454545453,0.6695187165775401,0.5678898560319723,0.6421160946576066,0.2252945276584965,0.5789115646258503,0.5366581836579833,0.6905070943291018,0.24767113757423515,65.0,depth_far_bid,toxicity_ratio,average_true_range,distance_from_session_vwap_anchor,impact_efficiency_10s,curvature_pressure_l5,spread_volatility,realized_volatility_30s,depth_mid_bid,z_anchor_vwap,depth_far_bid,toxicity_ratio,average_true_range,distance_from_session_vwap_anchor,realized_volatility_30s,impact_efficiency_10s,depth_mid_bid,spread_volatility,curvature_pressure_l5,realized_vol_1m
ok,upper,2,300,mr_pts_t300,32,8.0,none,,,3418,2221,684,513,296,75,72,0.13327330031517334,0.10964912280701754,0.14035087719298245,0.7594745484400656,0.3863645886272082,0.29485509414992195,0.08381395187561501,0.7541572184429327,0.33339967539484416,0.35545601667840004,0.1081789691631971,127.0,depth_far_bid,opening_range_width,realized_vol_1m,realized_volatility_30s,cancel_rate_ask,average_true_range,distance_from_overnight_low,dsigma_dt,time_of_day_cos,queue_length_total_norm,realized_volatility_30s,realized_vol_1m,depth_far_bid,distance_from_overnight_low,opening_range_width,dsigma_dt,depth_near_bid,depth_far_ask,cancel_rate_ask,average_true_range
ok,upper,2,300,mr_pts_t300,32,8.0,vol30_top30,realized_volatility_30s,0.3,1026,666,206,154,167,73,41,0.25075075075075076,0.35436893203883496,0.2662337662337662,0.7337521886909053,0.6327437981434381,0.5627012503046613,0.1915554219718614,0.6930714439887762,0.4440060911308036,0.549530960247896,0.18178901673696757,255.0,distance_from_overnight_low,queue_imbalance_slope_5s,depth_far_bid,distance_from_overnight_high,bid_queue_change_rate,ask_depth_curvature,cancel_rate_ask,opening_range_width,ask_queue_change_rate,replenishment_rate_near_5s,distance_from_overnight_low,depth_far_bid,cancel_rate_ask,ask_depth_curvature,queue_imbalance_slope_5s,opening_range_width,distance_from_overnight_high,trade_rate_pre_per_s,bid_queue_change_rate,impact_efficiency_10s
ok,upper,2,300,mr_pts_t300,32,8.0,vol1m_top30,realized_vol_1m,0.3,1026,666,206,154,167,71,44,0.25075075075075076,0.3446601941747573,0.2857142857142857,0.7091288471570162,0.5861397774218225,0.5904425764994756,0.202514004946386,0.6485537190082645,0.3938603472013703,0.577291389361814,0.19550771523457,52.0,depth_far_bid,distance_from_overnight_low,average_true_range,depth_far_ask,depth_mid_bid,cancel_rate_ask,bid_queue_change_rate,queue_imbalance_slope_5s,ask_depth_curvature,distance_from_overnight_high,depth_far_bid,distance_from_overnight_low,depth_far_ask,cancel_rate_ask,average_true_range,depth_mid_bid,ask_depth_curvature,bid_queue_change_rate,queue_imbalance_slope_5s,depth_near_bid
ok,upper,2,300,mr_pts_t300,32,8.0,vol5m_top30,realized_vol_5m,0.3,1026,666,206,154,161,65,44,0.24174174174174173,0.3155339805825243,0.2857142857142857,0.6931805782869613,0.5326905964186739,0.5757748967446101,0.19476674984265147,0.6489669421487604,0.4138882086623607,0.5818764249404265,0.19575838978021437,176.0,depth_far_bid,average_true_range,depth_far_ask,distance_from_overnight_low,queue_imbalance_slope_5s,toxicity_ratio,realized_volatility_30s,CVD,obv_session,bid_queue_change_rate,depth_far_bid,average_true_range,depth_far_ask,distance_from_overnight_low,realized_volatility_30s,queue_imbalance_slope_5s,cancel_rate_ask,obv_session,depth_mid_bid,vol_ratio
ok,upper,2,300,mr_pts_t300,40,10.0,none,,,3418,2221,684,513,186,42,44,0.08374606033318326,0.06140350877192982,0.08576998050682261,0.7364263462394303,0.2247424105303264,0.2085136339684308,0.05385777679864827,0.7753440589261484,0.24897831051005856,0.2543070763646011,0.07215222137940398,103.0,depth_far_bid,realized_volatility_30s,opening_range_width,realized_vol_1m,depth_near_bid,distance_from_overnight_low,depth_far_ask,cancel_ratio,average_true_range,abs_vwap_slope_pts_per_s,realized_volatility_30s,depth_far_bid,average_true_range,realized_vol_1m,distance_from_overnight_low,opening_range_width,depth_near_bid,depth_far_ask,abs_vwap_slope_pts_per_s,distance_from_session_vwap_anchor
ok,upper,2,300,mr_pts_t300,40,10.0,vol30_top30,realized_volatility_30s,0.3,1026,666,206,154,112,54,25,0.16816816816816818,0.2621359223300971,0.16233766233766234,0.7485380116959063,0.5653355168651978,0.5024692534178098,0.16533470312489387,0.6551937984496125,0.2753079940134122,0.43868757274403214,0.13524627877867682,76.0,depth_far_bid,distance_from_overnight_low,flow_impact,impact_efficiency_10s,average_true_range,depth_far_ask,ask_depth_curvature,distance_from_session_vwap_anchor,depth_near_bid,realized_volatility_30s,distance_from_overnight_low,depth_far_bid,impact_efficiency_10s,average_true_range,depth_far_ask,flow_impact,ask_depth_curvature,depth_near_bid,distance_from_session_vwap_anchor,realized_volatility_30s
ok,upper,2,300,mr_pts_t300,40,10.0,vol1m_top30,realized_vol_1m,0.3,1026,666,206,154,115,50,27,0.17267267267267267,0.24271844660194175,0.17532467532467533,0.7328205128205127,0.5341822253084821,0.49100698244656993,0.15864075438570194,0.616214639836687,0.27264100008068937,0.46656385452960325,0.14498576612958386,85.0,depth_far_bid,distance_from_overnight_low,average_true_range,impact_efficiency_10s,depth_far_ask,flow_impact,opening_range_width,realized_volatility_30s,distance_from_overnight_high,z_anchor_vwap,depth_far_bid,distance_from_overnight_low,average_true_range,depth_far_ask,flow_impact,impact_efficiency_10s,realized_volatility_30s,opening_range_width,ask_depth_curvature,z_anchor_vwap
ok,upper,2,300,mr_pts_t300,40,10.0,vol5m_top30,realized_vol_5m,0.3,1026,666,206,154,117,41,28,0.17567567567567569,0.19902912621359223,0.18181818181818182,0.7121212121212122,0.3481802070958756,0.48943684541487276,0.15653227044307425,0.5797902494331066,0.21480198678798335,0.4713153410949045,0.14794069302630758,4.0,average_true_range,opening_range_width,realized_volatility_30s,abs_vwap_slope_pts_per_s,flow_impact,depth_far_ask,depth_far_bid,time_of_day_sin,toxicity_ratio,dist_day_high,average_true_range,opening_range_width,realized_volatility_30s,abs_vwap_slope_pts_per_s,flow_impact,depth_far_ask,depth_far_bid,time_of_day_sin,toxicity_ratio,queue_length_total_norm
ok,upper,2,600,mr_pts_t600,4,1.0,none,,,3418,2221,684,513,1933,592,454,0.8703286807744259,0.8654970760233918,0.884990253411306,0.6083835193889542,0.9025142122939906,0.3884412003863476,0.11495791519820395,0.5707459120436048,0.9056460603557668,0.3545089675454409,0.10138653311712957,22.0,depth_far_ask,realized_vol_1m,ask_depth_curvature,realized_volatility_30s,distance_from_session_midrange,add_rate_ask,depth_far_bid,distance_from_overnight_high,cancel_rate_bid,liquidity_slope_bid,depth_far_ask,realized_vol_1m,distance_from_session_midrange,distance_from_overnight_high,realized_volatility_30s,add_rate_ask,ask_depth_curvature,cvd_acceleration,distance0,replenishment_rate_near_5s
ok,upper,2,600,mr_pts_t600,4,1.0,vol30_top30,realized_volatility_30s,0.3,1026,666,206,154,613,192,142,0.9204204204204204,0.9320388349514563,0.922077922077922,0.677827380952381,0.9535423656275639,0.2474122846739314,0.06320790028766725,0.5654342723004695,0.9384490330233797,0.27322109400069255,0.07178845992749736,3.0,depth_far_bid,trade_sign_autocorr_60s,depth_far_ask,cancel_ratio,distance_from_range_extreme_norm,add_rate_bid,vwap_drift,rv_pre_pts2,dsigma_dt,cooldown_seconds,depth_far_ask,vwap_drift,trade_sign_autocorr_60s,depth_far_bid,cooldown_seconds,add_rate_bid,cancel_ratio,dist_day_high,distance_from_range_extreme_norm,dsigma_dt
ok,upper,2,600,mr_pts_t600,4,1.0,vol1m_top30,realized_vol_1m,0.3,1026,666,206,154,615,193,138,0.9234234234234234,0.9368932038834952,0.8961038961038961,0.7138302112395376,0.9733011485184998,0.23338890263063902,0.05885397988238139,0.5024909420289855,0.9145426940115633,0.34054581496285846,0.09415428118471035,7.0,depth_far_ask,distance_from_overnight_high,queue_length_total_norm,opening_range_width,trade_sign_autocorr_60s,distance_from_ema_21,depth_near_ask,trade_sign_autocorr_10s,stoch_d_3,depth_far_bid,distance_from_overnight_high,depth_far_ask,queue_length_total_norm,vwap_drift,opening_range_width,depth_far_bid,trade_sign_autocorr_60s,weighted_OBI_l10,distance_from_ema_21,stoch_d_3
ok,upper,2,600,mr_pts_t600,4,1.0,vol5m_top30,realized_vol_5m,0.3,1026,666,206,154,610,196,138,0.9159159159159159,0.9514563106796117,0.8961038961038961,0.6244897959183674,0.9737698775144858,0.1907730769621952,0.046061636172209826,0.4800724637681159,0.8976155938782591,0.3725110901731483,0.09860780015244083,75.0,ask_depth_curvature,queue_length_total_norm,impact_efficiency_10s,depth_far_ask,wall_strength_opposite_5,z_anchor_vwap,wall_persistence_2s,depth_far_bid,ask_liquidity_shock,distance_from_prior_day_high,ask_depth_curvature,wall_strength_opposite_5,depth_far_bid,queue_length_total_norm,wall_persistence_2s,depth_far_ask,distance_from_overnight_high,impact_efficiency_10s,depth_mid_bid,z_anchor_vwap
ok,upper,2,600,mr_pts_t600,8,2.0,none,,,3418,2221,684,513,1574,470,395,0.7086897793786583,0.6871345029239766,0.7699805068226121,0.6282213163650825,0.7775934818961854,0.6144127287536134,0.21210267231214608,0.5718729886290496,0.8180249070394907,0.5429704656891501,0.178520470263303,6.0,realized_vol_1m,depth_far_bid,opening_range_position,tick_rate,add_rate_ask,realized_volatility_30s,dist_day_low,toxicity_ratio,z_anchor_vwap,bid_depth_curvature,realized_vol_1m,depth_far_bid,opening_range_position,dist_day_low,add_rate_ask,tick_rate,depth_mid_bid,z_anchor_vwap,depth_near_ask,vwap_drift
ok,upper,2,600,mr_pts_t600,8,2.0,vol30_top30,realized_volatility_30s,0.3,1026,666,206,154,547,172,121,0.8213213213213213,0.8349514563106796,0.7857142857142857,0.6183310533515731,0.8812682781579053,0.4466996918563612,0.13744011668866557,0.6110693713999499,0.8322314253611905,0.522360468415369,0.16923557770894065,2.0,depth_mid_bid,depth_far_ask,flow_toxicity,trade_sign_autocorr_10s,distance_from_vpoc,remove_rate_near_ask,distance_from_overnight_high,realized_volatility_30s,band_k,side,depth_far_ask,depth_mid_bid,distance_from_vpoc,flow_toxicity,distance_from_overnight_high,trade_sign_autocorr_10s,remove_rate_near_ask,realized_volatility_30s,band_k,side
ok,upper,2,600,mr_pts_t600,8,2.0,vol1m_top30,realized_vol_1m,0.3,1026,666,206,154,548,173,119,0.8228228228228228,0.8398058252427184,0.7727272727272727,0.6503765983534769,0.8919765330430987,0.42830926563858884,0.13113757163152756,0.5690276110444178,0.8205371493655738,0.5498506759387674,0.17921102657374083,20.0,depth_far_bid,cancel_ratio,toxicity_ratio,z_anchor_vwap,vwap_slope_pts_per_s,vwap_drift,distance_from_session_vwap_anchor,trade_imbalance_60s,distance_from_overnight_high,bid_curvature_l5,depth_far_bid,cancel_ratio,obv_session,z_anchor_vwap,distance_from_session_vwap_anchor,vwap_slope_pts_per_s,trade_imbalance_60s,distance_from_overnight_high,vwap_drift,toxicity_ratio
ok,upper,2,600,mr_pts_t600,8,2.0,vol5m_top30,realized_vol_5m,0.3,1026,666,206,154,538,173,122,0.8078078078078078,0.8398058252427184,0.7922077922077922,0.5952005605184796,0.8701816188579821,0.438120613599258,0.13392866962391448,0.48783299180327866,0.8212566444616277,0.5144733215350384,0.16568599587989544,6.0,ask_depth_curvature,cancel_ratio,impact_efficiency_10s,depth_far_ask,trade_imbalance_60s,z_anchor_vwap,depth_far_bid,distance_from_vpoc,trade_imbalance_30s,queue_imbalance_mean_5s,z_anchor_vwap,cancel_ratio,ask_depth_curvature,depth_far_ask,depth_far_bid,trade_imbalance_60s,impact_efficiency_10s,spread_expansion_ratio,bid_liquidity_shock,distance_from_vpoc
ok,upper,2,600,mr_pts_t600,12,3.0,none,,,3418,2221,684,513,1275,390,333,0.5740657361548852,0.5701754385964912,0.6491228070175439,0.6495552066980638,0.7088362966647641,0.650844915626877,0.22972580065266085,0.5951284617951285,0.7230557643902261,0.6479398390185995,0.22696262542045895,123.0,cancel_rate_ask,opening_range_width,realized_vol_1m,impact_efficiency_30s,realized_volatility_30s,abs_vwap_slope_pts_per_s,impact_efficiency_10s,depth_far_bid,bid_depth_curvature,spread_volatility,cancel_rate_ask,realized_vol_1m,opening_range_width,depth_far_bid,realized_volatility_30s,depth_far_ask,abs_vwap_slope_pts_per_s,vwap_drift,spread_expansion_ratio,depth_mid_bid
ok,upper,2,600,mr_pts_t600,12,3.0,vol30_top30,realized_volatility_30s,0.3,1026,666,206,154,475,155,106,0.7132132132132132,0.7524271844660194,0.6883116883116883,0.679190385831752,0.8289830794617784,0.5192937687964643,0.16946546534615228,0.6352201257861635,0.7488864418935098,0.6161937610608581,0.2089954491411559,94.0,impact_efficiency_10s,abs_vwap_slope_pts_per_s,opening_range_width,vwap_drift,depth_far_ask,since_touch_any_seconds,weighted_OBI_l10,distance_from_session_vwap_anchor,depth_mid_bid,distance_from_overnight_low,impact_efficiency_10s,abs_vwap_slope_pts_per_s,vwap_drift,depth_far_ask,opening_range_width,since_touch_any_seconds,distance_from_session_vwap_anchor,weighted_OBI_l10,aggressive_volume_ratio,distance_from_overnight_low
ok,upper,2,600,mr_pts_t600,12,3.0,vol1m_top30,realized_vol_1m,0.3,1026,666,206,154,475,156,105,0.7132132132132132,0.7572815533980582,0.6818181818181818,0.7012820512820512,0.8427389248399259,0.5286874364955252,0.17375276458749725,0.6248785228377065,0.7494616025286919,0.6191505236194483,0.21419940247429944,29.0,depth_far_bid,impact_efficiency_10s,cancel_ratio,vwap_drift,abs_vwap_slope_pts_per_s,vwap_slope_pts_per_s,opening_range_width,OFI,toxicity_ratio,z_anchor_vwap,depth_far_bid,cancel_ratio,vwap_drift,impact_efficiency_10s,abs_vwap_slope_pts_per_s,distance_from_session_vwap_anchor,z_anchor_vwap,cvd_slope,opening_range_width,vwap_slope_pts_per_s
ok,upper,2,600,mr_pts_t600,12,3.0,vol5m_top30,realized_vol_5m,0.3,1026,666,206,154,467,154,108,0.7012012012012012,0.7475728155339806,0.7012987012987013,0.6657092907092906,0.8158515128546144,0.5405296271439595,0.17862496199810773,0.5686392914653785,0.7672487189546611,0.6053934351986953,0.20763659999939676,31.0,distance_from_prior_day_high,impact_efficiency_10s,cancel_ratio,depth_far_bid,z_anchor_vwap,distance_from_session_vwap_anchor,abs_vwap_slope_pts_per_s,depth_mid_bid,weighted_OBI_l10,average_true_range,depth_far_bid,cancel_ratio,z_anchor_vwap,distance_from_prior_day_high,impact_efficiency_10s,abs_vwap_slope_pts_per_s,distance_from_session_vwap_anchor,depth_mid_bid,depth_mid_ask,vwap_drift
ok,upper,2,600,mr_pts_t600,16,4.0,none,,,3418,2221,684,513,1054,320,280,0.47456100855470507,0.4678362573099415,0.5458089668615984,0.6552712912087912,0.634876510240513,0.655368180097373,0.2315607404604311,0.6107755977927651,0.6491925087435816,0.6864211869692405,0.245960290096131,112.0,cancel_rate_ask,realized_vol_5m,depth_far_bid,realized_vol_1m,opening_range_width,realized_volatility_30s,abs_vwap_slope_pts_per_s,impact_efficiency_10s,impact_efficiency_30s,depth_mid_bid,cancel_rate_ask,depth_far_bid,realized_vol_1m,realized_vol_5m,realized_volatility_30s,opening_range_width,abs_vwap_slope_pts_per_s,distance_from_overnight_high,distance_from_overnight_low,average_true_range
ok,upper,2,600,mr_pts_t600,16,4.0,vol30_top30,realized_volatility_30s,0.3,1026,666,206,154,427,141,94,0.6411411411411412,0.6844660194174758,0.6103896103896104,0.6717948717948719,0.7806862206564225,0.581676990038968,0.19604467953137275,0.649290780141844,0.7062224583097363,0.652144992053034,0.22864519597946556,128.0,depth_far_bid,impact_efficiency_10s,opening_range_width,distance_from_overnight_low,vwap_drift,abs_vwap_slope_pts_per_s,queue_length_total_norm,trade_sign_autocorr_30s,distance_from_overnight_high,weighted_OBI_l10,depth_far_bid,abs_vwap_slope_pts_per_s,opening_range_width,distance_from_overnight_high,vwap_drift,distance_from_overnight_low,impact_efficiency_10s,weighted_OBI_l10,distance_from_session_vwap_anchor,impact_decay_5s
ok,upper,2,600,mr_pts_t600,16,4.0,vol1m_top30,realized_vol_1m,0.3,1026,666,206,154,426,146,95,0.6396396396396397,0.7087378640776699,0.6168831168831169,0.6495433789954338,0.7877544106381127,0.5740949818133587,0.19377922068897518,0.6283675289919715,0.6868456875270534,0.6585662403152879,0.23200159477085663,68.0,depth_far_bid,opening_range_width,abs_vwap_slope_pts_per_s,toxicity_ratio,trade_sign_autocorr_30s,impact_efficiency_10s,vwap_drift,distance_from_overnight_low,distance_from_overnight_high,impact_decay_5s,depth_far_bid,opening_range_width,abs_vwap_slope_pts_per_s,impact_efficiency_10s,toxicity_ratio,vwap_drift,z_anchor_vwap,trade_sign_autocorr_30s,cooldown_seconds,distance_from_overnight_low
ok,upper,2,600,mr_pts_t600,16,4.0,vol5m_top30,realized_vol_5m,0.3,1026,666,206,154,423,141,99,0.6351351351351351,0.6844660194174758,0.6428571428571429,0.6144026186579378,0.729101234204216,0.6013641409455899,0.20533728358217904,0.5504132231404958,0.663096668208373,0.6598485396003034,0.2325530510742192,51.0,depth_far_bid,impact_efficiency_10s,z_anchor_vwap,vwap_drift,depth_mid_bid,average_true_range,realized_volatility_30s,weighted_OBI_l10,distance_from_overnight_low,best_ask_queue_norm,depth_far_bid,z_anchor_vwap,vwap_drift,impact_efficiency_10s,average_true_range,depth_mid_bid,distance_from_session_vwap_anchor,cancel_ratio,realized_volatility_30s,distance_from_overnight_low
ok,upper,2,600,mr_pts_t600,24,6.0,none,,,3418,2221,684,513,725,199,187,0.3264295362449347,0.2909356725146199,0.3645224171539961,0.7201885717246024,0.5489231980775072,0.535280545228711,0.1768699485676484,0.6395295429939962,0.49674836767916875,0.64514810432672,0.22581846430037475,162.0,opening_range_width,realized_vol_1m,cancel_rate_ask,spread_volatility,depth_far_bid,realized_vol_5m,distance_from_overnight_low,realized_volatility_30s,average_true_range,spread_change_rate,realized_vol_1m,opening_range_width,depth_far_bid,cancel_rate_ask,realized_volatility_30s,distance_from_overnight_low,average_true_range,spread_volatility,realized_vol_5m,toxicity_ratio
ok,upper,2,600,mr_pts_t600,24,6.0,vol30_top30,realized_volatility_30s,0.3,1026,666,206,154,324,115,78,0.4864864864864865,0.558252427184466,0.5064935064935064,0.6604873387482083,0.7201823280681086,0.6457450085594172,0.22738701077044757,0.6347840755735493,0.593269087009483,0.6725410759303643,0.23955714015633345,67.0,distance_from_overnight_low,toxicity_ratio,depth_far_bid,opening_range_width,impact_efficiency_10s,average_true_range,depth_mid_ask,spread_volatility,vwap_drift,trade_sign_autocorr_30s,depth_far_bid,distance_from_overnight_low,toxicity_ratio,opening_range_width,time_of_day_sin,impact_efficiency_10s,depth_mid_ask,average_true_range,spread_volatility,vwap_drift
ok,upper,2,600,mr_pts_t600,24,6.0,vol1m_top30,realized_vol_1m,0.3,1026,666,206,154,330,120,79,0.4954954954954955,0.5825242718446602,0.512987012987013,0.6519379844961241,0.704438584117411,0.6406207739244153,0.22475297669405658,0.5799156118143459,0.566576150842941,0.6927557010119687,0.24872973970075515,105.0,opening_range_width,depth_far_bid,distance_from_overnight_low,average_true_range,toxicity_ratio,impact_efficiency_10s,z_anchor_vwap,vwap_slope_pts_per_s,OFI_burst_ratio,cooldown_seconds,depth_far_bid,opening_range_width,distance_from_overnight_low,toxicity_ratio,time_of_day_sin,impact_efficiency_10s,average_true_range,spread_volatility,vwap_slope_pts_per_s,z_anchor_vwap
ok,upper,2,600,mr_pts_t600,24,6.0,vol5m_top30,realized_vol_5m,0.3,1026,666,206,154,319,115,81,0.47897897897897895,0.558252427184466,0.525974025974026,0.6694696607740086,0.6763728613090689,0.6457044451306511,0.22632195254275575,0.5274818197192627,0.5641282633177591,0.7220131189851096,0.2620271431532339,121.0,depth_far_bid,average_true_range,z_anchor_vwap,ask_liquidity_shock,toxicity_ratio,distance_from_overnight_low,impact_efficiency_10s,OFI_burst_ratio,vwap_slope_pts_per_s,opening_range_width,depth_far_bid,average_true_range,z_anchor_vwap,spread_volatility,toxicity_ratio,distance_from_overnight_low,impact_efficiency_10s,opening_range_width,time_of_day_sin,vwap_drift
ok,upper,2,600,mr_pts_t600,32,8.0,none,,,3418,2221,684,513,498,126,131,0.22422332282755517,0.18421052631578946,0.2553606237816764,0.7543238322808217,0.45320120593984653,0.40910543638112257,0.12758733702539823,0.6935374285600097,0.4395196734891583,0.5272857893128334,0.1737408864446359,129.0,distance_from_overnight_low,realized_vol_1m,opening_range_width,depth_far_bid,average_true_range,realized_volatility_30s,cancel_rate_ask,add_rate_ask,realized_vol_5m,distance_from_overnight_high,realized_vol_1m,realized_volatility_30s,distance_from_overnight_low,depth_far_bid,opening_range_width,average_true_range,distance_from_overnight_high,cancel_rate_ask,z_anchor_vwap,cancel_rate_bid
ok,upper,2,600,mr_pts_t600,32,8.0,vol30_top30,realized_volatility_30s,0.3,1026,666,206,154,249,98,63,0.3738738738738739,0.47572815533980584,0.4090909090909091,0.7220332577475436,0.6831800305705884,0.6258081814410683,0.21763761457974506,0.6227106227106227,0.4917612607338866,0.6585076122422048,0.23316634716782506,60.0,distance_from_overnight_low,average_true_range,depth_mid_bid,depth_far_bid,impact_efficiency_10s,toxicity_ratio,opening_range_width,distance_from_overnight_high,distance_from_session_vwap_anchor,OFI_5s,distance_from_overnight_low,average_true_range,depth_far_bid,depth_mid_bid,impact_efficiency_10s,time_of_day_sin,toxicity_ratio,opening_range_width,distance_from_session_vwap_anchor,distance_from_range_extreme
ok,upper,2,600,mr_pts_t600,32,8.0,vol1m_top30,realized_vol_1m,0.3,1026,666,206,154,252,100,66,0.3783783783783784,0.4854368932038835,0.42857142857142855,0.689622641509434,0.6622333414301241,0.6752149086226223,0.24135676027737799,0.5530303030303031,0.4514560356152921,0.6829173728048819,0.24485255617484622,17.0,depth_far_bid,distance_from_overnight_low,distance_from_session_vwap_anchor,average_true_range,opening_range_width,add_rate_ask,impact_efficiency_10s,depth_far_ask,bid_queue_change_rate,dist_day_low,depth_far_bid,distance_from_overnight_low,average_true_range,opening_range_width,distance_from_session_vwap_anchor,depth_far_ask,add_rate_ask,dist_day_low,impact_efficiency_10s,realized_volatility_30s
ok,upper,2,600,mr_pts_t600,32,8.0,vol5m_top30,realized_vol_5m,0.3,1026,666,206,154,240,96,67,0.36036036036036034,0.46601941747572817,0.43506493506493504,0.6909090909090909,0.6274256826307657,0.6475021720858332,0.2279815773643661,0.572139303482587,0.4860735005922615,0.6817668479150926,0.24393286169271988,51.0,average_true_range,depth_far_bid,distance_from_overnight_low,wall_persistence_2s,distance_from_session_vwap_anchor,impact_efficiency_10s,depth_mid_bid,queue_imbalance_slope_5s,impact_efficiency_30s,bid_depth_curvature,average_true_range,distance_from_overnight_low,depth_far_bid,distance_from_session_vwap_anchor,depth_mid_bid,impact_efficiency_10s,wall_persistence_2s,time_of_day_sin,z_anchor_vwap,impact_efficiency_30s
ok,upper,2,600,mr_pts_t600,40,10.0,none,,,3418,2221,684,513,334,81,89,0.15038271049076993,0.11842105263157894,0.17348927875243664,0.7527793133099933,0.3391694183027227,0.31689685682498486,0.09236229832025442,0.7048441806232775,0.3365192742925472,0.4259225933064123,0.1322269506797984,74.0,realized_vol_5m,opening_range_width,depth_far_bid,realized_volatility_30s,distance_from_overnight_low,distance_from_overnight_high,realized_vol_1m,spread_volatility,average_true_range,cancel_rate_bid,realized_volatility_30s,realized_vol_5m,depth_far_bid,distance_from_overnight_low,opening_range_width,realized_vol_1m,average_true_range,impact_efficiency_10s,spread_volatility,abs_vwap_slope_pts_per_s
ok,upper,2,600,mr_pts_t600,40,10.0,vol30_top30,realized_volatility_30s,0.3,1026,666,206,154,185,72,45,0.2777777777777778,0.34951456310679613,0.2922077922077922,0.7762230514096184,0.6374558637695281,0.5528301447049843,0.18570137483599194,0.6273190621814475,0.4182807340552658,0.590191979278077,0.200477526122743,75.0,impact_efficiency_10s,distance_from_overnight_low,depth_far_bid,distance_from_overnight_high,distance_from_session_vwap_anchor,opening_range_width,average_true_range,depth_mid_bid,queue_imbalance_slope_5s,queue_length_total_norm,distance_from_overnight_low,impact_efficiency_10s,depth_far_bid,distance_from_session_vwap_anchor,distance_from_overnight_high,average_true_range,distance_from_range_extreme,depth_mid_bid,opening_range_width,queue_length_total_norm
ok,upper,2,600,mr_pts_t600,40,10.0,vol1m_top30,realized_vol_1m,0.3,1026,666,206,154,187,72,47,0.2807807807807808,0.34951456310679613,0.3051948051948052,0.7466832504145937,0.6170735619669078,0.5643413528805558,0.19022314933610346,0.6162258898389342,0.4007825350091206,0.6051921121106586,0.20773433299783017,89.0,distance_from_overnight_low,depth_far_bid,average_true_range,distance_from_overnight_high,distance_from_session_vwap_anchor,opening_range_width,impact_efficiency_10s,queue_imbalance_slope_5s,depth_far_ask,toxicity_ratio,distance_from_overnight_low,depth_far_bid,average_true_range,distance_from_session_vwap_anchor,distance_from_overnight_high,opening_range_width,depth_far_ask,impact_efficiency_10s,flow_impact,queue_imbalance_slope_5s
ok,upper,2,600,mr_pts_t600,40,10.0,vol5m_top30,realized_vol_5m,0.3,1026,666,206,154,180,69,49,0.2702702702702703,0.33495145631067963,0.3181818181818182,0.7151168941076906,0.5565347271161942,0.5840142096407136,0.19913420982342542,0.5951409135082606,0.3988617399982733,0.6176050233289025,0.21275630871040363,51.0,average_true_range,distance_from_overnight_low,depth_far_bid,depth_mid_bid,distance_from_session_vwap_anchor,impact_efficiency_10s,queue_imbalance_slope_5s,depth_near_bid,wall_persistence_2s,distance0,average_true_range,distance_from_overnight_low,distance_from_session_vwap_anchor,depth_far_bid,impact_efficiency_10s,depth_mid_bid,distance0,depth_near_bid,realized_vol_1m,queue_imbalance_slope_5s
ok,lower,2,60,mr_pts_t60,4,1.0,none,,,3434,2232,686,516,1449,434,351,0.6491935483870968,0.6326530612244898,0.6802325581395349,0.6686965108624094,0.7495656437862295,0.6169819173030436,0.21347610562510508,0.62999222999223,0.7787717151307567,0.6031037904163897,0.20735832060901516,53.0,realized_volatility_30s,update_rate_ask,add_rate_bid,tick_rate,bid_depth_curvature,realized_vol_1m,opening_range_width,realized_vol_5m,depth_mid_ask,cancel_ratio,add_rate_bid,realized_volatility_30s,update_rate_ask,tick_rate,realized_vol_1m,bid_depth_curvature,realized_vol_5m,cancel_rate_bid,ask_curvature_l5,opening_range_width
ok,lower,2,60,mr_pts_t60,4,1.0,vol30_top30,realized_volatility_30s,0.3,1031,670,206,155,514,178,126,0.7671641791044777,0.8640776699029126,0.8129032258064516,0.5780497592295345,0.8797617261514743,0.4176767925314164,0.1235845619487759,0.5254515599343186,0.8285423773816779,0.4849730087613515,0.15307573955948386,11.0,distance_from_ema_21,distance_from_overnight_high,bid_depth_curvature,queue_imbalance_std_5s,bid_queue_depletion_rate,cancel_ratio,microprice,cooldown_seconds,depth_far_bid,bid_convexity,distance_from_overnight_high,distance_from_ema_21,bid_depth_curvature,queue_imbalance_std_5s,bid_queue_depletion_rate,cooldown_seconds,trade_imbalance_60s,remove_rate_near_bid,cancel_ratio,microprice
ok,lower,2,60,mr_pts_t60,4,1.0,vol1m_top30,realized_vol_1m,0.3,1031,670,206,155,513,181,127,0.7656716417910447,0.8786407766990292,0.8193548387096774,0.5945856353591159,0.9000665818660113,0.4067972237896688,0.11802154588321556,0.5300899887514061,0.8403459131255924,0.47890690573280714,0.15019332340436078,5.0,distance_from_ema_21,bid_depth_curvature,sma_spread_20_50,trade_rate_pre_per_s,queue_imbalance_std_5s,flow_burst_ratio,add_rate_bid,update_rate_ask,wall_strength_opposite_5_2s_avg,realized_vol_1m,distance_from_ema_21,bid_depth_curvature,trade_rate_pre_per_s,wall_strength_opposite_5_2s_avg,add_rate_bid,distance_from_overnight_high,queue_imbalance_std_5s,sma_spread_20_50,realized_vol_1m,update_rate_ask
ok,lower,2,60,mr_pts_t60,4,1.0,vol5m_top30,realized_vol_5m,0.3,1031,670,206,155,520,164,121,0.7761194029850746,0.7961165048543689,0.7806451612903226,0.5518292682926829,0.8338205808499407,0.5057294858017533,0.16230973017415748,0.5365824015556636,0.807194920799573,0.525028922780237,0.17086861019274907,4.0,spread_volatility,best_ask_queue_norm,realized_vol_1m,trade_imbalance_30s,opening_range_width,distance_from_value_area_high,bid_convexity,bid_curvature_l5,convexity_ratio_bid,update_rate_ask,realized_vol_1m,opening_range_width,distance_from_value_area_high,spread_volatility,convexity_ratio_bid,bid_convexity,best_ask_queue_norm,bid_curvature_l5,add_rate_bid,trade_imbalance_30s
ok,lower,2,60,mr_pts_t60,8,2.0,none,,,3434,2232,686,516,805,211,208,0.36066308243727596,0.3075801749271137,0.40310077519379844,0.758543277625343,0.5611380683466161,0.5267243561577714,0.17650399012962967,0.7039054695304695,0.5830912312791029,0.6159039781305724,0.2154159827748493,87.0,realized_volatility_30s,realized_vol_1m,distance_from_overnight_high,trade_imbalance_60s,average_true_range,update_rate_bid,bid_depth_curvature,cancel_rate_ask,distance_from_prior_day_high,wall_strength_opposite_5,realized_volatility_30s,realized_vol_1m,distance_from_overnight_high,trade_imbalance_60s,bid_depth_curvature,ask_depth_curvature,average_true_range,depth_mid_ask,cancel_rate_ask,distance_from_prior_day_high
ok,lower,2,60,mr_pts_t60,8,2.0,vol30_top30,realized_volatility_30s,0.3,1031,670,206,155,356,142,95,0.5313432835820896,0.6893203883495146,0.6129032258064516,0.6841989436619718,0.844217614642536,0.641838449846446,0.2246280245084463,0.6442105263157895,0.7788492315987823,0.6613676638151863,0.23428706619158565,21.0,distance_from_overnight_high,distance_from_prior_day_high,queue_imbalance_std_5s,depth_far_bid,bid_depth_curvature,distance_from_ema_21,remove_rate_near_ask,depth_mid_ask,flow_toxicity,rv_pre_pts2,distance_from_overnight_high,distance_from_prior_day_high,queue_imbalance_std_5s,bid_depth_curvature,distance_from_ema_21,depth_far_bid,depth_mid_ask,remove_rate_near_ask,flow_toxicity,aggressive_sell_volume
ok,lower,2,60,mr_pts_t60,8,2.0,vol1m_top30,realized_vol_1m,0.3,1031,670,206,155,352,141,89,0.5253731343283582,0.6844660194174758,0.5741935483870968,0.6905619203491544,0.8385698191379001,0.6194567770706154,0.21415733143071922,0.6450459652706844,0.7262345583672511,0.6526489943712227,0.23030375859655697,59.0,distance_from_overnight_high,distance_from_prior_day_high,realized_volatility_30s,spread_volatility,flow_burst_ratio,distance_from_ema_21,bid_depth_curvature,trade_sign_autocorr_60s,obv_session,ask_depth_curvature,distance_from_overnight_high,distance_from_prior_day_high,spread_volatility,realized_volatility_30s,flow_burst_ratio,distance_from_ema_21,trade_sign_autocorr_60s,obv_session,bid_depth_curvature,ask_queue_change_rate
ok,lower,2,60,mr_pts_t60,8,2.0,vol5m_top30,realized_vol_5m,0.3,1031,670,206,155,361,109,83,0.5388059701492537,0.529126213592233,0.535483870967742,0.6210157949493994,0.6511720463993746,0.6712373896120162,0.23935334521717597,0.589859437751004,0.639460517197286,0.6876745512967487,0.24694396461713744,224.0,distance_from_overnight_high,bid_depth_curvature,distance_from_prior_day_high,depth_curvature_pressure,OFI_60s,distance_from_overnight_low,aggressive_sell_volume,ask_curvature_l5,cooldown_seconds,net_liquidity_shock,distance_from_overnight_high,bid_depth_curvature,distance_from_prior_day_high,depth_curvature_pressure,net_liquidity_shock,OFI_60s,distance_from_overnight_low,rv_pre_pts2,realized_volatility_30s,realized_vol_1m
ok,lower,2,60,mr_pts_t60,12,3.0,none,,,3434,2232,686,516,469,109,130,0.21012544802867383,0.1588921282798834,0.25193798449612403,0.7939675321577918,0.41516750627014853,0.3661803702183356,0.11430706587383167,0.7801913112793942,0.5322806272748957,0.4969797482203816,0.1628884681476381,99.0,realized_vol_1m,realized_volatility_30s,distance_from_overnight_high,depth_near_ask,prior_day_rth_high,bid_queue_depletion_rate,add_rate_ask,bid_depth_curvature,trade_imbalance_60s,depth_mid_bid,realized_vol_1m,realized_volatility_30s,distance_from_overnight_high,depth_near_ask,add_rate_ask,bid_depth_curvature,depth_near_bid,trade_imbalance_60s,depth_mid_ask,bid_queue_depletion_rate
ok,lower,2,60,mr_pts_t60,12,3.0,vol30_top30,realized_volatility_30s,0.3,1031,670,206,155,241,107,72,0.3597014925373134,0.5194174757281553,0.4645161290322581,0.689700745775512,0.7265479386862042,0.664606786410386,0.23612850815456565,0.6828982597054887,0.6845670536366055,0.6647773003299577,0.235945393708625,54.0,distance_from_overnight_high,realized_volatility_30s,depth_far_ask,bid_depth_curvature,distance_from_ema_21,depth_near_ask,depth_mid_ask,depth_near_bid,OFI,prior_day_rth_high,distance_from_overnight_high,realized_volatility_30s,depth_far_ask,bid_depth_curvature,depth_mid_ask,depth_near_ask,distance_from_ema_21,depth_near_bid,trade_imbalance_60s,liquidity_slope_ask
ok,lower,2,60,mr_pts_t60,12,3.0,vol1m_top30,realized_vol_1m,0.3,1031,670,206,155,242,104,69,0.3611940298507463,0.5048543689320388,0.44516129032258067,0.7177130467571644,0.7126155486511289,0.7184692877550378,0.2623960314740341,0.6015335355578024,0.5269252744167011,0.6949565243723218,0.2507865640634317,7.0,depth_mid_ask,realized_volatility_30s,distance_from_overnight_high,trade_imbalance,depth_mid_bid,aggressive_buy_volume,cooldown_seconds,depth_near_bid,add_rate_bid,bid_liquidity_shock,depth_mid_ask,realized_volatility_30s,distance_from_overnight_high,trade_imbalance,depth_near_bid,aggressive_buy_volume,depth_mid_bid,add_rate_bid,cooldown_seconds,bid_liquidity_shock
ok,lower,2,60,mr_pts_t60,12,3.0,vol5m_top30,realized_vol_5m,0.3,1031,670,206,155,244,71,65,0.3641791044776119,0.3446601941747573,0.41935483870967744,0.6559207094418362,0.5420783436628906,0.6080213850126089,0.21033461927850042,0.6615384615384615,0.5710379614813714,0.6484671458738541,0.22845127764669243,106.0,distance_from_overnight_high,realized_volatility_30s,bid_depth_curvature,realized_vol_1m,rv_pre_pts2,realized_vol_5m,depth_far_bid,liquidity_compression,depth_near_bid,impact_efficiency_10s,realized_vol_1m,distance_from_overnight_high,realized_volatility_30s,bid_depth_curvature,depth_near_bid,realized_vol_5m,rv_pre_pts2,trade_sign_autocorr_10s,depth_mid_ask,depth_far_ask
ok,lower,2,60,mr_pts_t60,16,4.0,none,,,3434,2232,686,516,269,61,83,0.12051971326164874,0.08892128279883382,0.16085271317829458,0.832944262295082,0.3101670378352489,0.25165105307153196,0.07184923738065249,0.8367789866162108,0.4578328862858884,0.3781450335504981,0.12013721819493059,39.0,realized_volatility_30s,realized_vol_1m,depth_mid_ask,average_true_range,sigma0,distance0,queue_imbalance_std_5s,depth_far_ask,cooldown_seconds,depth_far_bid,realized_volatility_30s,realized_vol_1m,depth_mid_ask,realized_vol_5m,depth_far_ask,distance_from_overnight_high,distance_from_ema_21,trade_imbalance_60s,queue_imbalance_std_5s,rv_pre_pts2
ok,lower,2,60,mr_pts_t60,16,4.0,vol30_top30,realized_volatility_30s,0.3,1031,670,206,155,147,83,56,0.21940298507462686,0.4029126213592233,0.36129032258064514,0.6608874522480166,0.5478757950016739,0.6918781508263668,0.24827092703386158,0.6672077922077921,0.4774498373392857,0.6791870354196283,0.24103253837409452,23.0,realized_vol_1m,realized_volatility_30s,depth_mid_ask,depth_far_ask,impact_efficiency_10s,macd,distance_from_overnight_high,average_true_range,OFI,distance_from_prior_day_high,realized_vol_1m,realized_volatility_30s,depth_mid_ask,depth_far_ask,impact_efficiency_10s,average_true_range,distance_from_overnight_high,macd,aggressive_buy_volume,OFI
ok,lower,2,60,mr_pts_t60,16,4.0,vol1m_top30,realized_vol_1m,0.3,1031,670,206,155,145,80,50,0.21641791044776118,0.3883495145631068,0.3225806451612903,0.6609126984126984,0.5285936691445579,0.7286279391264409,0.26186595276405367,0.5966666666666667,0.39592993633292883,0.655285155472436,0.22852524232330054,4.0,impact_efficiency_10s,realized_volatility_30s,depth_mid_ask,realized_vol_1m,sell_impact_efficiency_10s,z_anchor_vwap,flow_impact,rsi_14,distance_from_ema_21,bid_queue_depletion_rate,realized_volatility_30s,impact_efficiency_10s,depth_mid_ask,realized_vol_1m,sell_impact_efficiency_10s,z_anchor_vwap,rsi_14,flow_impact,bid_queue_depletion_rate,distance_from_ema_21
ok,lower,2,60,mr_pts_t60,16,4.0,vol5m_top30,realized_vol_5m,0.3,1031,670,206,155,157,48,47,0.23432835820895523,0.23300970873786409,0.3032258064516129,0.6430643459915611,0.31036975849095183,0.5316409504302952,0.1765899953795316,0.7157210401891252,0.505463084790974,0.5832347770912495,0.19903069956649752,61.0,realized_vol_1m,realized_volatility_30s,average_true_range,distance_from_overnight_high,bid_queue_depletion_rate,depth_mid_ask,distance_from_ema_21,depth_far_ask,distance_from_session_vwap_anchor,net_liquidity_shock,realized_vol_1m,realized_volatility_30s,average_true_range,distance_from_overnight_high,depth_mid_ask,realized_vol_5m,bid_queue_depletion_rate,depth_far_ask,ema_spread_9_21,distance_from_ema_21
skipped_too_few_positives,lower,2,60,,24,6.0,none,,,3434,2232,686,516,105,18,44,,,,,,,,,,,,,,,,,,,,,,,,,,,,,,,,
ok,lower,2,60,mr_pts_t60,24,6.0,vol30_top30,realized_volatility_30s,0.3,1031,670,206,155,59,39,33,0.0880597014925373,0.18932038834951456,0.2129032258064516,0.7538768616612928,0.46582450219168803,0.4189341314313366,0.127468274842732,0.736214605067064,0.3443701625203578,0.5770276049566176,0.17946163151943542,92.0,distance_from_prior_day_high,realized_volatility_30s,depth_near_bid,opening_range_width,realized_vol_5m,realized_vol_1m,absorption_ratio,add_rate_ask,macd,bid_depth_curvature,distance_from_prior_day_high,realized_vol_5m,realized_vol_1m,depth_near_bid,realized_volatility_30s,opening_range_width,absorption_ratio,bid_depth_curvature,liquidity_slope_bid,distance_from_prior_day_low
ok,lower,2,60,mr_pts_t60,24,6.0,vol1m_top30,realized_vol_1m,0.3,1031,670,206,155,58,39,28,0.08656716417910448,0.18932038834951456,0.18064516129032257,0.7439735912789804,0.5101683176473443,0.4481578670723627,0.14189093681601403,0.7154105736782903,0.31077962684552274,0.4840861934947528,0.15055217909480356,28.0,distance_from_prior_day_high,opening_range_width,depth_near_bid,realized_vol_5m,realized_vol_1m,add_rate_ask,realized_volatility_30s,opening_range_position,buy_impact_efficiency_10s,average_true_range,distance_from_prior_day_high,realized_vol_5m,realized_vol_1m,opening_range_width,depth_near_bid,realized_volatility_30s,add_rate_ask,depth_far_bid,average_true_range,buy_impact_efficiency_10s
skipped_too_few_positives,lower,2,60,,24,6.0,vol5m_top30,,,1031,670,206,155,77,12,28,,,,,,,,,,,,,,,,,,,,,,,,,,,,,,,,
skipped_too_few_positives,lower,2,60,,32,8.0,none,,,3434,2232,686,516,52,7,17,,,,,,,,,,,,,,,,,,,,,,,,,,,,,,,,
skipped_too_few_positives,lower,2,60,,32,8.0,vol30_top30,,,1031,670,206,155,25,25,15,,,,,,,,,,,,,,,,,,,,,,,,,,,,,,,,
skipped_too_few_positives,lower,2,60,,32,8.0,vol1m_top30,,,1031,670,206,155,22,26,13,,,,,,,,,,,,,,,,,,,,,,,,,,,,,,,,
skipped_too_few_positives,lower,2,60,,32,8.0,vol5m_top30,,,1031,670,206,155,40,5,11,,,,,,,,,,,,,,,,,,,,,,,,,,,,,,,,
skipped_too_few_positives,lower,2,60,,40,10.0,none,,,3434,2232,686,516,32,1,8,,,,,,,,,,,,,,,,,,,,,,,,,,,,,,,,
skipped_too_few_positives,lower,2,60,,40,10.0,vol30_top30,,,1031,670,206,155,14,16,6,,,,,,,,,,,,,,,,,,,,,,,,,,,,,,,,
skipped_too_few_positives,lower,2,60,,40,10.0,vol1m_top30,,,1031,670,206,155,12,17,4,,,,,,,,,,,,,,,,,,,,,,,,,,,,,,,,
skipped_too_few_positives,lower,2,60,,40,10.0,vol5m_top30,,,1031,670,206,155,26,3,4,,,,,,,,,,,,,,,,,,,,,,,,,,,,,,,,
ok,lower,2,180,mr_pts_t180,4,1.0,none,,,3434,2232,686,516,1738,535,413,0.7786738351254481,0.7798833819241983,0.8003875968992248,0.6389923872005941,0.8494834642788394,0.5080708646817257,0.16493917842775443,0.6340534568278521,0.8545149094942719,0.4810767140324866,0.15280293498596847,45.0,add_rate_bid,realized_volatility_30s,cancel_rate_ask,update_rate_ask,dist_day_low,distance_from_range_extreme,realized_vol_1m,trade_sign_autocorr_10s,bid_depth_curvature,tick_rate,add_rate_bid,cancel_rate_ask,tick_rate,update_rate_ask,realized_vol_1m,opening_range_width,realized_volatility_30s,trade_sign_autocorr_10s,distance_from_prior_day_low,update_rate_bid
ok,lower,2,180,mr_pts_t180,4,1.0,vol30_top30,realized_volatility_30s,0.3,1031,670,206,155,565,185,135,0.8432835820895522,0.8980582524271845,0.8709677419354839,0.503989703989704,0.89716610445989,0.3365543495469549,0.09323648809145799,0.46111111111111114,0.8554944715161998,0.3961843394304665,0.11543016107623766,60.0,bid_depth_curvature,distance_from_ema_21,bid_queue_depletion_rate,wall_strength_opposite_3_2s_avg,distance_from_overnight_high,wall_strength_opposite_5_5s_avg,queue_imbalance_std_5s,sma_spread_20_50,distance_from_vpoc,trade_imbalance_30s,bid_queue_depletion_rate,distance_from_ema_21,bid_depth_curvature,wall_strength_opposite_3_2s_avg,distance_from_overnight_high,queue_imbalance_std_5s,realized_vol_5m,wall_strength_opposite_5_5s_avg,sma_spread_20_50,dsigma_dt
ok,lower,2,180,mr_pts_t180,4,1.0,vol1m_top30,realized_vol_1m,0.3,1031,670,206,155,569,188,135,0.8492537313432836,0.912621359223301,0.8709677419354839,0.5650118203309693,0.9282291473448414,0.3090904261931511,0.0827304512568027,0.5596296296296296,0.9002434281458787,0.38038445651698377,0.11133658431336013,52.0,bid_queue_depletion_rate,distance_from_ema_21,wall_strength_opposite_3_2s_avg,bid_depth_curvature,trade_rate_pre_per_s,impact_efficiency_30s,OFI_burst_ratio,distance_from_session_midrange,queue_imbalance_std_5s,flow_toxicity_30s,distance_from_ema_21,bid_queue_depletion_rate,wall_strength_opposite_3_2s_avg,trade_rate_pre_per_s,distance_from_overnight_high,bid_depth_curvature,OFI_burst_ratio,flow_toxicity_30s,liquidity_slope_ask,distance_from_value_area_high
ok,lower,2,180,mr_pts_t180,4,1.0,vol5m_top30,realized_vol_5m,0.3,1031,670,206,155,574,175,138,0.8567164179104477,0.8495145631067961,0.8903225806451613,0.5715207373271889,0.863584598020351,0.4228308089112455,0.1276595666049535,0.5270673486786019,0.8993740252211111,0.3503129205527869,0.09866740361305835,2.0,distance_from_value_area_high,signed_volume,volume_per_second,cancel_ratio,wall_strength_opposite_3_5s_avg,impact_efficiency_30s,OBI_l1,OBI_l5,band_k,side,impact_efficiency_30s,distance_from_value_area_high,volume_per_second,signed_volume,wall_strength_opposite_3_5s_avg,cancel_ratio,OBI_l1,OBI_l5,band_k,side
ok,lower,2,180,mr_pts_t180,8,2.0,none,,,3434,2232,686,516,1189,359,305,0.5327060931899642,0.5233236151603499,0.5910852713178295,0.6931759133849549,0.703620908026428,0.6340952936842049,0.22194277315505434,0.6776474244425452,0.7345557004147583,0.6337868450303988,0.22212996097489426,79.0,realized_volatility_30s,average_true_range,realized_vol_1m,distance_from_overnight_high,bid_depth_curvature,update_rate_ask,since_touch_any_seconds,distance_from_prior_day_high,opening_range_position,bid_queue_depletion_rate,realized_volatility_30s,realized_vol_1m,average_true_range,bid_depth_curvature,distance_from_overnight_high,distance_from_prior_day_high,update_rate_ask,realized_vol_5m,since_touch_any_seconds,bid_queue_depletion_rate
ok,lower,2,180,mr_pts_t180,8,2.0,vol30_top30,realized_volatility_30s,0.3,1031,670,206,155,456,162,117,0.6805970149253732,0.7864077669902912,0.7548387096774194,0.640993265993266,0.8663267819938872,0.5271657763440136,0.1711946669902164,0.6765632028789924,0.8678725627563336,0.5526089952868309,0.18311314142148613,19.0,distance_from_overnight_high,bid_depth_curvature,depth_far_bid,distance_from_prior_day_high,net_liquidity_shock,cvd_slope,distance_from_ema_21,wall_strength_opposite_5,cvd_acceleration,cancel_rate_ask,distance_from_overnight_high,bid_depth_curvature,net_liquidity_shock,depth_far_bid,cvd_slope,distance_from_prior_day_high,cancel_rate_ask,distance_from_ema_21,depth_near_ask,bid_queue_depletion_rate
ok,lower,2,180,mr_pts_t180,8,2.0,vol1m_top30,realized_vol_1m,0.3,1031,670,206,155,455,162,112,0.6791044776119403,0.7864077669902912,0.7225806451612903,0.6760662177328844,0.8749739696719199,0.5239313549725916,0.16978198578651035,0.6173172757475083,0.8034428882915733,0.5818408216290715,0.1967830331142828,26.0,distance_from_overnight_high,bid_queue_change_rate,realized_volatility_30s,macd_signal,bid_depth_curvature,stoch_d_3,return_last_5m,distance_from_prior_day_high,bid_queue_depletion_rate,distance_from_range_extreme_norm,distance_from_overnight_high,bid_queue_change_rate,realized_volatility_30s,macd_signal,stoch_d_3,return_last_5m,bid_depth_curvature,distance_from_range_extreme_norm,wall_strength_opposite_5_5s_avg,bid_queue_depletion_rate
ok,lower,2,180,mr_pts_t180,8,2.0,vol5m_top30,realized_vol_5m,0.3,1031,670,206,155,461,137,116,0.6880597014925374,0.6650485436893204,0.7483870967741936,0.5994922246905744,0.7281345943617348,0.6278888071905279,0.21782314989659854,0.6226790450928382,0.808966393345433,0.5580184863977549,0.18604319793465207,89.0,distance_from_overnight_high,aggressive_sell_volume,distance_from_prior_day_high,depth_far_bid,realized_vol_5m,z_anchor_vwap,wall_strength_opposite_5_5s_avg,OFI_burst_ratio,ask_curvature_l5,realized_volatility_30s,distance_from_overnight_high,aggressive_sell_volume,realized_vol_5m,wall_strength_opposite_5_5s_avg,z_anchor_vwap,distance_from_prior_day_high,opening_range_width,realized_volatility_30s,OFI_burst_ratio,depth_far_bid
ok,lower,2,180,mr_pts_t180,12,3.0,none,,,3434,2232,686,516,828,223,219,0.3709677419354839,0.3250728862973761,0.42441860465116277,0.7067380797876976,0.5477129411262589,0.5691216619568648,0.19338477604257878,0.7098227326537829,0.6350044198696242,0.625327930385973,0.2181078684463758,66.0,realized_volatility_30s,realized_vol_1m,distance_from_overnight_high,average_true_range,opening_range_width,cancel_rate_ask,update_rate_ask,distance_from_overnight_low,depth_near_bid,bid_depth_curvature,realized_volatility_30s,realized_vol_1m,distance_from_overnight_high,average_true_range,cancel_rate_ask,queue_imbalance_std_5s,bid_depth_curvature,opening_range_width,update_rate_ask,realized_vol_5m
ok,lower,2,180,mr_pts_t180,12,3.0,vol30_top30,realized_volatility_30s,0.3,1031,670,206,155,361,133,98,0.5388059701492537,0.6456310679611651,0.632258064516129,0.6717993614172418,0.7798068556782275,0.6490872912036484,0.22819507715957726,0.6413354815610455,0.758359120501207,0.6599338473894207,0.23351954821118265,12.0,distance_from_overnight_high,bid_depth_curvature,add_rate_bid,cancel_rate_ask,distance_from_ema_21,depth_far_ask,realized_volatility_30s,distance_from_range_extreme_norm,sma_50,opening_range_width,distance_from_overnight_high,bid_depth_curvature,add_rate_bid,cancel_rate_ask,distance_from_ema_21,remove_rate_near_bid,realized_volatility_30s,OBI_l5,depth_far_ask,distance_from_range_extreme_norm
ok,lower,2,180,mr_pts_t180,12,3.0,vol1m_top30,realized_vol_1m,0.3,1031,670,206,155,367,131,95,0.5477611940298508,0.6359223300970874,0.6129032258064516,0.6855470737913486,0.7953169135191219,0.6468037861591822,0.22716638224857846,0.6052631578947368,0.6971731471012186,0.6646084499674846,0.23583961952875918,16.0,distance_from_overnight_high,realized_vol_1m,depth_mid_ask,remove_rate_near_bid,opening_range_width,depth_far_bid,cancel_rate_ask,aggressive_sell_volume,bid_depth_curvature,add_rate_bid,distance_from_overnight_high,remove_rate_near_bid,depth_mid_ask,realized_vol_1m,spread_expansion_ratio,bid_depth_curvature,depth_far_bid,cancel_rate_ask,opening_range_width,aggressive_sell_volume
ok,lower,2,180,mr_pts_t180,12,3.0,vol5m_top30,realized_vol_5m,0.3,1031,670,206,155,363,108,92,0.5417910447761194,0.5242718446601942,0.5935483870967742,0.6278344671201813,0.662682416921599,0.6636726055065265,0.23585273475720242,0.6480331262939958,0.7168896008194962,0.6528554806162377,0.2303482520190028,59.0,distance_from_overnight_high,realized_vol_1m,realized_vol_5m,aggressive_sell_volume,depth_near_bid,bid_depth_curvature,average_true_range,wall_strength_opposite_5_5s_avg,queue_imbalance_std_5s,trade_imbalance_30s,distance_from_overnight_high,realized_vol_1m,realized_vol_5m,depth_near_bid,aggressive_sell_volume,bid_depth_curvature,queue_imbalance_std_5s,average_true_range,wall_strength_opposite_5_5s_avg,depth_mid_ask
ok,lower,2,180,mr_pts_t180,16,4.0,none,,,3434,2232,686,516,550,136,166,0.246415770609319,0.19825072886297376,0.32170542635658916,0.7941042780748664,0.47671375165459234,0.4077460358410051,0.13003978516586723,0.7478141135972461,0.6054735620947272,0.5708046608080003,0.19223678629582192,104.0,realized_volatility_30s,realized_vol_1m,average_true_range,cancel_rate_ask,distance_from_overnight_high,depth_far_ask,opening_range_width,depth_mid_ask,realized_vol_5m,depth_near_bid,realized_volatility_30s,realized_vol_1m,cancel_rate_ask,distance_from_overnight_high,average_true_range,depth_mid_ask,opening_range_width,dsigma_dt,queue_imbalance_std_5s,depth_far_ask
ok,lower,2,180,mr_pts_t180,16,4.0,vol30_top30,realized_volatility_30s,0.3,1031,670,206,155,268,115,86,0.4,0.558252427184466,0.5548387096774193,0.664022933588151,0.6796941015912622,0.7182019853185422,0.2624527109614587,0.6548702392989553,0.6903820849730838,0.7205537811915471,0.2636144579086016,7.0,cancel_rate_ask,distance_from_ema_21,depth_far_ask,add_rate_bid,distance_from_overnight_high,z_anchor_vwap,time_of_day_sin,stoch_d_3,realized_vol_5m,realized_vol_1m,cancel_rate_ask,depth_far_ask,add_rate_bid,distance_from_ema_21,distance_from_overnight_high,realized_vol_1m,z_anchor_vwap,time_of_day_sin,stoch_d_3,realized_vol_5m
ok,lower,2,180,mr_pts_t180,16,4.0,vol1m_top30,realized_vol_1m,0.3,1031,670,206,155,264,114,81,0.3940298507462687,0.5533980582524272,0.5225806451612903,0.6592295957284515,0.684043562856776,0.7237472629870472,0.2651427721948384,0.6741741741741741,0.6483237026136895,0.7148369970922062,0.2607397460228918,5.0,add_rate_bid,cancel_rate_ask,distance_from_ema_21,distance_from_overnight_high,realized_vol_1m,vwap_open,distance_from_value_area_low,return_last_30s,opening_range_width,trade_sign_autocorr_30s,add_rate_bid,cancel_rate_ask,distance_from_overnight_high,realized_vol_1m,distance_from_ema_21,distance_from_value_area_low,dsigma_dt,opening_range_width,return_last_30s,bid_liquidity_shock
ok,lower,2,180,mr_pts_t180,16,4.0,vol5m_top30,realized_vol_5m,0.3,1031,670,206,155,264,89,80,0.3940298507462687,0.4320388349514563,0.5161290322580645,0.6262364352251992,0.5032672944280281,0.6672327808551881,0.2382510216825308,0.6886666666666666,0.7450129107509674,0.6847607442867061,0.24423171224738355,67.0,realized_vol_1m,cancel_rate_ask,distance_from_overnight_high,realized_volatility_30s,depth_mid_ask,distance_from_prior_day_high,realized_vol_5m,remove_rate_near_bid,dsigma_dt,stoch_d_3,realized_vol_1m,cancel_rate_ask,distance_from_overnight_high,realized_volatility_30s,depth_mid_ask,realized_vol_5m,distance_from_prior_day_high,liquidity_compression,dsigma_dt,macd_hist
ok,lower,2,180,mr_pts_t180,24,6.0,none,,,3434,2232,686,516,302,63,98,0.13530465949820789,0.09183673469387756,0.18992248062015504,0.8249636933425055,0.3361824559751937,0.2494396092978678,0.07213845716930958,0.8007274680207012,0.4840907613557656,0.4232183292303511,0.13473547671276662,77.0,realized_vol_1m,realized_volatility_30s,distance_from_overnight_high,opening_range_width,depth_far_ask,average_true_range,since_touch_any_seconds,depth_far_bid,depth_mid_bid,bid_depth_curvature,realized_vol_1m,realized_volatility_30s,distance_from_overnight_high,average_true_range,realized_vol_5m,opening_range_width,depth_far_ask,depth_mid_bid,depth_far_bid,depth_mid_ask
ok,lower,2,180,mr_pts_t180,24,6.0,vol30_top30,realized_volatility_30s,0.3,1031,670,206,155,169,77,61,0.25223880597014925,0.3737864077669903,0.3935483870967742,0.6815664955199839,0.5280434412443591,0.6169676114390088,0.2150695290420991,0.7185211021974189,0.6250585709418188,0.6439078046334216,0.22864121847667154,61.0,opening_range_width,distance_from_overnight_high,realized_vol_5m,realized_vol_1m,depth_near_ask,dsigma_dt,add_rate_bid,wall_persistence_2s,dist_day_high,spread_expansion_ratio,opening_range_width,distance_from_overnight_high,realized_vol_5m,realized_vol_1m,depth_near_ask,dsigma_dt,add_rate_bid,dist_day_high,realized_volatility_30s,wall_persistence_2s
ok,lower,2,180,mr_pts_t180,24,6.0,vol1m_top30,realized_vol_1m,0.3,1031,670,206,155,165,79,55,0.2462686567164179,0.38349514563106796,0.3548387096774194,0.6587262035283564,0.5133708162264488,0.6328603890882216,0.2209229561967973,0.7247272727272727,0.6355689752191294,0.609993497102092,0.21199901324055465,108.0,opening_range_width,distance_from_overnight_high,realized_vol_1m,spread_expansion_ratio,realized_vol_5m,depth_far_ask,time_of_day_sin,dsigma_dt,bid_curvature_l5,realized_volatility_30s,opening_range_width,distance_from_overnight_high,realized_vol_5m,realized_vol_1m,depth_far_ask,realized_volatility_30s,spread_expansion_ratio,bid_curvature_l5,time_of_day_sin,dsigma_dt
ok,lower,2,180,mr_pts_t180,24,6.0,vol5m_top30,realized_vol_5m,0.3,1031,670,206,155,176,51,54,0.2626865671641791,0.24757281553398058,0.34838709677419355,0.5780518659076535,0.3013903371181494,0.5574422670006068,0.18632030994717316,0.6481481481481481,0.5411948632482738,0.6417342615227142,0.22461431612682234,22.0,distance_from_overnight_high,realized_vol_1m,realized_vol_5m,opening_range_width,cancel_rate_ask,realized_volatility_30s,rv_pre_pts2,add_rate_bid,impact_decay_5s,distance_from_range_extreme,realized_vol_1m,realized_vol_5m,distance_from_overnight_high,realized_volatility_30s,opening_range_width,rv_pre_pts2,cancel_rate_ask,average_true_range,distance_from_range_extreme,distance_from_vpoc
ok,lower,2,180,mr_pts_t180,32,8.0,none,,,3434,2232,686,516,165,35,54,0.0739247311827957,0.05102040816326531,0.10465116279069768,0.8992319508448541,0.4206710605387884,0.14477467032659755,0.03977355397198516,0.8338143338143338,0.31790239088654215,0.29195453104997776,0.08494941363905928,110.0,realized_vol_1m,distance_from_overnight_high,average_true_range,distance_from_prior_day_high,realized_volatility_30s,depth_mid_ask,depth_mid_bid,depth_far_ask,cancel_ratio,opening_range_width,realized_vol_1m,average_true_range,realized_volatility_30s,distance_from_overnight_high,depth_far_ask,distance_from_prior_day_high,depth_mid_ask,opening_range_width,impact_efficiency_30s,realized_vol_5m
ok,lower,2,180,mr_pts_t180,32,8.0,vol30_top30,realized_volatility_30s,0.3,1031,670,206,155,89,56,43,0.1328358208955224,0.27184466019417475,0.27741935483870966,0.7542857142857142,0.5374299578684075,0.52075527239268,0.17507352890313502,0.7477159468438539,0.4838438187858515,0.5741196777497427,0.195955021229846,61.0,distance_from_prior_day_high,depth_mid_ask,realized_vol_5m,realized_vol_1m,distance_from_overnight_high,realized_volatility_30s,average_true_range,depth_near_ask,opening_range_width,ask_queue_depletion_rate,distance_from_prior_day_high,realized_vol_5m,realized_vol_1m,depth_mid_ask,realized_volatility_30s,distance_from_overnight_high,opening_range_width,average_true_range,depth_near_ask,ask_queue_depletion_rate
ok,lower,2,180,mr_pts_t180,32,8.0,vol1m_top30,realized_vol_1m,0.3,1031,670,206,155,89,59,39,0.1328358208955224,0.28640776699029125,0.25161290322580643,0.7365386832699182,0.5335719651475701,0.5346879317544538,0.17890504059339463,0.7541998231653404,0.4638998948504319,0.5210549724070214,0.17571663628919593,102.0,distance_from_overnight_high,ask_queue_depletion_rate,distance_from_prior_day_high,depth_mid_ask,average_true_range,realized_vol_1m,depth_far_ask,realized_vol_5m,realized_volatility_30s,impact_efficiency_30s,realized_vol_1m,distance_from_overnight_high,realized_vol_5m,distance_from_prior_day_high,average_true_range,ask_queue_depletion_rate,depth_mid_ask,depth_far_ask,realized_volatility_30s,dsigma_dt
ok,lower,2,180,mr_pts_t180,32,8.0,vol5m_top30,realized_vol_5m,0.3,1031,670,206,155,111,33,36,0.16567164179104477,0.16019417475728157,0.23225806451612904,0.6549308110001753,0.24289640955868894,0.4279006070022732,0.13264508827962965,0.7240896358543417,0.3879470021566081,0.5183072979037961,0.17077652964797527,82.0,distance_from_overnight_high,realized_vol_1m,average_true_range,realized_vol_5m,ask_queue_depletion_rate,distance_from_prior_day_high,impact_efficiency_30s,bid_depth_curvature,realized_volatility_30s,distance_from_overnight_low,realized_vol_1m,realized_vol_5m,distance_from_overnight_high,average_true_range,realized_volatility_30s,distance_from_prior_day_high,opening_range_width,ask_queue_depletion_rate,update_rate_bid,impact_efficiency_30s
skipped_too_few_positives,lower,2,180,,40,10.0,none,,,3434,2232,686,516,105,16,33,,,,,,,,,,,,,,,,,,,,,,,,,,,,,,,,
ok,lower,2,180,mr_pts_t180,40,10.0,vol30_top30,realized_volatility_30s,0.3,1031,670,206,155,56,42,25,0.08358208955223881,0.20388349514563106,0.16129032258064516,0.789924506387921,0.4936383720342332,0.43331844644788786,0.1392523955661126,0.7166153846153847,0.291168767373826,0.4344436592825238,0.13345361945157602,52.0,distance_from_overnight_high,average_true_range,realized_vol_5m,realized_vol_1m,realized_volatility_30s,depth_near_bid,distance_from_prior_day_high,ask_convexity,OFI_30s,cancel_ratio,realized_vol_5m,distance_from_overnight_high,realized_vol_1m,average_true_range,realized_volatility_30s,distance_from_prior_day_high,depth_near_bid,depth_mid_ask,OFI_30s,dist_day_high
ok,lower,2,180,mr_pts_t180,40,10.0,vol1m_top30,realized_vol_1m,0.3,1031,670,206,155,54,42,23,0.08059701492537313,0.20388349514563106,0.14838709677419354,0.7826655052264808,0.5485384301464054,0.4303780030022839,0.1362285929389633,0.6986166007905138,0.29538072504481916,0.4057898228487169,0.12234688225782103,61.0,distance_from_overnight_high,average_true_range,realized_vol_1m,realized_vol_5m,ask_convexity,net_liquidity_shock,realized_volatility_30s,distance_from_prior_day_high,depth_mid_ask,depth_near_bid,realized_vol_5m,realized_vol_1m,distance_from_overnight_high,average_true_range,distance_from_prior_day_high,realized_volatility_30s,net_liquidity_shock,ask_convexity,depth_far_ask,depth_mid_ask
skipped_too_few_positives,lower,2,180,,40,10.0,vol5m_top30,,,1031,670,206,155,79,16,22,,,,,,,,,,,,,,,,,,,,,,,,,,,,,,,,
ok,lower,2,300,mr_pts_t300,4,1.0,none,,,3434,2232,686,516,1830,564,428,0.8198924731182796,0.8221574344023324,0.8294573643410853,0.6439512847343332,0.8825568667104611,0.4501976136008399,0.14078362295982125,0.6152824978759558,0.8692355091499895,0.44421347902022357,0.1374663639587335,53.0,return_last_5m,update_rate_bid,cancel_rate_ask,realized_volatility_30s,z_anchor_vwap,avg_trade_size,distance_from_overnight_high,realized_vol_5m,cancel_rate_bid,tick_rate,cancel_rate_ask,opening_range_width,tick_rate,update_rate_bid,avg_trade_size,realized_vol_1m,return_last_5m,add_rate_bid,realized_volatility_30s,depth_far_ask
ok,lower,2,300,mr_pts_t300,4,1.0,vol30_top30,realized_volatility_30s,0.3,1031,670,206,155,583,188,138,0.8701492537313433,0.912621359223301,0.8903225806451613,0.5023640661938534,0.9110576978690237,0.30462323758661264,0.08139543422622424,0.45098039215686275,0.8737616048960188,0.34815130661038185,0.09815131640605855,2.0,depth_near_ask,bid_depth_curvature,net_liquidity_shock,distance_from_overnight_low,macd,ema_spread_9_21,depth_mid_bid,bid_convexity,band_k,side,depth_near_ask,net_liquidity_shock,bid_depth_curvature,distance_from_overnight_low,macd,depth_mid_bid,ema_spread_9_21,bid_convexity,band_k,side
ok,lower,2,300,mr_pts_t300,4,1.0,vol1m_top30,realized_vol_1m,0.3,1031,670,206,155,588,192,139,0.8776119402985074,0.9320388349514563,0.896774193548387,0.5243675595238095,0.9430193860215432,0.26254906841769937,0.06591659395783574,0.4386241007194245,0.8572450322253078,0.33539251548445803,0.09324146686666554,5.0,queue_imbalance_std_5s,macd,wall_strength_opposite_5_5s_avg,flow_burst_ratio,bid_depth_curvature,realized_vol_1m,bid_queue_depletion_rate,realized_vol_5m,toxicity_ratio,liquidity_slope_ask,macd,wall_strength_opposite_5_5s_avg,bid_queue_depletion_rate,queue_imbalance_std_5s,net_liquidity_shock,distance_from_overnight_high,flow_burst_ratio,toxicity_ratio,depth_near_bid,realized_vol_1m
ok,lower,2,300,mr_pts_t300,4,1.0,vol5m_top30,realized_vol_5m,0.3,1031,670,206,155,600,177,141,0.8955223880597015,0.8592233009708737,0.9096774193548387,0.4822715760763686,0.8520162880044401,0.412791462505682,0.12227273847401343,0.32396149949341435,0.8723690006185773,0.30597987846305286,0.08266312181979919,1.0,flow_burst_ratio,realized_vol_1m,distance_from_session_midrange,band_k,side,is_weekend,entry_price,distance0,sigma0,cooldown_seconds,flow_burst_ratio,realized_vol_1m,distance_from_session_midrange,band_k,side,is_weekend,entry_price,distance0,sigma0,cooldown_seconds
ok,lower,2,300,mr_pts_t300,8,2.0,none,,,3434,2232,686,516,1367,417,344,0.6124551971326165,0.607871720116618,0.6666666666666666,0.675652786321129,0.7606374205774363,0.6242317118638631,0.21761705433041523,0.6719510546241212,0.7817565970537976,0.5983938216721437,0.20524539902552533,94.0,realized_volatility_30s,distance_from_overnight_high,since_touch_any_seconds,update_rate_bid,distance_from_prior_day_high,bid_depth_curvature,bid_queue_depletion_rate,realized_vol_1m,realized_vol_5m,cancel_rate_bid,realized_volatility_30s,distance_from_overnight_high,update_rate_bid,realized_vol_1m,cancel_rate_bid,bid_queue_depletion_rate,since_touch_any_seconds,average_true_range,distance_from_prior_day_high,bid_depth_curvature
ok,lower,2,300,mr_pts_t300,8,2.0,vol30_top30,realized_volatility_30s,0.3,1031,670,206,155,487,167,121,0.7268656716417911,0.8106796116504854,0.7806451612903226,0.6530016889298327,0.893562253837376,0.46794370428173804,0.14771470033094833,0.6771998055420515,0.8742634811914637,0.5038653649252217,0.16304999202353865,77.0,bid_depth_curvature,distance_from_overnight_high,remove_rate_near_bid,cancel_rate_ask,sma_spread_20_50,cvd_acceleration,trade_imbalance_60s,aggressive_volume_ratio,z_anchor_vwap,distance_from_overnight_low,distance_from_overnight_high,bid_depth_curvature,cancel_rate_ask,remove_rate_near_bid,trade_imbalance_60s,z_anchor_vwap,net_liquidity_shock,wall_strength_opposite_5_5s_avg,impact_decay_3s,aggressive_volume_ratio
ok,lower,2,300,mr_pts_t300,8,2.0,vol1m_top30,realized_vol_1m,0.3,1031,670,206,155,490,169,117,0.7313432835820896,0.8203883495145631,0.7548387096774194,0.6622421237805852,0.8897630658341157,0.4538928354393536,0.1415654266703352,0.6578947368421053,0.8571250031944486,0.5330580024501876,0.17629159225743646,72.0,distance_from_overnight_high,bid_depth_curvature,stoch_d_3,distance_from_prior_day_high,OFI_5s,wall_strength_opposite_5_5s_avg,distance_from_overnight_low,aggressive_sell_volume,average_true_range,since_touch_any_seconds,distance_from_overnight_high,bid_depth_curvature,wall_strength_opposite_5_5s_avg,stoch_d_3,net_liquidity_shock,distance_from_prior_day_high,remove_rate_near_bid,distance_from_overnight_low,average_true_range,bid_queue_change_rate
ok,lower,2,300,mr_pts_t300,8,2.0,vol5m_top30,realized_vol_5m,0.3,1031,670,206,155,500,147,123,0.746268656716418,0.7135922330097088,0.7935483870967742,0.6524270725239247,0.7856477439697411,0.5991457918264704,0.20449486661361663,0.5788871951219512,0.8204770850919203,0.5144708853451311,0.1657166459568684,1.0,depth_near_bid,distance_from_prior_day_high,cvd_slope,band_k,side,is_weekend,entry_price,distance0,sigma0,cooldown_seconds,depth_near_bid,distance_from_prior_day_high,cvd_slope,band_k,side,is_weekend,entry_price,distance0,sigma0,cooldown_seconds
ok,lower,2,300,mr_pts_t300,12,3.0,none,,,3434,2232,686,516,1015,289,268,0.45474910394265233,0.42128279883381925,0.5193798449612403,0.7064488856736946,0.621750707196981,0.6148948942648748,0.2140206077878095,0.667007703418392,0.6679575026427768,0.658530721271003,0.23347818244369942,182.0,realized_volatility_30s,distance_from_overnight_high,realized_vol_1m,bid_depth_curvature,distance_from_prior_day_high,average_true_range,session_high_running_t0,realized_vol_5m,bid_queue_depletion_rate,opening_range_width,realized_volatility_30s,realized_vol_1m,distance_from_overnight_high,average_true_range,bid_depth_curvature,realized_vol_5m,distance_from_prior_day_high,bid_queue_depletion_rate,tick_rate,depth_near_ask
ok,lower,2,300,mr_pts_t300,12,3.0,vol30_top30,realized_volatility_30s,0.3,1031,670,206,155,407,137,104,0.6074626865671642,0.6650485436893204,0.6709677419354839,0.6628054585845763,0.8031348821454134,0.6184184236321949,0.21438287582664936,0.6553544494720965,0.8014275062798801,0.6194390003287327,0.21431009977994997,29.0,bid_depth_curvature,distance_from_overnight_high,OBI_l5,cancel_rate_ask,entry_price,overnight_high,distance_from_ema_21,net_liquidity_shock,add_rate_bid,distance_from_prior_day_high,bid_depth_curvature,distance_from_overnight_high,cancel_rate_ask,OBI_l5,add_rate_bid,distance_from_ema_21,trade_imbalance_5s,trade_imbalance_60s,depth_near_ask,net_liquidity_shock
ok,lower,2,300,mr_pts_t300,12,3.0,vol1m_top30,realized_vol_1m,0.3,1031,670,206,155,412,138,102,0.6149253731343284,0.6699029126213593,0.6580645161290323,0.6851555839727194,0.8174355798296347,0.6251010367859571,0.21692350989647285,0.6630595634480206,0.8037347911210928,0.6359277832628955,0.22196183274614817,10.0,distance_from_overnight_high,bid_depth_curvature,ema_9,cancel_rate_ask,sma_50,ema_21,distance_from_prior_day_low,remove_rate_near_bid,distance_from_prior_day_high,depth_near_ask,distance_from_overnight_high,bid_depth_curvature,cancel_rate_ask,remove_rate_near_bid,distance_from_prior_day_low,depth_near_ask,ema_9,distance_from_overnight_low,sma_50,distance_from_prior_day_high
ok,lower,2,300,mr_pts_t300,12,3.0,vol5m_top30,realized_vol_5m,0.3,1031,670,206,155,414,116,99,0.6179104477611941,0.5631067961165048,0.6387096774193548,0.6114942528735633,0.6697305764675022,0.6796142250957826,0.24352957714660417,0.6300505050505051,0.7527660360799673,0.6358122165966748,0.22247610768799364,31.0,distance_from_overnight_high,bid_depth_curvature,avg_trade_size,aggressive_sell_volume,distance_from_prior_day_high,cancel_rate_ask,average_true_range,realized_vol_5m,impact_efficiency_3s,ema_spread_9_21,distance_from_overnight_high,bid_depth_curvature,aggressive_sell_volume,cancel_rate_ask,avg_trade_size,average_true_range,distance_from_prior_day_high,ema_spread_9_21,flow_toxicity_30s,realized_vol_5m
ok,lower,2,300,mr_pts_t300,16,4.0,none,,,3434,2232,686,516,736,200,206,0.32974910394265233,0.2915451895043732,0.3992248062015504,0.7262448559670782,0.5181861640239204,0.5378541603595863,0.18029707096631273,0.7200908236767929,0.6382843257062953,0.6149058836226082,0.21456675436199377,65.0,realized_volatility_30s,average_true_range,distance_from_overnight_high,depth_mid_ask,realized_vol_1m,opening_range_width,cancel_rate_ask,depth_far_ask,distance_from_prior_day_high,distance_from_range_extreme_norm,realized_volatility_30s,average_true_range,distance_from_overnight_high,depth_mid_ask,realized_vol_1m,cancel_rate_ask,depth_far_ask,opening_range_width,depth_far_bid,distance_from_prior_day_high
ok,lower,2,300,mr_pts_t300,16,4.0,vol30_top30,realized_volatility_30s,0.3,1031,670,206,155,326,121,93,0.48656716417910445,0.587378640776699,0.6,0.6629071463296062,0.7143052651522972,0.6901737508156957,0.24851382806142625,0.6450745750953867,0.6952651765209419,0.6959597090956856,0.25140717255782946,3.0,overnight_high,cancel_rate_ask,distance_from_ema_21,bid_depth_curvature,distance_from_overnight_high,depth_near_ask,trade_imbalance_60s,microprice,band_k,side,cancel_rate_ask,bid_depth_curvature,overnight_high,distance_from_overnight_high,trade_imbalance_60s,distance_from_ema_21,depth_near_ask,microprice,band_k,side
ok,lower,2,300,mr_pts_t300,16,4.0,vol1m_top30,realized_vol_1m,0.3,1031,670,206,155,327,122,93,0.4880597014925373,0.5922330097087378,0.6,0.6681303669008587,0.7063902984757949,0.6447779939211797,0.22624158928972984,0.7473118279569892,0.8221953094669279,0.6554307593275254,0.23145197678019286,47.0,distance_from_overnight_high,depth_mid_ask,cancel_rate_ask,overnight_high,overnight_low,vwap_open,session_high_running_t0,bid_depth_curvature,bid_queue_change_rate,distance_from_value_area_low,depth_mid_ask,distance_from_overnight_high,cancel_rate_ask,bid_depth_curvature,session_high_running_t0,overnight_high,prior_day_rth_high,bid_queue_change_rate,cancel_ratio,overnight_low
ok,lower,2,300,mr_pts_t300,16,4.0,vol5m_top30,realized_vol_5m,0.3,1031,670,206,155,323,102,89,0.48208955223880595,0.49514563106796117,0.5741935483870968,0.6274509803921569,0.5897379744589073,0.6694573367481882,0.23833206642210739,0.6865849506298944,0.7810143918733542,0.6573830726261115,0.23215971167413318,65.0,cancel_rate_ask,distance_from_overnight_high,depth_mid_ask,distance_from_prior_day_high,bid_depth_curvature,realized_vol_5m,absorption_ratio,distance_from_session_vwap_anchor,average_true_range,return_last_5m,cancel_rate_ask,distance_from_overnight_high,depth_mid_ask,realized_vol_5m,distance_from_prior_day_high,bid_depth_curvature,absorption_ratio,average_true_range,return_last_5m,distance_from_session_vwap_anchor
ok,lower,2,300,mr_pts_t300,24,6.0,none,,,3434,2232,686,516,431,91,138,0.19310035842293907,0.1326530612244898,0.26744186046511625,0.800036937852064,0.3616040880024403,0.3258745209492748,0.09901341373856264,0.7582048922628633,0.5245316926890164,0.5256018381298663,0.17632814739054092,106.0,realized_vol_1m,realized_volatility_30s,depth_mid_bid,distance_from_overnight_high,average_true_range,depth_far_ask,opening_range_width,bid_depth_curvature,since_touch_any_seconds,overnight_high,realized_vol_1m,realized_volatility_30s,distance_from_overnight_high,average_true_range,depth_mid_bid,depth_far_ask,opening_range_width,bid_depth_curvature,depth_far_bid,since_touch_any_seconds
ok,lower,2,300,mr_pts_t300,24,6.0,vol30_top30,realized_volatility_30s,0.3,1031,670,206,155,226,90,70,0.3373134328358209,0.4368932038834951,0.45161290322580644,0.7090038314176245,0.6370982434556046,0.6716797832053534,0.2399548632779287,0.7257142857142856,0.6803413399643077,0.6855241599359899,0.24674539854695962,11.0,distance_from_overnight_high,realized_vol_5m,bid_depth_curvature,opening_range_width,vah,distance_from_ema_21,range_position,session_high_running_t0,add_rate_bid,cancel_rate_ask,distance_from_overnight_high,realized_vol_5m,bid_depth_curvature,vah,opening_range_width,range_position,session_high_running_t0,depth_far_ask,add_rate_bid,distance_from_ema_21
ok,lower,2,300,mr_pts_t300,24,6.0,vol1m_top30,realized_vol_1m,0.3,1031,670,206,155,220,96,66,0.3283582089552239,0.46601941747572817,0.4258064516129032,0.6580018939393939,0.5978731529407475,0.6872092312014976,0.24743479336902577,0.7265917602996255,0.6326683248547118,0.6621081710084051,0.23590253009843964,17.0,distance_from_overnight_high,average_true_range,realized_vol_5m,opening_range_width,depth_mid_ask,spread_mid_ratio,depth_far_ask,trade_rate_pre_per_s,cancel_rate_ask,time_of_day_sin,distance_from_overnight_high,realized_vol_5m,average_true_range,depth_mid_ask,opening_range_width,depth_far_ask,bid_depth_curvature,cancel_rate_ask,time_of_day_sin,spread_mid_ratio
ok,lower,2,300,mr_pts_t300,24,6.0,vol5m_top30,realized_vol_5m,0.3,1031,670,206,155,231,71,65,0.3447761194029851,0.3446601941747573,0.41935483870967744,0.6273343766301512,0.42756202389324915,0.6259327747576419,0.21827804146498678,0.6541880341880342,0.6302175051729519,0.6585176737052241,0.23301332030530383,38.0,realized_vol_5m,distance_from_overnight_high,average_true_range,realized_volatility_30s,depth_far_bid,bid_depth_curvature,depth_mid_ask,distance_from_ema_21,depth_far_ask,cancel_rate_ask,realized_vol_5m,distance_from_overnight_high,average_true_range,realized_volatility_30s,depth_far_bid,bid_depth_curvature,depth_far_ask,depth_mid_ask,distance_from_ema_21,cancel_rate_ask
ok,lower,2,300,mr_pts_t300,32,8.0,none,,,3434,2232,686,516,261,53,84,0.11693548387096774,0.07725947521865889,0.16279069767441862,0.8653909207427941,0.39012059512059405,0.22075486436608724,0.060613767605910716,0.7801752645502645,0.40185936219842855,0.3949779608003549,0.12304981239535509,38.0,realized_vol_1m,average_true_range,realized_volatility_30s,distance_from_overnight_high,depth_far_ask,depth_far_bid,realized_vol_5m,distance_from_prior_day_high,cancel_ratio,opening_range_width,average_true_range,realized_vol_1m,realized_volatility_30s,distance_from_overnight_high,depth_far_ask,realized_vol_5m,opening_range_width,depth_far_bid,distance_from_prior_day_high,distance_from_ema_21
ok,lower,2,300,mr_pts_t300,32,8.0,vol30_top30,realized_volatility_30s,0.3,1031,670,206,155,142,74,52,0.21194029850746268,0.3592233009708738,0.33548387096774196,0.7338247338247339,0.564008832814428,0.5836216893652615,0.20142583496943162,0.6947348767737117,0.5146907379922692,0.6198633949499823,0.21509990234859488,105.0,realized_vol_1m,distance_from_ema_21,distance_from_overnight_high,realized_vol_5m,distance_from_session_vwap_anchor,distance_from_prior_day_high,distance_from_overnight_low,average_true_range,wall_persistence_2s,opening_range_width,realized_vol_1m,realized_vol_5m,distance_from_ema_21,distance_from_overnight_high,distance_from_session_vwap_anchor,distance_from_prior_day_high,distance_from_overnight_low,average_true_range,trade_rate_pre_per_s,wall_persistence_2s
ok,lower,2,300,mr_pts_t300,32,8.0,vol1m_top30,realized_vol_1m,0.3,1031,670,206,155,137,79,48,0.2044776119402985,0.38349514563106796,0.3096774193548387,0.676666998903618,0.5571280691129794,0.6324840277876688,0.22157417196209647,0.7297507788161993,0.5441285618448941,0.564598993915818,0.19400994725490084,76.0,realized_vol_1m,average_true_range,distance_from_overnight_high,realized_vol_5m,distance_from_ema_21,depth_far_ask,wall_persistence_2s,bid_depth_curvature,bid_queue_change_rate,trade_rate_pre_per_s,realized_vol_1m,average_true_range,distance_from_overnight_high,realized_vol_5m,distance_from_ema_21,realized_volatility_30s,depth_far_ask,trade_rate_pre_per_s,bid_depth_curvature,wall_persistence_2s
ok,lower,2,300,mr_pts_t300,32,8.0,vol5m_top30,realized_vol_5m,0.3,1031,670,206,155,162,52,47,0.2417910447761194,0.2524271844660194,0.3032258064516129,0.7024225774225774,0.4357804763371629,0.5180467943209369,0.17184145742943144,0.712962962962963,0.510741543867913,0.5707777814909987,0.1935221748021011,94.0,realized_volatility_30s,distance_from_ema_21,realized_vol_5m,distance_from_overnight_high,average_true_range,distance_from_session_vwap_anchor,realized_vol_1m,impact_efficiency_30s,impact_decay_5s,distance_from_prior_day_high,realized_vol_5m,realized_volatility_30s,realized_vol_1m,distance_from_ema_21,distance_from_overnight_high,opening_range_width,distance_from_session_vwap_anchor,average_true_range,distance_from_prior_day_high,impact_efficiency_30s
ok,lower,2,300,mr_pts_t300,40,10.0,none,,,3434,2232,686,516,159,28,56,0.07123655913978495,0.04081632653061224,0.10852713178294573,0.8689209726443768,0.297749043640439,0.1287934108346331,0.03349844595533181,0.7727096273291926,0.2900139033229017,0.3326042103702261,0.09250422523132978,106.0,realized_vol_1m,realized_volatility_30s,average_true_range,distance_from_overnight_high,distance_from_prior_day_high,depth_far_ask,impact_decay_5s,best_ask_queue_norm,update_rate_ask,trade_rate_pre_per_s,average_true_range,realized_volatility_30s,realized_vol_1m,distance_from_overnight_high,realized_vol_5m,depth_far_ask,distance_from_prior_day_high,vwap_drift,queue_imbalance_std_5s,trade_rate_pre_per_s
ok,lower,2,300,mr_pts_t300,40,10.0,vol30_top30,realized_volatility_30s,0.3,1031,670,206,155,87,55,37,0.12985074626865672,0.2669902912621359,0.23870967741935484,0.8057796508127634,0.5336555978243608,0.47044621584843527,0.15651032793406458,0.7251488776912507,0.425204189235481,0.5362871531972782,0.17345512705464458,167.0,distance_from_overnight_high,distance_from_ema_21,ask_convexity,realized_vol_5m,opening_range_width,distance_from_prior_day_high,net_liquidity_shock,average_true_range,realized_vol_1m,distance_from_session_vwap_anchor,realized_vol_5m,distance_from_overnight_high,opening_range_width,distance_from_prior_day_high,realized_vol_1m,distance_from_ema_21,average_true_range,net_liquidity_shock,ask_convexity,distance_from_session_vwap_anchor
ok,lower,2,300,mr_pts_t300,40,10.0,vol1m_top30,realized_vol_1m,0.3,1031,670,206,155,82,57,33,0.12238805970149254,0.2766990291262136,0.2129032258064516,0.7679265277287177,0.4999744217844253,0.5063332284043135,0.16764462704278743,0.7406855439642326,0.370849585562711,0.4841056789320618,0.15839117954897877,178.0,distance_from_overnight_high,ask_convexity,realized_vol_5m,distance_from_ema_21,net_liquidity_shock,bid_depth_curvature,average_true_range,distance_from_prior_day_high,best_ask_queue_norm,realized_vol_1m,realized_vol_5m,distance_from_overnight_high,ask_convexity,realized_vol_1m,distance_from_prior_day_high,distance_from_ema_21,average_true_range,net_liquidity_shock,realized_volatility_30s,best_ask_queue_norm
ok,lower,2,300,mr_pts_t300,40,10.0,vol5m_top30,realized_vol_5m,0.3,1031,670,206,155,105,30,32,0.15671641791044777,0.14563106796116504,0.2064516129032258,0.7613636363636364,0.3717387021244551,0.3585245367172995,0.10891192680919912,0.6742886178861789,0.399597622626168,0.5063124231081135,0.15694837249555807,122.0,average_true_range,distance_from_prior_day_high,realized_vol_5m,realized_vol_1m,opening_range_width,distance_from_overnight_high,distance_from_session_vwap_anchor,ask_convexity,queue_imbalance_std_5s,absorption_ratio,realized_vol_5m,realized_vol_1m,average_true_range,distance_from_prior_day_high,opening_range_width,realized_volatility_30s,distance_from_overnight_high,distance_from_session_vwap_anchor,queue_imbalance_std_5s,distance_from_ema_21
ok,lower,2,600,mr_pts_t600,4,1.0,none,,,3434,2232,686,516,1939,594,449,0.8687275985663082,0.8658892128279884,0.8701550387596899,0.6469038208168643,0.9097630225777746,0.38228796910105406,0.1133117102761748,0.5801615530365987,0.9010861092641473,0.38126169892831374,0.1117789697854512,25.0,add_rate_bid,return_last_5m,distance_from_overnight_high,remove_rate_near_bid,update_rate_bid,OBI_l10,cvd_acceleration,bid_depth_curvature,distance_from_overnight_low,distance_from_session_vwap_anchor,add_rate_bid,average_true_range,remove_rate_near_bid,return_last_5m,cancel_rate_ask,trade_sign_autocorr_60s,distance_from_overnight_high,update_rate_bid,cvd_acceleration,ask_queue_change_rate
ok,lower,2,600,mr_pts_t600,4,1.0,vol30_top30,realized_volatility_30s,0.3,1031,670,206,155,611,190,140,0.9119402985074627,0.9223300970873787,0.9032258064516129,0.5110197368421052,0.9290758253156256,0.2733933637081837,0.07169893880766763,0.6157142857142857,0.9259635842872835,0.3161780115369355,0.08712234646336162,8.0,cvd_acceleration,bid_depth_curvature,wall_strength_opposite_5_5s_avg,flow_burst_ratio,tick_rate,cvd_slope,wall_strength_opposite_3_2s_avg,wall_strength_opposite_5,time_of_day_sin,OFI_burst_ratio,cvd_acceleration,bid_depth_curvature,cvd_slope,wall_strength_opposite_3_2s_avg,wall_strength_opposite_5_5s_avg,weighted_OBI_l5,wall_strength_opposite_5,tick_rate,OFI_burst_ratio,flow_burst_ratio
ok,lower,2,600,mr_pts_t600,4,1.0,vol1m_top30,realized_vol_1m,0.3,1031,670,206,155,612,193,140,0.9134328358208955,0.9368932038834952,0.9032258064516129,0.4834595456357114,0.9294726302224277,0.23838873176977912,0.05956632209171047,0.6004761904761905,0.933424655565635,0.31444811477943596,0.08680636726866785,17.0,stoch_d_3,distance_from_overnight_high,bid_depth_curvature,flow_burst_ratio,tick_rate,queue_imbalance_std_5s,volume_burst_ratio,wall_strength_opposite_5_5s_avg,OFI_burst_ratio,spread_mid_ratio,distance_from_overnight_high,stoch_d_3,bid_depth_curvature,flow_burst_ratio,volume_burst_ratio,queue_imbalance_std_5s,tick_rate,distance_from_prior_day_low,realized_vol_5m,realized_vol_1m
ok,lower,2,600,mr_pts_t600,4,1.0,vol5m_top30,realized_vol_5m,0.3,1031,670,206,155,618,180,142,0.9223880597014925,0.8737864077669902,0.9161290322580645,0.5136752136752136,0.8842431514818125,0.39323391804452995,0.11264693732375201,0.41332611050920903,0.9067603673311776,0.289427928706868,0.0770258796874698,2.0,distance_from_value_area_low,trade_sign_autocorr_30s,macd_signal,macd,realized_vol_5m,distance_from_prior_day_high,band_k,side,is_weekend,entry_price,distance_from_value_area_low,trade_sign_autocorr_30s,macd_signal,macd,realized_vol_5m,distance_from_prior_day_high,band_k,side,is_weekend,entry_price
ok,lower,2,600,mr_pts_t600,8,2.0,none,,,3434,2232,686,516,1574,478,381,0.7051971326164874,0.6967930029154519,0.7383720930232558,0.6749074670099775,0.8242223561404474,0.5722973810198589,0.19464452428594192,0.6873335277534753,0.843678552286719,0.5342642252469962,0.1769823383466564,99.0,distance_from_overnight_high,cancel_rate_bid,update_rate_bid,distance_from_prior_day_high,bid_depth_curvature,average_true_range,realized_volatility_30s,wall_persistence_2s,impact_decay_3s,z_anchor_vwap,cancel_rate_bid,distance_from_overnight_high,update_rate_bid,realized_volatility_30s,distance_from_prior_day_high,average_true_range,distance_from_overnight_low,update_rate_ask,bid_depth_curvature,return_last_30s
ok,lower,2,600,mr_pts_t600,8,2.0,vol30_top30,realized_volatility_30s,0.3,1031,670,206,155,538,176,126,0.8029850746268656,0.8543689320388349,0.8129032258064516,0.6763257575757576,0.9197857074476844,0.3949900798589156,0.1190094894942847,0.6442255062944717,0.8558146242192289,0.46558117615208683,0.14651209010431343,50.0,cvd_acceleration,add_rate_bid,aggressive_buy_volume,bid_depth_curvature,distance_from_overnight_high,ema_9,cancel_rate_ask,z_anchor_vwap,return_last_30s,sma_spread_20_50,add_rate_bid,cancel_rate_ask,bid_depth_curvature,distance_from_overnight_high,cvd_acceleration,bid_queue_change_rate,sma_spread_20_50,aggressive_buy_volume,return_last_30s,z_anchor_vwap
ok,lower,2,600,mr_pts_t600,8,2.0,vol1m_top30,realized_vol_1m,0.3,1031,670,206,155,539,178,123,0.8044776119402985,0.8640776699029126,0.7935483870967742,0.6135634028892456,0.9202576020524884,0.3937178436632679,0.11642882128066027,0.6341463414634148,0.832998392579129,0.4966823076978275,0.15968269265149204,25.0,bid_depth_curvature,average_true_range,distance_from_overnight_high,depth_mid_ask,macd_hist,add_rate_bid,bid_queue_change_rate,OFI_30s,realized_volatility_30s,stoch_d_3,bid_depth_curvature,average_true_range,distance_from_overnight_high,realized_volatility_30s,add_rate_bid,macd_hist,bid_queue_change_rate,OFI_30s,cancel_rate_ask,depth_mid_ask
ok,lower,2,600,mr_pts_t600,8,2.0,vol5m_top30,realized_vol_5m,0.3,1031,670,206,155,551,157,131,0.8223880597014925,0.7621359223300971,0.8451612903225807,0.6871181593656571,0.8731449303238056,0.5251739977280849,0.1721042165744655,0.5559796437659033,0.8486530447575876,0.43791091664107085,0.13212787989357394,92.0,distance_from_prior_day_high,distance_from_overnight_high,add_rate_bid,cvd_acceleration,distance_from_overnight_low,impact_decay_3s,z_anchor_vwap,bid_queue_change_rate,OFI_30s,stoch_d_3,distance_from_prior_day_high,distance_from_overnight_low,add_rate_bid,distance_from_overnight_high,cvd_acceleration,bid_queue_change_rate,OFI_30s,impact_decay_3s,z_anchor_vwap,stoch_d_3
ok,lower,2,600,mr_pts_t600,12,3.0,none,,,3434,2232,686,516,1244,371,324,0.557347670250896,0.5408163265306123,0.627906976744186,0.668420827450477,0.704181525467555,0.6476395992421898,0.2283642658101127,0.6696084104938271,0.7476756040435553,0.6312963492314823,0.2200517769631581,172.0,realized_vol_1m,distance_from_overnight_high,bid_depth_curvature,distance_from_prior_day_high,realized_volatility_30s,average_true_range,impact_decay_3s,depth_near_ask,CVD,liquidity_compression,realized_vol_1m,distance_from_overnight_high,realized_volatility_30s,distance_from_prior_day_high,average_true_range,add_rate_bid,depth_near_ask,bid_depth_curvature,impact_decay_3s,update_rate_ask
ok,lower,2,600,mr_pts_t600,12,3.0,vol30_top30,realized_volatility_30s,0.3,1031,670,206,155,462,154,112,0.6895522388059702,0.7475728155339806,0.7225806451612903,0.6941808191808191,0.8818237062056631,0.5536823262425443,0.1841084437866738,0.6053779069767442,0.7927843067148415,0.5868269397384412,0.19890923822083478,13.0,depth_mid_ask,distance_from_overnight_high,depth_near_ask,depth_far_ask,sma_50,add_rate_bid,remove_rate_near_bid,distance_from_ema_21,ema_9,sma_20,depth_near_ask,distance_from_overnight_high,depth_mid_ask,add_rate_bid,depth_far_ask,remove_rate_near_bid,sma_50,range_position,bid_depth_curvature,distance_from_ema_21
ok,lower,2,600,mr_pts_t600,12,3.0,vol1m_top30,realized_vol_1m,0.3,1031,670,206,155,467,155,112,0.6970149253731344,0.7524271844660194,0.7225806451612903,0.7050600885515497,0.8726422681716567,0.5579288208983829,0.1855001845445577,0.580045681063123,0.7904479493247677,0.5891931995360227,0.19988993191762258,5.0,distance_from_overnight_high,add_rate_bid,remove_rate_near_bid,prior_day_rth_high,vwap_open,cancel_rate_ask,bid_depth_curvature,realized_vol_5m,aggressive_buy_volume,OFI_30s,distance_from_overnight_high,add_rate_bid,remove_rate_near_bid,cancel_rate_ask,realized_vol_5m,vwap_open,prior_day_rth_high,bid_depth_curvature,distance_from_prior_day_high,distance_from_overnight_low
ok,lower,2,600,mr_pts_t600,12,3.0,vol5m_top30,realized_vol_5m,0.3,1031,670,206,155,476,133,112,0.7104477611940299,0.6456310679611651,0.7225806451612903,0.691008342774745,0.776724727039123,0.6236138651808342,0.2173145265809538,0.6324750830564784,0.8027860002177181,0.5700351873713518,0.19186188397407755,53.0,queue_imbalance_std_5s,distance_from_overnight_high,add_rate_bid,distance_from_prior_day_high,spread_mid_ratio,realized_vol_5m,bid_depth_curvature,cvd_acceleration,aggressive_sell_volume,depth_near_bid,add_rate_bid,queue_imbalance_std_5s,distance_from_overnight_high,distance_from_prior_day_high,cvd_acceleration,realized_vol_5m,bid_depth_curvature,aggressive_sell_volume,spread_mid_ratio,cancel_ratio
ok,lower,2,600,mr_pts_t600,16,4.0,none,,,3434,2232,686,516,962,298,262,0.43100358422939067,0.43440233236151604,0.5077519379844961,0.7046979865771812,0.6527795873644133,0.62129294754635,0.21588603231394257,0.7101340385886878,0.7042548557360477,0.6288731578480975,0.22036005633184325,72.0,realized_volatility_30s,average_true_range,depth_mid_ask,distance_from_overnight_high,distance_from_prior_day_high,realized_vol_1m,update_rate_ask,cancel_rate_ask,depth_near_ask,OFI_30s,realized_volatility_30s,depth_mid_ask,average_true_range,distance_from_overnight_high,realized_vol_1m,depth_near_ask,distance_from_prior_day_high,update_rate_ask,OFI_30s,depth_far_ask
ok,lower,2,600,mr_pts_t600,16,4.0,vol30_top30,realized_volatility_30s,0.3,1031,670,206,155,387,137,103,0.5776119402985075,0.6650485436893204,0.6645161290322581,0.6692055432137946,0.7879560630030862,0.6104112135413526,0.21035559549427815,0.6911874533233756,0.816367632195522,0.6194139967447281,0.21418049755379354,38.0,distance_from_overnight_high,depth_mid_ask,depth_far_ask,session_high_running_t0,depth_near_ask,cancel_rate_ask,bid_depth_curvature,midrange,return_last_30s,ema_9,distance_from_overnight_high,depth_mid_ask,depth_far_ask,depth_near_ask,cancel_rate_ask,session_high_running_t0,midrange,bid_depth_curvature,session_low_running_t0,z_anchor_vwap
ok,lower,2,600,mr_pts_t600,16,4.0,vol1m_top30,realized_vol_1m,0.3,1031,670,206,155,392,136,103,0.5850746268656717,0.6601941747572816,0.6645161290322581,0.6396008403361344,0.7679132244836404,0.6142431508069072,0.21226452818690336,0.7246079163554893,0.8340030120644603,0.5920111213883603,0.20134097713114593,67.0,distance_from_overnight_high,depth_mid_ask,average_true_range,bid_queue_change_rate,z_anchor_vwap,depth_near_ask,return_last_30s,cancel_rate_ask,queue_imbalance_std_5s,overnight_high,depth_mid_ask,distance_from_overnight_high,depth_near_ask,average_true_range,z_anchor_vwap,bid_queue_change_rate,cancel_rate_ask,queue_imbalance_std_5s,return_last_30s,distance_from_prior_day_high
ok,lower,2,600,mr_pts_t600,16,4.0,vol5m_top30,realized_vol_5m,0.3,1031,670,206,155,395,119,102,0.5895522388059702,0.5776699029126213,0.6580645161290323,0.6265816671496184,0.676274658993419,0.6506916691347275,0.22859243592854125,0.6714761376248612,0.7865494725855631,0.612081879121104,0.21145688342333438,128.0,distance_from_prior_day_high,depth_mid_ask,absorption_ratio,cancel_rate_ask,z_anchor_vwap,spread_mid_ratio,CVD,add_rate_bid,impact_efficiency_30s,realized_vol_5m,depth_mid_ask,distance_from_prior_day_high,cancel_rate_ask,z_anchor_vwap,absorption_ratio,add_rate_bid,realized_vol_5m,spread_mid_ratio,impact_efficiency_30s,return_last_5m
ok,lower,2,600,mr_pts_t600,24,6.0,none,,,3434,2232,686,516,644,168,195,0.2885304659498208,0.24489795918367346,0.37790697674418605,0.7585034013605442,0.5188683067545178,0.4736538268302963,0.1538049134546828,0.7236999760364247,0.6002189597471204,0.6138998021400143,0.2143630416640807,128.0,distance_from_overnight_high,realized_volatility_30s,realized_vol_1m,average_true_range,depth_far_ask,tick_rate,depth_mid_ask,distance_from_range_extreme_norm,prior_day_rth_high,cancel_rate_ask,realized_vol_1m,distance_from_overnight_high,realized_volatility_30s,average_true_range,depth_far_ask,realized_vol_5m,depth_mid_ask,distance_from_range_extreme_norm,tick_rate,seconds_since_open
ok,lower,2,600,mr_pts_t600,24,6.0,vol30_top30,realized_volatility_30s,0.3,1031,670,206,155,304,112,87,0.4537313432835821,0.5436893203883495,0.5612903225806452,0.7068768996960486,0.7026016321100355,0.6353482275301918,0.22166787980913194,0.744421906693712,0.7753441540524894,0.6396806564469742,0.22408225719351282,35.0,distance_from_overnight_high,average_true_range,opening_range_width,depth_far_ask,session_high_running_t0,since_touch_any_seconds,bid_depth_curvature,realized_vol_5m,depth_mid_ask,distance_from_session_midrange,distance_from_overnight_high,average_true_range,depth_far_ask,opening_range_width,session_high_running_t0,since_touch_any_seconds,realized_vol_5m,return_last_5m,distance_from_session_midrange,depth_mid_ask
ok,lower,2,600,mr_pts_t600,24,6.0,vol1m_top30,realized_vol_1m,0.3,1031,670,206,155,301,115,85,0.44925373134328356,0.558252427184466,0.5483870967741935,0.6903010033444816,0.6877333877623508,0.6593036074726022,0.23320793105389484,0.7534453781512604,0.7665140594184677,0.6556194114549666,0.23152633968705882,20.0,average_true_range,distance_from_overnight_high,depth_far_ask,depth_mid_ask,distance_from_prior_day_high,since_touch_any_seconds,cancel_rate_ask,opening_range_width,bid_depth_curvature,spread_expansion_ratio,distance_from_overnight_high,average_true_range,depth_far_ask,depth_mid_ask,since_touch_any_seconds,realized_vol_5m,distance_from_prior_day_high,add_rate_bid,cancel_rate_ask,opening_range_width
ok,lower,2,600,mr_pts_t600,24,6.0,vol5m_top30,realized_vol_5m,0.3,1031,670,206,155,312,96,82,0.46567164179104475,0.46601941747572817,0.5290322580645161,0.6358901515151515,0.5797294092938285,0.6608709988729932,0.23507811384770835,0.6906114266622119,0.7366383480699726,0.6412801890881691,0.2248805701568996,111.0,average_true_range,distance_from_overnight_high,distance_from_prior_day_high,cancel_rate_ask,depth_mid_ask,spread_expansion_ratio,bid_depth_curvature,depth_far_ask,since_touch_any_seconds,CVD,average_true_range,distance_from_overnight_high,distance_from_prior_day_high,depth_mid_ask,cancel_rate_ask,depth_far_ask,realized_vol_5m,bid_depth_curvature,since_touch_any_seconds,spread_expansion_ratio
ok,lower,2,600,mr_pts_t600,32,8.0,none,,,3434,2232,686,516,430,106,132,0.19265232974910393,0.15451895043731778,0.2558139534883721,0.7899154196486661,0.4381677185396895,0.3558482468707613,0.10911171229241955,0.7638099747474747,0.5496280197331812,0.5016085713441896,0.1651781963745761,116.0,distance_from_overnight_high,realized_vol_1m,average_true_range,realized_volatility_30s,depth_far_ask,depth_mid_bid,impact_efficiency_30s,opening_range_width,tick_rate,wall_persistence_2s,realized_vol_1m,average_true_range,distance_from_overnight_high,depth_far_ask,realized_volatility_30s,opening_range_width,depth_mid_bid,impact_efficiency_30s,realized_vol_5m,distance_from_overnight_low
ok,lower,2,600,mr_pts_t600,32,8.0,vol30_top30,realized_volatility_30s,0.3,1031,670,206,155,223,90,74,0.3328358208955224,0.4368932038834951,0.4774193548387097,0.7575670498084291,0.7044815579067796,0.5891352247796372,0.20172671815785292,0.7507507507507508,0.7593310065358684,0.6472797201813493,0.22693278044929657,158.0,distance_from_overnight_high,opening_range_width,ask_convexity,realized_vol_1m,distance_from_ema_21,impact_efficiency_30s,volume_per_second,realized_vol_5m,average_true_range,prior_day_rth_low,distance_from_overnight_high,realized_vol_1m,realized_vol_5m,opening_range_width,average_true_range,distance_from_ema_21,impact_efficiency_30s,ask_convexity,distance_from_overnight_low,add_rate_bid
ok,lower,2,600,mr_pts_t600,32,8.0,vol1m_top30,realized_vol_1m,0.3,1031,670,206,155,219,96,72,0.32686567164179103,0.46601941747572817,0.4645161290322581,0.721685606060606,0.6533147273409147,0.7156063814925049,0.2606735892927188,0.7325970548862114,0.6576893994562669,0.7180978417211218,0.26179170849450634,3.0,average_true_range,distance_from_overnight_high,realized_vol_1m,dist_day_low,seconds_since_open,dsigma_dt,opening_range_position,add_rate_bid,depth_far_ask,band_k,average_true_range,distance_from_overnight_high,realized_vol_1m,dist_day_low,seconds_since_open,dsigma_dt,opening_range_position,add_rate_bid,depth_far_ask,band_k
ok,lower,2,600,mr_pts_t600,32,8.0,vol5m_top30,realized_vol_5m,0.3,1031,670,206,155,238,71,68,0.35522388059701493,0.3446601941747573,0.43870967741935485,0.6710485133020345,0.49716997688086073,0.6078665647295459,0.20952136493034684,0.7434077079107506,0.7142367950302755,0.625875624662984,0.2184240577857335,45.0,average_true_range,realized_vol_1m,realized_vol_5m,distance_from_overnight_high,realized_volatility_30s,depth_far_ask,depth_far_bid,replenishment_rate_near_5s,cancel_rate_ask,distance_from_prior_day_high,average_true_range,realized_vol_5m,realized_vol_1m,distance_from_overnight_high,realized_volatility_30s,depth_far_ask,distance_from_prior_day_high,cancel_rate_ask,depth_far_bid,replenishment_rate_near_5s
ok,lower,2,600,mr_pts_t600,40,10.0,none,,,3434,2232,686,516,293,59,101,0.13127240143369176,0.08600583090379009,0.19573643410852712,0.8216149001162383,0.3858379881908854,0.24619967444065635,0.0670733667256,0.7661219133961589,0.4315919809783436,0.4508637108479893,0.14444097748819407,43.0,distance_from_overnight_high,average_true_range,realized_vol_1m,depth_mid_bid,realized_volatility_30s,realized_vol_5m,depth_far_bid,cancel_rate_ask,return_last_30s,cancel_rate_bid,average_true_range,distance_from_overnight_high,realized_vol_1m,realized_vol_5m,realized_volatility_30s,depth_mid_bid,return_last_30s,depth_far_bid,cancel_rate_bid,cancel_rate_ask
ok,lower,2,600,mr_pts_t600,40,10.0,vol30_top30,realized_volatility_30s,0.3,1031,670,206,155,155,76,58,0.23134328358208955,0.36893203883495146,0.3741935483870968,0.7564777327935223,0.624799842667376,0.5668686915332386,0.19234386179634527,0.7470671880554568,0.6547021623859643,0.6099492780631642,0.2113685930874952,71.0,distance_from_overnight_high,realized_vol_5m,opening_range_width,average_true_range,vwap_drift,return_last_30s,ask_convexity,range_position,realized_volatility_30s,bid_depth_curvature,distance_from_overnight_high,realized_vol_5m,opening_range_width,range_position,average_true_range,vwap_drift,realized_volatility_30s,return_last_30s,distance_from_prior_day_high,dist_day_high
ok,lower,2,600,mr_pts_t600,40,10.0,vol1m_top30,realized_vol_1m,0.3,1031,670,206,155,150,77,52,0.22388059701492538,0.3737864077669903,0.33548387096774196,0.7512836001208094,0.5857460170775898,0.6873190547651883,0.24537400820123123,0.7418782673637042,0.6123960096658152,0.6511947279523592,0.22844829699231733,5.0,distance_from_overnight_high,realized_vol_5m,average_true_range,opening_range_width,range_position,distance_from_range_extreme,microprice,vwap_drift,dist_day_high,seconds_since_open,distance_from_overnight_high,realized_vol_5m,average_true_range,opening_range_width,range_position,distance_from_range_extreme,vwap_drift,return_last_30s,seconds_since_open,microprice
ok,lower,2,600,mr_pts_t600,40,10.0,vol5m_top30,realized_vol_5m,0.3,1031,670,206,155,175,53,49,0.26119402985074625,0.25728155339805825,0.3161290322580645,0.7215439634973486,0.45600413448138777,0.5605435275005892,0.18731185527640162,0.72911051212938,0.5182579711403106,0.6190076126983486,0.21435060125832106,3.0,average_true_range,realized_vol_5m,distance_from_overnight_high,depth_mid_bid,depth_near_bid,return_last_30s,distance_from_range_extreme,replenishment_rate_near_5s,band_k,side,average_true_range,realized_vol_5m,distance_from_overnight_high,depth_mid_bid,depth_near_bid,distance_from_range_extreme,return_last_30s,replenishment_rate_near_5s,band_k,side
ok,upper,3,60,mr_pts_t60,4,1.0,none,,,3474,2258,694,522,1410,422,344,0.6244464127546502,0.6080691642651297,0.6590038314176245,0.6488622107610817,0.7323863429885763,0.6626007637088005,0.23503203925122634,0.6150950483407369,0.7551779417657742,0.638196955207023,0.22306964460989082,3.0,add_rate_ask,depth_far_bid,realized_vol_1m,realized_volatility_30s,CVD,opening_range_width,cancel_ratio,add_rate_bid,weighted_OBI_l3,queue_imbalance_std_5s,add_rate_ask,realized_vol_1m,depth_far_bid,realized_volatility_30s,CVD,distance_from_session_midrange,opening_range_width,opening_range_position,OFI_burst_ratio,cancel_ratio
ok,upper,3,60,mr_pts_t60,4,1.0,vol30_top30,realized_volatility_30s,0.3,1042,677,208,157,516,172,117,0.7621861152141802,0.8269230769230769,0.7452229299363057,0.6737726098191213,0.9026622028358917,0.4422771590174358,0.1371244539011181,0.5698717948717948,0.7744961757094182,0.5635348034985282,0.18764675433188802,61.0,distance_from_value_area_high,realized_vol_5m,distance_from_range_extreme_norm,distance0,depth_curvature_pressure,depth_far_bid,queue_imbalance_std_5s,realized_volatility_30s,sigma0,weighted_OBI_l10,distance0,distance_from_value_area_high,realized_vol_5m,distance_from_range_extreme_norm,sigma0,z_anchor_vwap,realized_volatility_30s,toxicity_ratio,queue_imbalance_std_5s,depth_curvature_pressure
ok,upper,3,60,mr_pts_t60,4,1.0,vol1m_top30,realized_vol_1m,0.3,1042,677,208,157,512,175,111,0.7562776957163959,0.8413461538461539,0.7070063694267515,0.6793073593073594,0.919048646875153,0.433195082412425,0.13231238858936387,0.6083039561300433,0.7605703522998987,0.6081753953661728,0.20813563520236897,41.0,depth_far_bid,CVD,bid_queue_depletion_rate,distance_from_range_extreme_norm,queue_imbalance_std_5s,realized_vol_5m,absorption_ratio,depth_near_bid,distance_from_prior_day_high,aggressive_volume_ratio,depth_far_bid,CVD,realized_vol_5m,aggressive_volume_ratio,distance_from_range_extreme_norm,realized_volatility_30s,distance_from_overnight_high,depth_near_bid,abs_vwap_slope_pts_per_s,distance0
ok,upper,3,60,mr_pts_t60,4,1.0,vol5m_top30,realized_vol_5m,0.3,1043,677,209,157,509,170,118,0.7518463810930576,0.8133971291866029,0.7515923566878981,0.6552036199095023,0.8978864958482092,0.47396422051076137,0.14940191702498506,0.5554106910039114,0.8012967950622731,0.557120597702107,0.18551123269135747,30.0,depth_far_bid,distance_from_value_area_high,trade_sign_autocorr_60s,depth_curvature_pressure,queue_imbalance_std_5s,ask_liquidity_shock,toxicity_ratio,rv_pre_pts2,impact_decay_3s,add_rate_ask,depth_far_bid,distance_from_value_area_high,queue_imbalance_std_5s,trade_sign_autocorr_60s,add_rate_ask,CVD,depth_curvature_pressure,toxicity_ratio,ask_liquidity_shock,realized_vol_5m
ok,upper,3,60,mr_pts_t60,8,2.0,none,,,3474,2258,694,522,741,209,203,0.3281665190434012,0.3011527377521614,0.3888888888888889,0.7079366645291767,0.5116797328839245,0.554636844314778,0.18819041604835995,0.6904272897138534,0.5485590140719337,0.6245687379793293,0.21824395794071563,78.0,realized_vol_1m,realized_volatility_30s,add_rate_ask,average_true_range,add_rate_bid,bid_queue_depletion_rate,cancel_ratio,realized_vol_5m,CVD,depth_near_bid,realized_vol_1m,realized_volatility_30s,add_rate_ask,cancel_ratio,realized_vol_5m,depth_near_bid,add_rate_bid,average_true_range,trade_rate_pre_per_s,queue_imbalance_std_5s
ok,upper,3,60,mr_pts_t60,8,2.0,vol30_top30,realized_volatility_30s,0.3,1042,677,208,157,350,133,81,0.51698670605613,0.6394230769230769,0.5159235668789809,0.7357393483709274,0.8204884171266493,0.5954542078520654,0.20344799968661087,0.6752761533463287,0.6429367411229989,0.6531003662499482,0.23030753020298209,84.0,depth_near_bid,trade_rate_pre_per_s,queue_imbalance_std_5s,realized_vol_5m,dist_day_low,trade_sign_autocorr_10s,time_of_day_cos,microprice,depth_mid_ask,distance_from_overnight_low,depth_near_bid,trade_rate_pre_per_s,realized_vol_5m,queue_imbalance_std_5s,trade_sign_autocorr_10s,depth_mid_ask,distance0,dist_day_low,microprice,depth_mid_bid
ok,upper,3,60,mr_pts_t60,8,2.0,vol1m_top30,realized_vol_1m,0.3,1042,677,208,157,339,129,71,0.5007385524372231,0.6201923076923077,0.45222929936305734,0.7674418604651164,0.8348904720382337,0.5689465453230149,0.19230007616212363,0.658696364231903,0.5531611141287409,0.6803151501337827,0.24037203014936542,196.0,depth_near_bid,CVD,OFI_60s,impact_efficiency_30s,distance_from_overnight_low,ask_queue_depletion_rate,depth_mid_ask,realized_vol_5m,realized_volatility_30s,queue_imbalance_std_5s,depth_near_bid,CVD,trade_rate_pre_per_s,realized_vol_5m,depth_mid_ask,distance_from_overnight_low,impact_efficiency_30s,best_bid_queue_norm,OFI_60s,realized_volatility_30s
ok,upper,3,60,mr_pts_t60,8,2.0,vol5m_top30,realized_vol_5m,0.3,1043,677,209,157,336,121,83,0.4963072378138848,0.5789473684210527,0.5286624203821656,0.7369459053343351,0.7840597167496415,0.6075244453919142,0.20942520438884918,0.5915011396939108,0.6094049946155486,0.6879860441189739,0.2466115101381406,163.0,depth_near_bid,realized_vol_5m,CVD,queue_imbalance_std_5s,time_of_day_cos,cancel_ratio,distance_from_prior_day_low,aggressive_buy_volume,z_anchor_vwap,trade_sign_autocorr_10s,depth_near_bid,realized_vol_5m,CVD,distance_from_prior_day_low,time_of_day_cos,queue_imbalance_std_5s,OFI_60s,z_anchor_vwap,impact_decay_3s,dist_day_low
ok,upper,3,60,mr_pts_t60,12,3.0,none,,,3474,2258,694,522,424,119,122,0.18777679362267494,0.17146974063400577,0.23371647509578544,0.7598976982097185,0.4311853038405198,0.3951403926022631,0.12227293630454733,0.6960040983606558,0.3865439432728506,0.5145880040784285,0.1675323222350077,71.0,realized_volatility_30s,realized_vol_1m,add_rate_ask,wall_persistence_2s,cancel_ratio,CVD,depth_far_ask,average_true_range,dist_day_low,distance_from_prior_day_low,realized_volatility_30s,add_rate_ask,realized_vol_1m,cancel_ratio,CVD,wall_persistence_2s,dist_day_low,trade_rate_pre_per_s,weighted_OBI_l10,depth_far_ask
ok,upper,3,60,mr_pts_t60,12,3.0,vol30_top30,realized_volatility_30s,0.3,1042,677,208,157,244,94,60,0.3604135893648449,0.4519230769230769,0.3821656050955414,0.7304964539007093,0.6834488333464384,0.643889694112551,0.22628598782435444,0.6305841924398625,0.5009213280282787,0.6450745275578084,0.22686501824338617,43.0,dist_day_low,weighted_OBI_l10,depth_mid_bid,CVD,trade_rate_pre_per_s,cancel_rate_ask,opening_range_width,macd_signal,cancel_ratio,impact_decay_3s,dist_day_low,trade_rate_pre_per_s,CVD,weighted_OBI_l10,depth_mid_bid,realized_vol_5m,opening_range_width,cancel_rate_ask,cancel_ratio,impact_decay_3s
ok,upper,3,60,mr_pts_t60,12,3.0,vol1m_top30,realized_vol_1m,0.3,1042,677,208,157,230,93,53,0.3397341211225997,0.44711538461538464,0.3375796178343949,0.730341280972417,0.670898751699014,0.6385637296629109,0.2241465565436901,0.646044992743106,0.43189452658137706,0.6154855339191768,0.21302398551247287,41.0,realized_volatility_30s,depth_near_bid,CVD,macd_signal,depth_mid_bid,realized_vol_5m,cancel_ratio,trade_rate_pre_per_s,opening_range_width,dist_day_low,realized_volatility_30s,depth_near_bid,CVD,depth_mid_bid,realized_vol_5m,distance0,trade_rate_pre_per_s,cancel_ratio,macd_signal,depth_far_ask
ok,upper,3,60,mr_pts_t60,12,3.0,vol5m_top30,realized_vol_5m,0.3,1043,677,209,157,211,79,60,0.31166912850812406,0.37799043062200954,0.3821656050955414,0.7063291139240506,0.5817060046904248,0.6074100406238659,0.2089552010026175,0.588659793814433,0.49303231935333125,0.6739972885795695,0.2371047533598834,145.0,realized_volatility_30s,realized_vol_5m,cancel_ratio,CVD,dist_day_low,macd_signal,liquidity_compression,absorption_ratio,queue_length_total_norm,liquidity_slope_ask,realized_vol_5m,realized_volatility_30s,CVD,dist_day_low,macd_signal,liquidity_compression,cancel_ratio,opening_range_width,absorption_ratio,queue_length_total_norm
ok,upper,3,60,mr_pts_t60,16,4.0,none,,,3474,2258,694,522,267,69,73,0.11824623560673161,0.0994236311239193,0.13984674329501914,0.789959420289855,0.3419859526655852,0.3005212629115053,0.08436165858669661,0.759312932849254,0.3227784981702948,0.38195880952281586,0.1151030221073746,10.0,realized_volatility_30s,add_rate_ask,average_true_range,cancel_rate_ask,sigma0,distance0,dist_day_low,depth_far_ask,depth_mid_bid,depth_near_ask,realized_volatility_30s,add_rate_ask,cancel_rate_ask,sigma0,distance0,average_true_range,dist_day_low,depth_mid_bid,queue_imbalance_std_5s,cancel_ratio
ok,upper,3,60,mr_pts_t60,16,4.0,vol30_top30,realized_volatility_30s,0.3,1042,677,208,157,168,63,44,0.2481536189069424,0.30288461538461536,0.2802547770700637,0.7146141215106733,0.5200772630648203,0.5711695532816234,0.19382346430914887,0.6415929203539823,0.40602534863499873,0.5729346834671133,0.19374386491985068,35.0,cancel_rate_ask,trade_rate_pre_per_s,cancel_ratio,realized_volatility_30s,dist_day_low,queue_imbalance_std_5s,distance_from_session_vwap_anchor,CVD,rv_pre_pts2,sigma0,cancel_rate_ask,trade_rate_pre_per_s,distance_from_session_vwap_anchor,cancel_ratio,queue_imbalance_std_5s,realized_volatility_30s,CVD,dist_day_low,rv_pre_pts2,ema_spread_9_21
ok,upper,3,60,mr_pts_t60,16,4.0,vol1m_top30,realized_vol_1m,0.3,1042,677,208,157,156,62,35,0.23042836041358936,0.2980769230769231,0.2229299363057325,0.7147591692443659,0.505697719115335,0.555072422939445,0.18723210568529128,0.6723653395784543,0.32383389136871416,0.5013502438843639,0.16428872992637536,53.0,realized_volatility_30s,cancel_rate_ask,queue_imbalance_std_5s,macd_signal,CVD,trade_rate_pre_per_s,add_rate_ask,depth_mid_bid,sigma0,depth_far_ask,realized_volatility_30s,cancel_rate_ask,queue_imbalance_std_5s,trade_rate_pre_per_s,CVD,macd_signal,add_rate_ask,sigma0,depth_mid_bid,depth_far_ask
ok,upper,3,60,mr_pts_t60,16,4.0,vol5m_top30,realized_vol_5m,0.3,1043,677,209,157,142,50,39,0.20974889217134415,0.23923444976076555,0.2484076433121019,0.6723270440251572,0.4043399082750747,0.5164752263987394,0.16956825074160084,0.6258148631029987,0.3585538275620189,0.5519841442457674,0.18214127696019772,53.0,realized_volatility_30s,cancel_rate_ask,queue_imbalance_std_5s,realized_vol_5m,sigma0,average_true_range,update_rate_bid,weighted_OBI_l5,CVD,macd_signal,realized_volatility_30s,sigma0,cancel_rate_ask,realized_vol_5m,average_true_range,queue_imbalance_std_5s,update_rate_bid,CVD,depth_mid_bid,weighted_OBI_l5
ok,upper,3,60,mr_pts_t60,24,6.0,none,,,3474,2258,694,522,116,31,29,0.05137289636846767,0.0446685878962536,0.05555555555555555,0.8404125918357417,0.25707953629803726,0.14911922286206292,0.03847838977299537,0.8057634468769672,0.2192272534699723,0.18004226750215416,0.0479782960103207,99.0,realized_volatility_30s,cancel_rate_ask,distance_from_prior_day_low,add_rate_bid,avg_trade_size,depth_mid_ask,depth_far_ask,add_rate_ask,cancel_ratio,realized_vol_1m,cancel_rate_ask,realized_volatility_30s,realized_vol_5m,depth_far_ask,CVD,distance_from_prior_day_low,sigma0,add_rate_ask,avg_trade_size,realized_vol_1m
ok,upper,3,60,mr_pts_t60,24,6.0,vol30_top30,realized_volatility_30s,0.3,1042,677,208,157,75,37,23,0.11078286558345643,0.1778846153846154,0.1464968152866242,0.724197882092619,0.40629644345683963,0.4227965240174188,0.13178128501652758,0.6765087605451007,0.2388682895914091,0.3962516322975096,0.12052807184122016,72.0,cancel_rate_ask,distance_from_overnight_low,avg_trade_size,depth_far_ask,trade_rate_pre_per_s,CVD,distance_from_session_vwap_anchor,realized_vol_5m,opening_range_width,update_rate_bid,distance_from_overnight_low,cancel_rate_ask,distance_from_session_vwap_anchor,realized_vol_5m,depth_far_ask,trade_rate_pre_per_s,avg_trade_size,CVD,distance0,opening_range_width
ok,upper,3,60,mr_pts_t60,24,6.0,vol1m_top30,realized_vol_1m,0.3,1042,677,208,157,73,35,21,0.10782865583456426,0.16826923076923078,0.1337579617834395,0.7334434351775392,0.3876624717774538,0.40781956097519345,0.12694460565070614,0.6981792717086835,0.27849512608335364,0.37235010422896003,0.11138337244387116,56.0,cancel_rate_ask,CVD,distance_from_overnight_low,avg_trade_size,realized_vol_5m,depth_far_ask,distance_from_session_vwap_anchor,spread_expansion_ratio,trade_rate_pre_per_s,opening_range_width,realized_vol_5m,cancel_rate_ask,distance_from_session_vwap_anchor,distance_from_overnight_low,CVD,distance0,depth_far_ask,trade_rate_pre_per_s,avg_trade_size,depth_far_bid
ok,upper,3,60,mr_pts_t60,24,6.0,vol5m_top30,realized_vol_5m,0.3,1043,677,209,157,69,22,23,0.1019202363367799,0.10526315789473684,0.1464968152866242,0.7051531356344191,0.20726925794793738,0.3164682021386092,0.09059043005537193,0.6943543153796237,0.26540046592963223,0.39686759551201256,0.12044234487007713,34.0,cancel_rate_ask,depth_far_ask,realized_vol_5m,add_rate_bid,depth_near_ask,depth_far_bid,realized_volatility_30s,cancel_ratio,avg_trade_size,distance_from_session_vwap_anchor,realized_vol_5m,cancel_rate_ask,depth_far_ask,depth_near_ask,add_rate_bid,distance_from_session_vwap_anchor,distance0,depth_far_bid,realized_volatility_30s,CVD
skipped_too_few_positives,upper,3,60,,32,8.0,none,,,3474,2258,694,522,55,11,10,,,,,,,,,,,,,,,,,,,,,,,,,,,,,,,,
skipped_too_few_positives,upper,3,60,,32,8.0,vol30_top30,,,1042,677,208,157,32,21,9,,,,,,,,,,,,,,,,,,,,,,,,,,,,,,,,
skipped_too_few_positives,upper,3,60,,32,8.0,vol1m_top30,,,1042,677,208,157,33,19,10,,,,,,,,,,,,,,,,,,,,,,,,,,,,,,,,
skipped_too_few_positives,upper,3,60,,32,8.0,vol5m_top30,,,1043,677,209,157,35,11,9,,,,,,,,,,,,,,,,,,,,,,,,,,,,,,,,
skipped_too_few_positives,upper,3,60,,40,10.0,none,,,3474,2258,694,522,27,5,1,,,,,,,,,,,,,,,,,,,,,,,,,,,,,,,,
skipped_too_few_positives,upper,3,60,,40,10.0,vol30_top30,,,1042,677,208,157,16,12,1,,,,,,,,,,,,,,,,,,,,,,,,,,,,,,,,
skipped_too_few_positives,upper,3,60,,40,10.0,vol1m_top30,,,1042,677,208,157,16,11,1,,,,,,,,,,,,,,,,,,,,,,,,,,,,,,,,
skipped_too_few_positives,upper,3,60,,40,10.0,vol5m_top30,,,1043,677,209,157,18,6,1,,,,,,,,,,,,,,,,,,,,,,,,,,,,,,,,
ok,upper,3,180,mr_pts_t180,4,1.0,none,,,3474,2258,694,522,1725,516,417,0.7639503985828167,0.7435158501440923,0.7988505747126436,0.6156911418865952,0.8110909161595138,0.5550753002598074,0.1851514917157863,0.6219938335046249,0.8601167923660231,0.4885348319920766,0.1565209093091991,49.0,add_rate_ask,realized_vol_1m,average_true_range,trade_imbalance_5s,queue_imbalance_std_5s,depth_near_bid,wall_persistence_2s,realized_volatility_30s,opening_range_position,OFI_burst_ratio,add_rate_ask,realized_vol_1m,trade_imbalance_5s,average_true_range,cooldown_seconds,queue_imbalance_std_5s,opening_range_position,depth_near_bid,wall_persistence_2s,OFI_burst_ratio
ok,upper,3,180,mr_pts_t180,4,1.0,vol30_top30,realized_volatility_30s,0.3,1042,677,208,157,574,186,132,0.8478581979320532,0.8942307692307693,0.8407643312101911,0.6649560117302052,0.938131947499185,0.32479613000332147,0.09156225761415608,0.6203030303030302,0.9015878283113715,0.42398739819113607,0.12961759382954094,54.0,queue_imbalance_std_5s,distance_from_ema_21,distance_from_value_area_high,depth_mid_bid,distance_from_range_extreme_norm,opening_range_width,prior_day_rth_high,distance_from_session_vwap_anchor,z_anchor_vwap,impact_efficiency_3s,distance_from_range_extreme_norm,opening_range_width,queue_imbalance_std_5s,depth_mid_bid,distance_from_value_area_high,update_rate_bid,distance_from_session_vwap_anchor,z_anchor_vwap,distance_from_ema_21,queue_imbalance_mean_5s
ok,upper,3,180,mr_pts_t180,4,1.0,vol1m_top30,realized_vol_1m,0.3,1042,677,208,157,579,187,126,0.8552437223042836,0.8990384615384616,0.802547770700637,0.6404379933791698,0.9391247709676938,0.3325716445919096,0.09193332193173405,0.5878136200716846,0.8582214609040544,0.5059138181520688,0.16094701367250286,4.0,depth_mid_bid,queue_imbalance_std_5s,distance_from_overnight_high,distance_from_session_vwap_anchor,depth_near_bid,distance_from_ema_21,flow_toxicity_10s,z_anchor_vwap,overnight_high,wall_strength_opposite_5_5s_avg,depth_mid_bid,wall_strength_opposite_5_5s_avg,depth_near_bid,distance_from_ema_21,distance_from_overnight_high,queue_imbalance_std_5s,distance_from_session_vwap_anchor,flow_toxicity_10s,overnight_high,z_anchor_vwap
ok,upper,3,180,mr_pts_t180,4,1.0,vol5m_top30,realized_vol_5m,0.3,1043,677,209,157,572,184,133,0.844903988183161,0.8803827751196173,0.8471337579617835,0.6228260869565218,0.915938358369123,0.3625177197261008,0.104503644580794,0.5986842105263158,0.903728548029919,0.4225609367810521,0.1283468171890847,26.0,queue_imbalance_std_5s,depth_far_bid,opening_range_position,OFI_burst_ratio,depth_near_ask,bid_convexity,trade_sign_autocorr_60s,distance_from_value_area_high,wall_strength_opposite_3,remove_rate_near_ask,queue_imbalance_std_5s,add_rate_ask,depth_far_bid,depth_far_ask,OFI_burst_ratio,average_true_range,depth_curvature_pressure,distance_from_value_area_high,opening_range_position,bid_convexity
ok,upper,3,180,mr_pts_t180,8,2.0,none,,,3474,2258,694,522,1159,338,301,0.5132860938883969,0.48703170028818443,0.5766283524904214,0.6637607206967622,0.6409486056466323,0.6521649068395559,0.22999118356980935,0.6649779768794817,0.7261813995465318,0.6379916763514808,0.22395903348934973,90.0,realized_vol_1m,add_rate_bid,cancel_ratio,queue_imbalance_std_5s,time_of_day_sin,realized_vol_5m,average_true_range,wall_persistence_2s,cancel_rate_ask,z_anchor_vwap,realized_vol_1m,add_rate_bid,cancel_ratio,average_true_range,realized_vol_5m,queue_imbalance_std_5s,time_of_day_sin,add_rate_ask,depth_far_bid,z_anchor_vwap
ok,upper,3,180,mr_pts_t180,8,2.0,vol30_top30,realized_volatility_30s,0.3,1042,677,208,157,449,157,111,0.6632200886262924,0.7548076923076923,0.7070063694267515,0.7131260147371049,0.8741645614705915,0.50662503831703,0.1661507945254871,0.6596161378770075,0.801137776097609,0.5634644860321703,0.1888064286268211,120.0,depth_mid_bid,trade_rate_pre_per_s,ema_spread_9_21,queue_imbalance_std_5s,opening_range_width,add_rate_bid,cancel_rate_ask,dist_day_low,seconds_since_open,realized_vol_5m,depth_mid_bid,ema_spread_9_21,trade_rate_pre_per_s,cancel_rate_ask,add_rate_bid,opening_range_width,z_anchor_vwap,distance_from_overnight_low,distance_from_value_area_high,queue_imbalance_std_5s
ok,upper,3,180,mr_pts_t180,8,2.0,vol1m_top30,realized_vol_1m,0.3,1042,677,208,157,446,156,105,0.6587887740029542,0.75,0.6687898089171974,0.7311390532544377,0.8769398287694683,0.4982620357025631,0.16311100182041785,0.6602564102564102,0.7596137338223576,0.600813192316235,0.2046078918312492,162.0,ema_spread_9_21,depth_mid_bid,cancel_ratio,trade_rate_pre_per_s,queue_imbalance_positive_ratio,add_rate_bid,depth_near_bid,queue_imbalance_std_5s,z_anchor_vwap,opening_range_width,depth_mid_bid,cancel_ratio,ema_spread_9_21,trade_rate_pre_per_s,add_rate_bid,z_anchor_vwap,queue_imbalance_positive_ratio,liquidity_compression,depth_far_ask,vwap_slope_pts_per_s
ok,upper,3,180,mr_pts_t180,8,2.0,vol5m_top30,realized_vol_5m,0.3,1043,677,209,157,450,150,111,0.6646971935007385,0.7177033492822966,0.7070063694267515,0.7251977401129944,0.8672821861930997,0.531552579085652,0.1771828605285777,0.6333725029377203,0.775928056476018,0.5806512189453537,0.19517335821165602,269.0,queue_imbalance_std_5s,return_last_30s,cancel_ratio,ema_spread_9_21,distance_from_prior_day_low,wall_persistence_2s,depth_near_bid,z_anchor_vwap,depth_curvature_pressure,ask_queue_change_rate,cancel_ratio,distance_from_prior_day_low,queue_imbalance_std_5s,ema_spread_9_21,return_last_30s,ask_queue_change_rate,z_anchor_vwap,wall_persistence_2s,depth_curvature_pressure,distance_from_overnight_low
ok,upper,3,180,mr_pts_t180,12,3.0,none,,,3474,2258,694,522,804,232,226,0.35606731620903453,0.33429394812680113,0.4329501915708812,0.7031459919390953,0.548660054229433,0.5784897430930892,0.19695345374088136,0.6628647452762496,0.5714878137631416,0.6522692374267691,0.2300002708652513,96.0,realized_vol_1m,cancel_rate_bid,cancel_ratio,time_of_day_sin,depth_far_ask,realized_vol_5m,add_rate_bid,dist_day_low,opening_range_width,wall_persistence_2s,realized_vol_1m,cancel_rate_bid,cancel_ratio,time_of_day_sin,realized_vol_5m,depth_far_ask,add_rate_bid,opening_range_width,dist_day_low,distance_from_prior_day_low
ok,upper,3,180,mr_pts_t180,12,3.0,vol30_top30,realized_volatility_30s,0.3,1042,677,208,157,356,131,89,0.5258493353028065,0.6298076923076923,0.5668789808917197,0.7427877466045405,0.8083520389033599,0.6457425544097025,0.22650731015364065,0.5822042300066094,0.6072347215209827,0.6756621391201455,0.24128748882918644,12.0,opening_range_width,cancel_ratio,dist_day_low,depth_mid_bid,queue_imbalance_std_5s,time_of_day_sin,return_last_30s,abs_vwap_slope_pts_per_s,depth_mid_ask,since_touch_any_seconds,opening_range_width,dist_day_low,cancel_ratio,time_of_day_sin,depth_mid_bid,queue_imbalance_std_5s,cancel_rate_ask,return_last_30s,abs_vwap_slope_pts_per_s,depth_mid_ask
ok,upper,3,180,mr_pts_t180,12,3.0,vol1m_top30,realized_vol_1m,0.3,1042,677,208,157,352,130,87,0.5199409158050221,0.625,0.554140127388535,0.7289940828402366,0.7940453309038897,0.6241368861273509,0.21621538024301196,0.6244663382594416,0.6309343586389256,0.667358560862581,0.23724243303228681,28.0,cancel_ratio,opening_range_width,depth_mid_bid,depth_far_ask,realized_volatility_30s,depth_near_bid,trade_rate_pre_per_s,time_of_day_sin,return_last_30s,weighted_OBI_l10,cancel_ratio,opening_range_width,depth_mid_bid,depth_far_ask,depth_near_bid,time_of_day_sin,realized_volatility_30s,trade_rate_pre_per_s,dist_day_low,return_last_30s
ok,upper,3,180,mr_pts_t180,12,3.0,vol5m_top30,realized_vol_5m,0.3,1043,677,209,157,356,122,90,0.5258493353028065,0.583732057416268,0.5732484076433121,0.7227247032221594,0.799244191556642,0.6392952649167261,0.22383963853671301,0.588391376451078,0.6223658276031439,0.6733066502606453,0.24012036027046926,36.0,cancel_ratio,depth_mid_ask,queue_imbalance_std_5s,ema_spread_9_21,average_true_range,impact_efficiency_30s,z_anchor_vwap,opening_range_width,wall_persistence_2s,dist_day_low,cancel_ratio,depth_mid_ask,ema_spread_9_21,opening_range_width,queue_imbalance_std_5s,impact_efficiency_30s,flow_impact,average_true_range,z_anchor_vwap,realized_volatility_30s
ok,upper,3,180,mr_pts_t180,16,4.0,none,,,3474,2258,694,522,552,153,154,0.24446412754650132,0.22046109510086456,0.2950191570881226,0.7158976961086345,0.4516692443148467,0.4764543197862068,0.15320968746654515,0.6933759175607002,0.4581800271741127,0.5670653125528198,0.1915759019026222,92.0,realized_vol_1m,add_rate_bid,cancel_rate_ask,realized_vol_5m,realized_volatility_30s,add_rate_ask,opening_range_width,cancel_ratio,wall_persistence_2s,weighted_OBI_l10,realized_vol_1m,add_rate_bid,realized_volatility_30s,add_rate_ask,cancel_rate_ask,realized_vol_5m,cancel_ratio,opening_range_width,time_of_day_sin,ema_spread_9_21
ok,upper,3,180,mr_pts_t180,16,4.0,vol30_top30,realized_volatility_30s,0.3,1042,677,208,157,269,111,75,0.397341211225997,0.5336538461538461,0.47770700636942676,0.7038172192811368,0.7218581444115594,0.6437191552230865,0.2258885778714461,0.6079674796747967,0.5783655484427168,0.6748641820953653,0.24119930899794428,57.0,weighted_OBI_l10,time_of_day_sin,realized_volatility_30s,opening_range_width,add_rate_bid,dist_day_low,depth_mid_bid,cancel_rate_ask,ema_spread_9_21,CVD,add_rate_bid,cancel_rate_ask,time_of_day_sin,realized_volatility_30s,weighted_OBI_l10,depth_mid_bid,ema_spread_9_21,opening_range_width,dist_day_low,CVD
ok,upper,3,180,mr_pts_t180,16,4.0,vol1m_top30,realized_vol_1m,0.3,1042,677,208,157,266,108,69,0.3929098966026588,0.5192307692307693,0.4394904458598726,0.7167592592592593,0.7123033183964261,0.6398655804094239,0.22396429678418953,0.6330698287220027,0.5743919090025786,0.657401508929231,0.23303268644308045,69.0,realized_volatility_30s,replenishment_rate_near_5s,depth_far_ask,ema_spread_9_21,depth_near_bid,weighted_OBI_l10,depth_far_bid,depth_mid_bid,since_touch_any_seconds,opening_range_width,realized_volatility_30s,depth_far_ask,ema_spread_9_21,depth_near_bid,depth_mid_bid,depth_far_bid,replenishment_rate_near_5s,add_rate_bid,since_touch_any_seconds,time_of_day_sin
ok,upper,3,180,mr_pts_t180,16,4.0,vol5m_top30,realized_vol_5m,0.3,1043,677,209,157,270,95,68,0.3988183161004431,0.45454545454545453,0.43312101910828027,0.6850415512465374,0.6280277767558711,0.6426709860910875,0.22547506933664785,0.6116986120290813,0.5303471273776581,0.666390733907816,0.23673558619435084,68.0,weighted_OBI_l5,average_true_range,ema_spread_9_21,realized_vol_1m,wall_strength_opposite_5,impact_efficiency_30s,depth_near_bid,z_anchor_vwap,realized_volatility_30s,remove_rate_near_bid,ema_spread_9_21,average_true_range,weighted_OBI_l5,realized_vol_1m,wall_strength_opposite_5,realized_volatility_30s,depth_near_bid,z_anchor_vwap,impact_efficiency_30s,add_rate_bid
ok,upper,3,180,mr_pts_t180,24,6.0,none,,,3474,2258,694,522,296,80,78,0.13108945969884853,0.11527377521613832,0.14942528735632185,0.7705415309446254,0.3903160794835413,0.3260132074977738,0.09400234664087496,0.773013398013398,0.3169811492613326,0.3842747990077674,0.11743389986851534,16.0,cancel_rate_ask,depth_far_bid,average_true_range,depth_mid_ask,realized_vol_1m,realized_volatility_30s,depth_far_ask,cooldown_seconds,depth_mid_bid,add_rate_bid,cancel_rate_ask,depth_far_bid,realized_volatility_30s,average_true_range,depth_far_ask,depth_mid_bid,distance_from_session_vwap_anchor,depth_mid_ask,realized_vol_1m,distance_from_overnight_low
ok,upper,3,180,mr_pts_t180,24,6.0,vol30_top30,realized_volatility_30s,0.3,1042,677,208,157,159,76,51,0.23485967503692762,0.36538461538461536,0.3248407643312102,0.68231658692185,0.6046903895538771,0.6141126499695301,0.21227844044153754,0.6071032186459488,0.41927425687001196,0.6169488594583183,0.21335630188047194,71.0,depth_mid_bid,cancel_rate_ask,distance_from_overnight_low,CVD,toxicity_ratio,opening_range_width,time_of_day_sin,depth_far_ask,distance_from_session_vwap_anchor,cancel_rate_bid,depth_mid_bid,cancel_rate_ask,distance_from_overnight_low,opening_range_width,toxicity_ratio,distance_from_session_vwap_anchor,CVD,time_of_day_sin,depth_near_bid,depth_far_ask
ok,upper,3,180,mr_pts_t180,24,6.0,vol1m_top30,realized_vol_1m,0.3,1042,677,208,157,161,74,49,0.2378138847858198,0.3557692307692308,0.31210191082802546,0.7058289632916498,0.6075401684297927,0.6118422263613816,0.21220885678662577,0.6623204837490553,0.44824470681675543,0.5970398768019051,0.20518337431658024,42.0,opening_range_width,depth_mid_bid,depth_near_bid,cancel_rate_ask,distance_from_overnight_low,depth_far_bid,CVD,realized_volatility_30s,toxicity_ratio,distance_from_session_vwap_anchor,depth_mid_bid,depth_near_bid,opening_range_width,cancel_rate_ask,distance_from_session_vwap_anchor,depth_far_bid,distance_from_overnight_low,toxicity_ratio,realized_volatility_30s,seconds_since_open
ok,upper,3,180,mr_pts_t180,24,6.0,vol5m_top30,realized_vol_5m,0.3,1043,677,209,157,154,58,50,0.2274741506646972,0.27751196172248804,0.3184713375796178,0.7228819365151862,0.4708653007321442,0.5341499673360667,0.17844823244053545,0.7065420560747663,0.5380245385786984,0.5795072911122958,0.19746838707854752,83.0,average_true_range,depth_near_bid,depth_mid_bid,impact_decay_5s,cancel_rate_ask,dsigma_dt,z_anchor_vwap,spread_volatility,distance_from_session_vwap_anchor,CVD,average_true_range,depth_near_bid,depth_mid_bid,cancel_rate_ask,distance_from_session_vwap_anchor,impact_decay_5s,spread_volatility,dsigma_dt,realized_vol_5m,depth_far_ask
ok,upper,3,180,mr_pts_t180,32,8.0,none,,,3474,2258,694,522,170,42,41,0.07528786536758193,0.06051873198847262,0.07854406130268199,0.8441790826760152,0.27647413449252,0.1876630770578946,0.050324657717255555,0.8083261497895644,0.22249285232293298,0.23549796067089626,0.06621163679224501,54.0,depth_far_ask,realized_volatility_30s,depth_mid_bid,depth_far_bid,average_true_range,cancel_rate_ask,distance_from_overnight_low,depth_near_ask,opening_range_width,tick_rate,realized_volatility_30s,average_true_range,depth_far_ask,depth_far_bid,cancel_rate_ask,depth_mid_bid,distance_from_overnight_low,realized_vol_5m,depth_near_ask,distance_from_session_vwap_anchor
ok,upper,3,180,mr_pts_t180,32,8.0,vol30_top30,realized_volatility_30s,0.3,1042,677,208,157,100,54,31,0.14771048744460857,0.25961538461538464,0.19745222929936307,0.6984126984126984,0.47523002702395833,0.530092707076859,0.17306982962399772,0.6131592421915002,0.2730224633738877,0.4987623282596095,0.15928836533524923,158.0,opening_range_width,CVD,flow_impact,depth_far_ask,z_anchor_vwap,impact_decay_3s,depth_mid_bid,avg_trade_size,weighted_OBI_l5,depth_near_bid,flow_impact,opening_range_width,depth_near_bid,distance_from_session_vwap_anchor,depth_far_ask,z_anchor_vwap,depth_mid_bid,impact_decay_3s,CVD,distance_from_overnight_low
ok,upper,3,180,mr_pts_t180,32,8.0,vol1m_top30,realized_vol_1m,0.3,1042,677,208,157,97,51,32,0.1432791728212703,0.24519230769230768,0.20382165605095542,0.7342325465217935,0.49872895757702596,0.4924952364047155,0.1602555100658503,0.6482500000000001,0.32531039727680605,0.5038283677091284,0.1600717082794699,193.0,opening_range_width,realized_volatility_30s,CVD,z_anchor_vwap,distance_from_overnight_low,depth_mid_bid,impact_decay_3s,flow_impact,curvature_pressure_l5,depth_near_bid,opening_range_width,depth_near_bid,realized_volatility_30s,flow_impact,distance_from_overnight_low,z_anchor_vwap,depth_mid_bid,distance_from_session_vwap_anchor,impact_decay_3s,depth_far_ask
ok,upper,3,180,mr_pts_t180,32,8.0,vol5m_top30,realized_vol_5m,0.3,1043,677,209,157,101,36,31,0.14918759231905465,0.1722488038277512,0.19745222929936307,0.7814707771355169,0.42178519418314875,0.39297331650666356,0.1228650832429686,0.6607782898105479,0.3448277230859675,0.5162641811883079,0.15747927666370373,440.0,impact_decay_5s,realized_volatility_30s,z_anchor_vwap,depth_mid_bid,flow_impact,impact_decay_3s,obv_session,avg_trade_size,weighted_OBI_l5,vwap_slope_pts_per_s,average_true_range,depth_near_bid,impact_decay_5s,flow_impact,distance_from_session_vwap_anchor,depth_mid_bid,z_anchor_vwap,distance_from_prior_day_low,sigma0,realized_volatility_30s
ok,upper,3,180,mr_pts_t180,40,10.0,none,,,3474,2258,694,522,96,21,22,0.042515500442869794,0.03025936599423631,0.0421455938697318,0.8301139177810797,0.18095963018097821,0.11325780573559079,0.027414492525592814,0.8045454545454546,0.14700147192213658,0.15096152622584122,0.03840176323523105,80.0,realized_volatility_30s,depth_near_bid,depth_mid_bid,depth_far_ask,average_true_range,CVD,cancel_ratio,z_anchor_vwap,stoch_k_14,distance_from_vpoc,realized_volatility_30s,average_true_range,depth_near_bid,realized_vol_5m,depth_far_ask,CVD,z_anchor_vwap,depth_mid_bid,cancel_ratio,stoch_k_14
skipped_too_few_positives,upper,3,180,,40,10.0,vol30_top30,,,1042,677,208,157,59,37,16,,,,,,,,,,,,,,,,,,,,,,,,,,,,,,,,
skipped_too_few_positives,upper,3,180,,40,10.0,vol1m_top30,,,1042,677,208,157,56,35,19,,,,,,,,,,,,,,,,,,,,,,,,,,,,,,,,
skipped_too_few_positives,upper,3,180,,40,10.0,vol5m_top30,,,1043,677,209,157,62,22,19,,,,,,,,,,,,,,,,,,,,,,,,,,,,,,,,
ok,upper,3,300,mr_pts_t300,4,1.0,none,,,3474,2258,694,522,1836,555,442,0.8131089459698848,0.7997118155619597,0.8467432950191571,0.5689027156653056,0.8326454342293063,0.49714886454849877,0.15905200638942096,0.613093891402715,0.8863512617197782,0.4256726935224964,0.1290069015056985,11.0,add_rate_ask,realized_volatility_30s,realized_vol_1m,distance_from_prior_day_high,cooldown_seconds,OFI_burst_ratio,opening_range_position,impact_efficiency_30s,queue_imbalance_std_5s,depth_near_bid,add_rate_ask,realized_volatility_30s,realized_vol_1m,cooldown_seconds,distance_from_prior_day_high,average_true_range,impact_efficiency_30s,OFI_burst_ratio,vol_ratio,opening_range_position
ok,upper,3,300,mr_pts_t300,4,1.0,vol30_top30,realized_volatility_30s,0.3,1042,677,208,157,597,188,138,0.8818316100443131,0.9038461538461539,0.8789808917197452,0.5569148936170212,0.9208776090781627,0.314788279244267,0.08647374978292076,0.6197559115179253,0.9095661173793096,0.35764603091130837,0.10356869470075612,41.0,distance_from_session_vwap_anchor,vwap_slope_pts_per_s,distance_from_value_area_high,distance_from_range_extreme_norm,depth_mid_bid,opening_range_width,impact_efficiency_30s,realized_vol_5m,trade_rate_pre_per_s,realized_volatility_30s,distance_from_session_vwap_anchor,vwap_slope_pts_per_s,distance_from_value_area_high,distance_from_range_extreme_norm,opening_range_width,depth_mid_bid,queue_imbalance_mean_5s,impact_efficiency_30s,realized_vol_5m,trade_rate_pre_per_s
ok,upper,3,300,mr_pts_t300,4,1.0,vol1m_top30,realized_vol_1m,0.3,1042,677,208,157,600,188,132,0.8862629246676514,0.9038461538461539,0.8407643312101911,0.6087765957446808,0.9339867737991885,0.3090100807284872,0.08539687308324728,0.5803030303030303,0.864417088391928,0.44814079608133983,0.13580919855896523,40.0,distance_from_session_vwap_anchor,impact_efficiency_3s,liquidity_compression,dist_day_low,realized_vol_5m,distance_from_range_extreme_norm,trade_rate_pre_per_s,distance_from_value_area_high,depth_mid_bid,wall_strength_opposite_5_5s_avg,distance_from_session_vwap_anchor,dist_day_low,liquidity_compression,realized_vol_5m,wall_strength_opposite_5_5s_avg,distance_from_range_extreme_norm,impact_efficiency_3s,distance_from_value_area_high,trade_rate_pre_per_s,depth_mid_bid
ok,upper,3,300,mr_pts_t300,4,1.0,vol5m_top30,realized_vol_5m,0.3,1043,677,209,157,594,187,137,0.8774002954209749,0.8947368421052632,0.8726114649681529,0.6465726786582401,0.9359633185005805,0.3262506974018755,0.09209195320381715,0.5551094890510948,0.9037670532992307,0.37852503168491825,0.11056298727505856,35.0,depth_far_bid,queue_imbalance_std_5s,distance_from_session_vwap_anchor,vwap_drift,remove_rate_near_ask,impact_efficiency_30s,depth_far_ask,bid_convexity,wall_persistence_2s,OFI_burst_ratio,distance_from_session_vwap_anchor,queue_imbalance_std_5s,depth_far_bid,depth_far_ask,impact_efficiency_30s,vwap_slope_pts_per_s,wall_strength_opposite_3,vwap_drift,add_rate_bid,wall_persistence_2s
ok,upper,3,300,mr_pts_t300,8,2.0,none,,,3474,2258,694,522,1340,398,334,0.5934455270150576,0.5734870317002881,0.6398467432950191,0.6504481868803477,0.7013989780690107,0.652178087248206,0.22903757665734792,0.6459580838323353,0.7654409481960547,0.6251974805636897,0.21797830262341808,119.0,realized_vol_1m,cancel_ratio,distance_from_prior_day_high,add_rate_ask,opening_range_width,time_of_day_sin,average_true_range,queue_imbalance_std_5s,distance_from_overnight_high,add_rate_bid,realized_vol_1m,add_rate_ask,average_true_range,add_rate_bid,cancel_ratio,opening_range_width,distance_from_prior_day_high,cancel_rate_bid,distance_from_overnight_high,vwap_drift
ok,upper,3,300,mr_pts_t300,8,2.0,vol30_top30,realized_volatility_30s,0.3,1042,677,208,157,491,164,119,0.725258493353028,0.7884615384615384,0.7579617834394905,0.7136225055432373,0.8974802798326359,0.5034630671512214,0.16184538434785528,0.624281291463954,0.8233588223304796,0.5435361037312002,0.1794167723778445,14.0,depth_mid_bid,opening_range_width,cooldown_seconds,cancel_rate_ask,prior_day_rth_low,overnight_high,wall_strength_opposite_5_5s_avg,dist_day_high,depth_mid_ask,cancel_ratio,depth_mid_bid,opening_range_width,cooldown_seconds,cancel_rate_ask,distance_from_value_area_high,depth_far_ask,depth_mid_ask,distance0,cancel_ratio,macd_hist
ok,upper,3,300,mr_pts_t300,8,2.0,vol1m_top30,realized_vol_1m,0.3,1042,677,208,157,494,163,110,0.7296898079763663,0.7836538461538461,0.7006369426751592,0.7297886843899113,0.8964957592060642,0.4761279150557157,0.15332963473216454,0.6673114119922631,0.7970311823338596,0.5837421866360263,0.19823204758211596,58.0,opening_range_width,cancel_ratio,depth_mid_bid,trade_rate_pre_per_s,abs_vwap_slope_pts_per_s,dist_day_high,ema_spread_9_21,impact_efficiency_30s,depth_far_ask,ask_depth_curvature,depth_mid_bid,cancel_ratio,opening_range_width,trade_rate_pre_per_s,abs_vwap_slope_pts_per_s,dist_day_high,depth_far_ask,impact_efficiency_30s,ema_spread_9_21,z_anchor_vwap
ok,upper,3,300,mr_pts_t300,8,2.0,vol5m_top30,realized_vol_5m,0.3,1043,677,209,157,492,161,116,0.7267355982274741,0.7703349282296651,0.7388535031847133,0.7263198757763975,0.8945499376047324,0.48598281248816144,0.158925680276166,0.6269974768713205,0.7837494962964997,0.5542275596524178,0.18193156861833604,232.0,queue_imbalance_std_5s,return_last_30s,wall_persistence_2s,distance_from_overnight_low,opening_range_width,cancel_ratio,impact_efficiency_3s,wall_strength_opposite_3,wall_strength_opposite_5,depth_curvature_pressure,queue_imbalance_std_5s,wall_persistence_2s,depth_far_ask,distance_from_overnight_low,depth_curvature_pressure,wall_strength_opposite_5,cancel_ratio,opening_range_width,impact_efficiency_3s,return_last_30s
ok,upper,3,300,mr_pts_t300,12,3.0,none,,,3474,2258,694,522,997,303,270,0.44154118689105404,0.4365994236311239,0.5172413793103449,0.6642104108109019,0.5904686726570202,0.6429293341883668,0.22611359669795603,0.6228542034097589,0.614739312741684,0.6782552398673385,0.24199521689060574,95.0,realized_vol_1m,cancel_rate_bid,cancel_ratio,opening_range_width,time_of_day_sin,impact_efficiency_3s,wall_persistence_2s,average_true_range,depth_far_ask,impact_efficiency_30s,realized_vol_1m,cancel_rate_bid,cancel_ratio,time_of_day_sin,opening_range_width,distance_from_overnight_high,average_true_range,depth_far_ask,impact_efficiency_30s,realized_vol_5m
ok,upper,3,300,mr_pts_t300,12,3.0,vol30_top30,realized_volatility_30s,0.3,1042,677,208,157,409,138,99,0.604135893648449,0.6634615384615384,0.6305732484076433,0.6962732919254658,0.7933751637969755,0.6215772324310639,0.21521834515958568,0.5931731104144897,0.6766026600668276,0.65099323402447,0.22932555106730396,13.0,opening_range_width,depth_mid_bid,time_of_day_sin,weighted_OBI_l10,flow_burst_ratio,seconds_since_open,add_rate_bid,cancel_ratio,trade_rate_pre_per_s,depth_mid_ask,opening_range_width,depth_mid_bid,time_of_day_sin,seconds_since_open,cooldown_seconds,cancel_ratio,weighted_OBI_l10,flow_burst_ratio,add_rate_bid,dist_day_low
ok,upper,3,300,mr_pts_t300,12,3.0,vol1m_top30,realized_vol_1m,0.3,1042,677,208,157,407,138,95,0.6011816838995568,0.6634615384615384,0.6050955414012739,0.6981884057971014,0.8133457436381547,0.6201268653329414,0.21453543742637338,0.5889643463497453,0.6628007696955593,0.6630457551330203,0.23518224385945358,17.0,cancel_ratio,opening_range_width,depth_mid_bid,depth_curvature_pressure,flow_burst_ratio,weighted_OBI_l5,volume_burst_ratio,cooldown_seconds,since_touch_any_seconds,distance_from_session_vwap_anchor,cancel_ratio,depth_mid_bid,opening_range_width,weighted_OBI_l5,depth_curvature_pressure,flow_burst_ratio,depth_near_ask,average_true_range,volume_burst_ratio,distance_from_session_vwap_anchor
ok,upper,3,300,mr_pts_t300,12,3.0,vol5m_top30,realized_vol_5m,0.3,1043,677,209,157,400,134,97,0.5908419497784343,0.6411483253588517,0.6178343949044586,0.661592039800995,0.7970614874787157,0.6354877304947611,0.22206724958644755,0.55,0.6420048590311302,0.6627489370593593,0.2349542488062731,22.0,cancel_ratio,depth_mid_ask,wall_strength_opposite_5,return_last_30s,z_anchor_vwap,opening_range_width,distance_from_ema_21,impact_decay_3s,wall_persistence_2s,queue_length_total_norm,cancel_ratio,depth_mid_ask,wall_strength_opposite_5,return_last_30s,opening_range_width,z_anchor_vwap,flow_impact,distance_from_prior_day_high,impact_efficiency_30s,depth_curvature_pressure
ok,upper,3,300,mr_pts_t300,16,4.0,none,,,3474,2258,694,522,746,217,206,0.3303808680248007,0.3126801152737752,0.3946360153256705,0.6735163125911756,0.491316998349477,0.5803835056816058,0.19770992004190424,0.6384109622711074,0.5281735037310036,0.6479768438704214,0.2279949945914579,76.0,realized_vol_1m,opening_range_width,cancel_ratio,realized_vol_5m,cancel_rate_ask,depth_mid_bid,impact_efficiency_3s,depth_far_ask,wall_persistence_2s,add_rate_ask,realized_vol_1m,cancel_ratio,opening_range_width,cancel_rate_ask,depth_mid_bid,distance_from_overnight_low,realized_volatility_30s,depth_far_ask,add_rate_ask,realized_vol_5m
ok,upper,3,300,mr_pts_t300,16,4.0,vol30_top30,realized_volatility_30s,0.3,1042,677,208,157,335,119,83,0.4948301329394387,0.5721153846153846,0.5286624203821656,0.65886129732792,0.7244133173363798,0.6519823653140319,0.23031342705405355,0.5779876261803973,0.6054348642756735,0.7128552527418224,0.2569555538742505,294.0,weighted_OBI_l10,opening_range_width,impact_decay_3s,weighted_OBI_l5,wall_strength_opposite_5,time_of_day_sin,trade_sign_autocorr_10s,abs_vwap_slope_pts_per_s,ema_spread_9_21,ask_curvature_l5,weighted_OBI_l10,opening_range_width,abs_vwap_slope_pts_per_s,time_of_day_sin,wall_strength_opposite_5,impact_decay_3s,weighted_OBI_l5,ema_spread_9_21,depth_mid_bid,trade_sign_autocorr_10s
ok,upper,3,300,mr_pts_t300,16,4.0,vol1m_top30,realized_vol_1m,0.3,1042,677,208,157,333,117,77,0.4918759231905465,0.5625,0.49044585987261147,0.6595285056823519,0.6981244196668234,0.6520835960833554,0.22984290664368398,0.5998376623376623,0.5584190031461427,0.6899000127666168,0.24754214417443632,139.0,weighted_OBI_l10,weighted_OBI_l5,abs_vwap_slope_pts_per_s,depth_mid_bid,impact_decay_3s,ema_spread_9_21,cancel_ratio,opening_range_width,ask_curvature_l5,bid_curvature_l5,depth_mid_bid,weighted_OBI_l10,abs_vwap_slope_pts_per_s,weighted_OBI_l5,cancel_ratio,vwap_drift,ema_spread_9_21,trade_rate_pre_per_s,opening_range_width,trade_imbalance_60s
ok,upper,3,300,mr_pts_t300,16,4.0,vol5m_top30,realized_vol_5m,0.3,1043,677,209,157,324,109,75,0.47858197932053176,0.5215311004784688,0.47770700636942676,0.6288073394495414,0.6357645743879574,0.6693166800539844,0.23823337113525817,0.5835772357723578,0.5301037095490293,0.6874332809832634,0.24698636414752645,74.0,depth_mid_ask,weighted_OBI_l5,average_true_range,impact_efficiency_30s,ema_spread_9_21,cancel_ratio,queue_imbalance_std_5s,CVD,wall_strength_opposite_3,wall_strength_opposite_5,average_true_range,depth_mid_ask,weighted_OBI_l5,ema_spread_9_21,wall_strength_opposite_5,impact_efficiency_30s,CVD,abs_vwap_slope_pts_per_s,cancel_ratio,queue_imbalance_std_5s
ok,upper,3,300,mr_pts_t300,24,6.0,none,,,3474,2258,694,522,449,119,120,0.19884853852967227,0.17146974063400577,0.22988505747126436,0.7180416514431859,0.36909994945724994,0.4136422913604322,0.12840525711980258,0.7334162520729685,0.4350814363345469,0.4764502931620802,0.1562729579710476,118.0,realized_vol_1m,opening_range_width,depth_far_ask,average_true_range,realized_vol_5m,distance_from_overnight_low,abs_vwap_slope_pts_per_s,update_rate_ask,microprice_deviation,wall_persistence_2s,realized_vol_1m,depth_far_ask,opening_range_width,average_true_range,realized_volatility_30s,distance_from_session_vwap_anchor,depth_far_bid,realized_vol_5m,distance_from_overnight_low,time_of_day_sin
ok,upper,3,300,mr_pts_t300,24,6.0,vol30_top30,realized_volatility_30s,0.3,1042,677,208,157,225,89,65,0.33234859675036926,0.42788461538461536,0.4140127388535032,0.6635822868473231,0.5917147644374616,0.6457367454053462,0.2271346430329191,0.554180602006689,0.45643318895660073,0.6849109638622913,0.2453261231433074,70.0,depth_mid_bid,opening_range_width,distance_from_session_vwap_anchor,abs_vwap_slope_pts_per_s,depth_far_bid,CVD,time_of_day_sin,trade_rate_pre_per_s,ema_spread_9_21,cvd_slope,depth_mid_bid,opening_range_width,abs_vwap_slope_pts_per_s,time_of_day_sin,distance_from_session_vwap_anchor,depth_far_bid,ema_spread_9_21,CVD,trade_rate_pre_per_s,vwap_slope_pts_per_s
ok,upper,3,300,mr_pts_t300,24,6.0,vol1m_top30,realized_vol_1m,0.3,1042,677,208,157,222,88,61,0.32791728212703103,0.4230769230769231,0.3885350318471338,0.6847537878787878,0.5855695974747686,0.6497367964467209,0.22924304955811284,0.5474726775956285,0.40566178288231014,0.662552757796268,0.23558245458011573,35.0,depth_far_bid,opening_range_width,depth_mid_bid,abs_vwap_slope_pts_per_s,depth_far_ask,distance_from_session_vwap_anchor,distance_from_overnight_low,impact_efficiency_30s,depth_mid_ask,ask_curvature_l5,depth_far_bid,depth_mid_bid,opening_range_width,abs_vwap_slope_pts_per_s,depth_far_ask,distance_from_session_vwap_anchor,impact_efficiency_30s,distance_from_overnight_low,depth_mid_ask,ema_spread_9_21
ok,upper,3,300,mr_pts_t300,24,6.0,vol5m_top30,realized_vol_5m,0.3,1043,677,209,157,222,76,61,0.32791728212703103,0.36363636363636365,0.3885350318471338,0.691630391768896,0.5293431435210749,0.6234382625220182,0.2163636734763443,0.5940915300546448,0.46726253096240533,0.6582183732219841,0.23303571948725518,39.0,average_true_range,depth_far_ask,depth_far_bid,distance_from_session_vwap_anchor,distance_from_overnight_low,sigma0,realized_vol_5m,depth_near_bid,z_anchor_vwap,vwap_drift,average_true_range,depth_far_ask,distance_from_session_vwap_anchor,sigma0,realized_vol_5m,depth_far_bid,depth_near_bid,distance_from_overnight_low,z_anchor_vwap,vwap_drift
ok,upper,3,300,mr_pts_t300,32,8.0,none,,,3474,2258,694,522,277,65,65,0.12267493356953056,0.0936599423631124,0.12452107279693486,0.7820716644246057,0.34167729887604725,0.3012602805515186,0.08253953254657496,0.7541827975088369,0.3109813433470002,0.35951433443825176,0.10519417985571575,7.0,realized_volatility_30s,average_true_range,depth_far_ask,ask_depth_curvature,distance_from_overnight_low,realized_vol_1m,cancel_rate_ask,wall_strength_opposite_3,depth_far_bid,best_bid_queue_norm,realized_volatility_30s,average_true_range,depth_far_ask,distance_from_overnight_low,cancel_rate_ask,depth_far_bid,wall_strength_opposite_3,realized_vol_1m,impact_efficiency_30s,ask_depth_curvature
ok,upper,3,300,mr_pts_t300,32,8.0,vol30_top30,realized_volatility_30s,0.3,1042,677,208,157,155,70,43,0.22895125553914328,0.33653846153846156,0.27388535031847133,0.6797101449275362,0.5447757650476376,0.6108767357728753,0.2120109591350734,0.6487148102815178,0.38080680073903705,0.5640678716651559,0.1904896192379208,25.0,opening_range_width,depth_far_ask,distance_from_overnight_low,depth_mid_ask,depth_near_bid,depth_mid_bid,distance_from_session_vwap_anchor,queue_imbalance_slope_5s,z_anchor_vwap,OFI_30s,opening_range_width,depth_far_ask,distance_from_overnight_low,depth_mid_ask,depth_near_bid,depth_mid_bid,distance_from_session_vwap_anchor,sigma0,OFI_30s,queue_imbalance_slope_5s
ok,upper,3,300,mr_pts_t300,32,8.0,vol1m_top30,realized_vol_1m,0.3,1042,677,208,157,148,69,43,0.21861152141802068,0.3317307692307692,0.27388535031847133,0.685121468042957,0.48971838373437215,0.5874547860260381,0.20312326796320118,0.6336189310485516,0.3654043179938635,0.5808239872073573,0.19580257096913328,113.0,opening_range_width,distance_from_overnight_low,depth_far_ask,average_true_range,weighted_OBI_l5,impact_decay_3s,depth_near_bid,avg_trade_size,ask_curvature_l5,realized_volatility_30s,opening_range_width,distance_from_overnight_low,depth_far_ask,average_true_range,depth_near_bid,distance_from_session_vwap_anchor,weighted_OBI_l5,avg_trade_size,realized_volatility_30s,impact_decay_3s
ok,upper,3,300,mr_pts_t300,32,8.0,vol5m_top30,realized_vol_5m,0.3,1043,677,209,157,151,54,42,0.22304283604135894,0.2583732057416268,0.267515923566879,0.7303464755077658,0.42642210123873725,0.5155834203331019,0.17230574367215243,0.6105590062111801,0.35628669146027064,0.5821744353851839,0.19471449395329954,115.0,average_true_range,depth_far_ask,weighted_OBI_l5,avg_trade_size,distance_from_overnight_low,distance_from_session_vwap_anchor,realized_volatility_30s,z_anchor_vwap,wall_strength_opposite_3,obv_session,average_true_range,distance_from_session_vwap_anchor,depth_far_ask,realized_volatility_30s,sigma0,depth_near_bid,distance_from_overnight_low,avg_trade_size,wall_strength_opposite_3,weighted_OBI_l5
ok,upper,3,300,mr_pts_t300,40,10.0,none,,,3474,2258,694,522,179,36,39,0.07927369353410098,0.05187319884726225,0.07471264367816093,0.825143532590341,0.3334065607284436,0.1642386388503025,0.04227555821175439,0.8055422838031534,0.23259681018297987,0.23023230453063379,0.06442414924991384,233.0,impact_efficiency_10s,realized_vol_1m,depth_mid_bid,distance_from_prior_day_low,distance_from_overnight_low,realized_volatility_30s,depth_far_ask,toxicity_ratio,cvd_slope,opening_range_width,realized_vol_1m,realized_volatility_30s,distance_from_overnight_low,depth_mid_bid,average_true_range,depth_far_ask,opening_range_width,distance_from_prior_day_low,realized_vol_5m,cancel_ratio
ok,upper,3,300,mr_pts_t300,40,10.0,vol30_top30,realized_volatility_30s,0.3,1042,677,208,157,105,55,25,0.155096011816839,0.2644230769230769,0.1592356687898089,0.7016042780748662,0.42834961136258987,0.5284681104150157,0.17768972242286316,0.6712121212121211,0.2620972348550129,0.4162588630794735,0.12916906205816664,108.0,distance_from_overnight_low,opening_range_width,CVD,realized_vol_1m,cvd_slope,depth_mid_ask,curvature_pressure_l5,depth_mid_bid,depth_near_bid,depth_far_ask,distance_from_overnight_low,opening_range_width,depth_near_bid,depth_mid_bid,CVD,depth_mid_ask,realized_vol_1m,distance_from_session_vwap_anchor,cvd_slope,curvature_pressure_l5
ok,upper,3,300,mr_pts_t300,40,10.0,vol1m_top30,realized_vol_1m,0.3,1042,677,208,157,102,54,25,0.15066469719350073,0.25961538461538464,0.1592356687898089,0.7055074555074555,0.48178311043233113,0.5266738638832736,0.17506340913556476,0.6518181818181817,0.28398095104175264,0.42300346325316407,0.13069660907459965,99.0,distance_from_overnight_low,opening_range_width,realized_vol_1m,curvature_pressure_l5,depth_far_ask,depth_near_bid,realized_volatility_30s,obv_session,average_true_range,wall_strength_opposite_3,distance_from_overnight_low,opening_range_width,realized_vol_1m,depth_near_bid,average_true_range,curvature_pressure_l5,depth_far_ask,avg_trade_size,realized_volatility_30s,obv_session
ok,upper,3,300,mr_pts_t300,40,10.0,vol5m_top30,realized_vol_5m,0.3,1043,677,209,157,107,39,24,0.15805022156573117,0.18660287081339713,0.15286624203821655,0.7064856711915535,0.334001999997141,0.442845366905141,0.14034747573047113,0.7033208020050126,0.3076195198600505,0.40312999770624836,0.12343002433950229,70.0,realized_volatility_30s,average_true_range,depth_far_ask,avg_trade_size,distance_from_overnight_low,bid_depth_curvature,wall_strength_opposite_3,depth_near_bid,impact_decay_5s,opening_range_width,average_true_range,realized_volatility_30s,distance_from_overnight_low,depth_far_ask,avg_trade_size,depth_near_bid,distance_from_session_vwap_anchor,wall_strength_opposite_3,opening_range_width,distance0
ok,upper,3,600,mr_pts_t600,4,1.0,none,,,3474,2258,694,522,1932,598,462,0.8556244464127547,0.861671469740634,0.8850574712643678,0.5826539855072463,0.8875247785477033,0.39886956629451803,0.11833321027972968,0.5888528138528139,0.9082665932082947,0.3545231328468832,0.10159852667491022,57.0,add_rate_ask,realized_volatility_30s,opening_range_position,opening_range_width,depth_mid_bid,impact_efficiency_30s,depth_near_bid,average_true_range,distance_from_prior_day_high,liquidity_slope_bid,add_rate_ask,opening_range_position,opening_range_width,realized_volatility_30s,liquidity_slope_bid,distance_from_prior_day_high,depth_near_bid,bid_liquidity_shock,distance_from_overnight_high,dist_day_high
ok,upper,3,600,mr_pts_t600,4,1.0,vol30_top30,realized_volatility_30s,0.3,1042,677,208,157,608,192,143,0.8980797636632201,0.9230769230769231,0.910828025477707,0.62548828125,0.9539785155485783,0.2696544757492511,0.07077620938835175,0.6873126873126874,0.9491594537137849,0.2915404823545847,0.07948629477460246,17.0,depth_far_bid,bid_queue_change_rate,distance_from_range_extreme_norm,distance_from_session_vwap_anchor,dist_day_high,depth_mid_bid,OFI_5s,impact_efficiency_10s,vwap_slope_pts_per_s,distance_from_overnight_high,depth_far_bid,bid_queue_change_rate,distance_from_range_extreme_norm,distance_from_session_vwap_anchor,dist_day_high,depth_mid_bid,vwap_slope_pts_per_s,OFI_5s,distance_from_range_extreme,impact_efficiency_10s
ok,upper,3,600,mr_pts_t600,4,1.0,vol1m_top30,realized_vol_1m,0.3,1042,677,208,157,611,191,139,0.9025110782865583,0.9182692307692307,0.8853503184713376,0.59562673236834,0.9396937429055672,0.28077635710961185,0.07468021470838797,0.5179856115107913,0.8958343562636395,0.3589007624891686,0.10194771145571917,17.0,OFI_5s,distance_from_overnight_high,bid_convexity,opening_range_high,distance_from_session_vwap_anchor,depth_mid_bid,opening_range_width,vwap_drift,flow_toxicity,impact_efficiency_3s,distance_from_overnight_high,OFI_5s,depth_mid_bid,opening_range_width,vwap_drift,distance_from_session_vwap_anchor,bid_convexity,flow_toxicity,distance_from_range_extreme,cvd_slope
ok,upper,3,600,mr_pts_t600,4,1.0,vol5m_top30,realized_vol_5m,0.3,1043,677,209,157,613,192,141,0.9054652880354506,0.9186602870813397,0.8980891719745223,0.6176470588235294,0.9507274923701721,0.27632407628507843,0.07410730506597955,0.6210106382978724,0.9441884093331836,0.3232862330581526,0.09111567128707398,69.0,distance_from_session_vwap_anchor,depth_far_ask,distance_from_overnight_high,time_of_day_sin,OFI_5s,bid_convexity,vwap_drift,distance_from_value_area_high,tick_rate,dist_day_high,depth_far_ask,distance_from_session_vwap_anchor,OFI_5s,distance_from_overnight_high,time_of_day_sin,distance_from_value_area_high,vwap_drift,bid_convexity,trade_imbalance_60s,tick_rate
ok,upper,3,600,mr_pts_t600,8,2.0,none,,,3474,2258,694,522,1566,467,381,0.6935341009743136,0.6729106628242075,0.7298850574712644,0.6443886839796622,0.7745512644906942,0.6076031065940184,0.20939546700933773,0.614508292846373,0.8150399386169987,0.5691356826667984,0.1920755544108412,60.0,depth_mid_ask,realized_vol_1m,distance_from_overnight_high,add_rate_ask,distance_from_prior_day_high,average_true_range,realized_vol_5m,vwap_drift,depth_far_ask,z_anchor_vwap,depth_mid_ask,average_true_range,realized_vol_1m,distance_from_overnight_high,z_anchor_vwap,add_rate_ask,vwap_drift,distance_from_prior_day_high,realized_vol_5m,depth_far_ask
ok,upper,3,600,mr_pts_t600,8,2.0,vol30_top30,realized_volatility_30s,0.3,1042,677,208,157,535,175,126,0.7902511078286558,0.8413461538461539,0.802547770700637,0.6806926406926407,0.9173798556706736,0.4258969260227127,0.1299388369827678,0.6451612903225806,0.8648502978182757,0.47869771634294966,0.15208753825852248,21.0,depth_mid_ask,depth_mid_bid,distance_from_ema_21,vwap_drift,dist_day_high,opening_range_width,trade_rate_pre_per_s,aggressive_buy_volume,depth_far_ask,cancel_rate_ask,depth_mid_bid,depth_mid_ask,depth_far_ask,vwap_drift,opening_range_width,distance_from_ema_21,distance0,dist_day_high,vwap_slope_pts_per_s,aggressive_buy_volume
ok,upper,3,600,mr_pts_t600,8,2.0,vol1m_top30,realized_vol_1m,0.3,1042,677,208,157,535,173,119,0.7902511078286558,0.8317307692307693,0.7579617834394905,0.7119735755573905,0.9207936678142046,0.4206653945070068,0.1309177634097314,0.6638655462184875,0.8612810988040382,0.5314479206475244,0.17459080440432365,72.0,z_anchor_vwap,depth_mid_bid,impact_efficiency_3s,cancel_ratio,depth_mid_ask,distance_from_session_vwap_anchor,dist_day_high,depth_far_ask,distance_from_range_extreme_norm,distance_from_range_extreme,depth_mid_bid,z_anchor_vwap,cancel_ratio,depth_far_ask,distance_from_range_extreme,depth_mid_ask,dist_day_high,distance_from_range_extreme_norm,impact_efficiency_3s,depth_near_bid
ok,upper,3,600,mr_pts_t600,8,2.0,vol5m_top30,realized_vol_5m,0.3,1043,677,209,157,537,174,122,0.793205317577548,0.8325358851674641,0.7770700636942676,0.6638752052545156,0.9005699843095898,0.43282668598382806,0.1339995263168484,0.6533957845433256,0.8722101021122526,0.508951977437378,0.1656451291582283,45.0,z_anchor_vwap,depth_mid_ask,impact_efficiency_3s,ask_queue_change_rate,depth_far_ask,cancel_ratio,wall_strength_opposite_5,distance_from_value_area_high,aggressive_buy_volume,dist_day_high,depth_far_ask,depth_mid_ask,z_anchor_vwap,cancel_ratio,impact_efficiency_3s,wall_strength_opposite_5,dist_day_high,ask_queue_change_rate,net_liquidity_shock,absorption_ratio
ok,upper,3,600,mr_pts_t600,12,3.0,none,,,3474,2258,694,522,1238,384,324,0.5482728077945084,0.553314121037464,0.6206896551724138,0.6528477822580645,0.677881148753972,0.6510511343919133,0.22952597460538635,0.6162395560543709,0.6889623083288909,0.6470633635733983,0.22707963074687862,69.0,realized_vol_1m,cancel_rate_bid,opening_range_width,average_true_range,realized_vol_5m,depth_mid_ask,distance_from_prior_day_high,z_anchor_vwap,cancel_ratio,impact_efficiency_30s,realized_vol_1m,cancel_rate_bid,average_true_range,opening_range_width,realized_vol_5m,distance_from_overnight_high,z_anchor_vwap,depth_mid_ask,depth_far_ask,opening_range_position
ok,upper,3,600,mr_pts_t600,12,3.0,vol30_top30,realized_volatility_30s,0.3,1042,677,208,157,457,159,110,0.6750369276218612,0.7644230769230769,0.7006369426751592,0.7090232319342831,0.8680607086229215,0.4990413872853334,0.16269441645791402,0.57678916827853,0.7503834346698754,0.6082015178108101,0.2044061348766296,196.0,opening_range_width,impact_decay_3s,trade_rate_pre_per_s,depth_mid_bid,wall_persistence_2s,distance_from_prior_day_high,obv_session,z_anchor_vwap,distance_from_overnight_high,distance_from_session_vwap_anchor,opening_range_width,trade_rate_pre_per_s,depth_mid_bid,impact_decay_3s,distance_from_prior_day_high,z_anchor_vwap,weighted_OBI_l5,time_of_day_sin,aggressive_buy_volume,wall_persistence_2s
ok,upper,3,600,mr_pts_t600,12,3.0,vol1m_top30,realized_vol_1m,0.3,1042,677,208,157,452,157,106,0.6676514032496307,0.7548076923076923,0.6751592356687898,0.7510927938054204,0.8905979123017947,0.5249775237108208,0.17172070178454424,0.6150573436921939,0.7615771252753618,0.6142615476486273,0.21211682758860984,33.0,opening_range_width,depth_mid_bid,cancel_ratio,trade_rate_pre_per_s,impact_efficiency_3s,average_true_range,depth_near_bid,distance_from_overnight_high,distance_from_range_extreme_norm,depth_far_ask,opening_range_width,depth_mid_bid,trade_rate_pre_per_s,cancel_ratio,depth_near_bid,average_true_range,impact_efficiency_3s,depth_far_ask,distance_from_session_vwap_anchor,impact_decay_5s
ok,upper,3,600,mr_pts_t600,12,3.0,vol5m_top30,realized_vol_5m,0.3,1043,677,209,157,461,157,105,0.6809453471196455,0.7511961722488039,0.6687898089171974,0.6882655560999511,0.8732920450671485,0.52846903297641,0.17585717496249387,0.5672161172161172,0.7009892665190257,0.6459547691081511,0.22401532872063093,156.0,z_anchor_vwap,wall_strength_opposite_5,impact_efficiency_3s,cancel_ratio,impact_efficiency_30s,distance_from_prior_day_high,impact_decay_5s,trade_imbalance_60s,vwap_drift,trade_sign_autocorr_30s,z_anchor_vwap,wall_strength_opposite_5,impact_efficiency_3s,impact_efficiency_30s,distance_from_overnight_high,distance_from_prior_day_high,cancel_ratio,depth_mid_bid,trade_sign_autocorr_30s,trade_imbalance_60s
ok,upper,3,600,mr_pts_t600,16,4.0,none,,,3474,2258,694,522,992,311,273,0.43932683790965454,0.44812680115273773,0.5229885057471264,0.6728148900623777,0.6215540627391247,0.6401626098952344,0.22459951767020112,0.5815349309325213,0.6076953571101776,0.6957379594287837,0.250724111418405,121.0,realized_vol_1m,opening_range_width,depth_far_ask,realized_vol_5m,average_true_range,OBI_l10,depth_mid_ask,distance_from_overnight_high,cancel_ratio,impact_efficiency_30s,realized_vol_1m,opening_range_width,depth_far_ask,average_true_range,distance_from_overnight_high,distance_from_overnight_low,z_anchor_vwap,realized_vol_5m,depth_mid_ask,distance_from_session_vwap_anchor
ok,upper,3,600,mr_pts_t600,16,4.0,vol30_top30,realized_volatility_30s,0.3,1042,677,208,157,394,147,97,0.5819793205317577,0.7067307692307693,0.6178343949044586,0.6822237091557934,0.838641385630296,0.6311771040833273,0.21934375791134572,0.6060137457044673,0.6806096923247933,0.6621926369841291,0.23468330196722773,3.0,depth_mid_bid,opening_range_width,distance_from_overnight_high,weighted_OBI_l10,distance_from_range_extreme_norm,signed_volume,aggressive_buy_volume,microprice_minus_mid,cancel_ratio,distance_from_session_vwap_anchor,depth_mid_bid,opening_range_width,distance_from_overnight_high,cancel_ratio,vwap_slope_pts_per_s,aggressive_buy_volume,distance_from_range_extreme_norm,weighted_OBI_l10,distance_from_session_vwap_anchor,signed_volume
ok,upper,3,600,mr_pts_t600,16,4.0,vol1m_top30,realized_vol_1m,0.3,1042,677,208,157,389,144,91,0.5745937961595273,0.6923076923076923,0.5796178343949044,0.6856011284722221,0.8112112030171537,0.6135666250909932,0.21106046003122997,0.6510156510156512,0.7042600293160838,0.6630189128627294,0.23523677647386007,17.0,opening_range_width,depth_mid_bid,distance_from_range_extreme_norm,cancel_ratio,depth_near_bid,ask_curvature_l5,depth_far_ask,z_anchor_vwap,weighted_OBI_l5,vwap_drift,opening_range_width,distance_from_range_extreme_norm,depth_near_bid,depth_mid_bid,cancel_ratio,depth_far_ask,vwap_drift,ask_curvature_l5,weighted_OBI_l5,distance_from_session_vwap_anchor
ok,upper,3,600,mr_pts_t600,16,4.0,vol5m_top30,realized_vol_5m,0.3,1043,677,209,157,393,138,88,0.5805022156573116,0.6602870813397129,0.5605095541401274,0.6320677689324352,0.7647051536224942,0.613603728914867,0.212054723765621,0.5994729907773386,0.6779718814686418,0.684276105070677,0.24561075760219703,88.0,z_anchor_vwap,wall_strength_opposite_5,distance_from_prior_day_high,impact_efficiency_30s,average_true_range,weighted_OBI_l5,opening_range_width,depth_near_bid,distance_from_overnight_high,depth_near_ask,z_anchor_vwap,wall_strength_opposite_5,average_true_range,distance_from_prior_day_high,impact_efficiency_30s,distance_from_overnight_high,vwap_drift,opening_range_width,distance_from_session_vwap_anchor,weighted_OBI_l5
ok,upper,3,600,mr_pts_t600,24,6.0,none,,,3474,2258,694,522,678,199,182,0.30026572187776795,0.28674351585014407,0.3486590038314176,0.6888584335820517,0.46949129118321886,0.5528876080784138,0.18577979416223753,0.656496444731739,0.49626208915659575,0.6112071382984227,0.21189688453861238,82.0,opening_range_width,realized_vol_1m,realized_vol_5m,depth_far_ask,depth_mid_ask,vwap_slope_pts_per_s,average_true_range,cancel_rate_ask,update_rate_ask,distance_from_overnight_low,realized_vol_1m,opening_range_width,depth_far_ask,average_true_range,realized_vol_5m,distance_from_session_vwap_anchor,distance_from_overnight_low,depth_mid_ask,distance_from_overnight_high,depth_near_ask
ok,upper,3,600,mr_pts_t600,24,6.0,vol30_top30,realized_volatility_30s,0.3,1042,677,208,157,297,117,77,0.43870014771048743,0.5625,0.49044585987261147,0.6638489715412793,0.7147183739468047,0.6420894405391739,0.22583041069683366,0.6193181818181818,0.6031366664402117,0.6806511934816807,0.24363334885167856,118.0,opening_range_width,depth_mid_bid,vwap_slope_pts_per_s,toxicity_ratio,impact_decay_3s,distance_from_overnight_low,distance_from_overnight_high,distance_from_prior_day_high,time_of_day_sin,distance_from_session_vwap_anchor,depth_mid_bid,opening_range_width,time_of_day_sin,vwap_slope_pts_per_s,toxicity_ratio,abs_vwap_slope_pts_per_s,distance_from_overnight_high,distance_from_overnight_low,impact_decay_3s,distance_from_session_vwap_anchor
ok,upper,3,600,mr_pts_t600,24,6.0,vol1m_top30,realized_vol_1m,0.3,1042,677,208,157,299,119,72,0.44165435745937964,0.5721153846153846,0.4585987261146497,0.6974789915966386,0.7197223487327471,0.7028956845322394,0.2548823062152354,0.6495915032679738,0.6167959481451453,0.6826582980965704,0.2448003539202867,4.0,opening_range_width,depth_mid_bid,depth_far_bid,z_anchor_vwap,toxicity_ratio,depth_near_bid,cancel_ratio,wall_strength_opposite_5,abs_vwap_slope_pts_per_s,impact_efficiency_10s,opening_range_width,depth_mid_bid,toxicity_ratio,depth_far_bid,z_anchor_vwap,time_of_day_sin,depth_near_bid,cancel_ratio,impact_efficiency_10s,abs_vwap_slope_pts_per_s
ok,upper,3,600,mr_pts_t600,24,6.0,vol5m_top30,realized_vol_5m,0.3,1043,677,209,157,298,110,72,0.4401772525849335,0.5263157894736842,0.4585987261146497,0.6653810835629018,0.6682612096376803,0.6589554144140632,0.23310848986062802,0.659640522875817,0.62620209818776,0.6611909583079955,0.23428593802406697,46.0,average_true_range,z_anchor_vwap,opening_range_width,depth_near_bid,depth_far_ask,wall_strength_opposite_5,distance_from_overnight_low,vwap_slope_pts_per_s,depth_mid_bid,distance_from_session_vwap_anchor,average_true_range,z_anchor_vwap,opening_range_width,depth_near_bid,depth_far_ask,vwap_slope_pts_per_s,depth_mid_bid,wall_strength_opposite_5,remove_rate_near_bid,distance_from_overnight_high
ok,upper,3,600,mr_pts_t600,32,8.0,none,,,3474,2258,694,522,486,135,117,0.21523472099202834,0.19452449567723343,0.22413793103448276,0.7223746107467038,0.41618265356104867,0.4389708307361101,0.13839633212991798,0.6710984488762266,0.3918082468778179,0.502100620210611,0.16292733658625957,115.0,opening_range_width,realized_vol_1m,depth_far_ask,distance_from_overnight_low,depth_mid_ask,abs_vwap_slope_pts_per_s,distance_from_session_vwap_anchor,realized_volatility_30s,bid_liquidity_shock,z_anchor_vwap,realized_vol_1m,depth_far_ask,opening_range_width,distance_from_overnight_low,distance_from_session_vwap_anchor,average_true_range,realized_volatility_30s,abs_vwap_slope_pts_per_s,depth_mid_ask,impact_efficiency_10s
ok,upper,3,600,mr_pts_t600,32,8.0,vol30_top30,realized_volatility_30s,0.3,1042,677,208,157,230,94,62,0.3397341211225997,0.4519230769230769,0.39490445859872614,0.7067002612915265,0.6623875977683624,0.6228217966100311,0.21637441850582068,0.5884550084889643,0.47153227004219017,0.6699924263856082,0.2390035051044542,139.0,opening_range_width,distance_from_overnight_low,depth_mid_bid,vwap_slope_pts_per_s,impact_efficiency_10s,impact_decay_3s,bid_liquidity_shock,distance_from_session_vwap_anchor,depth_far_ask,OFI,opening_range_width,depth_mid_bid,distance_from_overnight_low,impact_efficiency_10s,vwap_slope_pts_per_s,depth_far_ask,time_of_day_sin,abs_vwap_slope_pts_per_s,distance_from_session_vwap_anchor,distance_from_overnight_high
ok,upper,3,600,mr_pts_t600,32,8.0,vol1m_top30,realized_vol_1m,0.3,1042,677,208,157,229,96,62,0.33825701624815363,0.46153846153846156,0.39490445859872614,0.6923363095238095,0.6688759221590603,0.6564743461636791,0.23260364495708943,0.6414261460101868,0.5391434122620038,0.6437896077712201,0.2267367095274288,33.0,opening_range_width,impact_efficiency_10s,depth_mid_bid,average_true_range,toxicity_ratio,distance_from_session_vwap_anchor,distance_from_overnight_low,abs_vwap_slope_pts_per_s,z_anchor_vwap,time_of_day_sin,opening_range_width,depth_mid_bid,impact_efficiency_10s,toxicity_ratio,average_true_range,distance_from_overnight_low,distance_from_session_vwap_anchor,time_of_day_sin,abs_vwap_slope_pts_per_s,z_anchor_vwap
ok,upper,3,600,mr_pts_t600,32,8.0,vol5m_top30,realized_vol_5m,0.3,1043,677,209,157,226,82,60,0.33382570162481534,0.3923444976076555,0.3821656050955414,0.6717399654311503,0.54309010667324,0.6583034481409049,0.2331527706436225,0.6046391752577319,0.4943290869106514,0.6594320683885128,0.2335004814142767,9.0,average_true_range,opening_range_width,depth_far_ask,z_anchor_vwap,flow_impact,depth_near_bid,wall_strength_opposite_3,time_of_day_sin,vwap_drift,distance0,average_true_range,opening_range_width,depth_far_ask,z_anchor_vwap,flow_impact,depth_near_bid,vwap_drift,time_of_day_sin,distance_from_session_vwap_anchor,distance_from_overnight_low
ok,upper,3,600,mr_pts_t600,40,10.0,none,,,3474,2258,694,522,325,79,74,0.14393268379096547,0.1138328530259366,0.1417624521072797,0.7517958217556859,0.32837618184794504,0.31197403979035987,0.0902103858881578,0.7100929054054054,0.2814004729019497,0.37715279783137956,0.11350863023044631,72.0,opening_range_width,depth_far_ask,realized_vol_1m,distance_from_overnight_low,depth_mid_ask,average_true_range,vwap_slope_pts_per_s,depth_mid_bid,realized_vol_5m,distance_from_overnight_high,realized_vol_1m,depth_far_ask,opening_range_width,average_true_range,distance_from_overnight_low,depth_mid_bid,realized_vol_5m,depth_mid_ask,vwap_slope_pts_per_s,distance_from_session_vwap_anchor
ok,upper,3,600,mr_pts_t600,40,10.0,vol30_top30,realized_volatility_30s,0.3,1042,677,208,157,165,75,41,0.24372230428360414,0.3605769230769231,0.2611464968152866,0.7378446115288222,0.5853291032865588,0.5773619432201627,0.19738381661258128,0.6307821698906645,0.3720587812561247,0.5558939970454164,0.18745919300060562,102.0,distance_from_overnight_low,opening_range_width,depth_mid_bid,impact_efficiency_10s,vwap_slope_pts_per_s,depth_far_ask,ask_queue_change_rate,realized_vol_5m,net_liquidity_shock,bid_liquidity_shock,distance_from_overnight_low,opening_range_width,depth_mid_bid,impact_efficiency_10s,vwap_slope_pts_per_s,realized_vol_5m,depth_far_ask,ask_queue_change_rate,abs_vwap_slope_pts_per_s,average_true_range
ok,upper,3,600,mr_pts_t600,40,10.0,vol1m_top30,realized_vol_1m,0.3,1042,677,208,157,166,77,40,0.24519940915805022,0.3701923076923077,0.25477707006369427,0.723604639635174,0.5883997712089665,0.5949653353009031,0.20450748665361745,0.5927350427350427,0.3277907059043067,0.5668133221694243,0.1914260218275258,112.0,distance_from_overnight_low,opening_range_width,depth_mid_bid,vwap_slope_pts_per_s,microprice_deviation,toxicity_ratio,flow_impact,impact_efficiency_10s,bid_liquidity_shock,realized_vol_5m,distance_from_overnight_low,opening_range_width,depth_mid_bid,vwap_slope_pts_per_s,flow_impact,toxicity_ratio,impact_efficiency_10s,microprice_deviation,realized_vol_5m,distance_from_session_vwap_anchor
ok,upper,3,600,mr_pts_t600,40,10.0,vol5m_top30,realized_vol_5m,0.3,1043,677,209,157,168,62,38,0.2481536189069424,0.2966507177033493,0.24203821656050956,0.7104454685099847,0.5045416526093351,0.5865338642305552,0.2000183013385184,0.622954444935869,0.3248053868520236,0.5464121613469214,0.18086615714590318,13.0,average_true_range,distance_from_overnight_low,flow_impact,realized_vol_5m,depth_far_ask,bid_depth_curvature,rv_pre_pts2,depth_mid_bid,wall_strength_opposite_5,depth_near_bid,average_true_range,distance_from_overnight_low,realized_vol_5m,flow_impact,depth_far_ask,depth_mid_bid,wall_strength_opposite_5,rv_pre_pts2,depth_near_bid,vwap_slope_pts_per_s
ok,lower,3,60,mr_pts_t60,4,1.0,none,,,3419,2222,684,513,1414,428,370,0.6363636363636364,0.6257309941520468,0.7212475633528265,0.6801894713785047,0.7642327631258024,0.6149795648482904,0.21293339004217166,0.668040068040068,0.828663236797615,0.565404820694165,0.19025529829948565,67.0,realized_volatility_30s,realized_vol_1m,realized_vol_5m,depth_mid_bid,OFI_30s,spread_volatility,return_last_30s,bid_queue_depletion_rate,ask_queue_depletion_rate,liquidity_slope_bid,realized_volatility_30s,realized_vol_1m,realized_vol_5m,return_last_30s,ask_queue_depletion_rate,bid_queue_depletion_rate,liquidity_slope_bid,OFI_30s,spread_volatility,opening_range_position
ok,lower,3,60,mr_pts_t60,4,1.0,vol30_top30,realized_volatility_30s,0.3,1026,666,206,154,514,174,125,0.7717717717717718,0.8446601941747572,0.8116883116883117,0.5520833333333334,0.8747569355164244,0.43852668283795676,0.13410173025054664,0.5917241379310345,0.8806483811451608,0.4804677539477738,0.1530153947034635,57.0,distance_from_prior_day_high,return_last_30s,liquidity_slope_bid,flow_toxicity_30s,OFI_30s,trade_imbalance_30s,wall_strength_opposite_5_5s_avg,macd_hist,depth_mid_ask,opening_range_position,distance_from_prior_day_high,liquidity_slope_bid,flow_toxicity_30s,return_last_30s,OFI_30s,trade_imbalance_30s,depth_mid_ask,macd_hist,bid_depth_curvature,wall_strength_opposite_5_5s_avg
ok,lower,3,60,mr_pts_t60,4,1.0,vol1m_top30,realized_vol_1m,0.3,1026,666,206,154,502,180,122,0.7537537537537538,0.8737864077669902,0.7922077922077922,0.5301282051282051,0.8770059313409324,0.40671641196165986,0.11893674918650975,0.5827356557377048,0.8588628010878334,0.5057616097701565,0.16331651733553756,36.0,distance_from_prior_day_high,liquidity_slope_bid,realized_vol_1m,wall_strength_opposite_5_5s_avg,stoch_k_14,trade_imbalance_30s,OFI_burst_ratio,spread_volatility,realized_vol_5m,realized_volatility_30s,liquidity_slope_bid,distance_from_prior_day_high,realized_vol_1m,stoch_k_14,trade_imbalance_30s,rv_pre_pts2,realized_vol_5m,OFI_burst_ratio,macd_hist,wall_strength_opposite_5_5s_avg
ok,lower,3,60,mr_pts_t60,4,1.0,vol5m_top30,realized_vol_5m,0.3,1026,666,206,154,513,172,122,0.7702702702702703,0.8349514563106796,0.7922077922077922,0.5379616963064295,0.8604044374341722,0.45266843513670574,0.13956608185965105,0.5612192622950819,0.8551171245976317,0.5071552865908792,0.16400182754029685,34.0,realized_volatility_30s,OFI_30s,liquidity_slope_bid,spread_volatility,depth_mid_ask,wall_strength_opposite_3_2s_avg,depth_far_ask,prior_day_rth_low,return_last_30s,distance_from_overnight_low,realized_volatility_30s,OFI_30s,liquidity_slope_bid,depth_mid_ask,spread_volatility,cancel_rate_bid,wall_strength_opposite_3_2s_avg,flow_toxicity_30s,stoch_d_3,return_last_30s
ok,lower,3,60,mr_pts_t60,8,2.0,none,,,3419,2222,684,513,782,204,211,0.35193519351935193,0.2982456140350877,0.41130604288499023,0.7481311274509803,0.5482506296077578,0.5293023698517856,0.17684691802162822,0.6821035121308183,0.5633056887262151,0.6360945302662027,0.22265066038426967,61.0,realized_volatility_30s,realized_vol_1m,distance_from_overnight_high,average_true_range,depth_near_bid,distance_from_prior_day_high,distance_from_range_extreme,depth_far_ask,realized_vol_5m,queue_imbalance_std_5s,realized_volatility_30s,realized_vol_1m,realized_vol_5m,depth_near_bid,depth_far_ask,distance_from_overnight_high,depth_near_ask,distance_from_prior_day_high,average_true_range,queue_imbalance_std_5s
ok,lower,3,60,mr_pts_t60,8,2.0,vol30_top30,realized_volatility_30s,0.3,1026,666,206,154,355,140,84,0.5330330330330331,0.6796116504854369,0.5454545454545454,0.6700757575757575,0.801393142948637,0.6619680059627241,0.23446085575258702,0.588265306122449,0.6047546923673107,0.6861989018527113,0.24653498717910222,3.0,wall_strength_opposite_5_5s_avg,wall_strength_opposite_3_2s_avg,depth_far_ask,realized_volatility_30s,cvd_acceleration,flow_toxicity_30s,depth_near_bid,macd,impact_efficiency_3s,trade_imbalance_30s,wall_strength_opposite_5_5s_avg,wall_strength_opposite_3_2s_avg,depth_far_ask,realized_volatility_30s,flow_toxicity_30s,cvd_acceleration,macd,depth_near_bid,trade_imbalance_30s,impact_efficiency_3s
ok,lower,3,60,mr_pts_t60,8,2.0,vol1m_top30,realized_vol_1m,0.3,1026,666,206,154,345,141,88,0.5180180180180181,0.6844660194174758,0.5714285714285714,0.6937261320240045,0.8480545199282985,0.6228758165551143,0.21561661708905286,0.5714531680440771,0.6712719530743113,0.6784786900159782,0.24283767392053915,31.0,realized_volatility_30s,wall_strength_opposite_5_5s_avg,opening_range_width,queue_imbalance_std_5s,depth_far_ask,wall_strength_opposite_3_2s_avg,OFI_30s,distance_from_prior_day_high,remove_rate_near_bid,obv_session,wall_strength_opposite_5_5s_avg,realized_volatility_30s,opening_range_width,queue_imbalance_std_5s,wall_strength_opposite_3_2s_avg,distance_from_prior_day_high,OFI_30s,depth_far_ask,return_last_5m,macd
ok,lower,3,60,mr_pts_t60,8,2.0,vol5m_top30,realized_vol_5m,0.3,1026,666,206,154,349,124,82,0.524024024024024,0.6019417475728155,0.5324675324675324,0.6317859952793077,0.7597992193617237,0.6619867866342826,0.23467956860515998,0.6112804878048781,0.630037060662751,0.6777492267932856,0.24235485932095394,15.0,realized_volatility_30s,cancel_rate_ask,realized_vol_5m,flow_toxicity_30s,queue_imbalance_std_5s,depth_far_ask,bid_convexity,distance_from_ema_21,distance_from_value_area_low,distance_from_range_extreme_norm,realized_volatility_30s,realized_vol_5m,cancel_rate_ask,queue_imbalance_std_5s,bid_convexity,depth_far_ask,flow_toxicity_30s,distance_from_ema_21,distance_from_value_area_low,distance_from_range_extreme_norm
ok,lower,3,60,mr_pts_t60,12,3.0,none,,,3419,2222,684,513,431,99,131,0.19396939693969398,0.14473684210526316,0.2553606237816764,0.7641543641543642,0.32930655483417215,0.3594659961081972,0.11039530433109852,0.7411574277606812,0.485931116630844,0.527913017598477,0.17119148540358178,95.0,realized_volatility_30s,realized_vol_1m,depth_near_bid,distance_from_overnight_high,average_true_range,depth_far_ask,distance_from_prior_day_high,aggressive_sell_volume,opening_range_position,realized_vol_5m,realized_volatility_30s,realized_vol_1m,depth_far_ask,realized_vol_5m,trade_sign_autocorr_10s,return_last_5m,distance_from_prior_day_high,average_true_range,depth_near_bid,distance_from_overnight_high
ok,lower,3,60,mr_pts_t60,12,3.0,vol30_top30,realized_volatility_30s,0.3,1026,666,206,154,229,105,61,0.34384384384384387,0.5097087378640777,0.3961038961038961,0.7302215935879302,0.7674563873892993,0.6323577946588119,0.22019432142508327,0.6760091662259827,0.5796232744823553,0.6283545773119853,0.21906941256177145,113.0,realized_volatility_30s,wall_strength_opposite_3_2s_avg,depth_far_ask,queue_imbalance_slope_5s,wall_persistence_2s,ask_queue_depletion_rate,aggressive_sell_volume,average_true_range,wall_strength_opposite_5_5s_avg,distance_from_value_area_high,realized_volatility_30s,ask_queue_depletion_rate,wall_strength_opposite_3_2s_avg,depth_far_ask,queue_imbalance_slope_5s,depth_mid_ask,wall_persistence_2s,realized_vol_5m,spread_expansion_ratio,aggressive_sell_volume
ok,lower,3,60,mr_pts_t60,12,3.0,vol1m_top30,realized_vol_1m,0.3,1026,666,206,154,224,108,59,0.33633633633633636,0.5242718446601942,0.38311688311688313,0.7374338624338626,0.7646749396129066,0.6128928079400172,0.2118777297651141,0.6251561106155219,0.565008644409325,0.6526370470180746,0.226735598077273,260.0,realized_volatility_30s,queue_imbalance_slope_5s,wall_persistence_2s,return_last_5m,replenishment_rate_near_5s,spread_expansion_ratio,distance_from_prior_day_high,opening_range_width,opening_range_position,depth_far_ask,realized_volatility_30s,queue_imbalance_slope_5s,return_last_5m,wall_persistence_2s,depth_mid_ask,wall_strength_opposite_5_5s_avg,curvature_pressure_l5,depth_far_ask,distance_from_prior_day_high,queue_imbalance_std_5s
ok,lower,3,60,mr_pts_t60,12,3.0,vol5m_top30,realized_vol_5m,0.3,1026,666,206,154,225,85,54,0.33783783783783783,0.41262135922330095,0.35064935064935066,0.6904229460379193,0.651049022299445,0.6321458103990839,0.22001187645420517,0.6192592592592593,0.4463512646642197,0.6300180334372011,0.21950405910895074,35.0,realized_volatility_30s,realized_vol_5m,depth_far_ask,wall_strength_opposite_3_2s_avg,aggressive_sell_volume,cancel_ratio,distance_from_overnight_high,average_true_range,distance_from_prior_day_high,return_last_5m,realized_vol_5m,realized_volatility_30s,depth_far_ask,aggressive_sell_volume,cancel_ratio,return_last_5m,wall_strength_opposite_3_2s_avg,average_true_range,queue_imbalance_slope_5s,distance_from_overnight_high
ok,lower,3,60,mr_pts_t60,16,4.0,none,,,3419,2222,684,513,259,44,75,0.11656165616561656,0.06432748538011696,0.14619883040935672,0.8681818181818182,0.3130941364695713,0.18671376917599514,0.051637845303181606,0.7668797564687977,0.3620020330030361,0.36766144088178515,0.11206375252547816,81.0,realized_volatility_30s,realized_vol_1m,depth_near_bid,depth_near_ask,depth_far_ask,distance_from_value_area_high,bid_depth_curvature,realized_vol_5m,aggressive_sell_volume,depth_far_bid,realized_volatility_30s,realized_vol_1m,depth_near_ask,trade_sign_autocorr_10s,depth_far_ask,depth_mid_ask,cancel_ratio,depth_near_bid,time_of_day_cos,aggressive_sell_volume
ok,lower,3,60,mr_pts_t60,16,4.0,vol30_top30,realized_volatility_30s,0.3,1026,666,206,154,141,89,41,0.21171171171171171,0.4320388349514563,0.2662337662337662,0.7721117833477384,0.767279938958741,0.644562773189637,0.2230135583502897,0.6583207424994604,0.4979326121708233,0.5585196775368029,0.1793917890618463,285.0,aggressive_sell_volume,trade_sign_autocorr_60s,distance_from_prior_day_low,depth_near_ask,liquidity_compression,time_of_day_cos,realized_volatility_30s,trades_per_second,distance_from_overnight_high,cancel_ratio,aggressive_sell_volume,depth_near_ask,realized_vol_5m,distance_from_prior_day_low,trade_sign_autocorr_60s,time_of_day_cos,cancel_ratio,trades_per_second,queue_imbalance_slope_5s,distance_from_overnight_high
ok,lower,3,60,mr_pts_t60,16,4.0,vol1m_top30,realized_vol_1m,0.3,1026,666,206,154,138,88,39,0.2072072072072072,0.42718446601941745,0.2532467532467532,0.739117873651772,0.7052767877938153,0.6506423449436437,0.22365824436437892,0.6760312151616499,0.5410353569925941,0.538185102826069,0.16710641122682415,242.0,trade_sign_autocorr_60s,wall_persistence_2s,depth_near_ask,opening_range_width,cancel_ratio,aggressive_sell_volume,trades_per_second,queue_imbalance_slope_5s,bid_depth_curvature,return_last_5m,wall_persistence_2s,trade_sign_autocorr_60s,return_last_5m,depth_near_ask,opening_range_width,trades_per_second,aggressive_sell_volume,ask_depth_curvature,cancel_ratio,OBI_l10
ok,lower,3,60,mr_pts_t60,16,4.0,vol5m_top30,realized_vol_5m,0.3,1026,666,206,154,136,65,33,0.2042042042042042,0.3155339805825243,0.21428571428571427,0.7734860883797053,0.6754127880751297,0.5301166353315908,0.17005546616359155,0.6591535186576509,0.3546798202773832,0.5130216206594048,0.16226360905723983,200.0,realized_volatility_30s,bid_depth_curvature,distance_from_overnight_high,aggressive_sell_volume,realized_vol_5m,cancel_ratio,impact_decay_5s,queue_imbalance_slope_5s,trade_sign_autocorr_60s,distance_from_session_vwap_anchor,realized_volatility_30s,realized_vol_5m,aggressive_sell_volume,distance_from_overnight_high,bid_depth_curvature,queue_imbalance_slope_5s,depth_far_ask,trade_sign_autocorr_60s,distance_from_session_vwap_anchor,impact_decay_5s
skipped_too_few_positives,lower,3,60,,24,6.0,none,,,3419,2222,684,513,107,17,31,,,,,,,,,,,,,,,,,,,,,,,,,,,,,,,,
ok,lower,3,60,mr_pts_t60,24,6.0,vol30_top30,realized_volatility_30s,0.3,1026,666,206,154,60,49,21,0.09009009009009009,0.23786407766990292,0.13636363636363635,0.7630313271805538,0.535222272220955,0.5356189959870649,0.17689611267354263,0.6555674901539563,0.22771233056788626,0.39033893876261044,0.11603947430732747,44.0,realized_vol_5m,depth_far_ask,realized_volatility_30s,distance_from_prior_day_high,OBI_l10,queue_imbalance_std_5s,prior_day_rth_high,macd,ema_spread_9_21,best_ask_queue_norm,realized_vol_5m,depth_far_ask,OBI_l10,distance_from_prior_day_high,realized_volatility_30s,ema_spread_9_21,queue_imbalance_std_5s,prior_day_rth_high,realized_vol_1m,best_ask_queue_norm
skipped_too_few_positives,lower,3,60,,24,6.0,vol1m_top30,,,1026,666,206,154,62,48,19,,,,,,,,,,,,,,,,,,,,,,,,,,,,,,,,
skipped_too_few_positives,lower,3,60,,24,6.0,vol5m_top30,,,1026,666,206,154,68,32,19,,,,,,,,,,,,,,,,,,,,,,,,,,,,,,,,
skipped_too_few_positives,lower,3,60,,32,8.0,none,,,3419,2222,684,513,57,7,16,,,,,,,,,,,,,,,,,,,,,,,,,,,,,,,,
skipped_too_few_positives,lower,3,60,,32,8.0,vol30_top30,,,1026,666,206,154,31,29,13,,,,,,,,,,,,,,,,,,,,,,,,,,,,,,,,
skipped_too_few_positives,lower,3,60,,32,8.0,vol1m_top30,,,1026,666,206,154,29,30,12,,,,,,,,,,,,,,,,,,,,,,,,,,,,,,,,
skipped_too_few_positives,lower,3,60,,32,8.0,vol5m_top30,,,1026,666,206,154,38,15,12,,,,,,,,,,,,,,,,,,,,,,,,,,,,,,,,
skipped_too_few_positives,lower,3,60,,40,10.0,none,,,3419,2222,684,513,38,1,8,,,,,,,,,,,,,,,,,,,,,,,,,,,,,,,,
skipped_too_few_positives,lower,3,60,,40,10.0,vol30_top30,,,1026,666,206,154,18,20,7,,,,,,,,,,,,,,,,,,,,,,,,,,,,,,,,
skipped_too_few_positives,lower,3,60,,40,10.0,vol1m_top30,,,1026,666,206,154,16,22,6,,,,,,,,,,,,,,,,,,,,,,,,,,,,,,,,
skipped_too_few_positives,lower,3,60,,40,10.0,vol5m_top30,,,1026,666,206,154,25,11,6,,,,,,,,,,,,,,,,,,,,,,,,,,,,,,,,
ok,lower,3,180,mr_pts_t180,4,1.0,none,,,3419,2222,684,513,1727,521,425,0.7772277227722773,0.7616959064327485,0.8284600389863548,0.6691944467341002,0.8574565281765734,0.541849237150997,0.1789305868760734,0.6353609625668448,0.8862895698829196,0.46184770849340673,0.14315666525949874,3.0,realized_volatility_30s,realized_vol_1m,distance_from_prior_day_high,flow_impact,rsi_14,weighted_OBI_l10,return_last_30s,weighted_OBI_l3,ask_queue_depletion_rate,sma_spread_20_50,realized_volatility_30s,realized_vol_1m,distance_from_prior_day_high,flow_impact,rsi_14,tick_rate,weighted_OBI_l10,ask_queue_depletion_rate,weighted_OBI_l3,distance_from_prior_day_low
ok,lower,3,180,mr_pts_t180,4,1.0,vol30_top30,realized_volatility_30s,0.3,1026,666,206,154,569,186,134,0.8543543543543544,0.9029126213592233,0.8701298701298701,0.6041666666666666,0.9284419312750243,0.326757978129876,0.08943712306673272,0.6128731343283581,0.9049292843327268,0.3845495090909986,0.11261135621547784,4.0,trade_imbalance_60s,distance_from_prior_day_high,macd_hist,weighted_OBI_l10,flow_toxicity_30s,wall_strength_opposite_3_5s_avg,OFI,weighted_OBI_l3,macd,OFI_60s,trade_imbalance_60s,distance_from_prior_day_high,macd_hist,flow_toxicity_30s,macd,weighted_OBI_l3,weighted_OBI_l10,wall_strength_opposite_3_5s_avg,OFI,OFI_60s
ok,lower,3,180,mr_pts_t180,4,1.0,vol1m_top30,realized_vol_1m,0.3,1026,666,206,154,561,189,132,0.8423423423423423,0.9174757281553398,0.8571428571428571,0.5530656707127295,0.9225095114090214,0.30890878690777873,0.08111835037119201,0.6024449035812672,0.8934844992037121,0.40877580441143424,0.12208866515432945,5.0,CVD,distance_from_prior_day_high,flow_toxicity_30s,liquidity_slope_bid,realized_vol_1m,bid_liquidity_shock,flow_burst_ratio,aggressive_buy_volume,trade_imbalance_30s,impact_decay_3s,CVD,distance_from_prior_day_high,flow_toxicity_30s,liquidity_slope_bid,realized_vol_1m,bid_liquidity_shock,ask_curvature_l5,trade_imbalance_30s,impact_efficiency_3s,aggressive_buy_volume
ok,lower,3,180,mr_pts_t180,4,1.0,vol5m_top30,realized_vol_5m,0.3,1026,666,206,154,568,185,129,0.8528528528528528,0.8980582524271845,0.8376623376623377,0.483011583011583,0.8828878754860353,0.3379291997012275,0.09350454820605278,0.543875968992248,0.8566255683990601,0.4437091126865617,0.1360341677923655,2.0,trade_imbalance_30s,distance_from_prior_day_high,trade_imbalance_60s,flow_burst_ratio,depth_mid_ask,flow_toxicity,distance_from_range_extreme_norm,CVD,band_k,side,trade_imbalance_30s,trade_imbalance_60s,distance_from_prior_day_high,flow_burst_ratio,flow_toxicity,depth_mid_ask,CVD,distance_from_range_extreme_norm,band_k,side
ok,lower,3,180,mr_pts_t180,8,2.0,none,,,3419,2222,684,513,1182,344,316,0.531953195319532,0.5029239766081871,0.6159844054580896,0.7172879616963065,0.6855369543364992,0.6189068875087954,0.21442121847010762,0.6636895200154211,0.7455244774407412,0.6510544760981837,0.22914791664815892,72.0,realized_vol_1m,realized_volatility_30s,average_true_range,distance_from_overnight_high,vwap_slope_pts_per_s,realized_vol_5m,depth_near_bid,weighted_OBI_l3,bid_convexity,depth_far_ask,realized_volatility_30s,realized_vol_1m,average_true_range,distance_from_overnight_high,depth_far_ask,realized_vol_5m,depth_near_ask,vwap_slope_pts_per_s,z_anchor_vwap,weighted_OBI_l3
ok,lower,3,180,mr_pts_t180,8,2.0,vol30_top30,realized_volatility_30s,0.3,1026,666,206,154,457,163,109,0.6861861861861862,0.7912621359223301,0.7077922077922078,0.6577257811385362,0.8701686841489009,0.4915539471180106,0.1574242928701517,0.6519877675840978,0.7906656306858302,0.5739182920995024,0.1934065644364625,59.0,depth_near_ask,trade_imbalance_60s,depth_near_bid,z_anchor_vwap,macd_hist,return_last_5m,distance_from_session_vwap_anchor,realized_volatility_30s,average_true_range,ema_21,depth_near_ask,depth_near_bid,trade_imbalance_60s,z_anchor_vwap,macd_hist,return_last_5m,realized_volatility_30s,distance_from_prior_day_high,distance_from_session_vwap_anchor,weighted_OBI_l3
ok,lower,3,180,mr_pts_t180,8,2.0,vol1m_top30,realized_vol_1m,0.3,1026,666,206,154,449,165,110,0.6741741741741741,0.8009708737864077,0.7142857142857143,0.6317812269031782,0.8774029951712995,0.5330205438672024,0.1728987162599685,0.6438016528925621,0.7876572081014859,0.5967560394238253,0.20338188206262106,3.0,depth_near_bid,z_anchor_vwap,wall_strength_opposite_3_2s_avg,realized_volatility_30s,return_last_5m,CVD,trade_imbalance_60s,bid_liquidity_shock,distance_from_prior_day_high,obv_session,depth_near_bid,z_anchor_vwap,realized_volatility_30s,wall_strength_opposite_3_2s_avg,return_last_5m,obv_session,trade_imbalance_60s,CVD,bid_liquidity_shock,distance_from_prior_day_high
ok,lower,3,180,mr_pts_t180,8,2.0,vol5m_top30,realized_vol_5m,0.3,1026,666,206,154,456,151,112,0.6846846846846847,0.7330097087378641,0.7272727272727273,0.6683925346177001,0.8469401882195732,0.5674096980639844,0.19041403239013913,0.5965136054421768,0.8129282482460307,0.5810716623599467,0.19650592865513059,18.0,sigma0,realized_volatility_30s,realized_vol_5m,z_anchor_vwap,trade_imbalance_60s,distance_from_session_vwap_anchor,distance_from_value_area_high,spread_volatility,absorption_ratio,add_rate_bid,sigma0,z_anchor_vwap,realized_vol_5m,realized_volatility_30s,trade_imbalance_60s,distance_from_value_area_high,distance_from_session_vwap_anchor,ask_convexity,absorption_ratio,spread_volatility
ok,lower,3,180,mr_pts_t180,12,3.0,none,,,3419,2222,684,513,802,228,231,0.3609360936093609,0.3333333333333333,0.4502923976608187,0.7332736995998768,0.5336796632793064,0.5629220596721847,0.19244155894815757,0.7146848423444168,0.6636900546248253,0.6315982700543438,0.22133010800869593,97.0,realized_vol_1m,realized_volatility_30s,average_true_range,distance_from_prior_day_high,depth_near_ask,realized_vol_5m,distance_from_overnight_high,return_last_5m,OFI_30s,opening_range_position,realized_vol_1m,realized_volatility_30s,average_true_range,depth_near_ask,realized_vol_5m,distance_from_prior_day_high,return_last_5m,depth_far_ask,distance_from_overnight_high,distance_from_range_extreme_norm
ok,lower,3,180,mr_pts_t180,12,3.0,vol30_top30,realized_volatility_30s,0.3,1026,666,206,154,349,141,97,0.524024024024024,0.6844660194174758,0.6298701298701299,0.6955810147299509,0.8168487494929695,0.5964165608215859,0.20390146016548885,0.6518357750045217,0.7559520008376888,0.640092181092205,0.22424059645353728,65.0,weighted_OBI_l3,return_last_5m,depth_near_ask,average_true_range,realized_vol_5m,distance_from_prior_day_high,depth_far_ask,distance_from_overnight_high,opening_range_position,wall_persistence_2s,return_last_5m,depth_near_ask,weighted_OBI_l3,realized_vol_5m,distance_from_prior_day_high,average_true_range,depth_far_ask,OFI_5s,distance_from_overnight_high,wall_persistence_2s
ok,lower,3,180,mr_pts_t180,12,3.0,vol1m_top30,realized_vol_1m,0.3,1026,666,206,154,339,141,92,0.509009009009009,0.6844660194174758,0.5974025974025974,0.7224222585924713,0.8273525645731434,0.6634235727878554,0.23518174768727507,0.6236851332398317,0.6686002176286691,0.6822067552715312,0.24453787912684477,7.0,return_last_5m,distance_from_prior_day_high,queue_imbalance_std_5s,depth_far_ask,best_ask_queue_norm,realized_vol_5m,weighted_OBI_l3,wall_persistence_2s,macd_hist,update_rate_bid,return_last_5m,distance_from_prior_day_high,queue_imbalance_std_5s,best_ask_queue_norm,depth_far_ask,update_rate_bid,realized_vol_5m,weighted_OBI_l3,wall_persistence_2s,macd_hist
ok,lower,3,180,mr_pts_t180,12,3.0,vol5m_top30,realized_vol_5m,0.3,1026,666,206,154,345,128,89,0.5180180180180181,0.6213592233009708,0.577922077922078,0.7021734775641026,0.7862810778875133,0.6682772610147649,0.2376080770918169,0.626361279170268,0.7170746298936863,0.6795785447930277,0.24323781595814314,6.0,distance_from_prior_day_high,realized_vol_5m,queue_imbalance_slope_5s,bid_depth_curvature,return_last_5m,depth_far_ask,wall_persistence_2s,sigma0,vol_ratio,cvd_acceleration,realized_vol_5m,distance_from_prior_day_high,return_last_5m,queue_imbalance_slope_5s,depth_far_ask,bid_depth_curvature,sigma0,wall_persistence_2s,cvd_acceleration,vol_ratio
ok,lower,3,180,mr_pts_t180,16,4.0,none,,,3419,2222,684,513,559,137,172,0.2515751575157516,0.20029239766081872,0.33528265107212474,0.7692122926647007,0.43344607864698376,0.42520489926366367,0.13765736426273142,0.7214417240673805,0.5654382834048818,0.5988320997674251,0.2023058288416988,149.0,realized_vol_1m,realized_volatility_30s,average_true_range,realized_vol_5m,distance_from_prior_day_high,opening_range_position,depth_near_bid,depth_far_ask,distance_from_overnight_high,depth_near_ask,realized_volatility_30s,realized_vol_1m,realized_vol_5m,depth_far_ask,average_true_range,depth_near_ask,distance_from_overnight_high,return_last_5m,distance_from_prior_day_high,macd_hist
ok,lower,3,180,mr_pts_t180,16,4.0,vol30_top30,realized_volatility_30s,0.3,1026,666,206,154,271,122,81,0.4069069069069069,0.5922330097087378,0.525974025974026,0.7055035128805621,0.7807505610569156,0.7291029954679159,0.2678471468701287,0.5313715542026044,0.5546423767030614,0.7186531344041841,0.2625569030152845,4.0,depth_near_ask,depth_mid_ask,realized_vol_5m,overnight_high,best_ask_queue_norm,return_last_5m,depth_curvature_pressure,update_rate_bid,queue_imbalance_slope_5s,bid_curvature_l5,depth_near_ask,depth_mid_ask,realized_vol_5m,return_last_5m,update_rate_bid,best_ask_queue_norm,overnight_high,depth_curvature_pressure,bid_curvature_l5,ask_curvature_l5
ok,lower,3,180,mr_pts_t180,16,4.0,vol1m_top30,realized_vol_1m,0.3,1026,666,206,154,261,120,75,0.3918918918918919,0.5825242718446602,0.487012987012987,0.6955426356589148,0.7679586238620061,0.6415742469842451,0.2251602010354165,0.6427004219409282,0.6581149610760666,0.669737957808204,0.2377666035032507,83.0,depth_near_ask,return_last_5m,queue_imbalance_slope_5s,update_rate_bid,distance_from_overnight_high,realized_volatility_30s,return_last_30s,opening_range_width,ask_depth_curvature,distance_from_overnight_low,depth_near_ask,return_last_5m,queue_imbalance_slope_5s,return_last_30s,distance_from_overnight_high,update_rate_bid,realized_volatility_30s,curvature_pressure_l5,ask_depth_curvature,realized_vol_5m
ok,lower,3,180,mr_pts_t180,16,4.0,vol5m_top30,realized_vol_5m,0.3,1026,666,206,154,268,104,69,0.4024024024024024,0.5048543689320388,0.44805194805194803,0.6608220211161389,0.632267312665145,0.7106578926359031,0.2586251999110439,0.5580562659846547,0.4912146676852559,0.6909459566172793,0.2488648481386838,1.0,realized_vol_5m,return_last_30s,wall_strength_opposite_3_2s_avg,trade_sign_autocorr_10s,band_k,side,is_weekend,entry_price,distance0,sigma0,realized_vol_5m,return_last_30s,wall_strength_opposite_3_2s_avg,trade_sign_autocorr_10s,band_k,side,is_weekend,entry_price,distance0,sigma0
ok,lower,3,180,mr_pts_t180,24,6.0,none,,,3419,2222,684,513,271,56,96,0.12196219621962197,0.08187134502923976,0.1871345029239766,0.8314518880800728,0.30843324741281825,0.2298815447619786,0.06551648924602062,0.7622651878497202,0.4340227452418306,0.44570218026224284,0.13765616752711093,68.0,realized_vol_1m,realized_volatility_30s,depth_near_bid,opening_range_width,average_true_range,depth_near_ask,bid_depth_curvature,curvature_pressure_l5,add_rate_ask,distance_from_overnight_high,realized_vol_1m,realized_volatility_30s,bid_depth_curvature,depth_near_ask,realized_vol_5m,return_last_5m,opening_range_width,distance_from_overnight_high,depth_near_bid,depth_far_bid
ok,lower,3,180,mr_pts_t180,24,6.0,vol30_top30,realized_volatility_30s,0.3,1026,666,206,154,156,81,57,0.23423423423423423,0.3932038834951456,0.37012987012987014,0.7161975308641976,0.657820905375418,0.6451544515216121,0.22758117960856622,0.6822210164586725,0.5451808523008208,0.6543886475993016,0.23079471414710545,39.0,realized_vol_5m,bid_depth_curvature,opening_range_width,update_rate_bid,return_last_5m,depth_far_ask,cancel_ratio,aggressive_sell_volume,abs_vwap_slope_pts_per_s,depth_near_ask,realized_vol_5m,bid_depth_curvature,return_last_5m,update_rate_bid,depth_far_ask,opening_range_width,cancel_ratio,abs_vwap_slope_pts_per_s,queue_imbalance_slope_5s,aggressive_sell_volume
ok,lower,3,180,mr_pts_t180,24,6.0,vol1m_top30,realized_vol_1m,0.3,1026,666,206,154,153,78,57,0.22972972972972974,0.3786407766990291,0.37012987012987014,0.7411358173076923,0.6265445396964966,0.6230710687055335,0.21838009137252964,0.680774100198951,0.5456533698034334,0.6632688834577258,0.23466363342976063,32.0,realized_vol_5m,return_last_5m,bid_depth_curvature,depth_far_ask,opening_range_width,realized_volatility_30s,cancel_ratio,depth_near_ask,cancel_rate_ask,ask_depth_curvature,realized_vol_5m,return_last_5m,bid_depth_curvature,depth_far_ask,opening_range_width,cancel_ratio,depth_near_ask,realized_volatility_30s,cancel_rate_ask,ask_depth_curvature
ok,lower,3,180,mr_pts_t180,24,6.0,vol5m_top30,realized_vol_5m,0.3,1026,666,206,154,152,64,49,0.22822822822822822,0.3106796116504854,0.3181818181818182,0.684419014084507,0.5797307729023027,0.5718313856673414,0.19175133240438758,0.6818270165208941,0.45302204805214263,0.6068446163974267,0.20946764779355967,53.0,realized_vol_5m,bid_depth_curvature,realized_volatility_30s,return_last_5m,depth_far_ask,realized_vol_1m,dsigma_dt,distance0,distance_from_session_vwap_anchor,distance_from_prior_day_high,realized_vol_5m,bid_depth_curvature,return_last_5m,realized_volatility_30s,realized_vol_1m,depth_far_ask,distance0,sigma0,distance_from_prior_day_high,distance_from_session_vwap_anchor
ok,lower,3,180,mr_pts_t180,32,8.0,none,,,3419,2222,684,513,158,22,51,0.0711071107110711,0.03216374269005848,0.09941520467836257,0.8586926668497665,0.2644559853891359,0.11605584179065498,0.028479118265789864,0.8328240387063917,0.3222167771867606,0.2839830308871419,0.08141995295289935,139.0,realized_vol_1m,realized_volatility_30s,opening_range_width,convexity_imbalance,microprice_deviation,distance_from_overnight_low,realized_vol_5m,add_rate_bid,spread_expansion_ratio,tick_rate,realized_volatility_30s,realized_vol_1m,realized_vol_5m,opening_range_width,distance_from_overnight_high,average_true_range,depth_near_ask,return_last_5m,distance_from_prior_day_high,distance_from_overnight_low
ok,lower,3,180,mr_pts_t180,32,8.0,vol30_top30,realized_volatility_30s,0.3,1026,666,206,154,93,55,36,0.13963963963963963,0.2669902912621359,0.23376623376623376,0.8139674894641782,0.63702398541759,0.4767511984901475,0.1561038299087679,0.6727871939736346,0.34588409543266274,0.5829620257171502,0.18508575163945856,281.0,opening_range_width,realized_vol_5m,depth_near_ask,distance_from_overnight_high,distance_from_prior_day_high,distance_from_overnight_low,absorption_ratio,bid_queue_depletion_rate,distance_from_range_extreme_norm,queue_length_total_norm,realized_vol_5m,opening_range_width,distance_from_overnight_high,depth_near_ask,distance_from_overnight_low,distance_from_prior_day_high,return_last_5m,distance_from_range_extreme_norm,bid_queue_depletion_rate,queue_length_total_norm
ok,lower,3,180,mr_pts_t180,32,8.0,vol1m_top30,realized_vol_1m,0.3,1026,666,206,154,89,57,36,0.13363363363363365,0.2766990291262136,0.23376623376623376,0.7882962439656187,0.5992796756367852,0.5282733537878305,0.1790449379923557,0.621939736346516,0.3311349705371763,0.5539321426376362,0.18155341692420354,42.0,realized_vol_5m,distance_from_overnight_high,depth_near_ask,opening_range_width,bid_queue_depletion_rate,depth_far_ask,trades_per_second,distance_from_prior_day_high,OBI_l10,return_last_30s,realized_vol_5m,distance_from_overnight_high,depth_near_ask,opening_range_width,return_last_5m,depth_far_ask,bid_queue_depletion_rate,distance_from_prior_day_high,trades_per_second,OBI_l10
ok,lower,3,180,mr_pts_t180,32,8.0,vol5m_top30,realized_vol_5m,0.3,1026,666,206,154,93,38,33,0.13963963963963963,0.18446601941747573,0.21428571428571427,0.7736528822055138,0.5286166582015267,0.3999654745205052,0.12005190954930775,0.6260956674179815,0.3062340254435289,0.5799991125603189,0.17679360068753786,170.0,realized_vol_5m,cooldown_seconds,bid_queue_depletion_rate,distance_from_prior_day_high,microprice_minus_mid,distance_from_range_extreme_norm,opening_range_width,bid_depth_curvature,return_last_30s,convexity_imbalance,realized_vol_5m,realized_volatility_30s,opening_range_width,cooldown_seconds,bid_queue_depletion_rate,return_last_30s,distance_from_range_extreme_norm,realized_vol_1m,queue_imbalance_std_5s,microprice_minus_mid
skipped_too_few_positives,lower,3,180,,40,10.0,none,,,3419,2222,684,513,105,9,27,,,,,,,,,,,,,,,,,,,,,,,,,,,,,,,,
ok,lower,3,180,mr_pts_t180,40,10.0,vol30_top30,realized_volatility_30s,0.3,1026,666,206,154,59,42,20,0.08858858858858859,0.20388349514563106,0.12987012987012986,0.8340592334494773,0.6277705332349742,0.41784545782827115,0.13502377624631687,0.6809701492537312,0.25605957932982376,0.37073139250423726,0.10947379837963536,86.0,update_rate_bid,bid_depth_curvature,realized_vol_5m,opening_range_width,realized_volatility_30s,distance_from_range_extreme_norm,queue_imbalance_slope_5s,distance_from_prior_day_high,distance_from_overnight_low,microprice,realized_vol_5m,update_rate_bid,bid_depth_curvature,opening_range_width,realized_volatility_30s,distance_from_range_extreme_norm,queue_imbalance_slope_5s,distance_from_prior_day_high,queue_imbalance_std_5s,distance_from_overnight_low
skipped_too_few_positives,lower,3,180,,40,10.0,vol1m_top30,,,1026,666,206,154,54,45,19,,,,,,,,,,,,,,,,,,,,,,,,,,,,,,,,
skipped_too_few_positives,lower,3,180,,40,10.0,vol5m_top30,,,1026,666,206,154,64,27,18,,,,,,,,,,,,,,,,,,,,,,,,,,,,,,,,
ok,lower,3,300,mr_pts_t300,4,1.0,none,,,3419,2222,684,513,1825,552,441,0.8213321332133213,0.8070175438596491,0.8596491228070176,0.6154891304347826,0.8629229156003114,0.47807147744107903,0.15178723614991507,0.6345742000503906,0.8971977206532216,0.39966697587309424,0.11918844879762715,24.0,realized_volatility_30s,depth_near_ask,OFI_30s,distance_from_prior_day_high,realized_vol_1m,realized_vol_5m,weighted_OBI_l5,best_ask_queue_norm,trade_rate_pre_per_s,bid_convexity,realized_volatility_30s,best_ask_queue_norm,depth_near_ask,distance_from_prior_day_high,trade_rate_pre_per_s,bid_convexity,OFI_30s,realized_vol_1m,vwap_slope_pts_per_s,bid_queue_change_rate
ok,lower,3,300,mr_pts_t300,4,1.0,vol30_top30,realized_volatility_30s,0.3,1026,666,206,154,587,189,136,0.8813813813813813,0.9174757281553398,0.8831168831168831,0.6137566137566137,0.9432165906047307,0.28090799141007894,0.07502952301360813,0.6580882352941176,0.9287856689755608,0.3495851536875192,0.10106545697660169,96.0,trade_imbalance_60s,depth_near_bid,distance_from_overnight_low,macd_hist,bid_convexity,spread_volatility,ask_queue_depletion_rate,distance_from_prior_day_high,macd,depth_mid_ask,trade_imbalance_60s,depth_near_bid,distance_from_overnight_low,bid_convexity,macd_hist,ask_queue_depletion_rate,ema_spread_9_21,macd,distance_from_prior_day_high,liquidity_slope_bid
ok,lower,3,300,mr_pts_t300,4,1.0,vol1m_top30,realized_vol_1m,0.3,1026,666,206,154,580,192,134,0.8708708708708709,0.9320388349514563,0.8701298701298701,0.6467633928571429,0.9638809508245436,0.26208337432961487,0.06580130903798939,0.5608208955223881,0.9084990267802833,0.3852520285091772,0.11284419810502533,8.0,depth_near_bid,bid_convexity,liquidity_slope_bid,impact_decay_3s,return_last_30s,distance_from_overnight_low,microprice_pressure,ask_queue_change_rate,OFI_60s,ask_queue_depletion_rate,depth_near_bid,bid_convexity,liquidity_slope_bid,return_last_30s,impact_decay_3s,distance_from_overnight_low,rv_pre_pts2,ask_queue_change_rate,realized_vol_1m,CVD
ok,lower,3,300,mr_pts_t300,4,1.0,vol5m_top30,realized_vol_5m,0.3,1026,666,206,154,590,188,136,0.8858858858858859,0.912621359223301,0.8831168831168831,0.5492021276595744,0.9271245672187165,0.29817875833651436,0.08006825924846248,0.49979575163398693,0.8918282412519104,0.36057945481682707,0.10317984468996767,8.0,cvd_acceleration,depth_near_ask,OFI_30s,trade_imbalance_60s,impact_decay_3s,depth_mid_ask,remove_rate_near_bid,sma_spread_20_50,wall_strength_opposite_3,OFI_burst_ratio,depth_near_ask,cvd_acceleration,OFI_30s,trade_imbalance_60s,impact_decay_3s,sma_spread_20_50,distance_from_prior_day_high,wall_strength_opposite_5,depth_mid_ask,remove_rate_near_bid
ok,lower,3,300,mr_pts_t300,8,2.0,none,,,3419,2222,684,513,1365,402,343,0.6143114311431143,0.5877192982456141,0.6686159844054581,0.6831533820260399,0.7411662412318232,0.6354916058764308,0.22234125592098436,0.6574515520493911,0.7925616943324755,0.6100051906690986,0.21045901887366691,29.0,realized_volatility_30s,average_true_range,realized_vol_5m,realized_vol_1m,distance_from_overnight_high,depth_near_ask,vwap_drift,vwap_slope_pts_per_s,z_anchor_vwap,depth_far_ask,realized_volatility_30s,realized_vol_5m,average_true_range,realized_vol_1m,depth_near_ask,depth_far_ask,distance_from_overnight_high,weighted_OBI_l3,z_anchor_vwap,vwap_slope_pts_per_s
ok,lower,3,300,mr_pts_t300,8,2.0,vol30_top30,realized_volatility_30s,0.3,1026,666,206,154,498,168,116,0.7477477477477478,0.8155339805825242,0.7532467532467533,0.6978383458646615,0.901551276521501,0.44544125215728886,0.14023957190776085,0.7291288566243194,0.8735226156787105,0.5206132490560209,0.16938556235123123,281.0,trade_imbalance_60s,z_anchor_vwap,macd_hist,bid_depth_curvature,distance0,spread_volatility,depth_mid_ask,wall_persistence_2s,depth_near_bid,vwap_drift,trade_imbalance_60s,macd_hist,z_anchor_vwap,depth_near_bid,depth_mid_bid,distance0,distance_from_overnight_high,ask_queue_depletion_rate,vwap_drift,bid_depth_curvature
ok,lower,3,300,mr_pts_t300,8,2.0,vol1m_top30,realized_vol_1m,0.3,1026,666,206,154,488,170,117,0.7327327327327328,0.8252427184466019,0.7597402597402597,0.6645424836601308,0.9041775271707264,0.44244755782066764,0.1391967379735546,0.6632016632016632,0.8638384804856347,0.5306083209771612,0.17269556500378316,196.0,realized_volatility_30s,vwap_drift,weighted_OBI_l3,CVD,queue_imbalance_slope_5s,distance0,spread_volatility,wall_strength_opposite_3_5s_avg,stoch_d_3,trade_imbalance_60s,realized_volatility_30s,CVD,vwap_drift,distance0,macd_hist,depth_mid_ask,weighted_OBI_l3,queue_imbalance_slope_5s,wall_strength_opposite_3_5s_avg,average_true_range
ok,lower,3,300,mr_pts_t300,8,2.0,vol5m_top30,realized_vol_5m,0.3,1026,666,206,154,499,157,119,0.7492492492492493,0.7621359223300971,0.7727272727272727,0.6349928506434421,0.8428283632900778,0.5320459727901898,0.17532125821499844,0.6050420168067226,0.8212059277528005,0.5239736364402411,0.17102469124093478,35.0,z_anchor_vwap,distance0,depth_mid_ask,trade_imbalance_60s,distance_from_session_vwap_anchor,distance_from_value_area_high,distance_from_value_area_low,sigma0,depth_far_ask,wall_strength_opposite_5,z_anchor_vwap,distance0,distance_from_session_vwap_anchor,trade_imbalance_60s,depth_mid_ask,wall_strength_opposite_5,distance_from_value_area_high,depth_mid_bid,depth_far_ask,distance_from_value_area_low
ok,lower,3,300,mr_pts_t300,12,3.0,none,,,3419,2222,684,513,1008,294,273,0.45364536453645365,0.4298245614035088,0.5321637426900585,0.7076574219431363,0.625001106652745,0.6189095649192645,0.2152466873311042,0.6952533577533577,0.7216475384762158,0.6397543221799756,0.22525123155323823,71.0,realized_vol_1m,average_true_range,realized_volatility_30s,depth_near_ask,distance_from_prior_day_high,distance_from_overnight_high,realized_vol_5m,vwap_slope_pts_per_s,opening_range_position,depth_far_ask,realized_vol_1m,average_true_range,realized_volatility_30s,depth_near_ask,realized_vol_5m,distance_from_overnight_high,vwap_slope_pts_per_s,distance_from_prior_day_high,depth_far_ask,opening_range_position
ok,lower,3,300,mr_pts_t300,12,3.0,vol30_top30,realized_volatility_30s,0.3,1026,666,206,154,407,148,106,0.6111111111111112,0.7184466019417476,0.6883116883116883,0.7028191985088537,0.8506663759032524,0.537955183318795,0.17963805493163315,0.6963443396226415,0.8048898041370309,0.5705930344100698,0.1921284058020459,154.0,average_true_range,distance_from_overnight_high,bid_depth_curvature,absorption_ratio,depth_mid_ask,wall_persistence_2s,queue_imbalance_slope_5s,return_last_5m,OFI_5s,stoch_d_3,distance_from_overnight_high,average_true_range,depth_mid_ask,bid_depth_curvature,absorption_ratio,depth_near_ask,wall_persistence_2s,queue_imbalance_slope_5s,OFI_5s,return_last_5m
ok,lower,3,300,mr_pts_t300,12,3.0,vol1m_top30,realized_vol_1m,0.3,1026,666,206,154,397,150,101,0.5960960960960962,0.7281553398058253,0.6558441558441559,0.6916666666666667,0.8664369603674145,0.5431822348797917,0.18141894836944558,0.6304875770595928,0.7507593138081613,0.6155380748042482,0.21261102066015872,93.0,return_last_5m,depth_near_ask,average_true_range,queue_imbalance_slope_5s,depth_mid_ask,realized_volatility_30s,distance_from_overnight_high,weighted_OBI_l3,cvd_acceleration,ask_convexity,return_last_5m,depth_near_ask,average_true_range,depth_mid_ask,queue_imbalance_slope_5s,distance_from_overnight_high,weighted_OBI_l3,realized_volatility_30s,OFI_5s,cvd_acceleration
ok,lower,3,300,mr_pts_t300,12,3.0,vol5m_top30,realized_vol_5m,0.3,1026,666,206,154,412,138,99,0.6186186186186187,0.6699029126213593,0.6428571428571429,0.680626598465473,0.8018579609428491,0.5973372375131031,0.20463648703675194,0.6477502295684114,0.7553926175567793,0.6266611953730594,0.21821463752544337,42.0,depth_mid_ask,sigma0,distance_from_overnight_high,distance_from_prior_day_high,return_last_5m,bid_depth_curvature,spread_mid_ratio,queue_imbalance_slope_5s,z_anchor_vwap,distance0,depth_mid_ask,sigma0,distance_from_overnight_high,distance_from_prior_day_high,return_last_5m,z_anchor_vwap,bid_depth_curvature,distance0,cvd_acceleration,queue_imbalance_slope_5s
ok,lower,3,300,mr_pts_t300,16,4.0,none,,,3419,2222,684,513,746,199,223,0.3357335733573357,0.2909356725146199,0.4346978557504873,0.7856602600632026,0.5909014508345867,0.49585355840868967,0.16665059462719128,0.6969383021493738,0.6470160918855018,0.6570957790772587,0.23047415395376095,166.0,realized_vol_1m,average_true_range,realized_volatility_30s,distance_from_overnight_high,distance_from_prior_day_high,depth_near_ask,queue_imbalance_std_5s,depth_mid_bid,opening_range_position,liquidity_slope_bid,average_true_range,realized_vol_1m,realized_volatility_30s,distance_from_overnight_high,depth_near_ask,depth_mid_bid,return_last_5m,distance_from_prior_day_high,opening_range_position,vwap_drift
ok,lower,3,300,mr_pts_t300,16,4.0,vol30_top30,realized_volatility_30s,0.3,1026,666,206,154,331,131,97,0.496996996996997,0.6359223300970874,0.6298701298701299,0.7168447837150127,0.7957545594500484,0.6120737659609371,0.2108072364275521,0.7136914451076144,0.7987982361257608,0.63207473539225,0.2201300474871384,48.0,distance_from_overnight_high,absorption_ratio,depth_near_ask,bid_depth_curvature,return_last_5m,trade_imbalance_60s,queue_imbalance_slope_5s,z_anchor_vwap,weighted_OBI_l5,average_true_range,distance_from_overnight_high,depth_near_ask,return_last_5m,bid_depth_curvature,absorption_ratio,trade_imbalance_60s,weighted_OBI_l5,z_anchor_vwap,range_position,queue_imbalance_slope_5s
ok,lower,3,300,mr_pts_t300,16,4.0,vol1m_top30,realized_vol_1m,0.3,1026,666,206,154,325,132,93,0.487987987987988,0.6407766990291263,0.6038961038961039,0.680999180999181,0.7980625225388215,0.604536073290057,0.20936644972118618,0.6687819495857571,0.7604492307577352,0.6449375361376357,0.22669270262122984,136.0,return_last_5m,distance_from_overnight_high,depth_near_ask,bid_depth_curvature,queue_imbalance_slope_5s,absorption_ratio,realized_volatility_30s,update_rate_bid,opening_range_width,stoch_d_3,return_last_5m,depth_near_ask,distance_from_overnight_high,update_rate_bid,bid_depth_curvature,queue_imbalance_slope_5s,z_anchor_vwap,absorption_ratio,realized_volatility_30s,wall_strength_opposite_5_2s_avg
ok,lower,3,300,mr_pts_t300,16,4.0,vol5m_top30,realized_vol_5m,0.3,1026,666,206,154,336,118,87,0.5045045045045045,0.5728155339805825,0.564935064935065,0.6804699537750386,0.7374655984805071,0.6424076544493568,0.22552294079053642,0.6510550694801853,0.729179978573834,0.6559074320860053,0.23187085234683874,43.0,return_last_5m,distance_from_overnight_high,bid_depth_curvature,queue_imbalance_slope_5s,absorption_ratio,realized_vol_5m,realized_volatility_30s,depth_far_ask,update_rate_bid,depth_mid_bid,return_last_5m,distance_from_overnight_high,bid_depth_curvature,queue_imbalance_slope_5s,realized_vol_5m,depth_far_ask,absorption_ratio,wall_strength_opposite_5_2s_avg,depth_mid_bid,update_rate_bid
ok,lower,3,300,mr_pts_t300,24,6.0,none,,,3419,2222,684,513,415,94,143,0.18676867686768678,0.13742690058479531,0.2787524366471735,0.8013523260007213,0.40257595979056715,0.32806050761036615,0.10039065743539737,0.7452466452466453,0.5475232649886537,0.5550393176556616,0.18174420907526376,180.0,average_true_range,realized_volatility_30s,realized_vol_1m,depth_near_ask,distance_from_overnight_high,depth_mid_bid,opening_range_width,cancel_rate_ask,add_rate_ask,add_rate_bid,realized_volatility_30s,realized_vol_1m,average_true_range,depth_near_ask,cancel_rate_ask,distance_from_overnight_high,opening_range_width,depth_mid_bid,return_last_5m,realized_vol_5m
ok,lower,3,300,mr_pts_t300,24,6.0,vol30_top30,realized_volatility_30s,0.3,1026,666,206,154,221,91,71,0.33183183183183185,0.441747572815534,0.461038961038961,0.7130434782608697,0.6502534595081177,0.6139006609220709,0.21368032775297063,0.748345494654675,0.7135820793746277,0.6155464769187351,0.2154421777367889,162.0,opening_range_width,depth_near_ask,queue_imbalance_slope_5s,distance_from_overnight_high,z_anchor_vwap,microprice_minus_mid,depth_mid_bid,realized_volatility_30s,return_last_5m,realized_vol_5m,depth_near_ask,depth_mid_bid,opening_range_width,return_last_5m,z_anchor_vwap,queue_imbalance_slope_5s,distance_from_overnight_high,realized_volatility_30s,realized_vol_5m,cancel_rate_ask
ok,lower,3,300,mr_pts_t300,24,6.0,vol1m_top30,realized_vol_1m,0.3,1026,666,206,154,216,88,73,0.32432432432432434,0.42718446601941745,0.474025974025974,0.738828967642527,0.6677716937493564,0.6551639203938179,0.232116662753796,0.6835785557246744,0.6643812291964538,0.7024373552077102,0.2548408776501352,16.0,depth_near_ask,cancel_rate_ask,realized_volatility_30s,return_last_5m,queue_imbalance_slope_5s,update_rate_bid,distance_from_overnight_high,depth_mid_bid,wall_strength_opposite_5_5s_avg,opening_range_width,depth_near_ask,cancel_rate_ask,return_last_5m,realized_volatility_30s,queue_imbalance_slope_5s,depth_mid_bid,update_rate_bid,distance_from_overnight_high,wall_strength_opposite_5_5s_avg,realized_vol_5m
ok,lower,3,300,mr_pts_t300,24,6.0,vol5m_top30,realized_vol_5m,0.3,1026,666,206,154,225,78,67,0.33783783783783783,0.3786407766990291,0.43506493506493504,0.6804887820512819,0.6162260259856932,0.6138172964538385,0.2113496283576594,0.6767884714359238,0.6482777692620046,0.6465339340771412,0.22738506581747508,145.0,realized_volatility_30s,return_last_5m,bid_depth_curvature,distance_from_prior_day_high,queue_imbalance_slope_5s,impact_decay_5s,CVD,cancel_rate_ask,queue_length_total_norm,distance0,realized_volatility_30s,return_last_5m,distance_from_prior_day_high,queue_imbalance_slope_5s,impact_decay_5s,realized_vol_5m,cancel_rate_ask,bid_depth_curvature,CVD,distance0
ok,lower,3,300,mr_pts_t300,32,8.0,none,,,3419,2222,684,513,248,46,89,0.1116111611161116,0.06725146198830409,0.17348927875243664,0.8122188905547226,0.25903012849525614,0.20574139438922412,0.05665432601333945,0.744567521729913,0.4252707184161616,0.4367676089775235,0.12994629820536688,159.0,depth_mid_bid,opening_range_width,realized_vol_1m,realized_volatility_30s,cancel_rate_bid,distance_from_overnight_high,depth_mid_ask,realized_vol_5m,impact_decay_3s,depth_near_ask,realized_vol_1m,realized_volatility_30s,realized_vol_5m,opening_range_width,distance_from_overnight_high,depth_mid_bid,depth_near_ask,distance_from_overnight_low,cancel_rate_bid,depth_far_ask
ok,lower,3,300,mr_pts_t300,32,8.0,vol30_top30,realized_volatility_30s,0.3,1026,666,206,154,146,69,49,0.21921921921921922,0.33495145631067963,0.3181818181818182,0.7587009415000529,0.6587928621518193,0.5659682190331244,0.19185594139631862,0.6765792031098153,0.49793167959348394,0.6062891881226039,0.20815051564284712,88.0,depth_near_ask,distance_from_overnight_high,opening_range_width,realized_vol_5m,queue_imbalance_slope_5s,depth_mid_bid,depth_far_ask,distance_from_overnight_low,CVD,OFI_5s,depth_near_ask,distance_from_overnight_high,realized_vol_5m,opening_range_width,depth_mid_bid,depth_far_ask,distance_from_overnight_low,queue_imbalance_slope_5s,OFI_5s,CVD
ok,lower,3,300,mr_pts_t300,32,8.0,vol1m_top30,realized_vol_1m,0.3,1026,666,206,154,141,71,50,0.21171171171171171,0.3446601941747573,0.3246753246753247,0.7480959833072509,0.6593599392428415,0.5856887666626215,0.20112154450286215,0.6582692307692307,0.4649537449308707,0.6090553240193786,0.21137817074337376,54.0,depth_near_ask,distance_from_overnight_high,depth_far_ask,realized_vol_5m,opening_range_width,depth_mid_bid,distance_from_overnight_low,queue_imbalance_slope_5s,CVD,distance_from_prior_day_high,depth_near_ask,distance_from_overnight_high,realized_vol_5m,depth_far_ask,opening_range_width,depth_mid_bid,distance_from_overnight_low,CVD,queue_imbalance_slope_5s,distance_from_prior_day_high
ok,lower,3,300,mr_pts_t300,32,8.0,vol5m_top30,realized_vol_5m,0.3,1026,666,206,154,146,56,47,0.21921921921921922,0.27184466019417475,0.3051948051948052,0.7008333333333333,0.5491570674727386,0.5299132618065276,0.1722881221994378,0.6756810499105189,0.4940010563188525,0.5969710219866673,0.20133260421532473,112.0,realized_volatility_30s,realized_vol_5m,distance_from_overnight_low,distance_from_overnight_high,CVD,bid_depth_curvature,return_last_30s,depth_far_ask,distance_from_prior_day_high,opening_range_width,realized_vol_5m,realized_volatility_30s,opening_range_width,distance_from_overnight_high,return_last_30s,distance_from_overnight_low,CVD,depth_far_ask,bid_depth_curvature,distance_from_prior_day_high
ok,lower,3,300,mr_pts_t300,40,10.0,none,,,3419,2222,684,513,163,23,51,0.07335733573357335,0.033625730994152045,0.09941520467836257,0.7896467802407419,0.19060952499899178,0.13152701381409418,0.030417095930050035,0.7909769968593499,0.2894220979165707,0.3037838518052643,0.08338507290226656,153.0,realized_vol_1m,realized_volatility_30s,depth_mid_bid,distance_from_overnight_high,bid_depth_curvature,cancel_rate_ask,distance_from_prior_day_high,depth_near_ask,opening_range_width,impact_decay_3s,realized_vol_1m,realized_volatility_30s,realized_vol_5m,distance_from_overnight_high,opening_range_width,depth_mid_bid,bid_depth_curvature,depth_near_ask,cancel_rate_ask,return_last_30s
ok,lower,3,300,mr_pts_t300,40,10.0,vol30_top30,realized_volatility_30s,0.3,1026,666,206,154,97,53,35,0.14564564564564564,0.25728155339805825,0.22727272727272727,0.813355530891602,0.6101186146322299,0.5333318455993348,0.17988598441301154,0.695078031212485,0.36457061081240816,0.5326236131276166,0.17478555231065362,27.0,distance_from_overnight_high,realized_vol_5m,update_rate_bid,bid_depth_curvature,depth_far_ask,realized_vol_1m,queue_imbalance_std_5s,entry_price,opening_range_width,depth_near_ask,realized_vol_5m,distance_from_overnight_high,update_rate_bid,bid_depth_curvature,distance_from_overnight_low,queue_imbalance_std_5s,realized_vol_1m,depth_far_ask,depth_near_ask,update_rate_ask
ok,lower,3,300,mr_pts_t300,40,10.0,vol1m_top30,realized_vol_1m,0.3,1026,666,206,154,88,58,33,0.13213213213213212,0.2815533980582524,0.21428571428571427,0.7788909599254428,0.6018383176298672,0.5455817810440201,0.18520756043809924,0.6516403706486352,0.32521534983073463,0.5134783613222398,0.1660759317862098,46.0,bid_depth_curvature,distance_from_overnight_high,realized_vol_5m,realized_vol_1m,opening_range_width,update_rate_ask,queue_imbalance_std_5s,cancel_rate_ask,average_true_range,depth_near_ask,realized_vol_5m,bid_depth_curvature,distance_from_overnight_high,realized_vol_1m,opening_range_width,cancel_rate_ask,update_rate_ask,depth_near_ask,queue_imbalance_std_5s,return_last_30s
ok,lower,3,300,mr_pts_t300,40,10.0,vol5m_top30,realized_vol_5m,0.3,1026,666,206,154,96,42,31,0.14414414414414414,0.20388349514563106,0.2012987012987013,0.733739837398374,0.5134585333857725,0.4523245190327994,0.14304814380361114,0.6942040388145817,0.3836085648792261,0.4805460063500679,0.1540540871337263,41.0,realized_vol_5m,realized_vol_1m,queue_imbalance_std_5s,opening_range_width,realized_volatility_30s,bid_depth_curvature,distance0,rv_pre_pts2,cancel_rate_ask,return_last_30s,realized_vol_5m,realized_vol_1m,queue_imbalance_std_5s,opening_range_width,realized_volatility_30s,distance0,return_last_30s,bid_depth_curvature,rv_pre_pts2,cancel_rate_ask
ok,lower,3,600,mr_pts_t600,4,1.0,none,,,3419,2222,684,513,1925,583,463,0.8663366336633663,0.8523391812865497,0.9025341130604289,0.6587979552672248,0.9149293965850528,0.4034630707765346,0.12328077784086312,0.6278185745140388,0.9362312360020972,0.31587914556701435,0.08830089117237842,77.0,realized_vol_1m,distance_from_prior_day_high,spread_volatility,vwap_slope_pts_per_s,depth_near_ask,impact_decay_5s,realized_volatility_30s,OFI_30s,distance_from_overnight_high,wall_persistence_2s,realized_vol_1m,distance_from_prior_day_high,depth_near_ask,realized_volatility_30s,vwap_slope_pts_per_s,wall_persistence_2s,ask_queue_depletion_rate,distance_from_prior_day_low,spread_volatility,remove_rate_near_ask
ok,lower,3,600,mr_pts_t600,4,1.0,vol30_top30,realized_volatility_30s,0.3,1026,666,206,154,604,191,140,0.9069069069069069,0.9271844660194175,0.9090909090909091,0.6286212914485166,0.9592333824647765,0.2568369634668573,0.0669020406450049,0.7183673469387755,0.9572040859251143,0.2933376941928439,0.08079253982418083,23.0,depth_near_bid,ask_queue_depletion_rate,trade_imbalance_60s,flow_toxicity_30s,distance_from_overnight_low,vwap_slope_pts_per_s,depth_far_bid,prior_day_rth_high,cancel_rate_bid,wall_strength_opposite_3_5s_avg,ask_queue_depletion_rate,depth_near_bid,trade_imbalance_60s,depth_far_bid,flow_toxicity_30s,vwap_slope_pts_per_s,distance_from_overnight_low,wall_strength_opposite_3_5s_avg,distance_from_ema_21,distance0
ok,lower,3,600,mr_pts_t600,4,1.0,vol1m_top30,realized_vol_1m,0.3,1026,666,206,154,598,194,137,0.8978978978978979,0.941747572815534,0.8896103896103896,0.656786941580756,0.9703311415263072,0.2256017262802561,0.05532540953996502,0.5890940317732932,0.917216200903436,0.34301187641255565,0.09728165178292757,19.0,depth_near_bid,spread_volatility,impact_decay_3s,vwap_drift,vwap_slope_pts_per_s,ask_queue_depletion_rate,depth_mid_bid,trade_imbalance_60s,impact_efficiency_3s,wall_strength_opposite_3_2s_avg,depth_near_bid,spread_volatility,impact_decay_3s,vwap_drift,vwap_slope_pts_per_s,depth_mid_bid,ask_queue_depletion_rate,trade_imbalance_60s,trade_sign_autocorr_60s,wall_strength_opposite_5
ok,lower,3,600,mr_pts_t600,4,1.0,vol5m_top30,realized_vol_5m,0.3,1026,666,206,154,605,191,140,0.9084084084084084,0.9271844660194175,0.9090909090909091,0.4680628272251309,0.9098397621428089,0.2626912294915633,0.06778102529660733,0.45331632653061227,0.8967891329191355,0.30480104296089144,0.0826307283359515,8.0,distance_from_value_area_low,depth_near_ask,vwap_slope_pts_per_s,sma_spread_20_50,depth_mid_ask,cvd_acceleration,OFI_burst_ratio,trade_imbalance_60s,distance_from_prior_day_high,return_last_5m,depth_near_ask,sma_spread_20_50,vwap_slope_pts_per_s,distance_from_prior_day_low,distance_from_value_area_low,OFI_burst_ratio,cvd_acceleration,wall_strength_opposite_5,depth_mid_ask,distance_from_prior_day_high
ok,lower,3,600,mr_pts_t600,8,2.0,none,,,3419,2222,684,513,1579,475,387,0.7106210621062106,0.6944444444444444,0.7543859649122807,0.6716393855452027,0.8200667897712333,0.5770621916709914,0.19696055146853034,0.6658873713137279,0.8507835728842081,0.5288554973986581,0.175006260632323,78.0,realized_volatility_30s,vwap_slope_pts_per_s,spread_volatility,average_true_range,depth_far_ask,vwap_drift,realized_vol_1m,weighted_OBI_l3,distance_from_prior_day_high,since_touch_any_seconds,realized_volatility_30s,depth_far_ask,average_true_range,vwap_drift,realized_vol_1m,vwap_slope_pts_per_s,since_touch_any_seconds,depth_near_ask,spread_volatility,distance_from_prior_day_high
ok,lower,3,600,mr_pts_t600,8,2.0,vol30_top30,realized_volatility_30s,0.3,1026,666,206,154,548,174,127,0.8228228228228228,0.8446601941747572,0.8246753246753247,0.7068965517241378,0.9192030104620821,0.4062827907007715,0.12451020453334598,0.7465733449985419,0.9126218191323028,0.4092999396056767,0.12678649349027557,81.0,trade_imbalance_60s,depth_near_bid,distance_from_session_vwap_anchor,depth_mid_bid,z_anchor_vwap,distance_from_overnight_high,bid_depth_curvature,depth_mid_ask,spread_mid_ratio,remove_rate_near_bid,depth_near_bid,depth_mid_bid,trade_imbalance_60s,z_anchor_vwap,distance_from_overnight_high,spread_mid_ratio,distance_from_overnight_low,bid_depth_curvature,distance_from_session_vwap_anchor,distance_from_ema_21
ok,lower,3,600,mr_pts_t600,8,2.0,vol1m_top30,realized_vol_1m,0.3,1026,666,206,154,541,177,127,0.8123123123123123,0.8592233009708737,0.8246753246753247,0.7243327488797974,0.946898922121487,0.37780574812851964,0.11468248279009693,0.6870807815689705,0.8921487086360129,0.4317648788894583,0.13206005633086573,159.0,spread_mid_ratio,depth_near_bid,impact_decay_3s,spread_volatility,distance_from_prior_day_low,depth_near_ask,distance_from_overnight_high,vwap_drift,depth_mid_bid,curvature_pressure_l5,depth_near_bid,depth_mid_bid,vwap_drift,spread_volatility,distance_from_prior_day_low,spread_mid_ratio,distance_from_overnight_high,ask_queue_change_rate,impact_decay_3s,z_anchor_vwap
ok,lower,3,600,mr_pts_t600,8,2.0,vol5m_top30,realized_vol_5m,0.3,1026,666,206,154,544,167,130,0.8168168168168168,0.8106796116504854,0.8441558441558441,0.6629049593121448,0.8824622960684954,0.48246547151470415,0.15265272708425476,0.7057692307692308,0.9160935424483967,0.43077335366796715,0.13094532264187303,3.0,depth_mid_ask,remove_rate_near_bid,z_anchor_vwap,depth_near_ask,depth_mid_bid,distance_from_overnight_high,trade_sign_autocorr_10s,ask_liquidity_shock,spread_volatility,liquidity_slope_bid,depth_mid_ask,depth_mid_bid,depth_near_ask,spread_volatility,remove_rate_near_bid,distance_from_overnight_high,z_anchor_vwap,ask_liquidity_shock,liquidity_slope_bid,trade_sign_autocorr_10s
ok,lower,3,600,mr_pts_t600,12,3.0,none,,,3419,2222,684,513,1273,376,316,0.5729072907290729,0.5497076023391813,0.6159844054580896,0.7168071290411717,0.7391945912272317,0.6158631961604611,0.21345115330081305,0.6690226820021847,0.7528485702981607,0.6310334474899368,0.219767450215332,193.0,average_true_range,realized_volatility_30s,distance_from_overnight_high,realized_vol_1m,spread_volatility,distance_from_prior_day_high,weighted_OBI_l3,depth_near_ask,queue_imbalance_mean_5s,spread_mid_ratio,realized_volatility_30s,average_true_range,realized_vol_1m,distance_from_overnight_high,depth_near_ask,spread_volatility,distance_from_prior_day_high,weighted_OBI_l3,return_last_5m,ask_curvature_l5
ok,lower,3,600,mr_pts_t600,12,3.0,vol30_top30,realized_volatility_30s,0.3,1026,666,206,154,464,161,118,0.6966966966966966,0.7815533980582524,0.7662337662337663,0.7538992408557625,0.9191307167335399,0.45101957544042537,0.14511852219204366,0.7648305084745763,0.8970579864419301,0.47889373580372824,0.15296015202933402,279.0,average_true_range,distance_from_overnight_high,return_last_5m,cvd_acceleration,vwap_drift,overnight_high,rv_pre_pts2,bid_depth_curvature,distance_from_overnight_low,abs_vwap_slope_pts_per_s,average_true_range,distance_from_overnight_high,distance_from_overnight_low,vwap_drift,return_last_5m,wall_persistence_2s,distance_from_prior_day_high,depth_mid_bid,abs_vwap_slope_pts_per_s,absorption_ratio
ok,lower,3,600,mr_pts_t600,12,3.0,vol1m_top30,realized_vol_1m,0.3,1026,666,206,154,458,166,110,0.6876876876876877,0.8058252427184466,0.7142857142857143,0.7634036144578313,0.9316753669774301,0.42687345315433417,0.13624728809581246,0.6803719008264463,0.8129295783091236,0.5462619589925002,0.17944141064942615,278.0,return_last_5m,cvd_acceleration,average_true_range,spread_volatility,impact_decay_3s,realized_volatility_30s,impact_decay_5s,trade_rate_pre_per_s,vwap_drift,distance_from_prior_day_high,return_last_5m,average_true_range,impact_decay_3s,depth_mid_bid,cvd_acceleration,vwap_drift,distance_from_overnight_low,queue_imbalance_std_5s,distance_from_prior_day_high,ask_queue_change_rate
ok,lower,3,600,mr_pts_t600,12,3.0,vol5m_top30,realized_vol_5m,0.3,1026,666,206,154,468,156,112,0.7027027027027027,0.7572815533980582,0.7272727272727273,0.6923076923076923,0.8634529684496374,0.5158764019847738,0.1686330831038724,0.6626275510204082,0.8280632049055083,0.5567795113076458,0.1856704689508588,61.0,spread_mid_ratio,distance_from_prior_day_high,depth_mid_ask,return_last_5m,distance_from_overnight_high,cvd_acceleration,distance_from_session_vwap_anchor,distance_from_range_extreme_norm,spread_volatility,queue_imbalance_slope_5s,distance_from_prior_day_high,depth_mid_ask,spread_mid_ratio,distance_from_overnight_high,cvd_acceleration,return_last_5m,distance_from_session_vwap_anchor,spread_volatility,distance_from_range_extreme_norm,bid_depth_curvature
ok,lower,3,600,mr_pts_t600,16,4.0,none,,,3419,2222,684,513,1004,282,275,0.45184518451845185,0.41228070175438597,0.5360623781676414,0.7399527186761229,0.6686552423055434,0.5905406785838964,0.20183758529569107,0.6635141329258976,0.6956283753559149,0.6665081766538375,0.23557073562385397,105.0,average_true_range,realized_volatility_30s,depth_near_ask,realized_vol_1m,distance_from_overnight_high,bid_liquidity_shock,z_anchor_vwap,spread_mid_ratio,opening_range_position,realized_vol_5m,average_true_range,realized_volatility_30s,realized_vol_1m,depth_near_ask,distance_from_overnight_high,z_anchor_vwap,realized_vol_5m,return_last_5m,distance_from_overnight_low,since_touch_any_seconds
ok,lower,3,600,mr_pts_t600,16,4.0,vol30_top30,realized_volatility_30s,0.3,1026,666,206,154,394,149,111,0.5915915915915916,0.7233009708737864,0.7207792207792207,0.7409631461203343,0.886845630421461,0.5113262617597795,0.1704087108513353,0.7041692855646344,0.8549857929931644,0.5785277546248268,0.197046087617305,334.0,distance_from_overnight_high,average_true_range,absorption_ratio,opening_range_width,cvd_acceleration,distance_from_overnight_low,realized_volatility_30s,spread_expansion_ratio,depth_mid_bid,opening_range_position,distance_from_overnight_high,average_true_range,distance_from_overnight_low,depth_mid_bid,return_last_5m,absorption_ratio,cvd_acceleration,opening_range_width,realized_volatility_30s,obv_session
ok,lower,3,600,mr_pts_t600,16,4.0,vol1m_top30,realized_vol_1m,0.3,1026,666,206,154,397,154,103,0.5960960960960962,0.7475728155339806,0.6688311688311688,0.6534715284715283,0.8560134280497922,0.5435631545382348,0.18121779719113837,0.6887492861222159,0.7992981264069419,0.5892794842341251,0.20080092151561577,101.0,return_last_5m,depth_near_ask,cvd_acceleration,distance_from_overnight_low,distance_from_session_vwap_anchor,realized_volatility_30s,opening_range_width,distance_from_overnight_high,wall_strength_opposite_5_5s_avg,wall_strength_opposite_5,return_last_5m,depth_near_ask,cvd_acceleration,distance_from_overnight_low,distance_from_session_vwap_anchor,wall_strength_opposite_5_5s_avg,realized_volatility_30s,distance_from_overnight_high,opening_range_width,wall_strength_opposite_5
ok,lower,3,600,mr_pts_t600,16,4.0,vol5m_top30,realized_vol_5m,0.3,1026,666,206,154,408,140,102,0.6126126126126126,0.6796116504854369,0.6623376623376623,0.624025974025974,0.7754637241716388,0.6033049714406563,0.20742899567171497,0.6440422322775264,0.7648496479908975,0.6171924340696525,0.2133767624774076,65.0,spread_mid_ratio,cvd_acceleration,return_last_5m,depth_mid_ask,distance_from_overnight_high,depth_far_ask,distance_from_session_vwap_anchor,vwap_drift,wall_strength_opposite_5_2s_avg,depth_near_ask,depth_mid_ask,return_last_5m,cvd_acceleration,spread_mid_ratio,wall_strength_opposite_5_2s_avg,depth_far_ask,distance_from_session_vwap_anchor,depth_near_ask,distance_from_overnight_high,sigma0
ok,lower,3,600,mr_pts_t600,24,6.0,none,,,3419,2222,684,513,625,161,198,0.2812781278127813,0.23538011695906433,0.38596491228070173,0.7849482797525028,0.5596096737164409,0.44700934682521315,0.14356905314512863,0.7347122013788681,0.6140718779308041,0.6207935809799424,0.21510131240364386,215.0,average_true_range,distance_from_overnight_high,realized_volatility_30s,depth_mid_bid,realized_vol_5m,realized_vol_1m,add_rate_ask,overnight_high,opening_range_position,trade_sign_autocorr_30s,average_true_range,realized_volatility_30s,distance_from_overnight_high,realized_vol_5m,realized_vol_1m,add_rate_ask,depth_mid_bid,depth_near_ask,distance_from_overnight_low,opening_range_position
ok,lower,3,600,mr_pts_t600,24,6.0,vol30_top30,realized_volatility_30s,0.3,1026,666,206,154,294,111,87,0.44144144144144143,0.5388349514563107,0.564935064935065,0.7417733522996681,0.7434138082178883,0.590492279762803,0.20318348669426609,0.7394064161948877,0.7728531860027084,0.6266876672064531,0.22095433822715543,310.0,distance_from_overnight_high,opening_range_width,average_true_range,distance_from_prior_day_low,return_last_5m,wall_persistence_2s,realized_volatility_30s,vwap_drift,depth_near_ask,distance_from_prior_day_high,distance_from_overnight_high,opening_range_width,average_true_range,return_last_5m,depth_near_ask,realized_volatility_30s,wall_persistence_2s,distance_from_range_extreme_norm,OBI_l3,depth_mid_bid
ok,lower,3,600,mr_pts_t600,24,6.0,vol1m_top30,realized_vol_1m,0.3,1026,666,206,154,292,113,85,0.43843843843843844,0.5485436893203883,0.551948051948052,0.6968312874678847,0.7374661067411216,0.6263182208742215,0.21880629012225034,0.7324808184143223,0.7624900971110853,0.6109700108785902,0.21249973352931598,111.0,distance_from_overnight_high,return_last_5m,depth_near_ask,average_true_range,distance_from_prior_day_high,realized_volatility_30s,opening_range_width,depth_mid_ask,vwap_drift,z_anchor_vwap,distance_from_overnight_high,depth_near_ask,return_last_5m,average_true_range,distance_from_prior_day_high,realized_volatility_30s,depth_mid_ask,z_anchor_vwap,opening_range_width,vwap_drift
ok,lower,3,600,mr_pts_t600,24,6.0,vol5m_top30,realized_vol_5m,0.3,1026,666,206,154,303,104,82,0.45495495495495497,0.5048543689320388,0.5324675324675324,0.6891025641025641,0.699939046264844,0.6568646658313996,0.23218858901141445,0.7107046070460705,0.7449765130064259,0.6640426812255859,0.23562507346769382,28.0,spread_mid_ratio,depth_mid_ask,cancel_rate_ask,distance_from_overnight_high,return_last_5m,average_true_range,depth_near_ask,distance_from_prior_day_high,sigma0,distance_from_range_extreme_norm,depth_mid_ask,return_last_5m,cancel_rate_ask,average_true_range,distance_from_overnight_high,depth_near_ask,distance_from_prior_day_high,spread_mid_ratio,sigma0,distance_from_range_extreme_norm
ok,lower,3,600,mr_pts_t600,32,8.0,none,,,3419,2222,684,513,418,98,144,0.18811881188118812,0.14327485380116958,0.2807017543859649,0.7972069373824615,0.41390326996860227,0.3361222046658592,0.10267939672369754,0.7520889792231256,0.5385560591882965,0.545170163567719,0.18156316241716366,186.0,distance_from_overnight_high,average_true_range,realized_volatility_30s,depth_mid_bid,cancel_rate_ask,realized_vol_1m,trade_sign_autocorr_60s,flow_impact,realized_vol_5m,opening_range_width,realized_volatility_30s,distance_from_overnight_high,realized_vol_1m,average_true_range,realized_vol_5m,depth_mid_bid,depth_near_ask,cancel_rate_ask,distance_from_overnight_low,bid_depth_curvature
ok,lower,3,600,mr_pts_t600,32,8.0,vol30_top30,realized_volatility_30s,0.3,1026,666,206,154,218,94,74,0.32732732732732733,0.4563106796116505,0.4805194805194805,0.7476728723404256,0.7038629821314099,0.6986629054408445,0.25278812614555124,0.6499155405405406,0.6343495812486167,0.7225728887922073,0.26411042925590544,8.0,depth_near_ask,distance_from_overnight_high,distance_from_overnight_low,distance_from_range_extreme_norm,depth_far_ask,update_rate_bid,distance_from_ema_21,cancel_rate_ask,queue_imbalance_slope_5s,midrange,depth_near_ask,distance_from_overnight_high,depth_far_ask,distance_from_overnight_low,distance_from_range_extreme_norm,update_rate_bid,abs_vwap_slope_pts_per_s,midrange,cancel_rate_ask,distance_from_ema_21
ok,lower,3,600,mr_pts_t600,32,8.0,vol1m_top30,realized_vol_1m,0.3,1026,666,206,154,217,95,74,0.3258258258258258,0.46116504854368934,0.4805194805194805,0.7151256519677572,0.6754802723495349,0.6241519144544746,0.21729745580706847,0.7076013513513514,0.670833015332408,0.6576232670721928,0.2339146241575114,85.0,distance_from_overnight_high,depth_near_ask,bid_depth_curvature,distance_from_prior_day_high,distance_from_overnight_low,opening_range_width,time_of_day_sin,depth_mid_bid,depth_far_bid,cancel_rate_ask,distance_from_overnight_high,depth_near_ask,distance_from_prior_day_high,distance_from_overnight_low,bid_depth_curvature,depth_far_bid,opening_range_width,time_of_day_sin,depth_mid_bid,realized_volatility_30s
ok,lower,3,600,mr_pts_t600,32,8.0,vol5m_top30,realized_vol_5m,0.3,1026,666,206,154,220,85,70,0.3303303303303303,0.41262135922330095,0.45454545454545453,0.732328633932912,0.6971888838186546,0.60493978284916,0.2086243695283994,0.7431972789115646,0.6640767214919543,0.6443904250610619,0.22828683991800963,78.0,distance_from_prior_day_high,cancel_rate_ask,bid_depth_curvature,distance_from_overnight_high,realized_vol_5m,z_anchor_vwap,realized_volatility_30s,distance_from_range_extreme_norm,CVD,spread_mid_ratio,distance_from_prior_day_high,realized_vol_5m,cancel_rate_ask,distance_from_overnight_high,bid_depth_curvature,distance_from_range_extreme_norm,realized_volatility_30s,z_anchor_vwap,depth_far_bid,CVD
ok,lower,3,600,mr_pts_t600,40,10.0,none,,,3419,2222,684,513,300,50,103,0.135013501350135,0.07309941520467836,0.20077972709551656,0.8017034700315457,0.31124964438921976,0.21833715393063075,0.06030035497844093,0.7639355908122187,0.455895573414128,0.45428382148555946,0.14189559630295998,184.0,average_true_range,distance_from_overnight_high,bid_depth_curvature,opening_range_width,trade_sign_autocorr_60s,depth_mid_bid,realized_volatility_30s,vwap_drift,add_rate_ask,realized_vol_5m,average_true_range,realized_vol_5m,realized_volatility_30s,distance_from_overnight_high,realized_vol_1m,bid_depth_curvature,opening_range_width,depth_far_ask,distance_from_prior_day_high,vwap_drift
ok,lower,3,600,mr_pts_t600,40,10.0,vol30_top30,realized_volatility_30s,0.3,1026,666,206,154,162,74,57,0.24324324324324326,0.3592233009708738,0.37012987012987014,0.815929565929566,0.6621574025172844,0.6422267375906817,0.22642808343095358,0.7407306927111593,0.6214053205730257,0.6714042938858632,0.23879752884745495,8.0,distance_from_overnight_high,opening_range_width,depth_near_ask,average_true_range,bid_depth_curvature,realized_vol_5m,OFI_5s,depth_far_ask,spread_volatility,dist_day_high,distance_from_overnight_high,opening_range_width,depth_near_ask,realized_vol_5m,bid_depth_curvature,average_true_range,distance_from_session_midrange,dist_day_high,spread_volatility,session_high_running_t0
ok,lower,3,600,mr_pts_t600,40,10.0,vol1m_top30,realized_vol_1m,0.3,1026,666,206,154,156,77,58,0.23423423423423423,0.3737864077669903,0.37662337662337664,0.7914023960535589,0.7103806821319748,0.5579315325803785,0.18715844858901345,0.7526939655172414,0.614464854649632,0.5929012837403426,0.20635354204133785,94.0,bid_depth_curvature,distance_from_overnight_high,opening_range_width,depth_near_ask,spread_volatility,distance_from_prior_day_high,OFI_5s,depth_far_ask,return_last_30s,realized_vol_5m,distance_from_overnight_high,bid_depth_curvature,opening_range_width,depth_near_ask,realized_vol_5m,distance_from_prior_day_high,average_true_range,realized_volatility_30s,depth_far_ask,spread_volatility
ok,lower,3,600,mr_pts_t600,40,10.0,vol5m_top30,realized_vol_5m,0.3,1026,666,206,154,163,66,51,0.24474474474474475,0.32038834951456313,0.33116883116883117,0.7273809523809525,0.6289562248072562,0.5518440905687938,0.1809766913804677,0.764325147534742,0.5725628092489602,0.5417220619753992,0.18460610695188626,145.0,bid_depth_curvature,spread_volatility,realized_volatility_30s,distance_from_overnight_high,OFI_5s,distance_from_range_extreme_norm,CVD,sigma0,average_true_range,distance_from_prior_day_high,bid_depth_curvature,realized_vol_5m,spread_volatility,average_true_range,distance_from_range_extreme_norm,distance_from_overnight_high,realized_volatility_30s,distance_from_prior_day_high,sigma0,OFI_5s
