combo_type,combo_size,combo_name,logic,rule_names,train_n_events,train_hit_rate,train_avg_mr_pts,val_n_events,val_hit_rate,val_avg_mr_pts,test_n_events,test_hit_rate,test_avg_mr_pts,hit_rate_degradation_test_minus_train,avg_mr_pts_degradation_test_minus_train,min_split_events,mean_split_events,score_balanced,score_conservative,score_trade_focus
intersection_all,3,B2_realized_vol_1m__depth_mid_ask | C2_cancel_rate_ask__bid_depth_curvature | D1_depth_mid_ask__queue_imbalance_std_5s,ALL_3,B2_realized_vol_1m__depth_mid_ask | C2_cancel_rate_ask__bid_depth_curvature | D1_depth_mid_ask__queue_imbalance_std_5s,105,0.9428571428571428,14.41904761904762,12,0.75,5.583333333333333,13,1.0,13.288461538461538,0.05714285714285716,-1.130586080586081,12,43.333333333333336,0.7722600732600733,0.7951703296703297,0.7897319902319903
intersection_all,3,B2_realized_vol_1m__depth_mid_ask | C2_cancel_rate_ask__bid_depth_curvature | D2_depth_near_ask__queue_imbalance_std_5s,ALL_3,B2_realized_vol_1m__depth_mid_ask | C2_cancel_rate_ask__bid_depth_curvature | D2_depth_near_ask__queue_imbalance_std_5s,101,0.9405940594059405,14.405940594059405,12,0.75,5.583333333333333,9,1.0,12.88888888888889,0.05940594059405946,-1.5170517051705161,9,40.666666666666664,0.7633742207554088,0.7864482948294829,0.7771640997433076
intersection_all,2,A2_depth_near_ask__cancel_rate_ask | C2_cancel_rate_ask__bid_depth_curvature,ALL_2,A2_depth_near_ask__cancel_rate_ask | C2_cancel_rate_ask__bid_depth_curvature,148,0.9527027027027027,14.054054054054054,23,0.782608695652174,4.489130434782608,47,0.9787234042553191,11.957446808510639,0.026020701552616377,-2.0966072455434155,23,72.66666666666667,0.7606142419014759,0.7994834987624072,0.7694856155878357
intersection_all,3,B1_realized_volatility_30s__depth_mid_ask | C2_cancel_rate_ask__bid_depth_curvature | D1_depth_mid_ask__queue_imbalance_std_5s,ALL_3,B1_realized_volatility_30s__depth_mid_ask | C2_cancel_rate_ask__bid_depth_curvature | D1_depth_mid_ask__queue_imbalance_std_5s,108,0.9444444444444444,15.050925925925926,12,0.8333333333333334,5.958333333333333,14,1.0,12.464285714285714,0.05555555555555558,-2.586640211640212,12,44.666666666666664,0.7591825396825397,0.8037539682539683,0.7723747795414462
intersection_all,3,A1_depth_mid_ask__cancel_rate_ask | A2_depth_near_ask__cancel_rate_ask | C2_cancel_rate_ask__bid_depth_curvature,ALL_3,A1_depth_mid_ask__cancel_rate_ask | A2_depth_near_ask__cancel_rate_ask | C2_cancel_rate_ask__bid_depth_curvature,137,0.948905109489051,14.437956204379562,20,0.8,4.6,42,0.9761904761904762,11.946428571428571,0.027285366701425118,-2.491527632950991,20,66.33333333333333,0.7566643204727146,0.7972119395203338,0.7649850538755649
intersection_all,3,A2_depth_near_ask__cancel_rate_ask | C1_cancel_rate_ask__cancel_ratio | C2_cancel_rate_ask__bid_depth_curvature,ALL_3,A2_depth_near_ask__cancel_rate_ask | C1_cancel_rate_ask__cancel_ratio | C2_cancel_rate_ask__bid_depth_curvature,118,0.9661016949152542,15.197033898305085,17,0.7647058823529411,4.632352941176471,42,0.9761904761904762,11.744047619047619,0.010088781275221947,-3.452986279257466,17,59.0,0.7550109631423191,0.7853489650097327,0.75099829875453
intersection_all,2,C2_cancel_rate_ask__bid_depth_curvature | D1_depth_mid_ask__queue_imbalance_std_5s,ALL_2,C2_cancel_rate_ask__bid_depth_curvature | D1_depth_mid_ask__queue_imbalance_std_5s,113,0.9469026548672567,14.794247787610619,17,0.8235294117647058,6.367647058823529,19,1.0,11.960526315789474,0.053097345132743334,-2.8337214718211445,17,49.666666666666664,0.7535323707498836,0.8045014109975616,0.7621719910134523
intersection_all,3,A1_depth_mid_ask__cancel_rate_ask | C2_cancel_rate_ask__bid_depth_curvature | D1_depth_mid_ask__queue_imbalance_std_5s,ALL_3,A1_depth_mid_ask__cancel_rate_ask | C2_cancel_rate_ask__bid_depth_curvature | D1_depth_mid_ask__queue_imbalance_std_5s,113,0.9469026548672567,14.794247787610619,17,0.8235294117647058,6.367647058823529,19,1.0,11.960526315789474,0.053097345132743334,-2.8337214718211445,17,49.666666666666664,0.7535323707498836,0.8045014109975616,0.7621719910134523
vote_ge_2,3,A2_depth_near_ask__cancel_rate_ask | C2_cancel_rate_ask__bid_depth_curvature | D1_depth_mid_ask__queue_imbalance_std_5s,AT_LEAST_2_OF_3,A2_depth_near_ask__cancel_rate_ask | C2_cancel_rate_ask__bid_depth_curvature | D1_depth_mid_ask__queue_imbalance_std_5s,190,0.9631578947368421,13.460526315789474,32,0.84375,6.171875,57,0.9649122807017544,11.412280701754385,0.0017543859649122862,-2.048245614035089,32,93.0,0.7527397660818714,0.8166622807017545,0.7651849415204678
intersection_all,3,A1_depth_mid_ask__cancel_rate_ask | B2_realized_vol_1m__depth_mid_ask | D1_depth_mid_ask__queue_imbalance_std_5s,ALL_3,A1_depth_mid_ask__cancel_rate_ask | B2_realized_vol_1m__depth_mid_ask | D1_depth_mid_ask__queue_imbalance_std_5s,140,0.9571428571428572,13.576785714285714,17,0.8235294117647058,7.088235294117647,17,1.0,11.823529411764707,0.042857142857142816,-1.7532563025210077,17,58.0,0.7512731092436975,0.804155462184874,0.7656351540616246
single,1,C2_cancel_rate_ask__bid_depth_curvature,single,C2_cancel_rate_ask__bid_depth_curvature,170,0.9588235294117647,13.325,43,0.8604651162790697,6.151162790697675,68,0.9705882352941176,10.875,0.0117647058823529,-2.4499999999999993,43,93.66666666666667,0.7508382352941178,0.8324018467852258,0.7609190606475148
intersection_all,2,A1_depth_mid_ask__cancel_rate_ask | C2_cancel_rate_ask__bid_depth_curvature,ALL_2,A1_depth_mid_ask__cancel_rate_ask | C2_cancel_rate_ask__bid_depth_curvature,148,0.9527027027027027,14.138513513513514,26,0.8461538461538461,6.538461538461538,52,0.9615384615384616,11.45673076923077,0.008835758835758822,-2.681782744282744,26,75.33333333333333,0.7487542446292448,0.8065298856548857,0.75840990990991
intersection_all,3,B2_realized_vol_1m__depth_mid_ask | C1_cancel_rate_ask__cancel_ratio | D1_depth_mid_ask__queue_imbalance_std_5s,ALL_3,B2_realized_vol_1m__depth_mid_ask | C1_cancel_rate_ask__cancel_ratio | D1_depth_mid_ask__queue_imbalance_std_5s,111,0.963963963963964,14.551801801801801,12,0.8333333333333334,6.770833333333333,15,1.0,11.666666666666666,0.036036036036036,-2.885135135135135,12,46.0,0.7483408408408408,0.7977297297297298,0.7549324324324324
intersection_all,3,A2_depth_near_ask__cancel_rate_ask | B2_realized_vol_1m__depth_mid_ask | C2_cancel_rate_ask__bid_depth_curvature,ALL_3,A2_depth_near_ask__cancel_rate_ask | B2_realized_vol_1m__depth_mid_ask | C2_cancel_rate_ask__bid_depth_curvature,122,0.9426229508196722,14.395491803278688,14,0.7857142857142857,5.214285714285714,24,1.0,11.416666666666666,0.05737704918032782,-2.9788251366120218,14,53.333333333333336,0.746540072859745,0.7865718188914911,0.7490459276606818
vote_ge_2,3,A2_depth_near_ask__cancel_rate_ask | B2_realized_vol_1m__depth_mid_ask | C2_cancel_rate_ask__bid_depth_curvature,AT_LEAST_2_OF_3,A2_depth_near_ask__cancel_rate_ask | B2_realized_vol_1m__depth_mid_ask | C2_cancel_rate_ask__bid_depth_curvature,207,0.961352657004831,12.907004830917874,33,0.8484848484848485,6.143939393939394,63,0.9682539682539683,10.765873015873016,0.0069013112491372874,-2.141131815044858,33,101.0,0.7459553715205889,0.8134671560323735,0.7562806219545349
vote_ge_2,3,A2_depth_near_ask__cancel_rate_ask | C2_cancel_rate_ask__bid_depth_curvature | D2_depth_near_ask__queue_imbalance_std_5s,AT_LEAST_2_OF_3,A2_depth_near_ask__cancel_rate_ask | C2_cancel_rate_ask__bid_depth_curvature | D2_depth_near_ask__queue_imbalance_std_5s,194,0.9639175257731959,13.31701030927835,32,0.84375,5.4921875,55,0.9636363636363636,11.086363636363636,-0.0002811621368322692,-2.2306466729147143,32,93.66666666666667,0.7458809746954076,0.8130400656044987,0.7560040221805685
intersection_all,3,B1_realized_volatility_30s__depth_mid_ask | C2_cancel_rate_ask__bid_depth_curvature | D2_depth_near_ask__queue_imbalance_std_5s,ALL_3,B1_realized_volatility_30s__depth_mid_ask | C2_cancel_rate_ask__bid_depth_curvature | D2_depth_near_ask__queue_imbalance_std_5s,104,0.9423076923076923,15.0625,12,0.8333333333333334,5.958333333333333,10,1.0,11.775,0.05769230769230771,-3.2874999999999996,10,42.0,0.7454807692307692,0.7936474358974359,0.7519166666666666
intersection_all,2,C2_cancel_rate_ask__bid_depth_curvature | D2_depth_near_ask__queue_imbalance_std_5s,ALL_2,C2_cancel_rate_ask__bid_depth_curvature | D2_depth_near_ask__queue_imbalance_std_5s,117,0.9487179487179487,14.433760683760683,17,0.8235294117647058,5.102941176470588,18,1.0,11.416666666666666,0.05128205128205132,-3.017094017094017,17,50.666666666666664,0.7441495726495726,0.7992443438914026,0.7495723143958438
intersection_all,3,A2_depth_near_ask__cancel_rate_ask | C2_cancel_rate_ask__bid_depth_curvature | D2_depth_near_ask__queue_imbalance_std_5s,ALL_3,A2_depth_near_ask__cancel_rate_ask | C2_cancel_rate_ask__bid_depth_curvature | D2_depth_near_ask__queue_imbalance_std_5s,117,0.9487179487179487,14.433760683760683,17,0.8235294117647058,5.102941176470588,18,1.0,11.416666666666666,0.05128205128205132,-3.017094017094017,17,50.666666666666664,0.7441495726495726,0.7992443438914026,0.7495723143958438
intersection_all,3,B2_realized_vol_1m__depth_mid_ask | C1_cancel_rate_ask__cancel_ratio | D2_depth_near_ask__queue_imbalance_std_5s,ALL_3,B2_realized_vol_1m__depth_mid_ask | C1_cancel_rate_ask__cancel_ratio | D2_depth_near_ask__queue_imbalance_std_5s,107,0.9626168224299065,14.348130841121495,12,0.8333333333333334,6.770833333333333,12,1.0,11.5,0.03738317757009346,-2.8481308411214954,12,43.666666666666664,0.7439283489096574,0.7959283489096574,0.7503457943925234
intersection_all,2,B2_realized_vol_1m__depth_mid_ask | C2_cancel_rate_ask__bid_depth_curvature,ALL_2,B2_realized_vol_1m__depth_mid_ask | C2_cancel_rate_ask__bid_depth_curvature,129,0.9457364341085271,14.313953488372093,17,0.8235294117647058,6.5,31,1.0,10.943548387096774,0.054263565891472854,-3.3704051012753187,17,59.0,0.7424661165291323,0.7942150096347615,0.7442545415765706
intersection_all,3,A1_depth_mid_ask__cancel_rate_ask | B2_realized_vol_1m__depth_mid_ask | C2_cancel_rate_ask__bid_depth_curvature,ALL_3,A1_depth_mid_ask__cancel_rate_ask | B2_realized_vol_1m__depth_mid_ask | C2_cancel_rate_ask__bid_depth_curvature,129,0.9457364341085271,14.313953488372093,17,0.8235294117647058,6.5,31,1.0,10.943548387096774,0.054263565891472854,-3.3704051012753187,17,59.0,0.7424661165291323,0.7942150096347615,0.7442545415765706
intersection_all,3,A1_depth_mid_ask__cancel_rate_ask | C2_cancel_rate_ask__bid_depth_curvature | D2_depth_near_ask__queue_imbalance_std_5s,ALL_3,A1_depth_mid_ask__cancel_rate_ask | C2_cancel_rate_ask__bid_depth_curvature | D2_depth_near_ask__queue_imbalance_std_5s,109,0.944954128440367,14.795871559633028,16,0.8125,5.203125,15,1.0,11.366666666666667,0.05504587155963303,-3.4292048929663608,15,46.666666666666664,0.7414398572884812,0.7931620795107034,0.7432219673802242
intersection_all,3,A2_depth_near_ask__cancel_rate_ask | C2_cancel_rate_ask__bid_depth_curvature | D1_depth_mid_ask__queue_imbalance_std_5s,ALL_3,A2_depth_near_ask__cancel_rate_ask | C2_cancel_rate_ask__bid_depth_curvature | D1_depth_mid_ask__queue_imbalance_std_5s,109,0.944954128440367,14.795871559633028,16,0.8125,5.203125,15,1.0,11.366666666666667,0.05504587155963303,-3.4292048929663608,15,46.666666666666664,0.7414398572884812,0.7931620795107034,0.7432219673802242
intersection_all,3,C2_cancel_rate_ask__bid_depth_curvature | D1_depth_mid_ask__queue_imbalance_std_5s | D2_depth_near_ask__queue_imbalance_std_5s,ALL_3,C2_cancel_rate_ask__bid_depth_curvature | D1_depth_mid_ask__queue_imbalance_std_5s | D2_depth_near_ask__queue_imbalance_std_5s,109,0.944954128440367,14.795871559633028,16,0.8125,5.203125,15,1.0,11.366666666666667,0.05504587155963303,-3.4292048929663608,15,46.666666666666664,0.7414398572884812,0.7931620795107034,0.7432219673802242
union_any,2,C1_cancel_rate_ask__cancel_ratio | C2_cancel_rate_ask__bid_depth_curvature,ANY_2,C1_cancel_rate_ask__cancel_ratio | C2_cancel_rate_ask__bid_depth_curvature,243,0.9670781893004116,12.186213991769547,67,0.9104477611940298,6.332089552238806,108,0.9629629629629629,9.270833333333334,-0.004115226337448652,-2.915380658436213,67,139.33333333333334,0.7414356995884774,0.8600715481235797,0.7480626087668654
intersection_all,3,B1_realized_volatility_30s__depth_mid_ask | B2_realized_vol_1m__depth_mid_ask | C2_cancel_rate_ask__bid_depth_curvature,ALL_3,B1_realized_volatility_30s__depth_mid_ask | B2_realized_vol_1m__depth_mid_ask | C2_cancel_rate_ask__bid_depth_curvature,126,0.9444444444444444,14.16468253968254,14,0.8571428571428571,7.410714285714286,28,1.0,10.955357142857142,0.05555555555555558,-3.209325396825397,14,56.0,0.7410337301587302,0.7964265873015872,0.7474259259259259
union_any,4,B1_realized_volatility_30s__depth_mid_ask | C1_cancel_rate_ask__cancel_ratio | C2_cancel_rate_ask__bid_depth_curvature | D2_depth_near_ask__queue_imbalance_std_5s,ANY_4,B1_realized_volatility_30s__depth_mid_ask | C1_cancel_rate_ask__cancel_ratio | C2_cancel_rate_ask__bid_depth_curvature | D2_depth_near_ask__queue_imbalance_std_5s,348,0.9655172413793104,10.98132183908046,98,0.9183673469387755,6.696428571428571,128,0.953125,8.896484375,-0.012392241379310387,-2.0848374640804597,98,191.33333333333334,0.7399417654454024,0.8996490889998242,0.7534612557666744
union_any,4,B2_realized_vol_1m__depth_mid_ask | C1_cancel_rate_ask__cancel_ratio | C2_cancel_rate_ask__bid_depth_curvature | D2_depth_near_ask__queue_imbalance_std_5s,ANY_4,B2_realized_vol_1m__depth_mid_ask | C1_cancel_rate_ask__cancel_ratio | C2_cancel_rate_ask__bid_depth_curvature | D2_depth_near_ask__queue_imbalance_std_5s,351,0.9629629629629629,10.956552706552706,97,0.9072164948453608,6.757731958762887,129,0.9534883720930233,8.837209302325581,-0.009474590869939625,-2.1193434042271253,97,192.33333333333334,0.7399091300602929,0.8957632817425433,0.751557809735425
intersection_all,2,C1_cancel_rate_ask__cancel_ratio | C2_cancel_rate_ask__bid_depth_curvature,ALL_2,C1_cancel_rate_ask__cancel_ratio | C2_cancel_rate_ask__bid_depth_curvature,129,0.9689922480620154,14.767441860465116,26,0.8461538461538461,6.519230769230769,54,0.9629629629629629,10.810185185185185,-0.006029285099052539,-3.9572566752799307,26,69.66666666666667,0.7399001579098479,0.8009148777579009,0.7384744141875925
union_any,4,B1_realized_volatility_30s__depth_mid_ask | C1_cancel_rate_ask__cancel_ratio | C2_cancel_rate_ask__bid_depth_curvature | D1_depth_mid_ask__queue_imbalance_std_5s,ANY_4,B1_realized_volatility_30s__depth_mid_ask | C1_cancel_rate_ask__cancel_ratio | C2_cancel_rate_ask__bid_depth_curvature | D1_depth_mid_ask__queue_imbalance_std_5s,340,0.9647058823529412,11.083088235294118,101,0.9207920792079208,6.517326732673268,128,0.953125,8.865234375,-0.01158088235294119,-2.2178538602941185,101,189.66666666666666,0.739502068014706,0.9029026713562901,0.7521919530188312
union_any,4,B2_realized_vol_1m__depth_mid_ask | C1_cancel_rate_ask__cancel_ratio | C2_cancel_rate_ask__bid_depth_curvature | D1_depth_mid_ask__queue_imbalance_std_5s,ANY_4,B2_realized_vol_1m__depth_mid_ask | C1_cancel_rate_ask__cancel_ratio | C2_cancel_rate_ask__bid_depth_curvature | D1_depth_mid_ask__queue_imbalance_std_5s,342,0.9619883040935673,11.060672514619883,101,0.9108910891089109,6.554455445544554,129,0.9534883720930233,8.806201550387597,-0.008499932000543997,-2.2544709642322864,101,190.66666666666666,0.7394898000815994,0.900785588962813,0.750404263722986
union_any,3,A1_depth_mid_ask__cancel_rate_ask | C1_cancel_rate_ask__cancel_ratio | C2_cancel_rate_ask__bid_depth_curvature,ANY_3,A1_depth_mid_ask__cancel_rate_ask | C1_cancel_rate_ask__cancel_ratio | C2_cancel_rate_ask__bid_depth_curvature,285,0.9614035087719298,11.712280701754386,74,0.918918918918919,6.486486486486487,116,0.9568965517241379,9.0625,-0.004506957047791915,-2.649780701754386,74,158.33333333333334,0.7391944192377494,0.8677167087686597,0.7483904803169775
vote_ge_2,3,A2_depth_near_ask__cancel_rate_ask | B1_realized_volatility_30s__depth_mid_ask | C2_cancel_rate_ask__bid_depth_curvature,AT_LEAST_2_OF_3,A2_depth_near_ask__cancel_rate_ask | B1_realized_volatility_30s__depth_mid_ask | C2_cancel_rate_ask__bid_depth_curvature,206,0.9611650485436893,13.04126213592233,35,0.8571428571428571,6.085714285714285,62,0.9516129032258065,10.850806451612904,-0.009552145317882843,-2.190455684309427,35,101.0,0.7391173661133731,0.8121265827032348,0.7521918929801799
union_any,4,A1_depth_mid_ask__cancel_rate_ask | A2_depth_near_ask__cancel_rate_ask | C1_cancel_rate_ask__cancel_ratio | C2_cancel_rate_ask__bid_depth_curvature,ANY_4,A1_depth_mid_ask__cancel_rate_ask | A2_depth_near_ask__cancel_rate_ask | C1_cancel_rate_ask__cancel_ratio | C2_cancel_rate_ask__bid_depth_curvature,294,0.9625850340136054,11.562925170068027,74,0.918918918918919,6.486486486486487,116,0.9568965517241379,9.0625,-0.0056884822894675,-2.500425170068027,74,161.33333333333334,0.7390762667135818,0.8675985562444921,0.7493861838615532
union_any,4,C1_cancel_rate_ask__cancel_ratio | C2_cancel_rate_ask__bid_depth_curvature | D1_depth_mid_ask__queue_imbalance_std_5s | D2_depth_near_ask__queue_imbalance_std_5s,ANY_4,C1_cancel_rate_ask__cancel_ratio | C2_cancel_rate_ask__bid_depth_curvature | D1_depth_mid_ask__queue_imbalance_std_5s | D2_depth_near_ask__queue_imbalance_std_5s,316,0.9683544303797469,11.237341772151899,99,0.9191919191919192,6.343434343434343,126,0.9523809523809523,8.942460317460318,-0.01597347799879456,-2.2948814546915806,99,180.33333333333334,0.7390150860625545,0.9011180201654886,0.7518025219037877
union_any,3,C1_cancel_rate_ask__cancel_ratio | C2_cancel_rate_ask__bid_depth_curvature | D2_depth_near_ask__queue_imbalance_std_5s,ANY_3,C1_cancel_rate_ask__cancel_ratio | C2_cancel_rate_ask__bid_depth_curvature | D2_depth_near_ask__queue_imbalance_std_5s,304,0.9671052631578947,11.36266447368421,88,0.9090909090909091,6.497159090909091,125,0.952,8.972,-0.015105263157894733,-2.390664473684211,88,172.33333333333334,0.7389228070175439,0.8828276555023925,0.7501113277511962
union_any,3,C1_cancel_rate_ask__cancel_ratio | C2_cancel_rate_ask__bid_depth_curvature | D1_depth_mid_ask__queue_imbalance_std_5s,ANY_3,C1_cancel_rate_ask__cancel_ratio | C2_cancel_rate_ask__bid_depth_curvature | D1_depth_mid_ask__queue_imbalance_std_5s,301,0.9667774086378738,11.455149501661129,95,0.9157894736842105,6.35,125,0.952,8.94,-0.014777408637873801,-2.5151495016611296,95,173.66666666666666,0.7384222591362126,0.8943801538730547,0.7493112840240135
union_any,3,A2_depth_near_ask__cancel_rate_ask | C1_cancel_rate_ask__cancel_ratio | C2_cancel_rate_ask__bid_depth_curvature,ANY_3,A2_depth_near_ask__cancel_rate_ask | C1_cancel_rate_ask__cancel_ratio | C2_cancel_rate_ask__bid_depth_curvature,285,0.9649122807017544,11.657017543859649,71,0.9154929577464789,6.447183098591549,115,0.9565217391304348,9.069565217391304,-0.008390541571319576,-2.5874523264683447,71,157.0,0.7382551487414188,0.8620638852182508,0.7479735266416705
vote_ge_2,3,A1_depth_mid_ask__cancel_rate_ask | C2_cancel_rate_ask__bid_depth_curvature | D2_depth_near_ask__queue_imbalance_std_5s,AT_LEAST_2_OF_3,A1_depth_mid_ask__cancel_rate_ask | C2_cancel_rate_ask__bid_depth_curvature | D2_depth_near_ask__queue_imbalance_std_5s,194,0.9639175257731959,13.335051546391753,35,0.8857142857142857,6.935714285714286,61,0.9508196721311475,10.860655737704919,-0.013097853642048407,-2.4743958086868343,35,96.66666666666667,0.7380699960565602,0.8172674980081606,0.7525754565135163
union_any,3,B1_realized_volatility_30s__depth_mid_ask | C1_cancel_rate_ask__cancel_ratio | C2_cancel_rate_ask__bid_depth_curvature,ANY_3,B1_realized_volatility_30s__depth_mid_ask | C1_cancel_rate_ask__cancel_ratio | C2_cancel_rate_ask__bid_depth_curvature,313,0.9648562300319489,11.502396166134185,84,0.9285714285714286,6.982142857142857,114,0.956140350877193,9.096491228070175,-0.008715879154755912,-2.40590493806401,84,170.33333333333334,0.7379997571137642,0.8842637504303891,0.7503967239718038
union_any,4,A1_depth_mid_ask__cancel_rate_ask | C1_cancel_rate_ask__cancel_ratio | C2_cancel_rate_ask__bid_depth_curvature | D2_depth_near_ask__queue_imbalance_std_5s,ANY_4,A1_depth_mid_ask__cancel_rate_ask | C1_cancel_rate_ask__cancel_ratio | C2_cancel_rate_ask__bid_depth_curvature | D2_depth_near_ask__queue_imbalance_std_5s,331,0.9607250755287009,11.130664652567976,92,0.9130434782608695,6.557065217391305,131,0.9465648854961832,8.870229007633588,-0.014160190032517672,-2.260435644934388,92,184.66666666666666,0.7378753295972572,0.8865209209237315,0.7504370669361936
intersection_all,3,B2_realized_vol_1m__depth_mid_ask | C1_cancel_rate_ask__cancel_ratio | C2_cancel_rate_ask__bid_depth_curvature,ALL_3,B2_realized_vol_1m__depth_mid_ask | C1_cancel_rate_ask__cancel_ratio | C2_cancel_rate_ask__bid_depth_curvature,107,0.9626168224299065,15.154205607476635,11,0.8181818181818182,6.886363636363637,28,1.0,10.651785714285714,0.03738317757009346,-4.502419893190922,11,48.666666666666664,0.7377914441477527,0.7829159030222115,0.7288377634826232
union_any,4,A1_depth_mid_ask__cancel_rate_ask | C1_cancel_rate_ask__cancel_ratio | C2_cancel_rate_ask__bid_depth_curvature | D1_depth_mid_ask__queue_imbalance_std_5s,ANY_4,A1_depth_mid_ask__cancel_rate_ask | C1_cancel_rate_ask__cancel_ratio | C2_cancel_rate_ask__bid_depth_curvature | D1_depth_mid_ask__queue_imbalance_std_5s,323,0.9597523219814241,11.241486068111454,98,0.9183673469387755,6.369897959183674,131,0.9465648854961832,8.83969465648855,-0.0131874364852409,-2.401791411622904,98,184.0,0.7374636990995675,0.8963776265025899,0.7494163950031599
union_any,2,A1_depth_mid_ask__cancel_rate_ask | C1_cancel_rate_ask__cancel_ratio,ANY_2,A1_depth_mid_ask__cancel_rate_ask | C1_cancel_rate_ask__cancel_ratio,273,0.9597069597069597,11.889194139194139,66,0.9242424242424242,6.632575757575758,110,0.9545454545454546,9.202272727272728,-0.005161505161505153,-2.6869214119214107,66,149.66666666666666,0.7374005161505163,0.8571732434232434,0.7476477966477966
union_any,3,A1_depth_mid_ask__cancel_rate_ask | A2_depth_near_ask__cancel_rate_ask | C1_cancel_rate_ask__cancel_ratio,ANY_3,A1_depth_mid_ask__cancel_rate_ask | A2_depth_near_ask__cancel_rate_ask | C1_cancel_rate_ask__cancel_ratio,287,0.9616724738675958,11.682926829268293,67,0.9253731343283582,6.641791044776119,110,0.9545454545454546,9.202272727272728,-0.007127019322141215,-2.4806541019955652,67,154.66666666666666,0.7372039647344527,0.8587028340243668,0.7491359830558956
vote_ge_2,4,A1_depth_mid_ask__cancel_rate_ask | B1_realized_volatility_30s__depth_mid_ask | C1_cancel_rate_ask__cancel_ratio | C2_cancel_rate_ask__bid_depth_curvature,AT_LEAST_2_OF_4,A1_depth_mid_ask__cancel_rate_ask | B1_realized_volatility_30s__depth_mid_ask | C1_cancel_rate_ask__cancel_ratio | C2_cancel_rate_ask__bid_depth_curvature,225,0.9644444444444444,12.831111111111111,53,0.9056603773584906,6.75,79,0.9493670886075949,10.316455696202532,-0.015077355836849549,-2.51465541490858,53,119.0,0.737148382559775,0.8420357322930765,0.751909263239834
vote_ge_2,4,A1_depth_mid_ask__cancel_rate_ask | B2_realized_vol_1m__depth_mid_ask | C1_cancel_rate_ask__cancel_ratio | C2_cancel_rate_ask__bid_depth_curvature,AT_LEAST_2_OF_4,A1_depth_mid_ask__cancel_rate_ask | B2_realized_vol_1m__depth_mid_ask | C1_cancel_rate_ask__cancel_ratio | C2_cancel_rate_ask__bid_depth_curvature,227,0.9647577092511013,12.76101321585903,51,0.9019607843137255,6.833333333333333,79,0.9493670886075949,10.316455696202532,-0.01539062064350638,-2.444557519656499,51,119.0,0.7371170560791093,0.8382644872034578,0.752006623237038
union_any,4,A2_depth_near_ask__cancel_rate_ask | C1_cancel_rate_ask__cancel_ratio | C2_cancel_rate_ask__bid_depth_curvature | D2_depth_near_ask__queue_imbalance_std_5s,ANY_4,A2_depth_near_ask__cancel_rate_ask | C1_cancel_rate_ask__cancel_ratio | C2_cancel_rate_ask__bid_depth_curvature | D2_depth_near_ask__queue_imbalance_std_5s,328,0.9634146341463414,11.117378048780488,89,0.9101123595505618,6.52808988764045,130,0.9461538461538461,8.875,-0.017260787992495308,-2.2423780487804876,89,182.33333333333334,0.7369598186366481,0.8810079315724014,0.7497158951170324
intersection_all,3,A1_depth_mid_ask__cancel_rate_ask | B2_realized_vol_1m__depth_mid_ask | D2_depth_near_ask__queue_imbalance_std_5s,ALL_3,A1_depth_mid_ask__cancel_rate_ask | B2_realized_vol_1m__depth_mid_ask | D2_depth_near_ask__queue_imbalance_std_5s,130,0.9538461538461539,13.59423076923077,16,0.8125,6.875,13,1.0,11.096153846153847,0.0461538461538461,-2.4980769230769226,13,53.0,0.7368205128205128,0.7883461538461538,0.7430192307692307
intersection_all,3,A2_depth_near_ask__cancel_rate_ask | B2_realized_vol_1m__depth_mid_ask | D1_depth_mid_ask__queue_imbalance_std_5s,ALL_3,A2_depth_near_ask__cancel_rate_ask | B2_realized_vol_1m__depth_mid_ask | D1_depth_mid_ask__queue_imbalance_std_5s,130,0.9538461538461539,13.59423076923077,16,0.8125,6.875,13,1.0,11.096153846153847,0.0461538461538461,-2.4980769230769226,13,53.0,0.7368205128205128,0.7883461538461538,0.7430192307692307
intersection_all,3,A2_depth_near_ask__cancel_rate_ask | B2_realized_vol_1m__depth_mid_ask | D2_depth_near_ask__queue_imbalance_std_5s,ALL_3,A2_depth_near_ask__cancel_rate_ask | B2_realized_vol_1m__depth_mid_ask | D2_depth_near_ask__queue_imbalance_std_5s,130,0.9538461538461539,13.59423076923077,16,0.8125,6.875,13,1.0,11.096153846153847,0.0461538461538461,-2.4980769230769226,13,53.0,0.7368205128205128,0.7883461538461538,0.7430192307692307
union_any,4,A2_depth_near_ask__cancel_rate_ask | C1_cancel_rate_ask__cancel_ratio | C2_cancel_rate_ask__bid_depth_curvature | D1_depth_mid_ask__queue_imbalance_std_5s,ANY_4,A2_depth_near_ask__cancel_rate_ask | C1_cancel_rate_ask__cancel_ratio | C2_cancel_rate_ask__bid_depth_curvature | D1_depth_mid_ask__queue_imbalance_std_5s,328,0.9634146341463414,11.165396341463415,96,0.9166666666666666,6.380208333333333,130,0.9461538461538461,8.84423076923077,-0.017260787992495308,-2.321165572232646,96,184.66666666666666,0.7364469981238274,0.8925111006879299,0.7492306910569106
vote_ge_2,3,A1_depth_mid_ask__cancel_rate_ask | C1_cancel_rate_ask__cancel_ratio | C2_cancel_rate_ask__bid_depth_curvature,AT_LEAST_2_OF_3,A1_depth_mid_ask__cancel_rate_ask | C1_cancel_rate_ask__cancel_ratio | C2_cancel_rate_ask__bid_depth_curvature,192,0.9635416666666666,13.39453125,46,0.8913043478260869,6.565217391304348,77,0.948051948051948,10.37012987012987,-0.015489718614718595,-3.0244013798701292,46,105.0,0.7364099025974026,0.8286339756258235,0.746688538137587
vote_ge_2,4,A1_depth_mid_ask__cancel_rate_ask | C1_cancel_rate_ask__cancel_ratio | C2_cancel_rate_ask__bid_depth_curvature | D2_depth_near_ask__queue_imbalance_std_5s,AT_LEAST_2_OF_4,A1_depth_mid_ask__cancel_rate_ask | C1_cancel_rate_ask__cancel_ratio | C2_cancel_rate_ask__bid_depth_curvature | D2_depth_near_ask__queue_imbalance_std_5s,216,0.9675925925925926,13.04861111111111,50,0.9,6.59,81,0.9506172839506173,10.17283950617284,-0.016975308641975273,-2.8757716049382704,50,115.66666666666667,0.7361275720164611,0.8352777777777778,0.7475010288065844
vote_ge_2,3,C1_cancel_rate_ask__cancel_ratio | C2_cancel_rate_ask__bid_depth_curvature | D1_depth_mid_ask__queue_imbalance_std_5s,AT_LEAST_2_OF_3,C1_cancel_rate_ask__cancel_ratio | C2_cancel_rate_ask__bid_depth_curvature | D1_depth_mid_ask__queue_imbalance_std_5s,167,0.9640718562874252,13.979041916167665,36,0.8611111111111112,6.604166666666667,62,0.9516129032258065,10.669354838709678,-0.012458953061618705,-3.309687077457987,36,88.33333333333333,0.7358024917906124,0.8123150365934798,0.7414981434979504
vote_ge_2,4,A2_depth_near_ask__cancel_rate_ask | C2_cancel_rate_ask__bid_depth_curvature | D1_depth_mid_ask__queue_imbalance_std_5s | D2_depth_near_ask__queue_imbalance_std_5s,AT_LEAST_2_OF_4,A2_depth_near_ask__cancel_rate_ask | C2_cancel_rate_ask__bid_depth_curvature | D1_depth_mid_ask__queue_imbalance_std_5s | D2_depth_near_ask__queue_imbalance_std_5s,229,0.9606986899563319,12.601528384279476,47,0.851063829787234,6.367021276595745,73,0.9452054794520548,10.520547945205479,-0.0154932105042771,-2.080980439073997,47,116.33333333333333,0.7356356104564216,0.8224511161398959,0.7489660567638922
union_any,4,A1_depth_mid_ask__cancel_rate_ask | C1_cancel_rate_ask__cancel_ratio | D1_depth_mid_ask__queue_imbalance_std_5s | D2_depth_near_ask__queue_imbalance_std_5s,ANY_4,A1_depth_mid_ask__cancel_rate_ask | C1_cancel_rate_ask__cancel_ratio | D1_depth_mid_ask__queue_imbalance_std_5s | D2_depth_near_ask__queue_imbalance_std_5s,330,0.9606060606060606,11.147727272727273,94,0.925531914893617,6.454787234042553,126,0.9444444444444444,8.954365079365079,-0.016161616161616155,-2.1933621933621943,94,183.33333333333334,0.7356232563732562,0.8918116499339903,0.7505736340098041
union_any,4,A1_depth_mid_ask__cancel_rate_ask | B2_realized_vol_1m__depth_mid_ask | C1_cancel_rate_ask__cancel_ratio | D2_depth_near_ask__queue_imbalance_std_5s,ANY_4,A1_depth_mid_ask__cancel_rate_ask | B2_realized_vol_1m__depth_mid_ask | C1_cancel_rate_ask__cancel_ratio | D2_depth_near_ask__queue_imbalance_std_5s,348,0.9568965517241379,11.004310344827585,90,0.9111111111111111,6.8694444444444445,128,0.9453125,8.837890625,-0.0115840517241379,-2.1664197198275854,90,188.66666666666666,0.7355303969109197,0.8825677232998086,0.7482855004789273
union_any,4,A1_depth_mid_ask__cancel_rate_ask | B1_realized_volatility_30s__depth_mid_ask | C1_cancel_rate_ask__cancel_ratio | D2_depth_near_ask__queue_imbalance_std_5s,ANY_4,A1_depth_mid_ask__cancel_rate_ask | B1_realized_volatility_30s__depth_mid_ask | C1_cancel_rate_ask__cancel_ratio | D2_depth_near_ask__queue_imbalance_std_5s,346,0.9595375722543352,11.011560693641618,90,0.9222222222222223,6.822222222222222,127,0.9448818897637795,8.89763779527559,-0.01465568249055571,-2.1139228983660274,90,187.66666666666666,0.7355252453992385,0.8849080100536566,0.7502908202226166
union_any,3,A1_depth_mid_ask__cancel_rate_ask | C1_cancel_rate_ask__cancel_ratio | D2_depth_near_ask__queue_imbalance_std_5s,ANY_3,A1_depth_mid_ask__cancel_rate_ask | C1_cancel_rate_ask__cancel_ratio | D2_depth_near_ask__queue_imbalance_std_5s,323,0.9597523219814241,11.235294117647058,84,0.9166666666666666,6.678571428571429,125,0.944,8.984,-0.015752321981424178,-2.251294117647058,84,177.33333333333334,0.735458101135191,0.8751981011351909,0.7492380392156863
vote_ge_2,4,A1_depth_mid_ask__cancel_rate_ask | C1_cancel_rate_ask__cancel_ratio | C2_cancel_rate_ask__bid_depth_curvature | D1_depth_mid_ask__queue_imbalance_std_5s,AT_LEAST_2_OF_4,A1_depth_mid_ask__cancel_rate_ask | C1_cancel_rate_ask__cancel_ratio | C2_cancel_rate_ask__bid_depth_curvature | D1_depth_mid_ask__queue_imbalance_std_5s,212,0.9669811320754716,13.044811320754716,50,0.9,6.735,79,0.9493670886075949,10.227848101265822,-0.01761404346787676,-2.816963219488894,50,113.66666666666667,0.735417920547727,0.8352639121089086,0.7475556882413819
union_any,4,A1_depth_mid_ask__cancel_rate_ask | A2_depth_near_ask__cancel_rate_ask | C1_cancel_rate_ask__cancel_ratio | D2_depth_near_ask__queue_imbalance_std_5s,ANY_4,A1_depth_mid_ask__cancel_rate_ask | A2_depth_near_ask__cancel_rate_ask | C1_cancel_rate_ask__cancel_ratio | D2_depth_near_ask__queue_imbalance_std_5s,330,0.9606060606060606,11.143181818181818,85,0.9176470588235294,6.685294117647059,125,0.944,8.984,-0.016606060606060624,-2.1591818181818176,85,180.0,0.7353727272727273,0.8768088057040999,0.7499501604278075
union_any,3,B2_realized_vol_1m__depth_mid_ask | C1_cancel_rate_ask__cancel_ratio | C2_cancel_rate_ask__bid_depth_curvature,ANY_3,B2_realized_vol_1m__depth_mid_ask | C1_cancel_rate_ask__cancel_ratio | C2_cancel_rate_ask__bid_depth_curvature,317,0.9621451104100947,11.459779179810726,83,0.9156626506024096,7.078313253012048,117,0.9487179487179487,9.070512820512821,-0.013427161692145972,-2.3892663592979044,83,172.33333333333334,0.735255574429076,0.876482121643575,0.74759936112646
union_any,4,B1_realized_volatility_30s__depth_mid_ask | B2_realized_vol_1m__depth_mid_ask | C1_cancel_rate_ask__cancel_ratio | C2_cancel_rate_ask__bid_depth_curvature,ANY_4,B1_realized_volatility_30s__depth_mid_ask | B2_realized_vol_1m__depth_mid_ask | C1_cancel_rate_ask__cancel_ratio | C2_cancel_rate_ask__bid_depth_curvature,320,0.9625,11.3671875,87,0.9195402298850575,6.9798850574712645,117,0.9487179487179487,9.070512820512821,-0.013782051282051344,-2.296674679487179,87,174.66666666666666,0.7352200854700854,0.883222148541114,0.7486043969201297
union_any,4,A1_depth_mid_ask__cancel_rate_ask | B1_realized_volatility_30s__depth_mid_ask | C1_cancel_rate_ask__cancel_ratio | C2_cancel_rate_ask__bid_depth_curvature,ANY_4,A1_depth_mid_ask__cancel_rate_ask | B1_realized_volatility_30s__depth_mid_ask | C1_cancel_rate_ask__cancel_ratio | C2_cancel_rate_ask__bid_depth_curvature,322,0.9596273291925466,11.371894409937887,84,0.9285714285714286,6.982142857142857,120,0.95,8.920833333333333,-0.009627329192546608,-2.451061076604555,84,175.33333333333334,0.7352178226363009,0.8799598861283644,0.7474334023464457
union_any,4,A1_depth_mid_ask__cancel_rate_ask | B2_realized_vol_1m__depth_mid_ask | C1_cancel_rate_ask__cancel_ratio | D1_depth_mid_ask__queue_imbalance_std_5s,ANY_4,A1_depth_mid_ask__cancel_rate_ask | B2_realized_vol_1m__depth_mid_ask | C1_cancel_rate_ask__cancel_ratio | D1_depth_mid_ask__queue_imbalance_std_5s,335,0.9552238805970149,11.132835820895522,94,0.9148936170212766,6.6462765957446805,128,0.9453125,8.806640625,-0.009911380597014907,-2.3261951958955223,94,185.66666666666666,0.7351768306902986,0.8891789915945538,0.7469735812294908
union_any,4,A1_depth_mid_ask__cancel_rate_ask | B1_realized_volatility_30s__depth_mid_ask | C1_cancel_rate_ask__cancel_ratio | D1_depth_mid_ask__queue_imbalance_std_5s,ANY_4,A1_depth_mid_ask__cancel_rate_ask | B1_realized_volatility_30s__depth_mid_ask | C1_cancel_rate_ask__cancel_ratio | D1_depth_mid_ask__queue_imbalance_std_5s,334,0.9580838323353293,11.136976047904191,93,0.9247311827956989,6.623655913978495,127,0.9448818897637795,8.866141732283465,-0.01320194257154983,-2.2708343156207267,93,184.66666666666666,0.735145685007937,0.8897402155303313,0.7488657189050905
union_any,3,A1_depth_mid_ask__cancel_rate_ask | C1_cancel_rate_ask__cancel_ratio | D1_depth_mid_ask__queue_imbalance_std_5s,ANY_3,A1_depth_mid_ask__cancel_rate_ask | C1_cancel_rate_ask__cancel_ratio | D1_depth_mid_ask__queue_imbalance_std_5s,311,0.9581993569131833,11.378617363344052,90,0.9222222222222223,6.466666666666667,125,0.944,8.952,-0.014199356913183303,-2.426617363344052,90,175.33333333333334,0.7350800643086818,0.8851445087531262,0.7479847731332618
union_any,4,B1_realized_volatility_30s__depth_mid_ask | C1_cancel_rate_ask__cancel_ratio | D1_depth_mid_ask__queue_imbalance_std_5s | D2_depth_near_ask__queue_imbalance_std_5s,ANY_4,B1_realized_volatility_30s__depth_mid_ask | C1_cancel_rate_ask__cancel_ratio | D1_depth_mid_ask__queue_imbalance_std_5s | D2_depth_near_ask__queue_imbalance_std_5s,341,0.9648093841642229,11.0183284457478,94,0.925531914893617,6.667553191489362,121,0.9504132231404959,8.898760330578513,-0.014396161023726983,-2.1195681151692867,94,185.33333333333334,0.735059006487159,0.8938196594383343,0.7495425720989769
intersection_all,3,C1_cancel_rate_ask__cancel_ratio | C2_cancel_rate_ask__bid_depth_curvature | D1_depth_mid_ask__queue_imbalance_std_5s,ALL_3,C1_cancel_rate_ask__cancel_ratio | C2_cancel_rate_ask__bid_depth_curvature | D1_depth_mid_ask__queue_imbalance_std_5s,100,0.96,15.57,14,0.8571428571428571,6.928571428571429,16,1.0,10.859375,0.040000000000000036,-4.710625,14,43.333333333333336,0.7349895833333333,0.7970223214285714,0.729497619047619
union_any,3,B1_realized_volatility_30s__depth_mid_ask | C1_cancel_rate_ask__cancel_ratio | D2_depth_near_ask__queue_imbalance_std_5s,ANY_3,B1_realized_volatility_30s__depth_mid_ask | C1_cancel_rate_ask__cancel_ratio | D2_depth_near_ask__queue_imbalance_std_5s,334,0.9640718562874252,11.100299401197605,87,0.9195402298850575,6.896551724137931,120,0.95,8.929166666666667,-0.014071856287425244,-2.1711327345309375,87,180.33333333333334,0.7349122588157019,0.8822925270149357,0.7485631380916329
union_any,4,A1_depth_mid_ask__cancel_rate_ask | A2_depth_near_ask__cancel_rate_ask | C1_cancel_rate_ask__cancel_ratio | D1_depth_mid_ask__queue_imbalance_std_5s,ANY_4,A1_depth_mid_ask__cancel_rate_ask | A2_depth_near_ask__cancel_rate_ask | C1_cancel_rate_ask__cancel_ratio | D1_depth_mid_ask__queue_imbalance_std_5s,325,0.96,11.218461538461538,91,0.9230769230769231,6.475274725274725,125,0.944,8.952,-0.016000000000000014,-2.266461538461538,91,180.33333333333334,0.7349000000000001,0.8866353846153847,0.7491379487179487
union_any,4,B1_realized_volatility_30s__depth_mid_ask | B2_realized_vol_1m__depth_mid_ask | C1_cancel_rate_ask__cancel_ratio | D2_depth_near_ask__queue_imbalance_std_5s,ANY_4,B1_realized_volatility_30s__depth_mid_ask | B2_realized_vol_1m__depth_mid_ask | C1_cancel_rate_ask__cancel_ratio | D2_depth_near_ask__queue_imbalance_std_5s,340,0.961764705882353,11.061029411764705,91,0.9120879120879121,6.821428571428571,121,0.9504132231404959,8.865702479338843,-0.011351482741857044,-2.1953269324258624,91,184.0,0.7348125101280182,0.8866047481929836,0.7470319560119025
union_any,3,B1_realized_volatility_30s__depth_mid_ask | C1_cancel_rate_ask__cancel_ratio | D1_depth_mid_ask__queue_imbalance_std_5s,ANY_3,B1_realized_volatility_30s__depth_mid_ask | C1_cancel_rate_ask__cancel_ratio | D1_depth_mid_ask__queue_imbalance_std_5s,322,0.9627329192546584,11.233695652173912,90,0.9222222222222223,6.688888888888889,120,0.95,8.895833333333334,-0.01273291925465847,-2.3378623188405783,90,177.33333333333334,0.734490596963423,0.887129485852312,0.7470531400966183
union_any,4,B1_realized_volatility_30s__depth_mid_ask | B2_realized_vol_1m__depth_mid_ask | C1_cancel_rate_ask__cancel_ratio | D1_depth_mid_ask__queue_imbalance_std_5s,ANY_4,B1_realized_volatility_30s__depth_mid_ask | B2_realized_vol_1m__depth_mid_ask | C1_cancel_rate_ask__cancel_ratio | D1_depth_mid_ask__queue_imbalance_std_5s,327,0.9602446483180428,11.194954128440367,94,0.9148936170212766,6.625,121,0.9504132231404959,8.832644628099173,-0.00983142517754687,-2.362309500341194,94,180.66666666666666,0.7344135516971214,0.8914873164236908,0.74553815236101
union_any,4,A2_depth_near_ask__cancel_rate_ask | B1_realized_volatility_30s__depth_mid_ask | C1_cancel_rate_ask__cancel_ratio | C2_cancel_rate_ask__bid_depth_curvature,ANY_4,A2_depth_near_ask__cancel_rate_ask | B1_realized_volatility_30s__depth_mid_ask | C1_cancel_rate_ask__cancel_ratio | C2_cancel_rate_ask__bid_depth_curvature,329,0.9635258358662614,11.300911854103344,84,0.9285714285714286,6.982142857142857,119,0.9495798319327731,8.926470588235293,-0.013946003933488327,-2.3744412658680503,84,177.33333333333334,0.7341908337803206,0.879416323976399,0.747409887359199
vote_ge_2,3,C1_cancel_rate_ask__cancel_ratio | C2_cancel_rate_ask__bid_depth_curvature | D2_depth_near_ask__queue_imbalance_std_5s,AT_LEAST_2_OF_3,C1_cancel_rate_ask__cancel_ratio | C2_cancel_rate_ask__bid_depth_curvature | D2_depth_near_ask__queue_imbalance_std_5s,173,0.9653179190751445,13.786127167630058,35,0.8571428571428571,6.542857142857143,62,0.9516129032258065,10.576612903225806,-0.013705015849338031,-3.209514264404252,35,90.0,0.7341321865871092,0.8089693601662182,0.7399142981451391
vote_ge_2,3,A1_depth_mid_ask__cancel_rate_ask | B2_realized_vol_1m__depth_mid_ask | C2_cancel_rate_ask__bid_depth_curvature,AT_LEAST_2_OF_3,A1_depth_mid_ask__cancel_rate_ask | B2_realized_vol_1m__depth_mid_ask | C2_cancel_rate_ask__bid_depth_curvature,208,0.9615384615384616,12.94951923076923,36,0.8888888888888888,6.993055555555555,61,0.9508196721311475,10.602459016393443,-0.010718789407314078,-2.3470602143757873,36,101.66666666666667,0.7340046237915091,0.8170583578534398,0.7485778863668209
vote_ge_2,4,A2_depth_near_ask__cancel_rate_ask | B1_realized_volatility_30s__depth_mid_ask | C1_cancel_rate_ask__cancel_ratio | C2_cancel_rate_ask__bid_depth_curvature,AT_LEAST_2_OF_4,A2_depth_near_ask__cancel_rate_ask | B1_realized_volatility_30s__depth_mid_ask | C1_cancel_rate_ask__cancel_ratio | C2_cancel_rate_ask__bid_depth_curvature,225,0.9644444444444444,12.866666666666667,49,0.8979591836734694,6.469387755102041,76,0.9473684210526315,10.279605263157896,-0.01707602339181291,-2.5870614035087716,49,116.66666666666667,0.7339349415204679,0.8331276554481442,0.747719894975534
vote_ge_2,4,A2_depth_near_ask__cancel_rate_ask | B2_realized_vol_1m__depth_mid_ask | C1_cancel_rate_ask__cancel_ratio | C2_cancel_rate_ask__bid_depth_curvature,AT_LEAST_2_OF_4,A2_depth_near_ask__cancel_rate_ask | B2_realized_vol_1m__depth_mid_ask | C1_cancel_rate_ask__cancel_ratio | C2_cancel_rate_ask__bid_depth_curvature,226,0.9646017699115044,12.79203539823009,46,0.8913043478260869,6.603260869565218,76,0.9473684210526315,10.279605263157896,-0.017233348858872843,-2.5124301350721936,46,116.0,0.7339192089737618,0.8272809557319618,0.7475519531803732
union_any,4,B2_realized_vol_1m__depth_mid_ask | C1_cancel_rate_ask__cancel_ratio | D1_depth_mid_ask__queue_imbalance_std_5s | D2_depth_near_ask__queue_imbalance_std_5s,ANY_4,B2_realized_vol_1m__depth_mid_ask | C1_cancel_rate_ask__cancel_ratio | D1_depth_mid_ask__queue_imbalance_std_5s | D2_depth_near_ask__queue_imbalance_std_5s,344,0.9622093023255814,11.039970930232558,95,0.9157894736842105,6.621052631578947,121,0.9504132231404959,8.795454545454545,-0.011796079185085517,-2.244516384778013,95,186.66666666666666,0.7335972515856237,0.8925981215290772,0.7456692238114988
union_any,3,B2_realized_vol_1m__depth_mid_ask | C1_cancel_rate_ask__cancel_ratio | D2_depth_near_ask__queue_imbalance_std_5s,ANY_3,B2_realized_vol_1m__depth_mid_ask | C1_cancel_rate_ask__cancel_ratio | D2_depth_near_ask__queue_imbalance_std_5s,338,0.9615384615384616,11.117603550295858,87,0.9080459770114943,6.870689655172414,120,0.95,8.825,-0.011538461538461608,-2.2926035502958584,87,181.66666666666666,0.7334294871794871,0.8792053492484526,0.7445205740325104
vote_ge_2,3,A2_depth_near_ask__cancel_rate_ask | C1_cancel_rate_ask__cancel_ratio | D1_depth_mid_ask__queue_imbalance_std_5s,AT_LEAST_2_OF_3,A2_depth_near_ask__cancel_rate_ask | C1_cancel_rate_ask__cancel_ratio | D1_depth_mid_ask__queue_imbalance_std_5s,186,0.967741935483871,13.702956989247312,34,0.8529411764705882,6.154411764705882,64,0.953125,10.4375,-0.014616935483870996,-3.265456989247312,34,94.66666666666667,0.7334028897849462,0.8057515417457306,0.73786815438541
intersection_all,3,A2_depth_near_ask__cancel_rate_ask | B1_realized_volatility_30s__depth_mid_ask | C2_cancel_rate_ask__bid_depth_curvature,ALL_3,A2_depth_near_ask__cancel_rate_ask | B1_realized_volatility_30s__depth_mid_ask | C2_cancel_rate_ask__bid_depth_curvature,125,0.944,14.888,12,0.8333333333333334,5.958333333333333,25,0.96,11.43,0.016000000000000014,-3.458,12,54.0,0.7334,0.7813666666666667,0.7373799999999999
union_any,2,C2_cancel_rate_ask__bid_depth_curvature | D2_depth_near_ask__queue_imbalance_std_5s,ANY_2,C2_cancel_rate_ask__bid_depth_curvature | D2_depth_near_ask__queue_imbalance_std_5s,259,0.9652509652509652,11.942084942084943,70,0.8857142857142857,6.575,91,0.945054945054945,9.868131868131869,-0.02019602019602018,-2.0739530739530743,70,140.0,0.7332239877239877,0.8568265518265519,0.7483769428769429
union_any,3,A1_depth_mid_ask__cancel_rate_ask | B1_realized_volatility_30s__depth_mid_ask | C1_cancel_rate_ask__cancel_ratio,ANY_3,A1_depth_mid_ask__cancel_rate_ask | B1_realized_volatility_30s__depth_mid_ask | C1_cancel_rate_ask__cancel_ratio,310,0.9580645161290322,11.514516129032257,76,0.9342105263157895,7.161184210526316,114,0.9473684210526315,9.048245614035087,-0.01069609507640068,-2.46627051499717,76,166.66666666666666,0.7330502735332955,0.8692023203169215,0.7465231088473872
union_any,3,B2_realized_vol_1m__depth_mid_ask | C1_cancel_rate_ask__cancel_ratio | D1_depth_mid_ask__queue_imbalance_std_5s,ANY_3,B2_realized_vol_1m__depth_mid_ask | C1_cancel_rate_ask__cancel_ratio | D1_depth_mid_ask__queue_imbalance_std_5s,325,0.96,11.254615384615384,91,0.9120879120879121,6.6401098901098905,120,0.95,8.791666666666666,-0.010000000000000009,-2.462948717948718,91,178.66666666666666,0.7330277777777778,0.885834249084249,0.7431224664224665
vote_ge_2,3,A1_depth_mid_ask__cancel_rate_ask | C2_cancel_rate_ask__bid_depth_curvature | D1_depth_mid_ask__queue_imbalance_std_5s,AT_LEAST_2_OF_3,A1_depth_mid_ask__cancel_rate_ask | C2_cancel_rate_ask__bid_depth_curvature | D1_depth_mid_ask__queue_imbalance_std_5s,193,0.9637305699481865,13.476683937823834,37,0.8918918918918919,7.074324324324325,59,0.9491525423728814,10.669491525423728,-0.01457802757530513,-2.8071924124001058,37,96.33333333333333,0.7329857000673282,0.8187765078242376,0.7455677934455048
intersection_all,3,C1_cancel_rate_ask__cancel_ratio | C2_cancel_rate_ask__bid_depth_curvature | D2_depth_near_ask__queue_imbalance_std_5s,ALL_3,C1_cancel_rate_ask__cancel_ratio | C2_cancel_rate_ask__bid_depth_curvature | D2_depth_near_ask__queue_imbalance_std_5s,101,0.9603960396039604,15.282178217821782,14,0.8571428571428571,5.392857142857143,16,1.0,10.734375,0.03960396039603964,-4.547803217821782,14,43.666666666666664,0.732945853960396,0.7958119253889674,0.7280830975954738
union_any,4,A1_depth_mid_ask__cancel_rate_ask | A2_depth_near_ask__cancel_rate_ask | B1_realized_volatility_30s__depth_mid_ask | C1_cancel_rate_ask__cancel_ratio,ANY_4,A1_depth_mid_ask__cancel_rate_ask | A2_depth_near_ask__cancel_rate_ask | B1_realized_volatility_30s__depth_mid_ask | C1_cancel_rate_ask__cancel_ratio,324,0.9598765432098766,11.347993827160494,77,0.935064935064935,7.162337662337662,114,0.9473684210526315,9.048245614035087,-0.01250812215724506,-2.2997482131254063,77,171.66666666666666,0.732869070825211,0.8706919993586659,0.7477186984014469
union_any,4,A1_depth_mid_ask__cancel_rate_ask | B2_realized_vol_1m__depth_mid_ask | C1_cancel_rate_ask__cancel_ratio | C2_cancel_rate_ask__bid_depth_curvature,ANY_4,A1_depth_mid_ask__cancel_rate_ask | B2_realized_vol_1m__depth_mid_ask | C1_cancel_rate_ask__cancel_ratio | C2_cancel_rate_ask__bid_depth_curvature,324,0.9567901234567902,11.371913580246913,85,0.9176470588235294,7.020588235294118,123,0.943089430894309,8.90040650406504,-0.013700692562481187,-2.4715070761818723,85,177.33333333333334,0.732860283047275,0.8758991799068319,0.7448774229354495
union_any,3,A1_depth_mid_ask__cancel_rate_ask | A2_depth_near_ask__cancel_rate_ask | C2_cancel_rate_ask__bid_depth_curvature,ANY_3,A1_depth_mid_ask__cancel_rate_ask | A2_depth_near_ask__cancel_rate_ask | C2_cancel_rate_ask__bid_depth_curvature,260,0.9615384615384616,12.174038461538462,62,0.9032258064516129,6.504032258064516,93,0.946236559139785,9.71505376344086,-0.01530190239867657,-2.458984698097602,62,138.33333333333334,0.7326938240970499,0.8477601323407775,0.7459132202922526
vote_ge_2,3,A2_depth_near_ask__cancel_rate_ask | B1_realized_volatility_30s__depth_mid_ask | C1_cancel_rate_ask__cancel_ratio,AT_LEAST_2_OF_3,A2_depth_near_ask__cancel_rate_ask | B1_realized_volatility_30s__depth_mid_ask | C1_cancel_rate_ask__cancel_ratio,206,0.9611650485436893,13.322815533980583,33,0.8787878787878788,6.053030303030303,67,0.9552238805970149,10.190298507462687,-0.0059411679466744305,-3.1325170265178954,33,102.0,0.7325949379317007,0.8086559962763411,0.7386296693935441
intersection_all,2,B1_realized_volatility_30s__depth_mid_ask | C2_cancel_rate_ask__bid_depth_curvature,ALL_2,B1_realized_volatility_30s__depth_mid_ask | C2_cancel_rate_ask__bid_depth_curvature,132,0.946969696969697,14.782196969696969,16,0.875,7.28125,32,0.96875,10.96875,0.021780303030302983,-3.813446969696969,16,60.0,0.7325719696969697,0.7940094696969697,0.7365145202020201
intersection_all,3,A1_depth_mid_ask__cancel_rate_ask | B1_realized_volatility_30s__depth_mid_ask | C2_cancel_rate_ask__bid_depth_curvature,ALL_3,A1_depth_mid_ask__cancel_rate_ask | B1_realized_volatility_30s__depth_mid_ask | C2_cancel_rate_ask__bid_depth_curvature,132,0.946969696969697,14.782196969696969,16,0.875,7.28125,32,0.96875,10.96875,0.021780303030302983,-3.813446969696969,16,60.0,0.7325719696969697,0.7940094696969697,0.7365145202020201
union_any,3,C2_cancel_rate_ask__bid_depth_curvature | D1_depth_mid_ask__queue_imbalance_std_5s | D2_depth_near_ask__queue_imbalance_std_5s,ANY_3,C2_cancel_rate_ask__bid_depth_curvature | D1_depth_mid_ask__queue_imbalance_std_5s | D2_depth_near_ask__queue_imbalance_std_5s,273,0.967032967032967,11.841575091575091,83,0.9036144578313253,6.367469879518072,93,0.946236559139785,9.733870967741936,-0.020796407893182045,-2.1077041238331553,83,149.66666666666666,0.732457993619284,0.8789765841102801,0.7486703000113416
union_any,2,A1_depth_mid_ask__cancel_rate_ask | C2_cancel_rate_ask__bid_depth_curvature,ANY_2,A1_depth_mid_ask__cancel_rate_ask | C2_cancel_rate_ask__bid_depth_curvature,246,0.959349593495935,12.360772357723578,61,0.9016393442622951,6.557377049180328,91,0.945054945054945,9.752747252747254,-0.014294648440989932,-2.608025104976324,61,132.66666666666666,0.7318910479764138,0.8459478545578105,0.7441012762172299
vote_ge_2,3,B2_realized_vol_1m__depth_mid_ask | C1_cancel_rate_ask__cancel_ratio | C2_cancel_rate_ask__bid_depth_curvature,AT_LEAST_2_OF_3,B2_realized_vol_1m__depth_mid_ask | C1_cancel_rate_ask__cancel_ratio | C2_cancel_rate_ask__bid_depth_curvature,176,0.9602272727272727,13.670454545454545,37,0.8648648648648649,6.472972972972973,64,0.953125,10.30078125,-0.007102272727272707,-3.369673295454545,37,92.33333333333333,0.7318757102272728,0.8120205582002458,0.7356313728501228
intersection_all,3,A1_depth_mid_ask__cancel_rate_ask | C1_cancel_rate_ask__cancel_ratio | C2_cancel_rate_ask__bid_depth_curvature,ALL_3,A1_depth_mid_ask__cancel_rate_ask | C1_cancel_rate_ask__cancel_ratio | C2_cancel_rate_ask__bid_depth_curvature,119,0.9663865546218487,15.331932773109244,17,0.8235294117647058,6.897058823529412,44,0.9545454545454546,10.886363636363637,-0.011841100076394162,-4.445569136745608,17,60.0,0.7318007384772092,0.7797035905271199,0.7265339954163484
union_any,4,A2_depth_near_ask__cancel_rate_ask | B2_realized_vol_1m__depth_mid_ask | C1_cancel_rate_ask__cancel_ratio | C2_cancel_rate_ask__bid_depth_curvature,ANY_4,A2_depth_near_ask__cancel_rate_ask | B2_realized_vol_1m__depth_mid_ask | C1_cancel_rate_ask__cancel_ratio | C2_cancel_rate_ask__bid_depth_curvature,331,0.9607250755287009,11.301359516616314,84,0.9166666666666666,7.044642857142857,122,0.9426229508196722,8.905737704918034,-0.018102124709028722,-2.3956218116982804,84,179.0,0.7317990771465834,0.8736296782394797,0.744728641473924
union_any,4,A2_depth_near_ask__cancel_rate_ask | C1_cancel_rate_ask__cancel_ratio | D1_depth_mid_ask__queue_imbalance_std_5s | D2_depth_near_ask__queue_imbalance_std_5s,ANY_4,A2_depth_near_ask__cancel_rate_ask | C1_cancel_rate_ask__cancel_ratio | D1_depth_mid_ask__queue_imbalance_std_5s | D2_depth_near_ask__queue_imbalance_std_5s,330,0.9636363636363636,11.140151515151516,89,0.9213483146067416,6.367977528089888,123,0.943089430894309,8.876016260162602,-0.020546932742054658,-2.264135254988913,89,180.66666666666666,0.7317691549642771,0.8817109046064924,0.7461422224436749
union_any,4,A2_depth_near_ask__cancel_rate_ask | B2_realized_vol_1m__depth_mid_ask | C1_cancel_rate_ask__cancel_ratio | D2_depth_near_ask__queue_imbalance_std_5s,ANY_4,A2_depth_near_ask__cancel_rate_ask | B2_realized_vol_1m__depth_mid_ask | C1_cancel_rate_ask__cancel_ratio | D2_depth_near_ask__queue_imbalance_std_5s,351,0.9601139601139601,10.995014245014245,88,0.9090909090909091,6.875,125,0.944,8.758,-0.016113960113960157,-2.2370142450142456,88,188.0,0.7316552706552706,0.8773867858067859,0.744055662608996
union_any,4,A2_depth_near_ask__cancel_rate_ask | B1_realized_volatility_30s__depth_mid_ask | C1_cancel_rate_ask__cancel_ratio | D2_depth_near_ask__queue_imbalance_std_5s,ANY_4,A2_depth_near_ask__cancel_rate_ask | B1_realized_volatility_30s__depth_mid_ask | C1_cancel_rate_ask__cancel_ratio | D2_depth_near_ask__queue_imbalance_std_5s,349,0.9627507163323782,11.00214899713467,90,0.9222222222222223,6.813888888888889,124,0.9435483870967742,8.818548387096774,-0.019202329235603943,-2.183600610037896,90,187.66666666666666,0.7316523477216009,0.8831290502305614,0.746277788047776
vote_ge_2,4,A2_depth_near_ask__cancel_rate_ask | C1_cancel_rate_ask__cancel_ratio | C2_cancel_rate_ask__bid_depth_curvature | D1_depth_mid_ask__queue_imbalance_std_5s,AT_LEAST_2_OF_4,A2_depth_near_ask__cancel_rate_ask | C1_cancel_rate_ask__cancel_ratio | C2_cancel_rate_ask__bid_depth_curvature | D1_depth_mid_ask__queue_imbalance_std_5s,213,0.9671361502347418,13.112676056338028,45,0.8888888888888888,6.405555555555556,77,0.948051948051948,10.081168831168831,-0.01908420218279372,-3.0315072251691966,45,111.66666666666667,0.7312344369245778,0.823401825091966,0.7406203991626527
union_any,4,A2_depth_near_ask__cancel_rate_ask | B2_realized_vol_1m__depth_mid_ask | C1_cancel_rate_ask__cancel_ratio | D1_depth_mid_ask__queue_imbalance_std_5s,ANY_4,A2_depth_near_ask__cancel_rate_ask | B2_realized_vol_1m__depth_mid_ask | C1_cancel_rate_ask__cancel_ratio | D1_depth_mid_ask__queue_imbalance_std_5s,345,0.9594202898550724,11.067391304347826,92,0.9130434782608695,6.646739130434782,125,0.944,8.726,-0.015420289855072489,-2.341391304347825,92,187.33333333333334,0.7311913043478261,0.8839266666666666,0.7431150724637682
union_any,4,A2_depth_near_ask__cancel_rate_ask | B1_realized_volatility_30s__depth_mid_ask | C1_cancel_rate_ask__cancel_ratio | D1_depth_mid_ask__queue_imbalance_std_5s,ANY_4,A2_depth_near_ask__cancel_rate_ask | B1_realized_volatility_30s__depth_mid_ask | C1_cancel_rate_ask__cancel_ratio | D1_depth_mid_ask__queue_imbalance_std_5s,344,0.9622093023255814,11.071220930232558,93,0.9247311827956989,6.615591397849462,124,0.9435483870967742,8.786290322580646,-0.018660915228807196,-2.284930607651912,93,187.0,0.7311688547136785,0.8878624031007754,0.7452079894973743
union_any,3,A2_depth_near_ask__cancel_rate_ask | C1_cancel_rate_ask__cancel_ratio | D1_depth_mid_ask__queue_imbalance_std_5s,ANY_3,A2_depth_near_ask__cancel_rate_ask | C1_cancel_rate_ask__cancel_ratio | D1_depth_mid_ask__queue_imbalance_std_5s,318,0.9622641509433962,11.305817610062894,85,0.9176470588235294,6.376470588235295,122,0.9426229508196722,8.87295081967213,-0.019641200123724056,-2.4328667903907633,85,175.0,0.7310987215176824,0.8748439802769238,0.7439226431267425
union_any,2,A2_depth_near_ask__cancel_rate_ask | C1_cancel_rate_ask__cancel_ratio,ANY_2,A2_depth_near_ask__cancel_rate_ask | C1_cancel_rate_ask__cancel_ratio,274,0.9635036496350365,11.856751824817518,60,0.9166666666666666,6.454166666666667,106,0.9528301886792453,9.018867924528301,-0.010673460955791247,-2.837883900289217,60,146.66666666666666,0.7310207042188863,0.8435867419547353,0.7396153651930405
union_any,2,C2_cancel_rate_ask__bid_depth_curvature | D1_depth_mid_ask__queue_imbalance_std_5s,ANY_2,C2_cancel_rate_ask__bid_depth_curvature | D1_depth_mid_ask__queue_imbalance_std_5s,253,0.9644268774703557,12.121541501976285,78,0.8974358974358975,6.416666666666667,90,0.9444444444444444,9.777777777777779,-0.019982433025911295,-2.3437637241985065,78,140.33333333333334,0.7309647196603719,0.8700444917401439,0.7452296093600441
vote_ge_2,4,A2_depth_near_ask__cancel_rate_ask | B1_realized_volatility_30s__depth_mid_ask | C1_cancel_rate_ask__cancel_ratio | D1_depth_mid_ask__queue_imbalance_std_5s,AT_LEAST_2_OF_4,A2_depth_near_ask__cancel_rate_ask | B1_realized_volatility_30s__depth_mid_ask | C1_cancel_rate_ask__cancel_ratio | D1_depth_mid_ask__queue_imbalance_std_5s,232,0.9612068965517241,12.863146551724139,45,0.8888888888888888,7.144444444444445,74,0.9459459459459459,10.18581081081081,-0.015260950605778145,-2.6773357409133283,45,117.0,0.7309130941286114,0.8239881692036866,0.7428372812467641
union_any,2,A2_depth_near_ask__cancel_rate_ask | C2_cancel_rate_ask__bid_depth_curvature,ANY_2,A2_depth_near_ask__cancel_rate_ask | C2_cancel_rate_ask__bid_depth_curvature,248,0.9637096774193549,12.222782258064516,55,0.8909090909090909,6.472727272727273,89,0.9438202247191011,9.817415730337078,-0.019889452700253774,-2.4053665277274376,55,130.66666666666666,0.7308537513591881,0.834395120102804,0.7442405254978198
vote_ge_2,4,A1_depth_mid_ask__cancel_rate_ask | A2_depth_near_ask__cancel_rate_ask | C1_cancel_rate_ask__cancel_ratio | C2_cancel_rate_ask__bid_depth_curvature,AT_LEAST_2_OF_4,A1_depth_mid_ask__cancel_rate_ask | A2_depth_near_ask__cancel_rate_ask | C1_cancel_rate_ask__cancel_ratio | C2_cancel_rate_ask__bid_depth_curvature,235,0.9617021276595744,12.680851063829786,52,0.9038461538461539,6.653846153846154,86,0.9418604651162791,9.956395348837209,-0.019841662543295335,-2.724455714992578,52,124.33333333333333,0.7307929655286163,0.833093204049785,0.7440006470521068
vote_ge_2,3,A2_depth_near_ask__cancel_rate_ask | B2_realized_vol_1m__depth_mid_ask | C1_cancel_rate_ask__cancel_ratio,AT_LEAST_2_OF_3,A2_depth_near_ask__cancel_rate_ask | B2_realized_vol_1m__depth_mid_ask | C1_cancel_rate_ask__cancel_ratio,208,0.9615384615384616,13.30048076923077,34,0.8529411764705882,5.904411764705882,66,0.9545454545454546,10.136363636363637,-0.006993006993006978,-3.1641171328671334,34,102.66666666666667,0.7307855477855478,0.8040707527766352,0.7340181852461265
union_any,3,A1_depth_mid_ask__cancel_rate_ask | B2_realized_vol_1m__depth_mid_ask | C1_cancel_rate_ask__cancel_ratio,ANY_3,A1_depth_mid_ask__cancel_rate_ask | B2_realized_vol_1m__depth_mid_ask | C1_cancel_rate_ask__cancel_ratio,312,0.9551282051282052,11.513621794871796,77,0.922077922077922,7.201298701298701,117,0.9401709401709402,9.023504273504274,-0.014957264957265015,-2.4901175213675213,77,168.66666666666666,0.7304729344729345,0.8647232767232765,0.7436369232619233
union_any,4,A1_depth_mid_ask__cancel_rate_ask | B1_realized_volatility_30s__depth_mid_ask | B2_realized_vol_1m__depth_mid_ask | C1_cancel_rate_ask__cancel_ratio,ANY_4,A1_depth_mid_ask__cancel_rate_ask | B1_realized_volatility_30s__depth_mid_ask | B2_realized_vol_1m__depth_mid_ask | C1_cancel_rate_ask__cancel_ratio,315,0.9555555555555556,11.41904761904762,79,0.9240506329113924,7.151898734177215,117,0.9401709401709402,9.023504273504274,-0.015384615384615441,-2.395543345543345,79,170.33333333333334,0.7304301994301995,0.8680750838472359,0.7444646888507649
vote_ge_2,3,A2_depth_near_ask__cancel_rate_ask | C1_cancel_rate_ask__cancel_ratio | D2_depth_near_ask__queue_imbalance_std_5s,AT_LEAST_2_OF_3,A2_depth_near_ask__cancel_rate_ask | C1_cancel_rate_ask__cancel_ratio | D2_depth_near_ask__queue_imbalance_std_5s,188,0.9680851063829787,13.363031914893616,31,0.8387096774193549,5.556451612903226,60,0.95,10.483333333333333,-0.018085106382978777,-2.879698581560284,31,93.0,0.7304137115839244,0.7972667581789064,0.7368396438648669
union_any,3,C1_cancel_rate_ask__cancel_ratio | D1_depth_mid_ask__queue_imbalance_std_5s | D2_depth_near_ask__queue_imbalance_std_5s,ANY_3,C1_cancel_rate_ask__cancel_ratio | D1_depth_mid_ask__queue_imbalance_std_5s | D2_depth_near_ask__queue_imbalance_std_5s,292,0.9691780821917808,11.446917808219178,85,0.9176470588235294,6.402941176470589,115,0.9478260869565217,8.908695652173913,-0.021351995235259102,-2.538222156045265,85,164.0,0.730364800476474,0.8771116035455279,0.742256268320312
union_any,4,A1_depth_mid_ask__cancel_rate_ask | A2_depth_near_ask__cancel_rate_ask | B2_realized_vol_1m__depth_mid_ask | C1_cancel_rate_ask__cancel_ratio,ANY_4,A1_depth_mid_ask__cancel_rate_ask | A2_depth_near_ask__cancel_rate_ask | B2_realized_vol_1m__depth_mid_ask | C1_cancel_rate_ask__cancel_ratio,326,0.9570552147239264,11.348159509202453,78,0.9230769230769231,7.201923076923077,117,0.9401709401709402,9.023504273504274,-0.016884274552986245,-2.324655235698179,78,173.66666666666666,0.7302802335133624,0.8662303759635047,0.7448399052662857
vote_ge_2,3,A2_depth_near_ask__cancel_rate_ask | C1_cancel_rate_ask__cancel_ratio | C2_cancel_rate_ask__bid_depth_curvature,AT_LEAST_2_OF_3,A2_depth_near_ask__cancel_rate_ask | C1_cancel_rate_ask__cancel_ratio | C2_cancel_rate_ask__bid_depth_curvature,195,0.9641025641025641,13.316666666666666,40,0.875,6.3,73,0.9452054794520548,10.205479452054794,-0.01889708465050932,-3.1111872146118724,40,102.66666666666667,0.730044081489287,0.813247277836319,0.7381902587519025
union_any,2,C1_cancel_rate_ask__cancel_ratio | D1_depth_mid_ask__queue_imbalance_std_5s,ANY_2,C1_cancel_rate_ask__cancel_ratio | D1_depth_mid_ask__queue_imbalance_std_5s,273,0.967032967032967,11.73076923076923,81,0.9135802469135802,6.41358024691358,114,0.9473684210526315,8.905701754385966,-0.019664545980335513,-2.825067476383264,81,156.0,0.7297776974487502,0.8702539807495948,0.7392172239716099
vote_ge_2,4,A2_depth_near_ask__cancel_rate_ask | B1_realized_volatility_30s__depth_mid_ask | C2_cancel_rate_ask__bid_depth_curvature | D2_depth_near_ask__queue_imbalance_std_5s,AT_LEAST_2_OF_4,A2_depth_near_ask__cancel_rate_ask | B1_realized_volatility_30s__depth_mid_ask | C2_cancel_rate_ask__bid_depth_curvature | D2_depth_near_ask__queue_imbalance_std_5s,236,0.961864406779661,12.703389830508474,42,0.8809523809523809,6.898809523809524,67,0.9402985074626866,10.511194029850746,-0.02156589931697439,-2.1921958006577285,42,115.0,0.7296643055906906,0.8182652295423609,0.7463089576331418
union_any,3,A2_depth_near_ask__cancel_rate_ask | C1_cancel_rate_ask__cancel_ratio | D2_depth_near_ask__queue_imbalance_std_5s,ANY_3,A2_depth_near_ask__cancel_rate_ask | C1_cancel_rate_ask__cancel_ratio | D2_depth_near_ask__queue_imbalance_std_5s,317,0.9621451104100947,11.271293375394322,78,0.9102564102564102,6.544871794871795,121,0.9421487603305785,8.816115702479339,-0.019996350079516167,-2.4551776729149832,78,172.0,0.7294025688487977,0.8620723082003552,0.7412321700381638
union_any,2,B1_realized_volatility_30s__depth_mid_ask | C1_cancel_rate_ask__cancel_ratio,ANY_2,B1_realized_volatility_30s__depth_mid_ask | C1_cancel_rate_ask__cancel_ratio,293,0.962457337883959,11.737201365187714,71,0.9436619718309859,7.422535211267606,104,0.9519230769230769,9.0,-0.010534260960882169,-2.7372013651877136,71,156.0,0.7293119585192964,0.8649481990393397,0.7412912650049241
vote_ge_2,4,A2_depth_near_ask__cancel_rate_ask | C1_cancel_rate_ask__cancel_ratio | C2_cancel_rate_ask__bid_depth_curvature | D2_depth_near_ask__queue_imbalance_std_5s,AT_LEAST_2_OF_4,A2_depth_near_ask__cancel_rate_ask | C1_cancel_rate_ask__cancel_ratio | C2_cancel_rate_ask__bid_depth_curvature | D2_depth_near_ask__queue_imbalance_std_5s,213,0.9671361502347418,12.98356807511737,43,0.8837209302325582,6.424418604651163,75,0.9466666666666667,10.06,-0.020469483568075098,-2.9235680751173696,43,110.33333333333333,0.7291197183098591,0.8184639043563708,0.7389149725224733
union_any,4,A1_depth_mid_ask__cancel_rate_ask | C2_cancel_rate_ask__bid_depth_curvature | D1_depth_mid_ask__queue_imbalance_std_5s | D2_depth_near_ask__queue_imbalance_std_5s,ANY_4,A1_depth_mid_ask__cancel_rate_ask | C2_cancel_rate_ask__bid_depth_curvature | D1_depth_mid_ask__queue_imbalance_std_5s | D2_depth_near_ask__queue_imbalance_std_5s,304,0.9605263157894737,11.51233552631579,90,0.9111111111111111,6.358333333333333,109,0.9357798165137615,9.353211009174313,-0.024746499275712153,-2.1591245171414766,90,167.66666666666666,0.7290131176565268,0.8825916089918988,0.745804103626804
vote_ge_2,4,A2_depth_near_ask__cancel_rate_ask | B1_realized_volatility_30s__depth_mid_ask | C2_cancel_rate_ask__bid_depth_curvature | D1_depth_mid_ask__queue_imbalance_std_5s,AT_LEAST_2_OF_4,A2_depth_near_ask__cancel_rate_ask | B1_realized_volatility_30s__depth_mid_ask | C2_cancel_rate_ask__bid_depth_curvature | D1_depth_mid_ask__queue_imbalance_std_5s,234,0.9615384615384616,12.767094017094017,47,0.8936170212765957,7.287234042553192,65,0.9384615384615385,10.588461538461539,-0.023076923076923106,-2.178632478632478,47,115.33333333333333,0.7289743589743589,0.8281849427168577,0.7475682548342122
union_any,3,A2_depth_near_ask__cancel_rate_ask | B1_realized_volatility_30s__depth_mid_ask | C1_cancel_rate_ask__cancel_ratio,ANY_3,A2_depth_near_ask__cancel_rate_ask | B1_realized_volatility_30s__depth_mid_ask | C1_cancel_rate_ask__cancel_ratio,320,0.9625,11.43203125,76,0.9342105263157895,7.151315789473684,111,0.9459459459459459,8.963963963963964,-0.01655405405405408,-2.4680672860360353,76,169.0,0.7289196696696696,0.8672047178757705,0.7428276310850324
union_any,3,A1_depth_mid_ask__cancel_rate_ask | C2_cancel_rate_ask__bid_depth_curvature | D2_depth_near_ask__queue_imbalance_std_5s,ANY_3,A1_depth_mid_ask__cancel_rate_ask | C2_cancel_rate_ask__bid_depth_curvature | D2_depth_near_ask__queue_imbalance_std_5s,297,0.9595959595959596,11.616161616161616,80,0.9,6.58125,108,0.9351851851851852,9.391203703703704,-0.024410774410774327,-2.2249579124579117,80,161.66666666666666,0.7289123176206511,0.8655450336700337,0.7443058361391696
union_any,4,A1_depth_mid_ask__cancel_rate_ask | A2_depth_near_ask__cancel_rate_ask | C2_cancel_rate_ask__bid_depth_curvature | D2_depth_near_ask__queue_imbalance_std_5s,ANY_4,A1_depth_mid_ask__cancel_rate_ask | A2_depth_near_ask__cancel_rate_ask | C2_cancel_rate_ask__bid_depth_curvature | D2_depth_near_ask__queue_imbalance_std_5s,303,0.9603960396039604,11.516501650165017,80,0.9,6.58125,108,0.9351851851851852,9.391203703703704,-0.02521085441877513,-2.1252979464613126,80,163.66666666666666,0.728832309619851,0.8654650256692337,0.7449702359124802
union_any,2,B2_realized_vol_1m__depth_mid_ask | C2_cancel_rate_ask__bid_depth_curvature,ANY_2,B2_realized_vol_1m__depth_mid_ask | C2_cancel_rate_ask__bid_depth_curvature,269,0.9591078066914498,11.943308550185874,64,0.890625,7.234375,84,0.9404761904761905,9.928571428571429,-0.018631616215259328,-2.014737121614445,64,139.0,0.7288273145689503,0.8477380288546645,0.7453690144273324
union_any,4,A1_depth_mid_ask__cancel_rate_ask | B1_realized_volatility_30s__depth_mid_ask | C2_cancel_rate_ask__bid_depth_curvature | D2_depth_near_ask__queue_imbalance_std_5s,ANY_4,A1_depth_mid_ask__cancel_rate_ask | B1_realized_volatility_30s__depth_mid_ask | C2_cancel_rate_ask__bid_depth_curvature | D2_depth_near_ask__queue_imbalance_std_5s,320,0.959375,11.346875,86,0.9069767441860465,6.738372093023256,110,0.9363636363636364,9.284090909090908,-0.02301136363636358,-2.0627840909090924,86,172.0,0.7287973484848487,0.8754805761099365,0.7453548713883016
vote_ge_2,4,A2_depth_near_ask__cancel_rate_ask | B1_realized_volatility_30s__depth_mid_ask | C1_cancel_rate_ask__cancel_ratio | D2_depth_near_ask__queue_imbalance_std_5s,AT_LEAST_2_OF_4,A2_depth_near_ask__cancel_rate_ask | B1_realized_volatility_30s__depth_mid_ask | C1_cancel_rate_ask__cancel_ratio | D2_depth_near_ask__queue_imbalance_std_5s,232,0.9612068965517241,12.820043103448276,39,0.8717948717948718,6.576923076923077,72,0.9444444444444444,10.166666666666666,-0.01676245210727967,-2.6533764367816097,39,114.33333333333333,0.7287681992337165,0.8106271735926909,0.7393791998231654
union_any,4,A1_depth_mid_ask__cancel_rate_ask | B2_realized_vol_1m__depth_mid_ask | C2_cancel_rate_ask__bid_depth_curvature | D2_depth_near_ask__queue_imbalance_std_5s,ANY_4,A1_depth_mid_ask__cancel_rate_ask | B2_realized_vol_1m__depth_mid_ask | C2_cancel_rate_ask__bid_depth_curvature | D2_depth_near_ask__queue_imbalance_std_5s,322,0.9565217391304348,11.33695652173913,86,0.8953488372093024,6.787790697674419,111,0.9369369369369369,9.211711711711711,-0.019584802193497897,-2.1252448100274197,86,173.0,0.7286916699308004,0.8730031791144026,0.7430287471495762
union_any,4,A1_depth_mid_ask__cancel_rate_ask | A2_depth_near_ask__cancel_rate_ask | C2_cancel_rate_ask__bid_depth_curvature | D1_depth_mid_ask__queue_imbalance_std_5s,ANY_4,A1_depth_mid_ask__cancel_rate_ask | A2_depth_near_ask__cancel_rate_ask | C2_cancel_rate_ask__bid_depth_curvature | D1_depth_mid_ask__queue_imbalance_std_5s,298,0.959731543624161,11.604865771812081,86,0.9069767441860465,6.366279069767442,108,0.9351851851851852,9.354166666666666,-0.02454635843897579,-2.250699105145415,86,164.0,0.7282814752672135,0.8755564537340526,0.7440911618657834
union_any,2,A1_depth_mid_ask__cancel_rate_ask | A2_depth_near_ask__cancel_rate_ask,ANY_2,A1_depth_mid_ask__cancel_rate_ask | A2_depth_near_ask__cancel_rate_ask,249,0.9598393574297188,12.427710843373495,48,0.8958333333333334,6.666666666666667,82,0.9390243902439024,10.0,-0.020814967185816435,-2.427710843373495,48,126.33333333333333,0.7281461455578412,0.824694926045646,0.7430571309628758
union_any,2,C1_cancel_rate_ask__cancel_ratio | D2_depth_near_ask__queue_imbalance_std_5s,ANY_2,C1_cancel_rate_ask__cancel_ratio | D2_depth_near_ask__queue_imbalance_std_5s,279,0.967741935483871,11.61021505376344,74,0.9054054054054054,6.594594594594595,113,0.9469026548672567,8.845132743362832,-0.02083928061661433,-2.765082310400608,74,155.33333333333334,0.7279411456846512,0.8572095423999506,0.7369252425419995
union_any,3,A1_depth_mid_ask__cancel_rate_ask | C2_cancel_rate_ask__bid_depth_curvature | D1_depth_mid_ask__queue_imbalance_std_5s,ANY_3,A1_depth_mid_ask__cancel_rate_ask | C2_cancel_rate_ask__bid_depth_curvature | D1_depth_mid_ask__queue_imbalance_std_5s,284,0.9577464788732394,11.73855633802817,85,0.9058823529411765,6.402941176470589,106,0.9339622641509434,9.379716981132075,-0.02378421472229597,-2.3588393568960946,85,158.33333333333334,0.7272332137478963,0.8736801245877038,0.7423437716569488
union_any,3,B1_realized_volatility_30s__depth_mid_ask | C2_cancel_rate_ask__bid_depth_curvature | D2_depth_near_ask__queue_imbalance_std_5s,ANY_3,B1_realized_volatility_30s__depth_mid_ask | C2_cancel_rate_ask__bid_depth_curvature | D2_depth_near_ask__queue_imbalance_std_5s,312,0.9647435897435898,11.438301282051283,83,0.9036144578313253,6.686746987951807,96,0.9375,9.604166666666666,-0.027243589743589758,-1.8341346153846168,83,163.66666666666666,0.7272200854700854,0.8735401992585727,0.7463422150139017
union_any,4,A1_depth_mid_ask__cancel_rate_ask | B1_realized_volatility_30s__depth_mid_ask | C2_cancel_rate_ask__bid_depth_curvature | D1_depth_mid_ask__queue_imbalance_std_5s,ANY_4,A1_depth_mid_ask__cancel_rate_ask | B1_realized_volatility_30s__depth_mid_ask | C2_cancel_rate_ask__bid_depth_curvature | D1_depth_mid_ask__queue_imbalance_std_5s,307,0.9576547231270358,11.44869706840391,88,0.9090909090909091,6.5710227272727275,108,0.9351851851851852,9.270833333333334,-0.02246953794185058,-2.1778637350705754,88,167.66666666666666,0.7271002684280372,0.8783536354314042,0.7431214808234353
union_any,4,A1_depth_mid_ask__cancel_rate_ask | A2_depth_near_ask__cancel_rate_ask | B1_realized_volatility_30s__depth_mid_ask | C2_cancel_rate_ask__bid_depth_curvature,ANY_4,A1_depth_mid_ask__cancel_rate_ask | A2_depth_near_ask__cancel_rate_ask | B1_realized_volatility_30s__depth_mid_ask | C2_cancel_rate_ask__bid_depth_curvature,297,0.9595959595959596,11.747474747474747,72,0.9166666666666666,7.079861111111111,97,0.9381443298969072,9.512886597938145,-0.021451629699052344,-2.2345881495366022,72,155.33333333333334,0.7270678954493388,0.8595747683015724,0.743877659759103
union_any,4,A1_depth_mid_ask__cancel_rate_ask | B2_realized_vol_1m__depth_mid_ask | C2_cancel_rate_ask__bid_depth_curvature | D1_depth_mid_ask__queue_imbalance_std_5s,ANY_4,A1_depth_mid_ask__cancel_rate_ask | B2_realized_vol_1m__depth_mid_ask | C2_cancel_rate_ask__bid_depth_curvature | D1_depth_mid_ask__queue_imbalance_std_5s,308,0.9545454545454546,11.443181818181818,89,0.898876404494382,6.595505617977528,109,0.9357798165137615,9.197247706422019,-0.018765638031693066,-2.2459341117597997,89,168.66666666666666,0.7270118154017238,0.877683120765432,0.7408826362792964
union_any,2,B1_realized_volatility_30s__depth_mid_ask | C2_cancel_rate_ask__bid_depth_curvature,ANY_2,B1_realized_volatility_30s__depth_mid_ask | C2_cancel_rate_ask__bid_depth_curvature,267,0.9625468164794008,12.05430711610487,66,0.9090909090909091,7.0,80,0.9375,10.053125,-0.02504681647940077,-2.0011821161048697,66,137.66666666666666,0.7269224016853932,0.8538447501702418,0.7467553768017251
union_any,4,B1_realized_volatility_30s__depth_mid_ask | C2_cancel_rate_ask__bid_depth_curvature | D1_depth_mid_ask__queue_imbalance_std_5s | D2_depth_near_ask__queue_imbalance_std_5s,ANY_4,B1_realized_volatility_30s__depth_mid_ask | C2_cancel_rate_ask__bid_depth_curvature | D1_depth_mid_ask__queue_imbalance_std_5s | D2_depth_near_ask__queue_imbalance_std_5s,320,0.965625,11.35625,91,0.9120879120879121,6.508241758241758,98,0.9387755102040817,9.482142857142858,-0.02684948979591828,-1.8741071428571416,91,169.66666666666666,0.7267997448979593,0.886564266091052,0.7459290293040294
vote_ge_2,4,A2_depth_near_ask__cancel_rate_ask | B1_realized_volatility_30s__depth_mid_ask | B2_realized_vol_1m__depth_mid_ask | C2_cancel_rate_ask__bid_depth_curvature,AT_LEAST_2_OF_4,A2_depth_near_ask__cancel_rate_ask | B1_realized_volatility_30s__depth_mid_ask | B2_realized_vol_1m__depth_mid_ask | C2_cancel_rate_ask__bid_depth_curvature,251,0.9601593625498008,12.421314741035857,47,0.8936170212765957,7.069148936170213,68,0.9411764705882353,10.261029411764707,-0.01898289196156555,-2.160285329271151,47,122.0,0.7266482794312944,0.8264059974121039,0.7435921528736951
union_any,3,A2_depth_near_ask__cancel_rate_ask | C2_cancel_rate_ask__bid_depth_curvature | D2_depth_near_ask__queue_imbalance_std_5s,ANY_3,A2_depth_near_ask__cancel_rate_ask | C2_cancel_rate_ask__bid_depth_curvature | D2_depth_near_ask__queue_imbalance_std_5s,291,0.9621993127147767,11.530927835051546,73,0.8904109589041096,6.565068493150685,104,0.9326923076923077,9.466346153846153,-0.029507005022468946,-2.064581681205393,73,156.0,0.7265332738567275,0.8523718758939597,0.7430464487849392
vote_ge_2,4,A1_depth_mid_ask__cancel_rate_ask | A2_depth_near_ask__cancel_rate_ask | C2_cancel_rate_ask__bid_depth_curvature | D2_depth_near_ask__queue_imbalance_std_5s,AT_LEAST_2_OF_4,A1_depth_mid_ask__cancel_rate_ask | A2_depth_near_ask__cancel_rate_ask | C2_cancel_rate_ask__bid_depth_curvature | D2_depth_near_ask__queue_imbalance_std_5s,231,0.961038961038961,12.645021645021645,41,0.8780487804878049,6.652439024390244,78,0.9358974358974359,10.131410256410257,-0.025141525141525123,-2.5136113886113876,41,116.66666666666667,0.7264965312465312,0.8102686805064854,0.740239776483679
vote_ge_2,4,A2_depth_near_ask__cancel_rate_ask | B1_realized_volatility_30s__depth_mid_ask | B2_realized_vol_1m__depth_mid_ask | C1_cancel_rate_ask__cancel_ratio,AT_LEAST_2_OF_4,A2_depth_near_ask__cancel_rate_ask | B1_realized_volatility_30s__depth_mid_ask | B2_realized_vol_1m__depth_mid_ask | C1_cancel_rate_ask__cancel_ratio,252,0.9603174603174603,12.63888888888889,48,0.8958333333333334,7.078125,72,0.9444444444444444,10.024305555555555,-0.015873015873015928,-2.614583333333334,48,124.0,0.7264844576719577,0.8276001984126984,0.7391944444444445
union_any,3,B2_realized_vol_1m__depth_mid_ask | C2_cancel_rate_ask__bid_depth_curvature | D2_depth_near_ask__queue_imbalance_std_5s,ANY_3,B2_realized_vol_1m__depth_mid_ask | C2_cancel_rate_ask__bid_depth_curvature | D2_depth_near_ask__queue_imbalance_std_5s,315,0.9619047619047619,11.372222222222222,82,0.8902439024390244,6.783536585365853,99,0.9393939393939394,9.383838383838384,-0.02251082251082248,-1.9883838383838377,82,165.33333333333334,0.726373496873497,0.8683936578326823,0.7417331444526567
union_any,4,B1_realized_volatility_30s__depth_mid_ask | B2_realized_vol_1m__depth_mid_ask | C2_cancel_rate_ask__bid_depth_curvature | D2_depth_near_ask__queue_imbalance_std_5s,ANY_4,B1_realized_volatility_30s__depth_mid_ask | B2_realized_vol_1m__depth_mid_ask | C2_cancel_rate_ask__bid_depth_curvature | D2_depth_near_ask__queue_imbalance_std_5s,318,0.9622641509433962,11.317610062893081,86,0.8953488372093024,6.665697674418604,99,0.9393939393939394,9.383838383838384,-0.022870211549456787,-1.933771679054697,86,167.66666666666666,0.7263375579696335,0.8753787058828745,0.7426077189918787
union_any,4,A2_depth_near_ask__cancel_rate_ask | B1_realized_volatility_30s__depth_mid_ask | C2_cancel_rate_ask__bid_depth_curvature | D2_depth_near_ask__queue_imbalance_std_5s,ANY_4,A2_depth_near_ask__cancel_rate_ask | B1_realized_volatility_30s__depth_mid_ask | C2_cancel_rate_ask__bid_depth_curvature | D2_depth_near_ask__queue_imbalance_std_5s,323,0.9628482972136223,11.29953560371517,84,0.9047619047619048,6.648809523809524,106,0.9339622641509434,9.35377358490566,-0.028886033062678895,-1.9457620188095106,84,171.0,0.7262906419767511,0.8711864191555471,0.7444667078350705
single,1,A2_depth_near_ask__cancel_rate_ask,single,A2_depth_near_ask__cancel_rate_ask,226,0.9601769911504425,12.5929203539823,35,0.8571428571428571,5.564285714285714,68,0.9411764705882353,10.238970588235293,-0.019000520562207246,-2.353949765747007,35,109.66666666666667,0.7262788695124067,0.8008888134899979,0.7382124637465606
union_any,3,A2_depth_near_ask__cancel_rate_ask | B2_realized_vol_1m__depth_mid_ask | C1_cancel_rate_ask__cancel_ratio,ANY_3,A2_depth_near_ask__cancel_rate_ask | B2_realized_vol_1m__depth_mid_ask | C1_cancel_rate_ask__cancel_ratio,322,0.9596273291925466,11.43167701863354,75,0.92,7.216666666666667,114,0.9385964912280702,8.94078947368421,-0.021030837964476357,-2.490887544949329,75,170.33333333333334,0.7262784951509207,0.8592434074316226,0.7397186444371797
union_any,4,A2_depth_near_ask__cancel_rate_ask | B1_realized_volatility_30s__depth_mid_ask | B2_realized_vol_1m__depth_mid_ask | C1_cancel_rate_ask__cancel_ratio,ANY_4,A2_depth_near_ask__cancel_rate_ask | B1_realized_volatility_30s__depth_mid_ask | B2_realized_vol_1m__depth_mid_ask | C1_cancel_rate_ask__cancel_ratio,325,0.96,11.340769230769231,79,0.9240506329113924,7.1424050632911396,114,0.9385964912280702,8.94078947368421,-0.021403508771929758,-2.3999797570850205,79,172.66666666666666,0.7262412280701753,0.8660162669331557,0.7407297596474145
union_any,4,A2_depth_near_ask__cancel_rate_ask | C2_cancel_rate_ask__bid_depth_curvature | D1_depth_mid_ask__queue_imbalance_std_5s | D2_depth_near_ask__queue_imbalance_std_5s,ANY_4,A2_depth_near_ask__cancel_rate_ask | C2_cancel_rate_ask__bid_depth_curvature | D1_depth_mid_ask__queue_imbalance_std_5s | D2_depth_near_ask__queue_imbalance_std_5s,305,0.9639344262295082,11.45983606557377,86,0.9069767441860465,6.366279069767442,106,0.9339622641509434,9.356132075471699,-0.02997216207856479,-2.103703990102071,86,165.66666666666666,0.7262213372512631,0.8745443590444473,0.7436824151135217
union_any,3,B1_realized_volatility_30s__depth_mid_ask | B2_realized_vol_1m__depth_mid_ask | C1_cancel_rate_ask__cancel_ratio,ANY_3,B1_realized_volatility_30s__depth_mid_ask | B2_realized_vol_1m__depth_mid_ask | C1_cancel_rate_ask__cancel_ratio,301,0.9601328903654485,11.635382059800664,77,0.922077922077922,7.201298701298701,107,0.9439252336448598,8.97429906542056,-0.01620765672058866,-2.661082994380104,77,161.66666666666666,0.7262172405584707,0.865607902855675,0.7378270519960369
union_any,4,A2_depth_near_ask__cancel_rate_ask | B2_realized_vol_1m__depth_mid_ask | C2_cancel_rate_ask__bid_depth_curvature | D2_depth_near_ask__queue_imbalance_std_5s,ANY_4,A2_depth_near_ask__cancel_rate_ask | B2_realized_vol_1m__depth_mid_ask | C2_cancel_rate_ask__bid_depth_curvature | D2_depth_near_ask__queue_imbalance_std_5s,324,0.9598765432098766,11.282407407407407,82,0.8902439024390244,6.783536585365853,107,0.9345794392523364,9.27803738317757,-0.025297103957540146,-2.0043700242298357,82,171.0,0.7261649936540902,0.8651312196247612,0.7418254748175727
union_any,3,A1_depth_mid_ask__cancel_rate_ask | B1_realized_volatility_30s__depth_mid_ask | C2_cancel_rate_ask__bid_depth_curvature,ANY_3,A1_depth_mid_ask__cancel_rate_ask | B1_realized_volatility_30s__depth_mid_ask | C2_cancel_rate_ask__bid_depth_curvature,283,0.9575971731448764,11.8886925795053,71,0.9154929577464789,7.133802816901408,95,0.9368421052631579,9.544736842105262,-0.020755067881718436,-2.3439557374000373,71,149.66666666666666,0.7260823879486703,0.8577072952874398,0.7422123978761914
vote_ge_2,3,B2_realized_vol_1m__depth_mid_ask | C2_cancel_rate_ask__bid_depth_curvature | D2_depth_near_ask__queue_imbalance_std_5s,AT_LEAST_2_OF_3,B2_realized_vol_1m__depth_mid_ask | C2_cancel_rate_ask__bid_depth_curvature | D2_depth_near_ask__queue_imbalance_std_5s,188,0.9574468085106383,13.502659574468085,31,0.9032258064516129,7.508064516129032,48,0.9583333333333334,10.255208333333334,0.0008865248226950229,-3.247451241134751,31,89.0,0.7260814864066194,0.8129419254747197,0.7331937390375963
union_any,4,B2_realized_vol_1m__depth_mid_ask | C2_cancel_rate_ask__bid_depth_curvature | D1_depth_mid_ask__queue_imbalance_std_5s | D2_depth_near_ask__queue_imbalance_std_5s,ANY_4,B2_realized_vol_1m__depth_mid_ask | C2_cancel_rate_ask__bid_depth_curvature | D1_depth_mid_ask__queue_imbalance_std_5s | D2_depth_near_ask__queue_imbalance_std_5s,322,0.9627329192546584,11.297360248447205,92,0.9021739130434783,6.516304347826087,101,0.9405940594059405,9.26980198019802,-0.022138859848717884,-2.0275582682491855,92,171.66666666666666,0.7260501404177684,0.8851565401881805,0.741804296578726
single,1,C1_cancel_rate_ask__cancel_ratio,single,C1_cancel_rate_ask__cancel_ratio,202,0.9752475247524752,12.876237623762377,50,0.92,6.585,94,0.9574468085106383,8.99468085106383,-0.017800716241836878,-3.8815567726985467,50,115.33333333333333,0.7259823397233341,0.8301454602907099,0.7281229548486764
vote_ge_2,3,A1_depth_mid_ask__cancel_rate_ask | A2_depth_near_ask__cancel_rate_ask | C2_cancel_rate_ask__bid_depth_curvature,AT_LEAST_2_OF_3,A1_depth_mid_ask__cancel_rate_ask | A2_depth_near_ask__cancel_rate_ask | C2_cancel_rate_ask__bid_depth_curvature,223,0.9596412556053812,12.717488789237668,40,0.875,6.7375,76,0.9342105263157895,10.1875,-0.02543072928959167,-2.5299887892376685,40,113.0,0.7256433305798128,0.8080161375973567,0.7393570922822752
union_any,3,A2_depth_near_ask__cancel_rate_ask | C2_cancel_rate_ask__bid_depth_curvature | D1_depth_mid_ask__queue_imbalance_std_5s,ANY_3,A2_depth_near_ask__cancel_rate_ask | C2_cancel_rate_ask__bid_depth_curvature | D1_depth_mid_ask__queue_imbalance_std_5s,293,0.962457337883959,11.652730375426621,82,0.9024390243902439,6.375,105,0.9333333333333333,9.357142857142858,-0.029124004550625693,-2.2955875182837637,82,160.0,0.7255399804973184,0.867480166327748,0.7412495094599898
vote_ge_2,4,A1_depth_mid_ask__cancel_rate_ask | A2_depth_near_ask__cancel_rate_ask | B2_realized_vol_1m__depth_mid_ask | C2_cancel_rate_ask__bid_depth_curvature,AT_LEAST_2_OF_4,A1_depth_mid_ask__cancel_rate_ask | A2_depth_near_ask__cancel_rate_ask | B2_realized_vol_1m__depth_mid_ask | C2_cancel_rate_ask__bid_depth_curvature,231,0.961038961038961,12.707792207792208,43,0.8837209302325582,6.726744186046512,76,0.9342105263157895,10.1875,-0.026828434723171535,-2.520292207792208,43,116.66666666666667,0.7255035600364548,0.8141205531005105,0.7402938291818342
vote_ge_2,4,A1_depth_mid_ask__cancel_rate_ask | A2_depth_near_ask__cancel_rate_ask | B1_realized_volatility_30s__depth_mid_ask | C2_cancel_rate_ask__bid_depth_curvature,AT_LEAST_2_OF_4,A1_depth_mid_ask__cancel_rate_ask | A2_depth_near_ask__cancel_rate_ask | B1_realized_volatility_30s__depth_mid_ask | C2_cancel_rate_ask__bid_depth_curvature,232,0.9612068965517241,12.712284482758621,45,0.8888888888888888,6.572222222222222,76,0.9342105263157895,10.1875,-0.026996370235934597,-2.524784482758621,45,117.66666666666667,0.7254867664851785,0.8181373512805002,0.7407806765476911
intersection_all,2,A2_depth_near_ask__cancel_rate_ask | C1_cancel_rate_ask__cancel_ratio,ALL_2,A2_depth_near_ask__cancel_rate_ask | C1_cancel_rate_ask__cancel_ratio,154,0.974025974025974,14.27435064935065,25,0.84,5.47,56,0.9464285714285714,10.459821428571429,-0.02759740259740262,-3.814529220779221,25,78.33333333333333,0.725463474025974,0.7859099025974026,0.7270162337662337
union_any,4,A2_depth_near_ask__cancel_rate_ask | B1_realized_volatility_30s__depth_mid_ask | C2_cancel_rate_ask__bid_depth_curvature | D1_depth_mid_ask__queue_imbalance_std_5s,ANY_4,A2_depth_near_ask__cancel_rate_ask | B1_realized_volatility_30s__depth_mid_ask | C2_cancel_rate_ask__bid_depth_curvature | D1_depth_mid_ask__queue_imbalance_std_5s,319,0.9623824451410659,11.391849529780565,88,0.9090909090909091,6.488636363636363,107,0.9345794392523364,9.24766355140187,-0.027803005888729415,-2.1441859783786956,88,171.33333333333334,0.7254081729313763,0.8773462924442623,0.7421705924862548
vote_ge_2,3,B1_realized_volatility_30s__depth_mid_ask | C1_cancel_rate_ask__cancel_ratio | C2_cancel_rate_ask__bid_depth_curvature,AT_LEAST_2_OF_3,B1_realized_volatility_30s__depth_mid_ask | C1_cancel_rate_ask__cancel_ratio | C2_cancel_rate_ask__bid_depth_curvature,177,0.96045197740113,13.662429378531073,36,0.8888888888888888,6.673611111111111,64,0.9375,10.4296875,-0.022951977401129975,-3.2327418785310726,36,92.33333333333333,0.725407927259887,0.8087794550376648,0.7360560263653485
union_any,4,A2_depth_near_ask__cancel_rate_ask | B2_realized_vol_1m__depth_mid_ask | C2_cancel_rate_ask__bid_depth_curvature | D1_depth_mid_ask__queue_imbalance_std_5s,ANY_4,A2_depth_near_ask__cancel_rate_ask | B2_realized_vol_1m__depth_mid_ask | C2_cancel_rate_ask__bid_depth_curvature | D1_depth_mid_ask__queue_imbalance_std_5s,319,0.9592476489028213,11.379310344827585,88,0.8977272727272727,6.53125,108,0.9351851851851852,9.17361111111111,-0.024062463717636096,-2.2056992337164747,88,171.66666666666666,0.7253206054800884,0.8749493933588762,0.7398551027516547
vote_ge_2,3,A1_depth_mid_ask__cancel_rate_ask | A2_depth_near_ask__cancel_rate_ask | D1_depth_mid_ask__queue_imbalance_std_5s,AT_LEAST_2_OF_3,A1_depth_mid_ask__cancel_rate_ask | A2_depth_near_ask__cancel_rate_ask | D1_depth_mid_ask__queue_imbalance_std_5s,212,0.9575471698113207,13.058962264150944,35,0.8857142857142857,6.507142857142857,66,0.9393939393939394,10.284090909090908,-0.01815323041738126,-2.7748713550600357,35,104.33333333333333,0.7253134648370498,0.806426018949604,0.7375419831740587
vote_ge_2,3,A1_depth_mid_ask__cancel_rate_ask | B1_realized_volatility_30s__depth_mid_ask | C2_cancel_rate_ask__bid_depth_curvature,AT_LEAST_2_OF_3,A1_depth_mid_ask__cancel_rate_ask | B1_realized_volatility_30s__depth_mid_ask | C2_cancel_rate_ask__bid_depth_curvature,208,0.9615384615384616,13.086538461538462,39,0.8974358974358975,6.6923076923076925,60,0.9333333333333333,10.6875,-0.028205128205128216,-2.3990384615384617,39,102.33333333333333,0.7253044871794873,0.8153750000000001,0.7441666666666666
union_any,3,B1_realized_volatility_30s__depth_mid_ask | C2_cancel_rate_ask__bid_depth_curvature | D1_depth_mid_ask__queue_imbalance_std_5s,ANY_3,B1_realized_volatility_30s__depth_mid_ask | C2_cancel_rate_ask__bid_depth_curvature | D1_depth_mid_ask__queue_imbalance_std_5s,300,0.9633333333333334,11.56,86,0.9069767441860465,6.561046511627907,95,0.9368421052631579,9.51578947368421,-0.026491228070175454,-2.0442105263157906,86,160.33333333333334,0.7250263157894736,0.8776409628722972,0.7427801305589555
union_any,3,A2_depth_near_ask__cancel_rate_ask | B1_realized_volatility_30s__depth_mid_ask | C2_cancel_rate_ask__bid_depth_curvature,ANY_3,A2_depth_near_ask__cancel_rate_ask | B1_realized_volatility_30s__depth_mid_ask | C2_cancel_rate_ask__bid_depth_curvature,294,0.9625850340136054,11.796768707482993,70,0.9142857142857143,6.982142857142857,93,0.9354838709677419,9.602150537634408,-0.02710116304586352,-2.194618169848585,70,152.33333333333334,0.7247934679248044,0.8553620803159974,0.7427601492209787
vote_ge_2,4,A1_depth_mid_ask__cancel_rate_ask | A2_depth_near_ask__cancel_rate_ask | C2_cancel_rate_ask__bid_depth_curvature | D1_depth_mid_ask__queue_imbalance_std_5s,AT_LEAST_2_OF_4,A1_depth_mid_ask__cancel_rate_ask | A2_depth_near_ask__cancel_rate_ask | C2_cancel_rate_ask__bid_depth_curvature | D1_depth_mid_ask__queue_imbalance_std_5s,230,0.9608695652173913,12.721739130434782,43,0.8837209302325582,6.790697674418604,77,0.935064935064935,10.081168831168831,-0.025804630152456265,-2.640570299265951,43,116.66666666666667,0.7247182382834556,0.8135013853689284,0.7381643949242533
union_any,2,B2_realized_vol_1m__depth_mid_ask | C1_cancel_rate_ask__cancel_ratio,ANY_2,B2_realized_vol_1m__depth_mid_ask | C1_cancel_rate_ask__cancel_ratio,298,0.959731543624161,11.736577181208053,72,0.9166666666666666,7.322916666666667,106,0.9433962264150944,8.929245283018869,-0.01633531720906667,-2.807331898189185,72,158.66666666666666,0.724715524882867,0.8563507450086532,0.7347247055843992
union_any,3,A2_depth_near_ask__cancel_rate_ask | D1_depth_mid_ask__queue_imbalance_std_5s | D2_depth_near_ask__queue_imbalance_std_5s,ANY_3,A2_depth_near_ask__cancel_rate_ask | D1_depth_mid_ask__queue_imbalance_std_5s | D2_depth_near_ask__queue_imbalance_std_5s,287,0.9616724738675958,11.738675958188153,67,0.8955223880597015,6.138059701492537,89,0.9325842696629213,9.786516853932584,-0.029088204204674506,-1.9521591042555695,67,147.66666666666666,0.7243627151600569,0.8475945335959671,0.7431726762382739
intersection_all,3,B1_realized_volatility_30s__depth_mid_ask | C1_cancel_rate_ask__cancel_ratio | C2_cancel_rate_ask__bid_depth_curvature,ALL_3,B1_realized_volatility_30s__depth_mid_ask | C1_cancel_rate_ask__cancel_ratio | C2_cancel_rate_ask__bid_depth_curvature,111,0.963963963963964,15.786036036036036,12,0.8333333333333334,6.75,28,0.9642857142857143,10.580357142857142,0.0003217503217503026,-5.205678893178893,12,50.333333333333336,0.7242356821106821,0.7761523487773488,0.7117359502359503
vote_ge_2,4,A2_depth_near_ask__cancel_rate_ask | B2_realized_vol_1m__depth_mid_ask | C1_cancel_rate_ask__cancel_ratio | D1_depth_mid_ask__queue_imbalance_std_5s,AT_LEAST_2_OF_4,A2_depth_near_ask__cancel_rate_ask | B2_realized_vol_1m__depth_mid_ask | C1_cancel_rate_ask__cancel_ratio | D1_depth_mid_ask__queue_imbalance_std_5s,234,0.9615384615384616,12.881410256410257,47,0.8936170212765957,7.0,75,0.9333333333333333,10.173333333333334,-0.028205128205128216,-2.7080769230769235,47,118.66666666666667,0.7242350427350428,0.821469558101473,0.7389411893071468
union_any,3,B2_realized_vol_1m__depth_mid_ask | C2_cancel_rate_ask__bid_depth_curvature | D1_depth_mid_ask__queue_imbalance_std_5s,ANY_3,B2_realized_vol_1m__depth_mid_ask | C2_cancel_rate_ask__bid_depth_curvature | D1_depth_mid_ask__queue_imbalance_std_5s,302,0.9602649006622517,11.495860927152318,87,0.896551724137931,6.568965517241379,98,0.9387755102040817,9.295918367346939,-0.02148939045817,-2.199942559805379,87,162.33333333333334,0.7242320133351354,0.8761307935368714,0.7384786846001248
union_any,4,B1_realized_volatility_30s__depth_mid_ask | B2_realized_vol_1m__depth_mid_ask | C2_cancel_rate_ask__bid_depth_curvature | D1_depth_mid_ask__queue_imbalance_std_5s,ANY_4,B1_realized_volatility_30s__depth_mid_ask | B2_realized_vol_1m__depth_mid_ask | C2_cancel_rate_ask__bid_depth_curvature | D1_depth_mid_ask__queue_imbalance_std_5s,305,0.9606557377049181,11.437704918032788,89,0.898876404494382,6.544943820224719,98,0.9387755102040817,9.295918367346939,-0.021880227500836402,-2.1417865506858487,89,164.0,0.7241929296308689,0.8795566459038948,0.7390988593632333
vote_ge_2,4,A1_depth_mid_ask__cancel_rate_ask | A2_depth_near_ask__cancel_rate_ask | C1_cancel_rate_ask__cancel_ratio | D1_depth_mid_ask__queue_imbalance_std_5s,AT_LEAST_2_OF_4,A1_depth_mid_ask__cancel_rate_ask | A2_depth_near_ask__cancel_rate_ask | C1_cancel_rate_ask__cancel_ratio | D1_depth_mid_ask__queue_imbalance_std_5s,228,0.9605263157894737,12.87938596491228,41,0.8780487804878049,6.475609756097561,79,0.9367088607594937,9.917721518987342,-0.023817455029980006,-2.9616644459249386,41,116.0,0.7239326004885632,0.8085887700882339,0.7337629800548504
vote_ge_2,4,A1_depth_mid_ask__cancel_rate_ask | A2_depth_near_ask__cancel_rate_ask | B1_realized_volatility_30s__depth_mid_ask | C1_cancel_rate_ask__cancel_ratio,AT_LEAST_2_OF_4,A1_depth_mid_ask__cancel_rate_ask | A2_depth_near_ask__cancel_rate_ask | B1_realized_volatility_30s__depth_mid_ask | C1_cancel_rate_ask__cancel_ratio,231,0.961038961038961,12.851731601731602,46,0.8913043478260869,6.625,79,0.9367088607594937,9.917721518987342,-0.02433010027946736,-2.93401008274426,46,118.66666666666667,0.7238813359636145,0.8186886190309415,0.7352728992098833
vote_ge_2,4,A1_depth_mid_ask__cancel_rate_ask | A2_depth_near_ask__cancel_rate_ask | B2_realized_vol_1m__depth_mid_ask | C1_cancel_rate_ask__cancel_ratio,AT_LEAST_2_OF_4,A1_depth_mid_ask__cancel_rate_ask | A2_depth_near_ask__cancel_rate_ask | B2_realized_vol_1m__depth_mid_ask | C1_cancel_rate_ask__cancel_ratio,231,0.961038961038961,12.851731601731602,44,0.8863636363636364,6.642045454545454,79,0.9367088607594937,9.917721518987342,-0.02433010027946736,-2.93401008274426,44,118.0,0.7238813359636145,0.8147004767384514,0.7347788280636381
vote_ge_2,3,A1_depth_mid_ask__cancel_rate_ask | A2_depth_near_ask__cancel_rate_ask | B2_realized_vol_1m__depth_mid_ask,AT_LEAST_2_OF_3,A1_depth_mid_ask__cancel_rate_ask | A2_depth_near_ask__cancel_rate_ask | B2_realized_vol_1m__depth_mid_ask,216,0.9583333333333334,13.005787037037036,37,0.8918918918918919,6.418918918918919,68,0.9411764705882353,10.077205882352942,-0.01715686274509809,-2.9285811546840943,37,107.0,0.7237671568627452,0.8094053391626921,0.7346211971775698
vote_ge_2,3,A1_depth_mid_ask__cancel_rate_ask | A2_depth_near_ask__cancel_rate_ask | B1_realized_volatility_30s__depth_mid_ask,AT_LEAST_2_OF_3,A1_depth_mid_ask__cancel_rate_ask | A2_depth_near_ask__cancel_rate_ask | B1_realized_volatility_30s__depth_mid_ask,217,0.9585253456221198,13.009216589861751,40,0.9,6.2875,68,0.9411764705882353,10.077205882352942,-0.017348875033884492,-2.932010707508809,40,108.33333333333333,0.7237479556338665,0.8155077595554351,0.7354091443028825
union_any,2,A2_depth_near_ask__cancel_rate_ask | D1_depth_mid_ask__queue_imbalance_std_5s,ANY_2,A2_depth_near_ask__cancel_rate_ask | D1_depth_mid_ask__queue_imbalance_std_5s,275,0.96,11.956363636363637,63,0.8888888888888888,6.134920634920635,88,0.9318181818181818,9.792613636363637,-0.028181818181818197,-2.1637500000000003,63,142.0,0.7237102272727273,0.840113005050505,0.7404525252525254
union_any,4,A1_depth_mid_ask__cancel_rate_ask | A2_depth_near_ask__cancel_rate_ask | B2_realized_vol_1m__depth_mid_ask | C2_cancel_rate_ask__bid_depth_curvature,ANY_4,A1_depth_mid_ask__cancel_rate_ask | A2_depth_near_ask__cancel_rate_ask | B2_realized_vol_1m__depth_mid_ask | C2_cancel_rate_ask__bid_depth_curvature,299,0.9565217391304348,11.744983277591974,73,0.9041095890410958,7.123287671232877,100,0.93,9.47,-0.026521739130434763,-2.274983277591973,73,157.33333333333334,0.7236811594202899,0.8543697438951758,0.7401444037201631
vote_ge_2,4,A1_depth_mid_ask__cancel_rate_ask | C2_cancel_rate_ask__bid_depth_curvature | D1_depth_mid_ask__queue_imbalance_std_5s | D2_depth_near_ask__queue_imbalance_std_5s,AT_LEAST_2_OF_4,A1_depth_mid_ask__cancel_rate_ask | C2_cancel_rate_ask__bid_depth_curvature | D1_depth_mid_ask__queue_imbalance_std_5s | D2_depth_near_ask__queue_imbalance_std_5s,232,0.9612068965517241,12.587284482758621,52,0.8846153846153846,6.9951923076923075,76,0.9342105263157895,10.078947368421053,-0.026996370235934597,-2.508337114337568,52,120.0,0.7236775559588627,0.8266971241100098,0.7382919226115687
vote_ge_2,4,C1_cancel_rate_ask__cancel_ratio | C2_cancel_rate_ask__bid_depth_curvature | D1_depth_mid_ask__queue_imbalance_std_5s | D2_depth_near_ask__queue_imbalance_std_5s,AT_LEAST_2_OF_4,C1_cancel_rate_ask__cancel_ratio | C2_cancel_rate_ask__bid_depth_curvature | D1_depth_mid_ask__queue_imbalance_std_5s | D2_depth_near_ask__queue_imbalance_std_5s,222,0.963963963963964,12.722972972972974,54,0.8703703703703703,6.736111111111111,80,0.9375,9.85625,-0.026463963963964,-2.8667229729729744,54,118.66666666666667,0.723499436936937,0.8259901776776776,0.7331755505505506
union_any,2,A2_depth_near_ask__cancel_rate_ask | B1_realized_volatility_30s__depth_mid_ask,ANY_2,A2_depth_near_ask__cancel_rate_ask | B1_realized_volatility_30s__depth_mid_ask,279,0.9605734767025089,12.090501792114695,54,0.9074074074074074,6.898148148148148,79,0.9367088607594937,9.882911392405063,-0.023864615943015255,-2.2075903997096322,54,137.33333333333334,0.7233477156208883,0.8336076781150279,0.7410298005232673
union_any,3,A2_depth_near_ask__cancel_rate_ask | B1_realized_volatility_30s__depth_mid_ask | D2_depth_near_ask__queue_imbalance_std_5s,ANY_3,A2_depth_near_ask__cancel_rate_ask | B1_realized_volatility_30s__depth_mid_ask | D2_depth_near_ask__queue_imbalance_std_5s,308,0.961038961038961,11.541396103896103,68,0.8970588235294118,6.5036764705882355,92,0.9347826086956522,9.557065217391305,-0.02625635234330881,-1.9843308865047984,68,156.0,0.7233109589685678,0.8482698251237255,0.7407922271675469
vote_ge_2,3,A1_depth_mid_ask__cancel_rate_ask | A2_depth_near_ask__cancel_rate_ask | D2_depth_near_ask__queue_imbalance_std_5s,AT_LEAST_2_OF_3,A1_depth_mid_ask__cancel_rate_ask | A2_depth_near_ask__cancel_rate_ask | D2_depth_near_ask__queue_imbalance_std_5s,217,0.9585253456221198,12.81336405529954,33,0.8787878787878788,5.666666666666667,66,0.9393939393939394,10.166666666666666,-0.019131406228180325,-2.646697388632873,33,105.33333333333333,0.7232585765488992,0.8007686775590002,0.7353553507424475
vote_ge_2,4,B1_realized_volatility_30s__depth_mid_ask | C1_cancel_rate_ask__cancel_ratio | C2_cancel_rate_ask__bid_depth_curvature | D2_depth_near_ask__queue_imbalance_std_5s,AT_LEAST_2_OF_4,B1_realized_volatility_30s__depth_mid_ask | C1_cancel_rate_ask__cancel_ratio | C2_cancel_rate_ask__bid_depth_curvature | D2_depth_near_ask__queue_imbalance_std_5s,219,0.9634703196347032,13.087899543378995,48,0.8958333333333334,7.177083333333333,71,0.9295774647887324,10.362676056338028,-0.03389285484597082,-2.7252234870409673,48,112.66666666666667,0.7231318412759663,0.8232351276609428,0.7395208105558772
union_any,3,A2_depth_near_ask__cancel_rate_ask | B2_realized_vol_1m__depth_mid_ask | D2_depth_near_ask__queue_imbalance_std_5s,ANY_3,A2_depth_near_ask__cancel_rate_ask | B2_realized_vol_1m__depth_mid_ask | D2_depth_near_ask__queue_imbalance_std_5s,309,0.9579288025889967,11.522653721682849,65,0.8769230769230769,6.653846153846154,93,0.9354838709677419,9.46774193548387,-0.022444931621254827,-2.0549117861989785,65,155.66666666666666,0.7230189476980895,0.8395110899644254,0.7372670893327016
union_any,4,A2_depth_near_ask__cancel_rate_ask | B1_realized_volatility_30s__depth_mid_ask | B2_realized_vol_1m__depth_mid_ask | D2_depth_near_ask__queue_imbalance_std_5s,ANY_4,A2_depth_near_ask__cancel_rate_ask | B1_realized_volatility_30s__depth_mid_ask | B2_realized_vol_1m__depth_mid_ask | D2_depth_near_ask__queue_imbalance_std_5s,312,0.9583333333333334,11.465544871794872,70,0.8857142857142857,6.5285714285714285,93,0.9354838709677419,9.46774193548387,-0.02284946236559149,-1.9978029363110021,70,158.33333333333334,0.7229784946236559,0.8487288786482334,0.7385269358777423
union_any,4,A1_depth_mid_ask__cancel_rate_ask | A2_depth_near_ask__cancel_rate_ask | D1_depth_mid_ask__queue_imbalance_std_5s | D2_depth_near_ask__queue_imbalance_std_5s,ANY_4,A1_depth_mid_ask__cancel_rate_ask | A2_depth_near_ask__cancel_rate_ask | D1_depth_mid_ask__queue_imbalance_std_5s | D2_depth_near_ask__queue_imbalance_std_5s,299,0.959866220735786,11.600334448160535,76,0.9078947368421053,6.434210526315789,98,0.9285714285714286,9.551020408163266,-0.03129479216435738,-2.0493140399972685,76,157.66666666666666,0.7229113371100949,0.8593882436621895,0.7421477882474942
union_any,4,A2_depth_near_ask__cancel_rate_ask | B1_realized_volatility_30s__depth_mid_ask | D1_depth_mid_ask__queue_imbalance_std_5s | D2_depth_near_ask__queue_imbalance_std_5s,ANY_4,A2_depth_near_ask__cancel_rate_ask | B1_realized_volatility_30s__depth_mid_ask | D1_depth_mid_ask__queue_imbalance_std_5s | D2_depth_near_ask__queue_imbalance_std_5s,316,0.9620253164556962,11.455696202531646,77,0.9090909090909091,6.5519480519480515,94,0.9361702127659575,9.430851063829786,-0.025855103689738757,-2.02484513870186,77,162.33333333333334,0.7228719364395368,0.8635092671938888,0.7406867190624261
union_any,3,A1_depth_mid_ask__cancel_rate_ask | A2_depth_near_ask__cancel_rate_ask | D2_depth_near_ask__queue_imbalance_std_5s,ANY_3,A1_depth_mid_ask__cancel_rate_ask | A2_depth_near_ask__cancel_rate_ask | D2_depth_near_ask__queue_imbalance_std_5s,292,0.958904109589041,11.708047945205479,66,0.8939393939393939,6.715909090909091,97,0.9278350515463918,9.595360824742269,-0.031069058042649256,-2.1126871204632103,66,151.66666666666666,0.7228415478039826,0.8417686018495933,0.7404588431269338
union_any,4,A2_depth_near_ask__cancel_rate_ask | B2_realized_vol_1m__depth_mid_ask | D1_depth_mid_ask__queue_imbalance_std_5s | D2_depth_near_ask__queue_imbalance_std_5s,ANY_4,A2_depth_near_ask__cancel_rate_ask | B2_realized_vol_1m__depth_mid_ask | D1_depth_mid_ask__queue_imbalance_std_5s | D2_depth_near_ask__queue_imbalance_std_5s,316,0.9588607594936709,11.443037974683545,76,0.8947368421052632,6.588815789473684,95,0.9368421052631579,9.344736842105263,-0.02201865423051297,-2.098301132578282,76,162.33333333333334,0.7226226959804575,0.8589297135243171,0.7377744836775482
vote_ge_2,4,A2_depth_near_ask__cancel_rate_ask | B2_realized_vol_1m__depth_mid_ask | C2_cancel_rate_ask__bid_depth_curvature | D2_depth_near_ask__queue_imbalance_std_5s,AT_LEAST_2_OF_4,A2_depth_near_ask__cancel_rate_ask | B2_realized_vol_1m__depth_mid_ask | C2_cancel_rate_ask__bid_depth_curvature | D2_depth_near_ask__queue_imbalance_std_5s,238,0.9621848739495799,12.642857142857142,43,0.8837209302325582,6.784883720930233,71,0.9295774647887324,10.32394366197183,-0.03260740916084748,-2.3189134808853122,43,117.33333333333333,0.7226148459383752,0.8130538676656381,0.7402436557328465
union_any,3,A1_depth_mid_ask__cancel_rate_ask | B2_realized_vol_1m__depth_mid_ask | C2_cancel_rate_ask__bid_depth_curvature,ANY_3,A1_depth_mid_ask__cancel_rate_ask | B2_realized_vol_1m__depth_mid_ask | C2_cancel_rate_ask__bid_depth_curvature,285,0.9543859649122807,11.885087719298246,72,0.9027777777777778,7.177083333333333,98,0.9285714285714286,9.5,-0.025814536340852068,-2.3850877192982463,72,151.66666666666666,0.722609022556391,0.8524026733500418,0.7383771929824562
union_any,4,A1_depth_mid_ask__cancel_rate_ask | A2_depth_near_ask__cancel_rate_ask | B1_realized_volatility_30s__depth_mid_ask | D2_depth_near_ask__queue_imbalance_std_5s,ANY_4,A1_depth_mid_ask__cancel_rate_ask | A2_depth_near_ask__cancel_rate_ask | B1_realized_volatility_30s__depth_mid_ask | D2_depth_near_ask__queue_imbalance_std_5s,315,0.9587301587301588,11.427777777777777,72,0.9027777777777778,6.892361111111111,99,0.9292929292929293,9.472222222222221,-0.029437229437229484,-1.9555555555555557,72,162.0,0.7226084656084656,0.8520512265512264,0.7414377104377103
union_any,4,A1_depth_mid_ask__cancel_rate_ask | B1_realized_volatility_30s__depth_mid_ask | B2_realized_vol_1m__depth_mid_ask | C2_cancel_rate_ask__bid_depth_curvature,ANY_4,A1_depth_mid_ask__cancel_rate_ask | B1_realized_volatility_30s__depth_mid_ask | B2_realized_vol_1m__depth_mid_ask | C2_cancel_rate_ask__bid_depth_curvature,288,0.9548611111111112,11.777777777777779,74,0.9054054054054054,7.125,98,0.9285714285714286,9.5,-0.026289682539682557,-2.2777777777777786,74,153.33333333333334,0.722561507936508,0.8558806842556843,0.7393553553553553
union_any,4,A1_depth_mid_ask__cancel_rate_ask | A2_depth_near_ask__cancel_rate_ask | B2_realized_vol_1m__depth_mid_ask | D2_depth_near_ask__queue_imbalance_std_5s,ANY_4,A1_depth_mid_ask__cancel_rate_ask | A2_depth_near_ask__cancel_rate_ask | B2_realized_vol_1m__depth_mid_ask | D2_depth_near_ask__queue_imbalance_std_5s,317,0.9558359621451105,11.417192429022082,72,0.8888888888888888,6.951388888888889,100,0.93,9.39,-0.025835962145110414,-2.0271924290220813,72,163.0,0.7224164037854891,0.8490941815632668,0.7386742726954084
intersection_all,3,B1_realized_volatility_30s__depth_mid_ask | B2_realized_vol_1m__depth_mid_ask | D1_depth_mid_ask__queue_imbalance_std_5s,ALL_3,B1_realized_volatility_30s__depth_mid_ask | B2_realized_vol_1m__depth_mid_ask | D1_depth_mid_ask__queue_imbalance_std_5s,151,0.9536423841059603,13.387417218543046,22,0.9090909090909091,8.534090909090908,19,0.9473684210526315,11.223684210526315,-0.006273963053328724,-2.163733008016731,19,64.0,0.7222497966771232,0.8008749960391648,0.7420368357679267
union_any,3,A1_depth_mid_ask__cancel_rate_ask | A2_depth_near_ask__cancel_rate_ask | D1_depth_mid_ask__queue_imbalance_std_5s,ANY_3,A1_depth_mid_ask__cancel_rate_ask | A2_depth_near_ask__cancel_rate_ask | D1_depth_mid_ask__queue_imbalance_std_5s,287,0.9581881533101045,11.803135888501743,72,0.9027777777777778,6.447916666666667,97,0.9278350515463918,9.554123711340207,-0.030353101763712753,-2.2490121771615357,72,152.0,0.7222258582085085,0.8521955031111431,0.7396091055314089
union_any,3,A2_depth_near_ask__cancel_rate_ask | B1_realized_volatility_30s__depth_mid_ask | D1_depth_mid_ask__queue_imbalance_std_5s,ANY_3,A2_depth_near_ask__cancel_rate_ask | B1_realized_volatility_30s__depth_mid_ask | D1_depth_mid_ask__queue_imbalance_std_5s,304,0.9605263157894737,11.641447368421053,73,0.9041095890410958,6.571917808219178,93,0.9354838709677419,9.432795698924732,-0.02504244482173179,-2.208651669496321,73,156.66666666666666,0.7221767591020563,0.8563391787023902,0.738261883258005
union_any,4,A1_depth_mid_ask__cancel_rate_ask | A2_depth_near_ask__cancel_rate_ask | B1_realized_volatility_30s__depth_mid_ask | D1_depth_mid_ask__queue_imbalance_std_5s,ANY_4,A1_depth_mid_ask__cancel_rate_ask | A2_depth_near_ask__cancel_rate_ask | B1_realized_volatility_30s__depth_mid_ask | D1_depth_mid_ask__queue_imbalance_std_5s,310,0.9580645161290322,11.511290322580646,75,0.9066666666666666,6.6433333333333335,99,0.9292929292929293,9.431818181818182,-0.028771586836102925,-2.079472140762464,75,161.33333333333334,0.7220016291951776,0.8569915281850765,0.7401924079504725
union_any,3,A2_depth_near_ask__cancel_rate_ask | B2_realized_vol_1m__depth_mid_ask | D1_depth_mid_ask__queue_imbalance_std_5s,ANY_3,A2_depth_near_ask__cancel_rate_ask | B2_realized_vol_1m__depth_mid_ask | D1_depth_mid_ask__queue_imbalance_std_5s,304,0.9572368421052632,11.62828947368421,72,0.8888888888888888,6.611111111111111,94,0.9361702127659575,9.345744680851064,-0.021066629339305698,-2.2825447928331464,72,156.66666666666666,0.721932344158268,0.8515966467587408,0.735246391688441
vote_ge_2,4,A2_depth_near_ask__cancel_rate_ask | B2_realized_vol_1m__depth_mid_ask | C1_cancel_rate_ask__cancel_ratio | D2_depth_near_ask__queue_imbalance_std_5s,AT_LEAST_2_OF_4,A2_depth_near_ask__cancel_rate_ask | B2_realized_vol_1m__depth_mid_ask | C1_cancel_rate_ask__cancel_ratio | D2_depth_near_ask__queue_imbalance_std_5s,233,0.9613733905579399,12.851931330472103,41,0.8780487804878049,6.512195121951219,73,0.9315068493150684,10.154109589041095,-0.02986654124287147,-2.6978217414310084,41,115.66666666666667,0.7219265878848452,0.8082669375897122,0.7354289888136695
union_any,4,A2_depth_near_ask__cancel_rate_ask | B1_realized_volatility_30s__depth_mid_ask | B2_realized_vol_1m__depth_mid_ask | D1_depth_mid_ask__queue_imbalance_std_5s,ANY_4,A2_depth_near_ask__cancel_rate_ask | B1_realized_volatility_30s__depth_mid_ask | B2_realized_vol_1m__depth_mid_ask | D1_depth_mid_ask__queue_imbalance_std_5s,307,0.9576547231270358,11.569218241042345,75,0.8933333333333333,6.593333333333334,94,0.9361702127659575,9.345744680851064,-0.021484510361078346,-2.2234735601912803,75,158.66666666666666,0.7218905560560908,0.8569437475454525,0.7360846443504978
union_any,4,A1_depth_mid_ask__cancel_rate_ask | A2_depth_near_ask__cancel_rate_ask | B2_realized_vol_1m__depth_mid_ask | D1_depth_mid_ask__queue_imbalance_std_5s,ANY_4,A1_depth_mid_ask__cancel_rate_ask | A2_depth_near_ask__cancel_rate_ask | B2_realized_vol_1m__depth_mid_ask | D1_depth_mid_ask__queue_imbalance_std_5s,311,0.954983922829582,11.505627009646302,76,0.8947368421052632,6.671052631578948,100,0.93,9.35,-0.02498392282958195,-2.1556270096463024,76,162.33333333333334,0.7218349410503753,0.8559489761380945,0.737602837479551
vote_ge_2,4,A2_depth_near_ask__cancel_rate_ask | C1_cancel_rate_ask__cancel_ratio | D1_depth_mid_ask__queue_imbalance_std_5s | D2_depth_near_ask__queue_imbalance_std_5s,AT_LEAST_2_OF_4,A2_depth_near_ask__cancel_rate_ask | C1_cancel_rate_ask__cancel_ratio | D1_depth_mid_ask__queue_imbalance_std_5s | D2_depth_near_ask__queue_imbalance_std_5s,224,0.9642857142857143,12.727678571428571,48,0.8541666666666666,6.411458333333333,78,0.9358974358974359,9.865384615384615,-0.0283882783882784,-2.862293956043956,48,116.66666666666667,0.7217380952380953,0.8130073260073261,0.7302065018315019
vote_ge_2,3,B2_realized_vol_1m__depth_mid_ask | C2_cancel_rate_ask__bid_depth_curvature | D1_depth_mid_ask__queue_imbalance_std_5s,AT_LEAST_2_OF_3,B2_realized_vol_1m__depth_mid_ask | C2_cancel_rate_ask__bid_depth_curvature | D1_depth_mid_ask__queue_imbalance_std_5s,187,0.9572192513368984,13.618983957219251,34,0.9117647058823529,8.213235294117647,45,0.9555555555555556,10.161111111111111,-0.0016636957813428443,-3.45787284610814,34,88.66666666666667,0.7216854822737175,0.8170199049316698,0.7282906516141809
vote_ge_2,4,A2_depth_near_ask__cancel_rate_ask | B2_realized_vol_1m__depth_mid_ask | C2_cancel_rate_ask__bid_depth_curvature | D1_depth_mid_ask__queue_imbalance_std_5s,AT_LEAST_2_OF_4,A2_depth_near_ask__cancel_rate_ask | B2_realized_vol_1m__depth_mid_ask | C2_cancel_rate_ask__bid_depth_curvature | D1_depth_mid_ask__queue_imbalance_std_5s,237,0.9620253164556962,12.693037974683545,46,0.8913043478260869,7.358695652173913,69,0.927536231884058,10.391304347826088,-0.03448908457163824,-2.301733626857457,46,117.33333333333333,0.7216308016877637,0.8187394973399377,0.7407493120528343
union_any,3,A1_depth_mid_ask__cancel_rate_ask | A2_depth_near_ask__cancel_rate_ask | B1_realized_volatility_30s__depth_mid_ask,ANY_3,A1_depth_mid_ask__cancel_rate_ask | A2_depth_near_ask__cancel_rate_ask | B1_realized_volatility_30s__depth_mid_ask,286,0.958041958041958,11.951923076923077,58,0.9137931034482759,7.353448275862069,86,0.9302325581395349,9.758720930232558,-0.02780939990242315,-2.1932021466905187,58,143.33333333333334,0.7214690600097577,0.8366579132575523,0.7405137766537125
vote_ge_2,4,B1_realized_volatility_30s__depth_mid_ask | C1_cancel_rate_ask__cancel_ratio | C2_cancel_rate_ask__bid_depth_curvature | D1_depth_mid_ask__queue_imbalance_std_5s,AT_LEAST_2_OF_4,B1_realized_volatility_30s__depth_mid_ask | C1_cancel_rate_ask__cancel_ratio | C2_cancel_rate_ask__bid_depth_curvature | D1_depth_mid_ask__queue_imbalance_std_5s,216,0.9629629629629629,13.096064814814815,52,0.9038461538461539,7.331730769230769,70,0.9285714285714286,10.310714285714285,-0.034391534391534306,-2.78535052910053,52,112.66666666666667,0.7212632275132276,0.8298657916157917,0.7380298975715642
union_any,3,B1_realized_volatility_30s__depth_mid_ask | B2_realized_vol_1m__depth_mid_ask | C2_cancel_rate_ask__bid_depth_curvature,ANY_3,B1_realized_volatility_30s__depth_mid_ask | B2_realized_vol_1m__depth_mid_ask | C2_cancel_rate_ask__bid_depth_curvature,275,0.96,11.85,70,0.9,6.946428571428571,85,0.9294117647058824,9.814705882352941,-0.030588235294117583,-2.0352941176470587,70,143.33333333333334,0.7212549019607843,0.8518529411764706,0.7405196078431371
vote_ge_2,4,A1_depth_mid_ask__cancel_rate_ask | A2_depth_near_ask__cancel_rate_ask | B1_realized_volatility_30s__depth_mid_ask | D2_depth_near_ask__queue_imbalance_std_5s,AT_LEAST_2_OF_4,A1_depth_mid_ask__cancel_rate_ask | A2_depth_near_ask__cancel_rate_ask | B1_realized_volatility_30s__depth_mid_ask | D2_depth_near_ask__queue_imbalance_std_5s,247,0.9595141700404858,12.658906882591094,46,0.9130434782608695,6.7771739130434785,75,0.9333333333333333,9.98,-0.026180836707152433,-2.678906882591093,46,122.66666666666667,0.7212152496626181,0.822123945314792,0.7372116352754796
union_any,3,A2_depth_near_ask__cancel_rate_ask | B2_realized_vol_1m__depth_mid_ask | C2_cancel_rate_ask__bid_depth_curvature,ANY_3,A2_depth_near_ask__cancel_rate_ask | B2_realized_vol_1m__depth_mid_ask | C2_cancel_rate_ask__bid_depth_curvature,295,0.9593220338983051,11.78728813559322,69,0.8985507246376812,7.13768115942029,96,0.9270833333333334,9.5546875,-0.03223870056497169,-2.2326006355932204,69,153.33333333333334,0.7212084216101695,0.8463664832043725,0.7385439848931467
union_any,4,A2_depth_near_ask__cancel_rate_ask | B1_realized_volatility_30s__depth_mid_ask | B2_realized_vol_1m__depth_mid_ask | C2_cancel_rate_ask__bid_depth_curvature,ANY_4,A2_depth_near_ask__cancel_rate_ask | B1_realized_volatility_30s__depth_mid_ask | B2_realized_vol_1m__depth_mid_ask | C2_cancel_rate_ask__bid_depth_curvature,299,0.959866220735786,11.691471571906355,73,0.9041095890410958,6.97945205479452,96,0.9270833333333334,9.5546875,-0.03278288740245261,-2.136784071906355,73,156.0,0.7211540029264214,0.8534238374013073,0.7397386484247338
vote_ge_2,4,A1_depth_mid_ask__cancel_rate_ask | B1_realized_volatility_30s__depth_mid_ask | C1_cancel_rate_ask__cancel_ratio | D2_depth_near_ask__queue_imbalance_std_5s,AT_LEAST_2_OF_4,A1_depth_mid_ask__cancel_rate_ask | B1_realized_volatility_30s__depth_mid_ask | C1_cancel_rate_ask__cancel_ratio | D2_depth_near_ask__queue_imbalance_std_5s,235,0.9617021276595744,12.809574468085106,47,0.9148936170212766,7.48404255319149,75,0.9333333333333333,9.98,-0.028368794326241065,-2.829574468085106,47,119.0,0.7209964539007092,0.8237751773049645,0.7363921985815602
vote_ge_2,3,A1_depth_mid_ask__cancel_rate_ask | A2_depth_near_ask__cancel_rate_ask | C1_cancel_rate_ask__cancel_ratio,AT_LEAST_2_OF_3,A1_depth_mid_ask__cancel_rate_ask | A2_depth_near_ask__cancel_rate_ask | C1_cancel_rate_ask__cancel_ratio,222,0.9594594594594594,12.986486486486486,40,0.875,6.375,78,0.9358974358974359,9.791666666666666,-0.023562023562023526,-3.19481981981982,40,113.33333333333333,0.7209920882420884,0.8049194386694387,0.7285986370986371
vote_ge_2,4,A1_depth_mid_ask__cancel_rate_ask | A2_depth_near_ask__cancel_rate_ask | D1_depth_mid_ask__queue_imbalance_std_5s | D2_depth_near_ask__queue_imbalance_std_5s,AT_LEAST_2_OF_4,A1_depth_mid_ask__cancel_rate_ask | A2_depth_near_ask__cancel_rate_ask | D1_depth_mid_ask__queue_imbalance_std_5s | D2_depth_near_ask__queue_imbalance_std_5s,259,0.9575289575289575,12.25,51,0.8823529411764706,6.529411764705882,85,0.9294117647058824,9.779411764705882,-0.02811719282307512,-2.4705882352941178,51,131.66666666666666,0.720913770913771,0.8197176924823985,0.7351470588235294
vote_ge_2,4,A1_depth_mid_ask__cancel_rate_ask | A2_depth_near_ask__cancel_rate_ask | C1_cancel_rate_ask__cancel_ratio | D2_depth_near_ask__queue_imbalance_std_5s,AT_LEAST_2_OF_4,A1_depth_mid_ask__cancel_rate_ask | A2_depth_near_ask__cancel_rate_ask | C1_cancel_rate_ask__cancel_ratio | D2_depth_near_ask__queue_imbalance_std_5s,229,0.9606986899563319,12.847161572052402,40,0.875,6.375,78,0.9358974358974359,9.791666666666666,-0.024801254058895994,-3.0554949053857356,40,115.66666666666667,0.720868165192401,0.8047955156197515,0.729527469861531
intersection_all,3,A1_depth_mid_ask__cancel_rate_ask | B1_realized_volatility_30s__depth_mid_ask | B2_realized_vol_1m__depth_mid_ask,ALL_3,A1_depth_mid_ask__cancel_rate_ask | B1_realized_volatility_30s__depth_mid_ask | B2_realized_vol_1m__depth_mid_ask,183,0.9562841530054644,12.967213114754099,23,0.9130434782608695,7.913043478260869,35,0.9714285714285714,10.057142857142857,0.015144418423106987,-2.910070257611242,23,80.33333333333333,0.7207474629195941,0.8047371109527204,0.7305467365848691
single,1,A1_depth_mid_ask__cancel_rate_ask,single,A1_depth_mid_ask__cancel_rate_ask,224,0.9553571428571429,12.803571428571429,44,0.9090909090909091,6.943181818181818,75,0.9333333333333333,9.916666666666666,-0.022023809523809557,-2.8869047619047628,44,114.33333333333333,0.7205753968253968,0.8181158008658009,0.7341630591630592
union_any,3,A1_depth_mid_ask__cancel_rate_ask | D1_depth_mid_ask__queue_imbalance_std_5s | D2_depth_near_ask__queue_imbalance_std_5s,ANY_3,A1_depth_mid_ask__cancel_rate_ask | D1_depth_mid_ask__queue_imbalance_std_5s | D2_depth_near_ask__queue_imbalance_std_5s,290,0.9586206896551724,11.73448275862069,74,0.918918918918919,6.503378378378378,96,0.9270833333333334,9.486979166666666,-0.03153735632183907,-2.2475035919540236,74,153.33333333333334,0.7201500838122605,0.8573331731515998,0.7391272846121983
union_any,2,A1_depth_mid_ask__cancel_rate_ask | D2_depth_near_ask__queue_imbalance_std_5s,ANY_2,A1_depth_mid_ask__cancel_rate_ask | D2_depth_near_ask__queue_imbalance_std_5s,283,0.9575971731448764,11.848939929328623,64,0.90625,6.8046875,95,0.9263157894736842,9.531578947368422,-0.03128138367119215,-2.317360981960201,64,147.33333333333334,0.7200736160188457,0.8399639668960387,0.7375180320500898
union_any,4,A1_depth_mid_ask__cancel_rate_ask | B1_realized_volatility_30s__depth_mid_ask | D1_depth_mid_ask__queue_imbalance_std_5s | D2_depth_near_ask__queue_imbalance_std_5s,ANY_4,A1_depth_mid_ask__cancel_rate_ask | B1_realized_volatility_30s__depth_mid_ask | D1_depth_mid_ask__queue_imbalance_std_5s | D2_depth_near_ask__queue_imbalance_std_5s,313,0.9584664536741214,11.450479233226837,77,0.922077922077922,6.691558441558442,98,0.9285714285714286,9.364795918367347,-0.029895025102692818,-2.085683314859489,77,162.66666666666666,0.7199475723196627,0.8620026125175602,0.7395991551427427
union_any,3,A1_depth_mid_ask__cancel_rate_ask | B1_realized_volatility_30s__depth_mid_ask | D2_depth_near_ask__queue_imbalance_std_5s,ANY_3,A1_depth_mid_ask__cancel_rate_ask | B1_realized_volatility_30s__depth_mid_ask | D2_depth_near_ask__queue_imbalance_std_5s,306,0.9575163398692811,11.54983660130719,70,0.9142857142857143,6.978571428571429,97,0.9278350515463918,9.407216494845361,-0.0296812883228893,-2.1426201064618287,70,157.66666666666666,0.7198445859443433,0.8500951995918642,0.7385310353236368
vote_ge_2,4,A1_depth_mid_ask__cancel_rate_ask | B1_realized_volatility_30s__depth_mid_ask | C2_cancel_rate_ask__bid_depth_curvature | D2_depth_near_ask__queue_imbalance_std_5s,AT_LEAST_2_OF_4,A1_depth_mid_ask__cancel_rate_ask | B1_realized_volatility_30s__depth_mid_ask | C2_cancel_rate_ask__bid_depth_curvature | D2_depth_near_ask__queue_imbalance_std_5s,238,0.9621848739495799,12.707983193277311,46,0.9130434782608695,7.3478260869565215,66,0.9242424242424242,10.481060606060606,-0.03794244970715566,-2.2269225872167056,46,116.66666666666667,0.7197991893727187,0.822322026439034,0.7425642578507028
union_any,4,A1_depth_mid_ask__cancel_rate_ask | B2_realized_vol_1m__depth_mid_ask | D1_depth_mid_ask__queue_imbalance_std_5s | D2_depth_near_ask__queue_imbalance_std_5s,ANY_4,A1_depth_mid_ask__cancel_rate_ask | B2_realized_vol_1m__depth_mid_ask | D1_depth_mid_ask__queue_imbalance_std_5s | D2_depth_near_ask__queue_imbalance_std_5s,314,0.9554140127388535,11.445063694267516,78,0.9102564102564102,6.717948717948718,99,0.9292929292929293,9.282828282828282,-0.02612108344592423,-2.1622354114392337,78,163.66666666666666,0.7197835145510305,0.8609846282521442,0.7370198291918036
union_any,3,A1_depth_mid_ask__cancel_rate_ask | B2_realized_vol_1m__depth_mid_ask | D2_depth_near_ask__queue_imbalance_std_5s,ANY_3,A1_depth_mid_ask__cancel_rate_ask | B2_realized_vol_1m__depth_mid_ask | D2_depth_near_ask__queue_imbalance_std_5s,308,0.9545454545454546,11.53814935064935,70,0.9,7.039285714285715,98,0.9285714285714286,9.323979591836734,-0.025974025974025983,-2.2141697588126164,70,158.66666666666666,0.7196594001236859,0.8470709647495362,0.7357184601113174
union_any,4,A1_depth_mid_ask__cancel_rate_ask | B1_realized_volatility_30s__depth_mid_ask | B2_realized_vol_1m__depth_mid_ask | D2_depth_near_ask__queue_imbalance_std_5s,ANY_4,A1_depth_mid_ask__cancel_rate_ask | B1_realized_volatility_30s__depth_mid_ask | B2_realized_vol_1m__depth_mid_ask | D2_depth_near_ask__queue_imbalance_std_5s,310,0.9548387096774194,11.473387096774193,72,0.9027777777777778,6.989583333333333,98,0.9285714285714286,9.323979591836734,-0.026267281105990747,-2.149407504937459,72,160.0,0.7196300746104894,0.8505971947918952,0.7364279862482629
intersection_all,2,A1_depth_mid_ask__cancel_rate_ask | B2_realized_vol_1m__depth_mid_ask,ALL_2,A1_depth_mid_ask__cancel_rate_ask | B2_realized_vol_1m__depth_mid_ask,189,0.9576719576719577,12.94973544973545,27,0.8888888888888888,7.12037037037037,40,0.975,9.75625,0.017328042328042303,-3.1934854497354497,27,85.33333333333333,0.7196213624338624,0.8041074735449736,0.7239739858906526
vote_ge_2,3,A1_depth_mid_ask__cancel_rate_ask | C1_cancel_rate_ask__cancel_ratio | D2_depth_near_ask__queue_imbalance_std_5s,AT_LEAST_2_OF_3,A1_depth_mid_ask__cancel_rate_ask | C1_cancel_rate_ask__cancel_ratio | D2_depth_near_ask__queue_imbalance_std_5s,189,0.9682539682539683,13.652116402116402,36,0.8888888888888888,6.645833333333333,68,0.9411764705882353,9.871323529411764,-0.027077497665732975,-3.7807928727046374,36,97.66666666666667,0.719343720821662,0.8042538515406163,0.7245218383649756
vote_ge_2,3,A1_depth_mid_ask__cancel_rate_ask | B1_realized_volatility_30s__depth_mid_ask | C1_cancel_rate_ask__cancel_ratio,AT_LEAST_2_OF_3,A1_depth_mid_ask__cancel_rate_ask | B1_realized_volatility_30s__depth_mid_ask | C1_cancel_rate_ask__cancel_ratio,207,0.961352657004831,13.22463768115942,39,0.9230769230769231,7.391025641025641,65,0.9384615384615385,9.973076923076922,-0.02289111854329251,-3.2515607580824977,39,103.66666666666667,0.7187365291713117,0.81594165737644,0.7310536975102191
union_any,2,A2_depth_near_ask__cancel_rate_ask | B2_realized_vol_1m__depth_mid_ask,ANY_2,A2_depth_near_ask__cancel_rate_ask | B2_realized_vol_1m__depth_mid_ask,280,0.9571428571428572,12.079464285714286,52,0.8846153846153846,7.091346153846154,82,0.926829268292683,9.817073170731707,-0.03031358885017421,-2.262391114982579,52,138.0,0.7186596980255517,0.8207941570624497,0.7351106383453945
union_any,3,A2_depth_near_ask__cancel_rate_ask | B1_realized_volatility_30s__depth_mid_ask | B2_realized_vol_1m__depth_mid_ask,ANY_3,A2_depth_near_ask__cancel_rate_ask | B1_realized_volatility_30s__depth_mid_ask | B2_realized_vol_1m__depth_mid_ask,284,0.9577464788732394,11.974471830985916,57,0.8947368421052632,6.899122807017544,82,0.926829268292683,9.817073170731707,-0.03091721058055641,-2.1573986602542092,57,141.0,0.7185993358525136,0.8302580863873872,0.7368227337925715
intersection_all,2,A1_depth_mid_ask__cancel_rate_ask | A2_depth_near_ask__cancel_rate_ask,ALL_2,A1_depth_mid_ask__cancel_rate_ask | A2_depth_near_ask__cancel_rate_ask,201,0.9552238805970149,13.032338308457712,31,0.8709677419354839,5.814516129032258,61,0.9344262295081968,10.163934426229508,-0.020797651088818148,-2.868403882228204,31,97.66666666666667,0.7183109452736319,0.7940236193437887,0.7288019504978193
union_any,2,A2_depth_near_ask__cancel_rate_ask | D2_depth_near_ask__queue_imbalance_std_5s,ANY_2,A2_depth_near_ask__cancel_rate_ask | D2_depth_near_ask__queue_imbalance_std_5s,269,0.9591078066914498,11.785315985130111,53,0.8679245283018868,6.0,83,0.927710843373494,9.72289156626506,-0.03139696331795583,-2.062424418865051,53,135.0,0.717878375957361,0.81825846234063,0.7336995832104458
vote_ge_2,3,A1_depth_mid_ask__cancel_rate_ask | C1_cancel_rate_ask__cancel_ratio | D1_depth_mid_ask__queue_imbalance_std_5s,AT_LEAST_2_OF_3,A1_depth_mid_ask__cancel_rate_ask | C1_cancel_rate_ask__cancel_ratio | D1_depth_mid_ask__queue_imbalance_std_5s,186,0.967741935483871,13.611559139784946,35,0.8857142857142857,6.942857142857143,64,0.9375,10.0,-0.030241935483870996,-3.611559139784946,35,95.0,0.7175174731182796,0.80161866359447,0.7246193676395288
union_any,3,A1_depth_mid_ask__cancel_rate_ask | A2_depth_near_ask__cancel_rate_ask | B2_realized_vol_1m__depth_mid_ask,ANY_3,A1_depth_mid_ask__cancel_rate_ask | A2_depth_near_ask__cancel_rate_ask | B2_realized_vol_1m__depth_mid_ask,288,0.9548611111111112,11.947916666666666,59,0.8983050847457628,7.4025423728813555,89,0.9213483146067416,9.702247191011235,-0.03351279650436956,-2.245669475655431,59,145.33333333333334,0.717459581772784,0.8303715350515247,0.7358762325694577
intersection_all,3,A2_depth_near_ask__cancel_rate_ask | B1_realized_volatility_30s__depth_mid_ask | B2_realized_vol_1m__depth_mid_ask,ALL_3,A2_depth_near_ask__cancel_rate_ask | B1_realized_volatility_30s__depth_mid_ask | B2_realized_vol_1m__depth_mid_ask,168,0.9523809523809523,12.995535714285714,17,0.8823529411764706,7.338235294117647,28,0.9642857142857143,10.241071428571429,0.011904761904761973,-2.7544642857142847,17,71.0,0.7174226190476191,0.7889051120448178,0.7261936274509804
union_any,4,A1_depth_mid_ask__cancel_rate_ask | A2_depth_near_ask__cancel_rate_ask | B1_realized_volatility_30s__depth_mid_ask | B2_realized_vol_1m__depth_mid_ask,ANY_4,A1_depth_mid_ask__cancel_rate_ask | A2_depth_near_ask__cancel_rate_ask | B1_realized_volatility_30s__depth_mid_ask | B2_realized_vol_1m__depth_mid_ask,291,0.9553264604810997,11.84106529209622,61,0.9016393442622951,7.331967213114754,89,0.9213483146067416,9.702247191011235,-0.0339781458743581,-2.1388181010849845,61,147.0,0.7174130468357851,0.8339918520178322,0.7369220010182472
intersection_all,3,A1_depth_mid_ask__cancel_rate_ask | A2_depth_near_ask__cancel_rate_ask | C1_cancel_rate_ask__cancel_ratio,ALL_3,A1_depth_mid_ask__cancel_rate_ask | A2_depth_near_ask__cancel_rate_ask | C1_cancel_rate_ask__cancel_ratio,143,0.972027972027972,14.538461538461538,22,0.8636363636363636,5.886363636363637,49,0.9387755102040817,10.39795918367347,-0.0332524618238903,-4.140502354788069,22,71.33333333333333,0.716923053137339,0.7818918224632512,0.7197908995766138
vote_ge_2,4,A1_depth_mid_ask__cancel_rate_ask | A2_depth_near_ask__cancel_rate_ask | B2_realized_vol_1m__depth_mid_ask | D2_depth_near_ask__queue_imbalance_std_5s,AT_LEAST_2_OF_4,A1_depth_mid_ask__cancel_rate_ask | A2_depth_near_ask__cancel_rate_ask | B2_realized_vol_1m__depth_mid_ask | D2_depth_near_ask__queue_imbalance_std_5s,246,0.959349593495935,12.667682926829269,44,0.9090909090909091,6.903409090909091,77,0.922077922077922,10.019480519480519,-0.03727167141801291,-2.64820240734875,44,122.33333333333333,0.7166992397846057,0.8131169887023546,0.7348712913103157
vote_ge_2,3,A1_depth_mid_ask__cancel_rate_ask | B2_realized_vol_1m__depth_mid_ask | C1_cancel_rate_ask__cancel_ratio,AT_LEAST_2_OF_3,A1_depth_mid_ask__cancel_rate_ask | B2_realized_vol_1m__depth_mid_ask | C1_cancel_rate_ask__cancel_ratio,210,0.9619047619047619,13.20595238095238,39,0.8974358974358975,7.134615384615385,64,0.9375,9.9140625,-0.02440476190476193,-3.2918898809523807,39,104.33333333333333,0.7166688988095239,0.8096873282967033,0.7262039072039073
vote_ge_2,4,B1_realized_volatility_30s__depth_mid_ask | B2_realized_vol_1m__depth_mid_ask | C1_cancel_rate_ask__cancel_ratio | C2_cancel_rate_ask__bid_depth_curvature,AT_LEAST_2_OF_4,B1_realized_volatility_30s__depth_mid_ask | B2_realized_vol_1m__depth_mid_ask | C1_cancel_rate_ask__cancel_ratio | C2_cancel_rate_ask__bid_depth_curvature,246,0.959349593495935,12.526422764227643,53,0.9056603773584906,7.415094339622642,72,0.9305555555555556,9.847222222222221,-0.02879403794037938,-2.6792005420054217,53,123.66666666666667,0.7159909665763324,0.8284471161221045,0.7313435896780351
vote_ge_2,4,A1_depth_mid_ask__cancel_rate_ask | B1_realized_volatility_30s__depth_mid_ask | C1_cancel_rate_ask__cancel_ratio | D1_depth_mid_ask__queue_imbalance_std_5s,AT_LEAST_2_OF_4,A1_depth_mid_ask__cancel_rate_ask | B1_realized_volatility_30s__depth_mid_ask | C1_cancel_rate_ask__cancel_ratio | D1_depth_mid_ask__queue_imbalance_std_5s,226,0.9601769911504425,12.868362831858407,48,0.9166666666666666,7.583333333333333,70,0.9285714285714286,9.964285714285714,-0.031605562579013924,-2.904077117572694,48,114.66666666666667,0.7157680151706701,0.8232442056468605,0.7315918668352297
intersection_all,2,A2_depth_near_ask__cancel_rate_ask | B2_realized_vol_1m__depth_mid_ask,ALL_2,A2_depth_near_ask__cancel_rate_ask | B2_realized_vol_1m__depth_mid_ask,174,0.9540229885057471,12.975574712643677,21,0.8571428571428571,6.428571428571429,33,0.9696969696969697,9.848484848484848,0.015673981191222652,-3.1270898641588296,21,76.0,0.7154376523859283,0.7877248096730857,0.7177306563168631
intersection_all,3,A1_depth_mid_ask__cancel_rate_ask | A2_depth_near_ask__cancel_rate_ask | B2_realized_vol_1m__depth_mid_ask,ALL_3,A1_depth_mid_ask__cancel_rate_ask | A2_depth_near_ask__cancel_rate_ask | B2_realized_vol_1m__depth_mid_ask,174,0.9540229885057471,12.975574712643677,21,0.8571428571428571,6.428571428571429,33,0.9696969696969697,9.848484848484848,0.015673981191222652,-3.1270898641588296,21,76.0,0.7154376523859283,0.7877248096730857,0.7177306563168631
vote_ge_2,4,A1_depth_mid_ask__cancel_rate_ask | A2_depth_near_ask__cancel_rate_ask | B1_realized_volatility_30s__depth_mid_ask | D1_depth_mid_ask__queue_imbalance_std_5s,AT_LEAST_2_OF_4,A1_depth_mid_ask__cancel_rate_ask | A2_depth_near_ask__cancel_rate_ask | B1_realized_volatility_30s__depth_mid_ask | D1_depth_mid_ask__queue_imbalance_std_5s,232,0.9568965517241379,12.850215517241379,49,0.9183673469387755,7.336734693877551,71,0.9295774647887324,9.852112676056338,-0.027319086935405523,-2.998102841185041,49,117.33333333333333,0.7152798283956613,0.8247936733702709,0.7297437486164936
vote_ge_2,4,A1_depth_mid_ask__cancel_rate_ask | A2_depth_near_ask__cancel_rate_ask | B1_realized_volatility_30s__depth_mid_ask | B2_realized_vol_1m__depth_mid_ask,AT_LEAST_2_OF_4,A1_depth_mid_ask__cancel_rate_ask | A2_depth_near_ask__cancel_rate_ask | B1_realized_volatility_30s__depth_mid_ask | B2_realized_vol_1m__depth_mid_ask,251,0.9561752988047809,12.51792828685259,48,0.9166666666666666,7.239583333333333,72,0.9305555555555556,9.784722222222221,-0.025619743249225335,-2.7332060646303677,48,123.66666666666667,0.7152667293787813,0.8228408034528552,0.7308341817913532
vote_ge_2,4,B2_realized_vol_1m__depth_mid_ask | C1_cancel_rate_ask__cancel_ratio | C2_cancel_rate_ask__bid_depth_curvature | D2_depth_near_ask__queue_imbalance_std_5s,AT_LEAST_2_OF_4,B2_realized_vol_1m__depth_mid_ask | C1_cancel_rate_ask__cancel_ratio | C2_cancel_rate_ask__bid_depth_curvature | D2_depth_near_ask__queue_imbalance_std_5s,221,0.9638009049773756,13.07579185520362,49,0.8979591836734694,7.076530612244898,74,0.918918918918919,10.14527027027027,-0.04488198605845661,-2.9305215849333504,49,114.66666666666667,0.7151131527455058,0.8176239083991186,0.7317861348281516
vote_ge_2,4,A1_depth_mid_ask__cancel_rate_ask | B2_realized_vol_1m__depth_mid_ask | C1_cancel_rate_ask__cancel_ratio | D2_depth_near_ask__queue_imbalance_std_5s,AT_LEAST_2_OF_4,A1_depth_mid_ask__cancel_rate_ask | B2_realized_vol_1m__depth_mid_ask | C1_cancel_rate_ask__cancel_ratio | D2_depth_near_ask__queue_imbalance_std_5s,237,0.9620253164556962,12.844936708860759,48,0.9166666666666666,7.317708333333333,76,0.9210526315789473,9.970394736842104,-0.04097268487674888,-2.8745419720186547,48,120.33333333333333,0.7145496613368865,0.8193610648456584,0.7322793693093492
vote_ge_2,4,A1_depth_mid_ask__cancel_rate_ask | B1_realized_volatility_30s__depth_mid_ask | C2_cancel_rate_ask__bid_depth_curvature | D1_depth_mid_ask__queue_imbalance_std_5s,AT_LEAST_2_OF_4,A1_depth_mid_ask__cancel_rate_ask | B1_realized_volatility_30s__depth_mid_ask | C2_cancel_rate_ask__bid_depth_curvature | D1_depth_mid_ask__queue_imbalance_std_5s,231,0.961038961038961,12.831168831168831,49,0.9183673469387755,7.428571428571429,64,0.921875,10.29296875,-0.039163961038961026,-2.5382000811688314,49,114.66666666666667,0.7144768330627707,0.824936760783859,0.7354310258194187
vote_ge_2,4,A1_depth_mid_ask__cancel_rate_ask | C1_cancel_rate_ask__cancel_ratio | D1_depth_mid_ask__queue_imbalance_std_5s | D2_depth_near_ask__queue_imbalance_std_5s,AT_LEAST_2_OF_4,A1_depth_mid_ask__cancel_rate_ask | C1_cancel_rate_ask__cancel_ratio | D1_depth_mid_ask__queue_imbalance_std_5s | D2_depth_near_ask__queue_imbalance_std_5s,226,0.9646017699115044,12.730088495575222,51,0.8823529411764706,6.828431372549019,83,0.927710843373494,9.548192771084338,-0.036890926538010405,-3.181895724490884,51,120.0,0.7144173330490102,0.8158477606417341,0.724185306556784
union_any,2,A1_depth_mid_ask__cancel_rate_ask | D1_depth_mid_ask__queue_imbalance_std_5s,ANY_2,A1_depth_mid_ask__cancel_rate_ask | D1_depth_mid_ask__queue_imbalance_std_5s,262,0.9541984732824428,12.064885496183207,68,0.9117647058823529,6.613970588235294,90,0.9222222222222223,9.45,-0.031976251060220506,-2.6148854961832075,68,140.0,0.714302374893978,0.8445442049593375,0.7305216783914584
union_any,3,A1_depth_mid_ask__cancel_rate_ask | B1_realized_volatility_30s__depth_mid_ask | D1_depth_mid_ask__queue_imbalance_std_5s,ANY_3,A1_depth_mid_ask__cancel_rate_ask | B1_realized_volatility_30s__depth_mid_ask | D1_depth_mid_ask__queue_imbalance_std_5s,285,0.9543859649122807,11.726315789473684,71,0.9154929577464789,6.813380281690141,92,0.9239130434782609,9.320652173913043,-0.030472921434019806,-2.4056636155606412,71,149.33333333333334,0.7140577803203662,0.8493230385363287,0.7312941470332291
union_any,3,A1_depth_mid_ask__cancel_rate_ask | B2_realized_vol_1m__depth_mid_ask | D1_depth_mid_ask__queue_imbalance_std_5s,ANY_3,A1_depth_mid_ask__cancel_rate_ask | B2_realized_vol_1m__depth_mid_ask | D1_depth_mid_ask__queue_imbalance_std_5s,286,0.951048951048951,11.719405594405595,72,0.9027777777777778,6.840277777777778,93,0.9247311827956989,9.233870967741936,-0.02631776825325216,-2.485534626663659,72,150.33333333333334,0.7138951048951049,0.8481549615259292,0.7285408802666867
union_any,4,A1_depth_mid_ask__cancel_rate_ask | B1_realized_volatility_30s__depth_mid_ask | B2_realized_vol_1m__depth_mid_ask | D1_depth_mid_ask__queue_imbalance_std_5s,ANY_4,A1_depth_mid_ask__cancel_rate_ask | B1_realized_volatility_30s__depth_mid_ask | B2_realized_vol_1m__depth_mid_ask | D1_depth_mid_ask__queue_imbalance_std_5s,288,0.9513888888888888,11.6484375,73,0.9041095890410958,6.828767123287672,93,0.9247311827956989,9.233870967741936,-0.02665770609318996,-2.414566532258064,73,151.33333333333334,0.7138611111111112,0.8498873299945991,0.7291471820223892
intersection_all,3,A2_depth_near_ask__cancel_rate_ask | B2_realized_vol_1m__depth_mid_ask | C1_cancel_rate_ask__cancel_ratio,ALL_3,A2_depth_near_ask__cancel_rate_ask | B2_realized_vol_1m__depth_mid_ask | C1_cancel_rate_ask__cancel_ratio,126,0.9682539682539683,14.234126984126984,14,0.8571428571428571,6.5,29,0.9655172413793104,9.905172413793103,-0.002736726874657869,-4.328954570333881,14,56.333333333333336,0.7137952928297755,0.777413519430761,0.7073890713373472
vote_ge_2,4,A1_depth_mid_ask__cancel_rate_ask | B1_realized_volatility_30s__depth_mid_ask | B2_realized_vol_1m__depth_mid_ask | C2_cancel_rate_ask__bid_depth_curvature,AT_LEAST_2_OF_4,A1_depth_mid_ask__cancel_rate_ask | B1_realized_volatility_30s__depth_mid_ask | B2_realized_vol_1m__depth_mid_ask | C2_cancel_rate_ask__bid_depth_curvature,245,0.9591836734693877,12.464285714285714,48,0.9166666666666666,7.510416666666667,66,0.9242424242424242,10.094696969696969,-0.03494124922696351,-2.3695887445887447,48,119.66666666666667,0.7136599154813441,0.8224831478045763,0.7342481962481961
intersection_all,3,B1_realized_volatility_30s__depth_mid_ask | B2_realized_vol_1m__depth_mid_ask | C1_cancel_rate_ask__cancel_ratio,ALL_3,B1_realized_volatility_30s__depth_mid_ask | B2_realized_vol_1m__depth_mid_ask | C1_cancel_rate_ask__cancel_ratio,129,0.9689922480620154,14.40891472868217,15,0.8666666666666667,7.166666666666667,30,0.9666666666666667,9.816666666666666,-0.0023255813953487747,-4.5922480620155035,15,58.0,0.7133785529715763,0.7804341085271318,0.7057183462532299
union_any,2,A1_depth_mid_ask__cancel_rate_ask | B1_realized_volatility_30s__depth_mid_ask,ANY_2,A1_depth_mid_ask__cancel_rate_ask | B1_realized_volatility_30s__depth_mid_ask,261,0.9540229885057471,12.228927203065133,54,0.9259259259259259,7.62962962962963,79,0.9240506329113924,9.658227848101266,-0.029972355594354627,-2.5706993549638675,54,131.33333333333334,0.7132960133857122,0.8293904812713193,0.7315368753738462
vote_ge_2,4,A1_depth_mid_ask__cancel_rate_ask | B2_realized_vol_1m__depth_mid_ask | C2_cancel_rate_ask__bid_depth_curvature | D2_depth_near_ask__queue_imbalance_std_5s,AT_LEAST_2_OF_4,A1_depth_mid_ask__cancel_rate_ask | B2_realized_vol_1m__depth_mid_ask | C2_cancel_rate_ask__bid_depth_curvature | D2_depth_near_ask__queue_imbalance_std_5s,239,0.9623430962343096,12.643305439330543,46,0.9130434782608695,7.413043478260869,70,0.9142857142857143,10.292857142857143,-0.048057381948595324,-2.3504482964734006,46,118.33333333333333,0.7131704522813309,0.8154458146001715,0.7364918353734071
vote_ge_2,4,B2_realized_vol_1m__depth_mid_ask | C1_cancel_rate_ask__cancel_ratio | C2_cancel_rate_ask__bid_depth_curvature | D1_depth_mid_ask__queue_imbalance_std_5s,AT_LEAST_2_OF_4,B2_realized_vol_1m__depth_mid_ask | C1_cancel_rate_ask__cancel_ratio | C2_cancel_rate_ask__bid_depth_curvature | D1_depth_mid_ask__queue_imbalance_std_5s,219,0.9634703196347032,13.068493150684931,53,0.9056603773584906,7.179245283018868,73,0.9178082191780822,10.092465753424657,-0.045662100456621,-2.9760273972602747,53,115.0,0.7131552511415525,0.8241138106315156,0.7303080468682691
intersection_all,2,A1_depth_mid_ask__cancel_rate_ask | D1_depth_mid_ask__queue_imbalance_std_5s,ALL_2,A1_depth_mid_ask__cancel_rate_ask | D1_depth_mid_ask__queue_imbalance_std_5s,158,0.9620253164556962,13.799050632911392,28,0.8928571428571429,7.142857142857143,26,0.9615384615384616,10.038461538461538,-0.0004868549172346581,-3.7605890944498537,26,70.66666666666667,0.7129513145082765,0.8025227430797052,0.7145228126304075
intersection_all,2,B2_realized_vol_1m__depth_mid_ask | C1_cancel_rate_ask__cancel_ratio,ALL_2,B2_realized_vol_1m__depth_mid_ask | C1_cancel_rate_ask__cancel_ratio,132,0.9696969696969697,14.375,16,0.875,6.9375,35,0.9714285714285714,9.507142857142858,0.0017316017316016952,-4.867857142857142,16,61.0,0.7129220779220778,0.782469696969697,0.7026904761904762
intersection_all,3,A1_depth_mid_ask__cancel_rate_ask | B2_realized_vol_1m__depth_mid_ask | C1_cancel_rate_ask__cancel_ratio,ALL_3,A1_depth_mid_ask__cancel_rate_ask | B2_realized_vol_1m__depth_mid_ask | C1_cancel_rate_ask__cancel_ratio,132,0.9696969696969697,14.375,16,0.875,6.9375,35,0.9714285714285714,9.507142857142858,0.0017316017316016952,-4.867857142857142,16,61.0,0.7129220779220778,0.782469696969697,0.7026904761904762
intersection_all,3,A1_depth_mid_ask__cancel_rate_ask | B1_realized_volatility_30s__depth_mid_ask | D1_depth_mid_ask__queue_imbalance_std_5s,ALL_3,A1_depth_mid_ask__cancel_rate_ask | B1_realized_volatility_30s__depth_mid_ask | D1_depth_mid_ask__queue_imbalance_std_5s,144,0.9583333333333334,14.130208333333334,20,0.9,6.6375,19,0.9473684210526315,10.68421052631579,-0.010964912280701844,-3.4459978070175445,19,61.0,0.7127894736842104,0.7931929824561403,0.7217898391812865
vote_ge_2,4,B2_realized_vol_1m__depth_mid_ask | C2_cancel_rate_ask__bid_depth_curvature | D1_depth_mid_ask__queue_imbalance_std_5s | D2_depth_near_ask__queue_imbalance_std_5s,AT_LEAST_2_OF_4,B2_realized_vol_1m__depth_mid_ask | C2_cancel_rate_ask__bid_depth_curvature | D1_depth_mid_ask__queue_imbalance_std_5s | D2_depth_near_ask__queue_imbalance_std_5s,221,0.9592760180995475,12.788461538461538,48,0.8958333333333334,7.25,60,0.95,9.366666666666667,-0.00927601809954759,-3.421794871794871,48,109.66666666666667,0.7126835093011563,0.8239057315233785,0.7166047008547008
vote_ge_2,3,B1_realized_volatility_30s__depth_mid_ask | C2_cancel_rate_ask__bid_depth_curvature | D2_depth_near_ask__queue_imbalance_std_5s,AT_LEAST_2_OF_3,B1_realized_volatility_30s__depth_mid_ask | C2_cancel_rate_ask__bid_depth_curvature | D2_depth_near_ask__queue_imbalance_std_5s,189,0.9576719576719577,13.497354497354497,31,0.9032258064516129,7.564516129032258,47,0.9361702127659575,10.202127659574469,-0.02150174490600021,-3.295226837780028,31,89.0,0.7126618822469887,0.8014843485018504,0.7235565293862022
vote_ge_2,4,A1_depth_mid_ask__cancel_rate_ask | A2_depth_near_ask__cancel_rate_ask | B2_realized_vol_1m__depth_mid_ask | D1_depth_mid_ask__queue_imbalance_std_5s,AT_LEAST_2_OF_4,A1_depth_mid_ask__cancel_rate_ask | A2_depth_near_ask__cancel_rate_ask | B2_realized_vol_1m__depth_mid_ask | D1_depth_mid_ask__queue_imbalance_std_5s,232,0.9568965517241379,12.84698275862069,47,0.9148936170212766,7.414893617021277,73,0.9178082191780822,9.897260273972602,-0.039088332546055704,-2.9497224846480883,47,117.33333333333333,0.7105592032750747,0.8156657805606087,0.7275026273295877
vote_ge_2,4,A1_depth_mid_ask__cancel_rate_ask | B1_realized_volatility_30s__depth_mid_ask | B2_realized_vol_1m__depth_mid_ask | C1_cancel_rate_ask__cancel_ratio,AT_LEAST_2_OF_4,A1_depth_mid_ask__cancel_rate_ask | B1_realized_volatility_30s__depth_mid_ask | B2_realized_vol_1m__depth_mid_ask | C1_cancel_rate_ask__cancel_ratio,244,0.9590163934426229,12.673155737704919,50,0.92,7.82,69,0.927536231884058,9.673913043478262,-0.03148016155856492,-2.9992426942266572,50,121.0,0.7099751722499407,0.8236056070325494,0.724620990734141
union_any,2,A1_depth_mid_ask__cancel_rate_ask | B2_realized_vol_1m__depth_mid_ask,ANY_2,A1_depth_mid_ask__cancel_rate_ask | B2_realized_vol_1m__depth_mid_ask,263,0.9505703422053232,12.222433460076045,55,0.9090909090909091,7.677272727272728,82,0.9146341463414634,9.600609756097562,-0.035936195863859766,-2.6218237039784835,55,133.33333333333334,0.7090019088688987,0.822584318329357,0.7265644125573646
union_any,3,A1_depth_mid_ask__cancel_rate_ask | B1_realized_volatility_30s__depth_mid_ask | B2_realized_vol_1m__depth_mid_ask,ANY_3,A1_depth_mid_ask__cancel_rate_ask | B1_realized_volatility_30s__depth_mid_ask | B2_realized_vol_1m__depth_mid_ask,266,0.9511278195488722,12.102443609022556,57,0.9122807017543859,7.592105263157895,82,0.9146341463414634,9.600609756097562,-0.036493673207408706,-2.501833852924994,57,135.0,0.7089461611345438,0.8261665291276974,0.7276833241640688
vote_ge_2,4,A1_depth_mid_ask__cancel_rate_ask | B2_realized_vol_1m__depth_mid_ask | C1_cancel_rate_ask__cancel_ratio | D1_depth_mid_ask__queue_imbalance_std_5s,AT_LEAST_2_OF_4,A1_depth_mid_ask__cancel_rate_ask | B2_realized_vol_1m__depth_mid_ask | C1_cancel_rate_ask__cancel_ratio | D1_depth_mid_ask__queue_imbalance_std_5s,229,0.9606986899563319,12.890829694323145,48,0.9166666666666666,7.479166666666667,71,0.9154929577464789,9.954225352112676,-0.04520573220985302,-2.936604342210469,48,116.0,0.7088550136334747,0.8165521967320662,0.7270963466387846
intersection_all,2,A2_depth_near_ask__cancel_rate_ask | D2_depth_near_ask__queue_imbalance_std_5s,ALL_2,A2_depth_near_ask__cancel_rate_ask | D2_depth_near_ask__queue_imbalance_std_5s,163,0.9631901840490797,13.449386503067485,26,0.8846153846153846,6.125,26,0.9615384615384616,9.740384615384615,-0.001651722510618181,-3.70900188768287,26,71.66666666666667,0.7078668790309894,0.7977771354412458,0.7080810130564732
vote_ge_2,4,A1_depth_mid_ask__cancel_rate_ask | B2_realized_vol_1m__depth_mid_ask | C2_cancel_rate_ask__bid_depth_curvature | D1_depth_mid_ask__queue_imbalance_std_5s,AT_LEAST_2_OF_4,A1_depth_mid_ask__cancel_rate_ask | B2_realized_vol_1m__depth_mid_ask | C2_cancel_rate_ask__bid_depth_curvature | D1_depth_mid_ask__queue_imbalance_std_5s,233,0.9613733905579399,12.75107296137339,49,0.9183673469387755,7.428571428571429,68,0.9117647058823529,10.110294117647058,-0.04960868467558699,-2.6407788437263324,49,116.66666666666667,0.7078381511402845,0.8180214244496082,0.7295550718141333
intersection_all,2,A1_depth_mid_ask__cancel_rate_ask | C1_cancel_rate_ask__cancel_ratio,ALL_2,A1_depth_mid_ask__cancel_rate_ask | C1_cancel_rate_ask__cancel_ratio,153,0.9738562091503268,14.531045751633988,28,0.8928571428571429,7.035714285714286,59,0.9322033898305084,9.779661016949152,-0.041652819319818346,-4.7513847346848355,28,80.0,0.7078205937742328,0.7870841127411417,0.708974222834143
vote_ge_2,3,B1_realized_volatility_30s__depth_mid_ask | C2_cancel_rate_ask__bid_depth_curvature | D1_depth_mid_ask__queue_imbalance_std_5s,AT_LEAST_2_OF_3,B1_realized_volatility_30s__depth_mid_ask | C2_cancel_rate_ask__bid_depth_curvature | D1_depth_mid_ask__queue_imbalance_std_5s,187,0.9572192513368984,13.633689839572192,36,0.9166666666666666,7.972222222222222,44,0.9318181818181818,10.102272727272727,-0.02540106951871668,-3.531417112299465,36,89.0,0.7071492869875222,0.8085432263814618,0.7183057040998218
vote_ge_2,4,B1_realized_volatility_30s__depth_mid_ask | C2_cancel_rate_ask__bid_depth_curvature | D1_depth_mid_ask__queue_imbalance_std_5s | D2_depth_near_ask__queue_imbalance_std_5s,AT_LEAST_2_OF_4,B1_realized_volatility_30s__depth_mid_ask | C2_cancel_rate_ask__bid_depth_curvature | D1_depth_mid_ask__queue_imbalance_std_5s | D2_depth_near_ask__queue_imbalance_std_5s,220,0.9590909090909091,12.771590909090909,49,0.8979591836734694,7.255102040816326,60,0.9333333333333333,9.533333333333333,-0.025757575757575757,-3.238257575757576,49,109.66666666666667,0.7063131313131313,0.819182745825603,0.7155408678622964
vote_ge_2,4,A2_depth_near_ask__cancel_rate_ask | B2_realized_vol_1m__depth_mid_ask | D1_depth_mid_ask__queue_imbalance_std_5s | D2_depth_near_ask__queue_imbalance_std_5s,AT_LEAST_2_OF_4,A2_depth_near_ask__cancel_rate_ask | B2_realized_vol_1m__depth_mid_ask | D1_depth_mid_ask__queue_imbalance_std_5s | D2_depth_near_ask__queue_imbalance_std_5s,249,0.9598393574297188,12.326305220883533,48,0.8958333333333334,6.411458333333333,64,0.9375,9.25390625,-0.02233935742971882,-3.0723989708835333,48,120.33333333333333,0.7058728350903616,0.8164717934236948,0.7143037985274432
intersection_all,2,B1_realized_volatility_30s__depth_mid_ask | B2_realized_vol_1m__depth_mid_ask,ALL_2,B1_realized_volatility_30s__depth_mid_ask | B2_realized_vol_1m__depth_mid_ask,217,0.9539170506912442,12.40552995391705,31,0.9354838709677419,8.96774193548387,39,0.9487179487179487,9.51923076923077,-0.005199101973295539,-2.8862991846862798,31,95.66666666666667,0.7045570128795935,0.807756351175706,0.7162422899680964
vote_ge_2,3,B1_realized_volatility_30s__depth_mid_ask | B2_realized_vol_1m__depth_mid_ask | C2_cancel_rate_ask__bid_depth_curvature,AT_LEAST_2_OF_3,B1_realized_volatility_30s__depth_mid_ask | B2_realized_vol_1m__depth_mid_ask | C2_cancel_rate_ask__bid_depth_curvature,226,0.9557522123893806,12.92146017699115,36,0.9166666666666666,8.26388888888889,46,0.9347826086956522,9.73913043478261,-0.020969603693728356,-3.182329742208541,36,102.66666666666667,0.7038740541233809,0.8065407207900476,0.7154076567910735
union_any,2,B2_realized_vol_1m__depth_mid_ask | D2_depth_near_ask__queue_imbalance_std_5s,ANY_2,B2_realized_vol_1m__depth_mid_ask | D2_depth_near_ask__queue_imbalance_std_5s,290,0.9586206896551724,11.714655172413794,61,0.9016393442622951,6.918032786885246,71,0.9436619718309859,8.70774647887324,-0.014958717824186563,-3.006908693540554,61,140.66666666666666,0.7037811235227457,0.8348742505911672,0.7100544961876022
union_any,3,B2_realized_vol_1m__depth_mid_ask | D1_depth_mid_ask__queue_imbalance_std_5s | D2_depth_near_ask__queue_imbalance_std_5s,ANY_3,B2_realized_vol_1m__depth_mid_ask | D1_depth_mid_ask__queue_imbalance_std_5s | D2_depth_near_ask__queue_imbalance_std_5s,297,0.9595959595959596,11.625420875420875,72,0.9166666666666666,6.809027777777778,73,0.9452054794520548,8.568493150684931,-0.01439048014390476,-3.056927724735944,72,147.33333333333334,0.7032116369171164,0.8536614086066141,0.7099789293236782
intersection_all,3,B1_realized_volatility_30s__depth_mid_ask | C1_cancel_rate_ask__cancel_ratio | D1_depth_mid_ask__queue_imbalance_std_5s,ALL_3,B1_realized_volatility_30s__depth_mid_ask | C1_cancel_rate_ask__cancel_ratio | D1_depth_mid_ask__queue_imbalance_std_5s,116,0.9655172413793104,15.122844827586206,15,0.8666666666666667,6.0,17,0.9411764705882353,10.411764705882353,-0.024340770791075106,-4.711080121703853,15,49.333333333333336,0.7031247464503042,0.7739874915483435,0.701406524678837
union_any,3,B1_realized_volatility_30s__depth_mid_ask | B2_realized_vol_1m__depth_mid_ask | D2_depth_near_ask__queue_imbalance_std_5s,ANY_3,B1_realized_volatility_30s__depth_mid_ask | B2_realized_vol_1m__depth_mid_ask | D2_depth_near_ask__queue_imbalance_std_5s,295,0.9593220338983051,11.707627118644067,66,0.9090909090909091,6.765151515151516,74,0.9324324324324325,8.929054054054054,-0.026889601465872603,-2.778573064590013,66,145.0,0.7027232020155749,0.840392735185108,0.7143177029109233
union_any,4,B1_realized_volatility_30s__depth_mid_ask | B2_realized_vol_1m__depth_mid_ask | D1_depth_mid_ask__queue_imbalance_std_5s | D2_depth_near_ask__queue_imbalance_std_5s,ANY_4,B1_realized_volatility_30s__depth_mid_ask | B2_realized_vol_1m__depth_mid_ask | D1_depth_mid_ask__queue_imbalance_std_5s | D2_depth_near_ask__queue_imbalance_std_5s,302,0.9602649006622517,11.620033112582782,75,0.92,6.783333333333333,76,0.9342105263157895,8.789473684210526,-0.026054374346462184,-2.830559428372256,75,151.0,0.7022805274776345,0.8554735099337749,0.7138927617055885
vote_ge_2,4,A2_depth_near_ask__cancel_rate_ask | B1_realized_volatility_30s__depth_mid_ask | D1_depth_mid_ask__queue_imbalance_std_5s | D2_depth_near_ask__queue_imbalance_std_5s,AT_LEAST_2_OF_4,A2_depth_near_ask__cancel_rate_ask | B1_realized_volatility_30s__depth_mid_ask | D1_depth_mid_ask__queue_imbalance_std_5s | D2_depth_near_ask__queue_imbalance_std_5s,246,0.959349593495935,12.378048780487806,47,0.8936170212765957,6.473404255319149,62,0.9193548387096774,9.620967741935484,-0.03999475478625758,-2.7570810385523217,47,118.33333333333333,0.7010596643063205,0.8091755416799191,0.7161747102577409
intersection_all,2,B2_realized_vol_1m__depth_mid_ask | D1_depth_mid_ask__queue_imbalance_std_5s,ALL_2,B2_realized_vol_1m__depth_mid_ask | D1_depth_mid_ask__queue_imbalance_std_5s,155,0.9548387096774194,13.26774193548387,24,0.875,8.104166666666666,21,0.9047619047619048,11.25,-0.05007680491551458,-2.017741935483871,21,66.66666666666667,0.7001351766513056,0.7758970814132106,0.7262150537634409
intersection_all,3,B1_realized_volatility_30s__depth_mid_ask | B2_realized_vol_1m__depth_mid_ask | D2_depth_near_ask__queue_imbalance_std_5s,ALL_3,B1_realized_volatility_30s__depth_mid_ask | B2_realized_vol_1m__depth_mid_ask | D2_depth_near_ask__queue_imbalance_std_5s,141,0.950354609929078,13.390070921985815,19,0.8947368421052632,8.56578947368421,15,0.9333333333333333,10.433333333333334,-0.017021276595744705,-2.956737588652482,15,58.333333333333336,0.6996867612293144,0.7774119074281449,0.7125954336195097
union_any,2,B1_realized_volatility_30s__depth_mid_ask | D2_depth_near_ask__queue_imbalance_std_5s,ANY_2,B1_realized_volatility_30s__depth_mid_ask | D2_depth_near_ask__queue_imbalance_std_5s,287,0.9616724738675958,11.766550522648084,61,0.9180327868852459,6.922131147540983,68,0.9264705882352942,9.136029411764707,-0.035201885632301644,-2.630521110883377,61,138.66666666666666,0.6996587330053974,0.8335348982255839,0.7152517654002826
union_any,3,B1_realized_volatility_30s__depth_mid_ask | D1_depth_mid_ask__queue_imbalance_std_5s | D2_depth_near_ask__queue_imbalance_std_5s,ANY_3,B1_realized_volatility_30s__depth_mid_ask | D1_depth_mid_ask__queue_imbalance_std_5s | D2_depth_near_ask__queue_imbalance_std_5s,295,0.9627118644067797,11.66864406779661,70,0.9285714285714286,6.921428571428572,70,0.9285714285714286,8.978571428571428,-0.03414043583535109,-2.690072639225182,70,145.0,0.6990859564164649,0.8485145278450363,0.714494753833737
intersection_all,2,A1_depth_mid_ask__cancel_rate_ask | D2_depth_near_ask__queue_imbalance_std_5s,ALL_2,A1_depth_mid_ask__cancel_rate_ask | D2_depth_near_ask__queue_imbalance_std_5s,147,0.9591836734693877,13.818027210884354,24,0.875,6.354166666666667,21,0.9523809523809523,9.630952380952381,-0.006802721088435382,-4.187074829931973,21,64.0,0.6989070294784581,0.7830816326530613,0.6960385487528344
intersection_all,2,A2_depth_near_ask__cancel_rate_ask | D1_depth_mid_ask__queue_imbalance_std_5s,ALL_2,A2_depth_near_ask__cancel_rate_ask | D1_depth_mid_ask__queue_imbalance_std_5s,147,0.9591836734693877,13.818027210884354,24,0.875,6.354166666666667,21,0.9523809523809523,9.630952380952381,-0.006802721088435382,-4.187074829931973,21,64.0,0.6989070294784581,0.7830816326530613,0.6960385487528344
intersection_all,3,A1_depth_mid_ask__cancel_rate_ask | A2_depth_near_ask__cancel_rate_ask | D1_depth_mid_ask__queue_imbalance_std_5s,ALL_3,A1_depth_mid_ask__cancel_rate_ask | A2_depth_near_ask__cancel_rate_ask | D1_depth_mid_ask__queue_imbalance_std_5s,147,0.9591836734693877,13.818027210884354,24,0.875,6.354166666666667,21,0.9523809523809523,9.630952380952381,-0.006802721088435382,-4.187074829931973,21,64.0,0.6989070294784581,0.7830816326530613,0.6960385487528344
intersection_all,3,A1_depth_mid_ask__cancel_rate_ask | A2_depth_near_ask__cancel_rate_ask | D2_depth_near_ask__queue_imbalance_std_5s,ALL_3,A1_depth_mid_ask__cancel_rate_ask | A2_depth_near_ask__cancel_rate_ask | D2_depth_near_ask__queue_imbalance_std_5s,147,0.9591836734693877,13.818027210884354,24,0.875,6.354166666666667,21,0.9523809523809523,9.630952380952381,-0.006802721088435382,-4.187074829931973,21,64.0,0.6989070294784581,0.7830816326530613,0.6960385487528344
intersection_all,3,A1_depth_mid_ask__cancel_rate_ask | D1_depth_mid_ask__queue_imbalance_std_5s | D2_depth_near_ask__queue_imbalance_std_5s,ALL_3,A1_depth_mid_ask__cancel_rate_ask | D1_depth_mid_ask__queue_imbalance_std_5s | D2_depth_near_ask__queue_imbalance_std_5s,147,0.9591836734693877,13.818027210884354,24,0.875,6.354166666666667,21,0.9523809523809523,9.630952380952381,-0.006802721088435382,-4.187074829931973,21,64.0,0.6989070294784581,0.7830816326530613,0.6960385487528344
intersection_all,3,A2_depth_near_ask__cancel_rate_ask | D1_depth_mid_ask__queue_imbalance_std_5s | D2_depth_near_ask__queue_imbalance_std_5s,ALL_3,A2_depth_near_ask__cancel_rate_ask | D1_depth_mid_ask__queue_imbalance_std_5s | D2_depth_near_ask__queue_imbalance_std_5s,147,0.9591836734693877,13.818027210884354,24,0.875,6.354166666666667,21,0.9523809523809523,9.630952380952381,-0.006802721088435382,-4.187074829931973,21,64.0,0.6989070294784581,0.7830816326530613,0.6960385487528344
vote_ge_2,4,B2_realized_vol_1m__depth_mid_ask | C1_cancel_rate_ask__cancel_ratio | D1_depth_mid_ask__queue_imbalance_std_5s | D2_depth_near_ask__queue_imbalance_std_5s,AT_LEAST_2_OF_4,B2_realized_vol_1m__depth_mid_ask | C1_cancel_rate_ask__cancel_ratio | D1_depth_mid_ask__queue_imbalance_std_5s | D2_depth_near_ask__queue_imbalance_std_5s,220,0.9636363636363636,12.806818181818182,50,0.9,6.99,65,0.9384615384615385,8.788461538461538,-0.025174825174825166,-4.018356643356643,50,111.66666666666667,0.6987645687645687,0.8157517482517482,0.6999417249417248
intersection_all,2,C1_cancel_rate_ask__cancel_ratio | D2_depth_near_ask__queue_imbalance_std_5s,ALL_2,C1_cancel_rate_ask__cancel_ratio | D2_depth_near_ask__queue_imbalance_std_5s,129,0.9689922480620154,14.560077519379846,20,0.9,6.1875,22,0.9545454545454546,9.545454545454545,-0.014446793516560863,-5.0146229739253005,20,57.0,0.6981916842847076,0.7858280479210713,0.6925691801738313
intersection_all,3,A2_depth_near_ask__cancel_rate_ask | C1_cancel_rate_ask__cancel_ratio | D2_depth_near_ask__queue_imbalance_std_5s,ALL_3,A2_depth_near_ask__cancel_rate_ask | C1_cancel_rate_ask__cancel_ratio | D2_depth_near_ask__queue_imbalance_std_5s,129,0.9689922480620154,14.560077519379846,20,0.9,6.1875,22,0.9545454545454546,9.545454545454545,-0.014446793516560863,-5.0146229739253005,20,57.0,0.6981916842847076,0.7858280479210713,0.6925691801738313
intersection_all,2,A1_depth_mid_ask__cancel_rate_ask | B1_realized_volatility_30s__depth_mid_ask,ALL_2,A1_depth_mid_ask__cancel_rate_ask | B1_realized_volatility_30s__depth_mid_ask,192,0.9583333333333334,13.44140625,29,0.9310344827586207,7.155172413793103,40,0.925,9.9125,-0.033333333333333326,-3.5289062500000004,29,87.0,0.698125,0.7954985632183909,0.7115774066091954
vote_ge_2,4,B1_realized_volatility_30s__depth_mid_ask | B2_realized_vol_1m__depth_mid_ask | C2_cancel_rate_ask__bid_depth_curvature | D2_depth_near_ask__queue_imbalance_std_5s,AT_LEAST_2_OF_4,B1_realized_volatility_30s__depth_mid_ask | B2_realized_vol_1m__depth_mid_ask | C2_cancel_rate_ask__bid_depth_curvature | D2_depth_near_ask__queue_imbalance_std_5s,243,0.9588477366255144,12.619341563786008,43,0.9302325581395349,7.540697674418604,57,0.9122807017543859,9.807017543859649,-0.046567034871128454,-2.8123240199263595,43,114.33333333333333,0.6978199047000216,0.8088722642811451,0.7182130255056723
vote_ge_2,4,A2_depth_near_ask__cancel_rate_ask | B1_realized_volatility_30s__depth_mid_ask | B2_realized_vol_1m__depth_mid_ask | D2_depth_near_ask__queue_imbalance_std_5s,AT_LEAST_2_OF_4,A2_depth_near_ask__cancel_rate_ask | B1_realized_volatility_30s__depth_mid_ask | B2_realized_vol_1m__depth_mid_ask | D2_depth_near_ask__queue_imbalance_std_5s,260,0.9615384615384616,12.453846153846154,46,0.9347826086956522,7.467391304347826,62,0.9193548387096774,9.419354838709678,-0.042183622828784184,-3.034491315136476,46,122.66666666666667,0.6974805624483044,0.8136736433272197,0.7144096090912361
single,1,B2_realized_vol_1m__depth_mid_ask,single,B2_realized_vol_1m__depth_mid_ask,228,0.9517543859649122,12.25438596491228,38,0.8947368421052632,8.131578947368421,47,0.9361702127659575,9.22872340425532,-0.015584173198954776,-3.0256625606569614,38,104.33333333333333,0.697030235162374,0.8011442702500934,0.7050366430260047
vote_ge_2,3,A2_depth_near_ask__cancel_rate_ask | B1_realized_volatility_30s__depth_mid_ask | D1_depth_mid_ask__queue_imbalance_std_5s,AT_LEAST_2_OF_3,A2_depth_near_ask__cancel_rate_ask | B1_realized_volatility_30s__depth_mid_ask | D1_depth_mid_ask__queue_imbalance_std_5s,213,0.9577464788732394,13.068075117370892,35,0.9142857142857143,7.214285714285714,45,0.9111111111111111,10.13888888888889,-0.04663536776212829,-2.9291862284820027,35,97.66666666666667,0.6968179447052686,0.7965269394142633,0.7160673299053582
vote_ge_2,4,A1_depth_mid_ask__cancel_rate_ask | B2_realized_vol_1m__depth_mid_ask | D1_depth_mid_ask__queue_imbalance_std_5s | D2_depth_near_ask__queue_imbalance_std_5s,AT_LEAST_2_OF_4,A1_depth_mid_ask__cancel_rate_ask | B2_realized_vol_1m__depth_mid_ask | D1_depth_mid_ask__queue_imbalance_std_5s | D2_depth_near_ask__queue_imbalance_std_5s,239,0.9581589958158996,12.468619246861925,54,0.9074074074074074,7.125,63,0.9365079365079365,8.757936507936508,-0.021651059307963072,-3.710682738925417,54,118.66666666666667,0.6967290739633836,0.8224989152332247,0.7004393637510792
union_any,2,B2_realized_vol_1m__depth_mid_ask | D1_depth_mid_ask__queue_imbalance_std_5s,ANY_2,B2_realized_vol_1m__depth_mid_ask | D1_depth_mid_ask__queue_imbalance_std_5s,269,0.9553903345724907,11.935873605947956,66,0.9090909090909091,6.950757575757576,67,0.9402985074626866,8.436567164179104,-0.015091827109804057,-3.4993064417688515,66,134.0,0.695734598383547,0.839794073734067,0.6989162021928209
vote_ge_2,3,A2_depth_near_ask__cancel_rate_ask | B2_realized_vol_1m__depth_mid_ask | D1_depth_mid_ask__queue_imbalance_std_5s,AT_LEAST_2_OF_3,A2_depth_near_ask__cancel_rate_ask | B2_realized_vol_1m__depth_mid_ask | D1_depth_mid_ask__queue_imbalance_std_5s,216,0.9583333333333334,13.01388888888889,37,0.918918918918919,7.081081081081081,49,0.9183673469387755,9.693877551020408,-0.03996598639455784,-3.320011337868481,37,100.66666666666667,0.6953333333333334,0.7995728994300424,0.7095646054217483
union_any,3,B1_realized_volatility_30s__depth_mid_ask | B2_realized_vol_1m__depth_mid_ask | D1_depth_mid_ask__queue_imbalance_std_5s,ANY_3,B1_realized_volatility_30s__depth_mid_ask | B2_realized_vol_1m__depth_mid_ask | D1_depth_mid_ask__queue_imbalance_std_5s,274,0.9562043795620438,11.924270072992702,69,0.9130434782608695,6.916666666666667,70,0.9285714285714286,8.682142857142857,-0.027632950990615246,-3.2421272158498446,69,137.66666666666666,0.6947962287104623,0.8415954005531125,0.7033330235299452
intersection_all,2,C1_cancel_rate_ask__cancel_ratio | D1_depth_mid_ask__queue_imbalance_std_5s,ALL_2,C1_cancel_rate_ask__cancel_ratio | D1_depth_mid_ask__queue_imbalance_std_5s,125,0.968,14.974,21,0.9047619047619048,7.333333333333333,21,0.9523809523809523,9.428571428571429,-0.015619047619047643,-5.545428571428571,21,55.666666666666664,0.6946523809523808,0.7861285714285714,0.6859114285714285
intersection_all,3,A1_depth_mid_ask__cancel_rate_ask | C1_cancel_rate_ask__cancel_ratio | D1_depth_mid_ask__queue_imbalance_std_5s,ALL_3,A1_depth_mid_ask__cancel_rate_ask | C1_cancel_rate_ask__cancel_ratio | D1_depth_mid_ask__queue_imbalance_std_5s,125,0.968,14.974,21,0.9047619047619048,7.333333333333333,21,0.9523809523809523,9.428571428571429,-0.015619047619047643,-5.545428571428571,21,55.666666666666664,0.6946523809523808,0.7861285714285714,0.6859114285714285
union_any,2,D1_depth_mid_ask__queue_imbalance_std_5s | D2_depth_near_ask__queue_imbalance_std_5s,ANY_2,D1_depth_mid_ask__queue_imbalance_std_5s | D2_depth_near_ask__queue_imbalance_std_5s,224,0.9642857142857143,12.121651785714286,58,0.9137931034482759,6.478448275862069,47,0.9361702127659575,9.106382978723405,-0.028115501519756836,-3.015268806990882,47,109.66666666666667,0.6937380952380952,0.8159789854312967,0.7045647523407748
vote_ge_2,3,A1_depth_mid_ask__cancel_rate_ask | B1_realized_volatility_30s__depth_mid_ask | D2_depth_near_ask__queue_imbalance_std_5s,AT_LEAST_2_OF_3,A1_depth_mid_ask__cancel_rate_ask | B1_realized_volatility_30s__depth_mid_ask | D2_depth_near_ask__queue_imbalance_std_5s,219,0.958904109589041,13.029680365296803,39,0.9230769230769231,7.506410256410256,48,0.9166666666666666,9.682291666666666,-0.04223744292237441,-3.3473886986301373,39,102.0,0.6936477834855403,0.8023812236564806,0.7084709343168247
vote_ge_2,4,B1_realized_volatility_30s__depth_mid_ask | B2_realized_vol_1m__depth_mid_ask | D1_depth_mid_ask__queue_imbalance_std_5s | D2_depth_near_ask__queue_imbalance_std_5s,AT_LEAST_2_OF_4,B1_realized_volatility_30s__depth_mid_ask | B2_realized_vol_1m__depth_mid_ask | D1_depth_mid_ask__queue_imbalance_std_5s | D2_depth_near_ask__queue_imbalance_std_5s,255,0.9568627450980393,12.11078431372549,52,0.9038461538461539,7.158653846153846,59,0.9322033898305084,8.788135593220339,-0.024659355267530825,-3.3226487205051516,52,122.0,0.6929945164506479,0.8170660071068845,0.6997675222196658
vote_ge_2,3,C2_cancel_rate_ask__bid_depth_curvature | D1_depth_mid_ask__queue_imbalance_std_5s | D2_depth_near_ask__queue_imbalance_std_5s,AT_LEAST_2_OF_3,C2_cancel_rate_ask__bid_depth_curvature | D1_depth_mid_ask__queue_imbalance_std_5s | D2_depth_near_ask__queue_imbalance_std_5s,190,0.9578947368421052,12.68157894736842,40,0.875,6.9875,42,0.9285714285714286,9.416666666666666,-0.02932330827067664,-3.264912280701754,40,90.66666666666667,0.6928692564745196,0.7976629072681704,0.7000672514619883
vote_ge_2,3,A1_depth_mid_ask__cancel_rate_ask | B2_realized_vol_1m__depth_mid_ask | D2_depth_near_ask__queue_imbalance_std_5s,AT_LEAST_2_OF_3,A1_depth_mid_ask__cancel_rate_ask | B2_realized_vol_1m__depth_mid_ask | D2_depth_near_ask__queue_imbalance_std_5s,220,0.9590909090909091,12.988636363636363,40,0.925,7.35625,52,0.9230769230769231,9.298076923076923,-0.03601398601398598,-3.69055944055944,40,104.0,0.6927511655011656,0.8036101398601398,0.702934731934732
vote_ge_2,3,A2_depth_near_ask__cancel_rate_ask | B1_realized_volatility_30s__depth_mid_ask | D2_depth_near_ask__queue_imbalance_std_5s,AT_LEAST_2_OF_3,A2_depth_near_ask__cancel_rate_ask | B1_realized_volatility_30s__depth_mid_ask | D2_depth_near_ask__queue_imbalance_std_5s,219,0.958904109589041,12.835616438356164,32,0.90625,7.1328125,46,0.9130434782608695,9.793478260869565,-0.04586063132817153,-3.042138177486599,32,99.0,0.6925081397657336,0.7878161107802264,0.7087788614254517
vote_ge_2,3,A1_depth_mid_ask__cancel_rate_ask | B1_realized_volatility_30s__depth_mid_ask | D1_depth_mid_ask__queue_imbalance_std_5s,AT_LEAST_2_OF_3,A1_depth_mid_ask__cancel_rate_ask | B1_realized_volatility_30s__depth_mid_ask | D1_depth_mid_ask__queue_imbalance_std_5s,220,0.9590909090909091,13.040909090909091,44,0.9318181818181818,7.892045454545454,49,0.9183673469387755,9.525510204081632,-0.040723562152133574,-3.515398886827459,44,104.33333333333333,0.6924514533085961,0.8108933209647495,0.7061846011131725
vote_ge_2,4,B1_realized_volatility_30s__depth_mid_ask | B2_realized_vol_1m__depth_mid_ask | C2_cancel_rate_ask__bid_depth_curvature | D1_depth_mid_ask__queue_imbalance_std_5s,AT_LEAST_2_OF_4,B1_realized_volatility_30s__depth_mid_ask | B2_realized_vol_1m__depth_mid_ask | C2_cancel_rate_ask__bid_depth_curvature | D1_depth_mid_ask__queue_imbalance_std_5s,236,0.9576271186440678,12.712923728813559,45,0.9333333333333333,7.816666666666666,54,0.9074074074074074,9.703703703703704,-0.05021971123666036,-3.0092200251098546,45,111.66666666666667,0.6920397572713958,0.8091446955430007,0.7119385331659345
vote_ge_2,3,A1_depth_mid_ask__cancel_rate_ask | B2_realized_vol_1m__depth_mid_ask | D1_depth_mid_ask__queue_imbalance_std_5s,AT_LEAST_2_OF_3,A1_depth_mid_ask__cancel_rate_ask | B2_realized_vol_1m__depth_mid_ask | D1_depth_mid_ask__queue_imbalance_std_5s,222,0.9594594594594594,12.98536036036036,45,0.9333333333333333,7.683333333333334,53,0.9245283018867925,9.160377358490566,-0.03493115757266696,-3.8249830018697946,45,106.66666666666667,0.6917175760666326,0.8120886452490227,0.70112589948439
vote_ge_2,4,A1_depth_mid_ask__cancel_rate_ask | B1_realized_volatility_30s__depth_mid_ask | D1_depth_mid_ask__queue_imbalance_std_5s | D2_depth_near_ask__queue_imbalance_std_5s,AT_LEAST_2_OF_4,A1_depth_mid_ask__cancel_rate_ask | B1_realized_volatility_30s__depth_mid_ask | D1_depth_mid_ask__queue_imbalance_std_5s | D2_depth_near_ask__queue_imbalance_std_5s,237,0.9578059071729957,12.529535864978904,54,0.9074074074074074,7.263888888888889,61,0.9180327868852459,9.114754098360656,-0.03977312028774982,-3.4147817666182476,54,117.33333333333333,0.6915500103755966,0.8168648251904115,0.702082086340335
vote_ge_2,3,A2_depth_near_ask__cancel_rate_ask | B2_realized_vol_1m__depth_mid_ask | D2_depth_near_ask__queue_imbalance_std_5s,AT_LEAST_2_OF_3,A2_depth_near_ask__cancel_rate_ask | B2_realized_vol_1m__depth_mid_ask | D2_depth_near_ask__queue_imbalance_std_5s,221,0.9592760180995475,12.799773755656108,36,0.9166666666666666,6.770833333333333,50,0.92,9.385,-0.039276018099547505,-3.4147737556561086,36,102.33333333333333,0.691489064856712,0.7952557315233788,0.703601508295626
vote_ge_2,4,B1_realized_volatility_30s__depth_mid_ask | C1_cancel_rate_ask__cancel_ratio | D1_depth_mid_ask__queue_imbalance_std_5s | D2_depth_near_ask__queue_imbalance_std_5s,AT_LEAST_2_OF_4,B1_realized_volatility_30s__depth_mid_ask | C1_cancel_rate_ask__cancel_ratio | D1_depth_mid_ask__queue_imbalance_std_5s | D2_depth_near_ask__queue_imbalance_std_5s,220,0.9636363636363636,12.898863636363636,50,0.9,7.01,62,0.9193548387096774,9.060483870967742,-0.044281524926686244,-3.838379765395894,50,110.66666666666667,0.6912895894428153,0.8089186217008797,0.6983946725317692
union_any,2,B1_realized_volatility_30s__depth_mid_ask | D1_depth_mid_ask__queue_imbalance_std_5s,ANY_2,B1_realized_volatility_30s__depth_mid_ask | D1_depth_mid_ask__queue_imbalance_std_5s,267,0.9588014981273408,11.985955056179776,64,0.921875,7.078125,64,0.921875,8.87890625,-0.036926498127340834,-3.107048806179776,64,131.66666666666666,0.6911328710205993,0.8342214126872659,0.7037082162921349
vote_ge_2,4,A1_depth_mid_ask__cancel_rate_ask | B1_realized_volatility_30s__depth_mid_ask | B2_realized_vol_1m__depth_mid_ask | D2_depth_near_ask__queue_imbalance_std_5s,AT_LEAST_2_OF_4,A1_depth_mid_ask__cancel_rate_ask | B1_realized_volatility_30s__depth_mid_ask | B2_realized_vol_1m__depth_mid_ask | D2_depth_near_ask__queue_imbalance_std_5s,245,0.9591836734693877,12.61530612244898,47,0.9361702127659575,7.462765957446808,57,0.9122807017543859,9.350877192982455,-0.046902971715001796,-3.264428929466524,47,116.33333333333333,0.6901839718343478,0.8114647980132703,0.706669951220503
vote_ge_2,4,A2_depth_near_ask__cancel_rate_ask | B1_realized_volatility_30s__depth_mid_ask | B2_realized_vol_1m__depth_mid_ask | D1_depth_mid_ask__queue_imbalance_std_5s,AT_LEAST_2_OF_4,A2_depth_near_ask__cancel_rate_ask | B1_realized_volatility_30s__depth_mid_ask | B2_realized_vol_1m__depth_mid_ask | D1_depth_mid_ask__queue_imbalance_std_5s,245,0.9591836734693877,12.598979591836734,46,0.9347826086956522,7.451086956521739,57,0.9122807017543859,9.350877192982455,-0.046902971715001796,-3.2481023988542788,46,116.0,0.6901839718343478,0.8096872771992093,0.7066400343508875
vote_ge_2,4,A1_depth_mid_ask__cancel_rate_ask | B1_realized_volatility_30s__depth_mid_ask | B2_realized_vol_1m__depth_mid_ask | D1_depth_mid_ask__queue_imbalance_std_5s,AT_LEAST_2_OF_4,A1_depth_mid_ask__cancel_rate_ask | B1_realized_volatility_30s__depth_mid_ask | B2_realized_vol_1m__depth_mid_ask | D1_depth_mid_ask__queue_imbalance_std_5s,247,0.9595141700404858,12.615384615384615,50,0.94,7.815,58,0.9137931034482759,9.224137931034482,-0.04572106659220987,-3.3912466843501328,50,118.33333333333333,0.6893704220764113,0.8161865140304342,0.7047020335985853
vote_ge_2,4,B1_realized_volatility_30s__depth_mid_ask | B2_realized_vol_1m__depth_mid_ask | C1_cancel_rate_ask__cancel_ratio | D2_depth_near_ask__queue_imbalance_std_5s,AT_LEAST_2_OF_4,B1_realized_volatility_30s__depth_mid_ask | B2_realized_vol_1m__depth_mid_ask | C1_cancel_rate_ask__cancel_ratio | D2_depth_near_ask__queue_imbalance_std_5s,248,0.9596774193548387,12.65725806451613,44,0.9318181818181818,7.6477272727272725,58,0.9137931034482759,9.193965517241379,-0.045884315906562834,-3.463292547274751,44,116.66666666666667,0.6888512235817575,0.8052321013247044,0.7028000977517107
vote_ge_2,3,A2_depth_near_ask__cancel_rate_ask | B1_realized_volatility_30s__depth_mid_ask | B2_realized_vol_1m__depth_mid_ask,AT_LEAST_2_OF_3,A2_depth_near_ask__cancel_rate_ask | B1_realized_volatility_30s__depth_mid_ask | B2_realized_vol_1m__depth_mid_ask,231,0.9567099567099567,12.816017316017316,38,0.9210526315789473,7.8881578947368425,49,0.9183673469387755,9.26530612244898,-0.0383426097711812,-3.550711193568336,38,106.0,0.6883528138528139,0.7973762653386713,0.6996685490783234
intersection_all,2,A2_depth_near_ask__cancel_rate_ask | B1_realized_volatility_30s__depth_mid_ask,ALL_2,A2_depth_near_ask__cancel_rate_ask | B1_realized_volatility_30s__depth_mid_ask,176,0.9545454545454546,13.507102272727273,20,0.9,6.8125,33,0.9090909090909091,10.037878787878787,-0.045454545454545525,-3.469223484848486,20,76.33333333333333,0.6883434343434343,0.769469696969697,0.7023112373737372
intersection_all,3,A1_depth_mid_ask__cancel_rate_ask | A2_depth_near_ask__cancel_rate_ask | B1_realized_volatility_30s__depth_mid_ask,ALL_3,A1_depth_mid_ask__cancel_rate_ask | A2_depth_near_ask__cancel_rate_ask | B1_realized_volatility_30s__depth_mid_ask,176,0.9545454545454546,13.507102272727273,20,0.9,6.8125,33,0.9090909090909091,10.037878787878787,-0.045454545454545525,-3.469223484848486,20,76.33333333333333,0.6883434343434343,0.769469696969697,0.7023112373737372
vote_ge_2,3,A1_depth_mid_ask__cancel_rate_ask | B1_realized_volatility_30s__depth_mid_ask | B2_realized_vol_1m__depth_mid_ask,AT_LEAST_2_OF_3,A1_depth_mid_ask__cancel_rate_ask | B1_realized_volatility_30s__depth_mid_ask | B2_realized_vol_1m__depth_mid_ask,232,0.9568965517241379,12.820043103448276,41,0.926829268292683,7.652439024390244,49,0.9183673469387755,9.26530612244898,-0.03852920478536237,-3.554736980999296,41,107.33333333333333,0.6883341543513957,0.8030129331800003,0.7002193741668239
intersection_all,3,B1_realized_volatility_30s__depth_mid_ask | C1_cancel_rate_ask__cancel_ratio | D2_depth_near_ask__queue_imbalance_std_5s,ALL_3,B1_realized_volatility_30s__depth_mid_ask | C1_cancel_rate_ask__cancel_ratio | D2_depth_near_ask__queue_imbalance_std_5s,112,0.9642857142857143,14.948660714285714,14,0.8571428571428571,6.321428571428571,14,0.9285714285714286,10.0,-0.0357142857142857,-4.9486607142857135,14,46.666666666666664,0.687952380952381,0.7602857142857143,0.6847232142857144
vote_ge_2,3,C1_cancel_rate_ask__cancel_ratio | D1_depth_mid_ask__queue_imbalance_std_5s | D2_depth_near_ask__queue_imbalance_std_5s,AT_LEAST_2_OF_3,C1_cancel_rate_ask__cancel_ratio | D1_depth_mid_ask__queue_imbalance_std_5s | D2_depth_near_ask__queue_imbalance_std_5s,192,0.9583333333333334,12.875,43,0.8837209302325582,6.854651162790698,44,0.9318181818181818,8.948863636363637,-0.026515151515151603,-3.9261363636363633,43,93.0,0.6878143939393939,0.8008085799859055,0.6893114869626499
intersection_all,3,A1_depth_mid_ask__cancel_rate_ask | B1_realized_volatility_30s__depth_mid_ask | D2_depth_near_ask__queue_imbalance_std_5s,ALL_3,A1_depth_mid_ask__cancel_rate_ask | B1_realized_volatility_30s__depth_mid_ask | D2_depth_near_ask__queue_imbalance_std_5s,134,0.9552238805970149,14.188432835820896,18,0.8888888888888888,6.708333333333333,15,0.9333333333333333,9.75,-0.02189054726368156,-4.438432835820896,15,55.666666666666664,0.6878109452736318,0.768922056384743,0.6884660033167496
intersection_all,3,A2_depth_near_ask__cancel_rate_ask | B1_realized_volatility_30s__depth_mid_ask | D1_depth_mid_ask__queue_imbalance_std_5s,ALL_3,A2_depth_near_ask__cancel_rate_ask | B1_realized_volatility_30s__depth_mid_ask | D1_depth_mid_ask__queue_imbalance_std_5s,134,0.9552238805970149,14.188432835820896,18,0.8888888888888888,6.708333333333333,15,0.9333333333333333,9.75,-0.02189054726368156,-4.438432835820896,15,55.666666666666664,0.6878109452736318,0.768922056384743,0.6884660033167496
intersection_all,3,A2_depth_near_ask__cancel_rate_ask | B1_realized_volatility_30s__depth_mid_ask | D2_depth_near_ask__queue_imbalance_std_5s,ALL_3,A2_depth_near_ask__cancel_rate_ask | B1_realized_volatility_30s__depth_mid_ask | D2_depth_near_ask__queue_imbalance_std_5s,134,0.9552238805970149,14.188432835820896,18,0.8888888888888888,6.708333333333333,15,0.9333333333333333,9.75,-0.02189054726368156,-4.438432835820896,15,55.666666666666664,0.6878109452736318,0.768922056384743,0.6884660033167496
vote_ge_2,3,B1_realized_volatility_30s__depth_mid_ask | D1_depth_mid_ask__queue_imbalance_std_5s | D2_depth_near_ask__queue_imbalance_std_5s,AT_LEAST_2_OF_3,B1_realized_volatility_30s__depth_mid_ask | D1_depth_mid_ask__queue_imbalance_std_5s | D2_depth_near_ask__queue_imbalance_std_5s,188,0.9574468085106383,12.808510638297872,43,0.8837209302325582,6.558139534883721,39,0.9230769230769231,9.243589743589743,-0.03436988543371522,-3.564920894708129,39,90.0,0.6855074559010729,0.7934738641698068,0.6920546716739194
vote_ge_2,3,B2_realized_vol_1m__depth_mid_ask | D1_depth_mid_ask__queue_imbalance_std_5s | D2_depth_near_ask__queue_imbalance_std_5s,AT_LEAST_2_OF_3,B2_realized_vol_1m__depth_mid_ask | D1_depth_mid_ask__queue_imbalance_std_5s | D2_depth_near_ask__queue_imbalance_std_5s,189,0.9576719576719577,12.792328042328043,41,0.8780487804878049,6.7317073170731705,39,0.9230769230769231,9.243589743589743,-0.034595034595034546,-3.5487382987383,39,89.66666666666667,0.685484940984941,0.7923169193047243,0.6915953406725763
vote_ge_2,3,B1_realized_volatility_30s__depth_mid_ask | B2_realized_vol_1m__depth_mid_ask | C1_cancel_rate_ask__cancel_ratio,AT_LEAST_2_OF_3,B1_realized_volatility_30s__depth_mid_ask | B2_realized_vol_1m__depth_mid_ask | C1_cancel_rate_ask__cancel_ratio,229,0.9563318777292577,12.831877729257641,35,0.9428571428571428,8.292857142857143,48,0.9166666666666666,9.171875,-0.03966521106259102,-3.6600027292576414,35,104.0,0.6853980622270742,0.7954903241318362,0.6981565294239968
intersection_all,3,A1_depth_mid_ask__cancel_rate_ask | C1_cancel_rate_ask__cancel_ratio | D2_depth_near_ask__queue_imbalance_std_5s,ALL_3,A1_depth_mid_ask__cancel_rate_ask | C1_cancel_rate_ask__cancel_ratio | D2_depth_near_ask__queue_imbalance_std_5s,120,0.9666666666666667,14.802083333333334,18,0.8888888888888888,6.5,17,0.9411764705882353,9.352941176470589,-0.025490196078431393,-5.449142156862745,17,51.666666666666664,0.6853627450980391,0.7707287581699346,0.677531862745098
intersection_all,3,A2_depth_near_ask__cancel_rate_ask | C1_cancel_rate_ask__cancel_ratio | D1_depth_mid_ask__queue_imbalance_std_5s,ALL_3,A2_depth_near_ask__cancel_rate_ask | C1_cancel_rate_ask__cancel_ratio | D1_depth_mid_ask__queue_imbalance_std_5s,120,0.9666666666666667,14.802083333333334,18,0.8888888888888888,6.5,17,0.9411764705882353,9.352941176470589,-0.025490196078431393,-5.449142156862745,17,51.666666666666664,0.6853627450980391,0.7707287581699346,0.677531862745098
intersection_all,3,C1_cancel_rate_ask__cancel_ratio | D1_depth_mid_ask__queue_imbalance_std_5s | D2_depth_near_ask__queue_imbalance_std_5s,ALL_3,C1_cancel_rate_ask__cancel_ratio | D1_depth_mid_ask__queue_imbalance_std_5s | D2_depth_near_ask__queue_imbalance_std_5s,120,0.9666666666666667,14.802083333333334,18,0.8888888888888888,6.5,17,0.9411764705882353,9.352941176470589,-0.025490196078431393,-5.449142156862745,17,51.666666666666664,0.6853627450980391,0.7707287581699346,0.677531862745098
vote_ge_2,3,A1_depth_mid_ask__cancel_rate_ask | D1_depth_mid_ask__queue_imbalance_std_5s | D2_depth_near_ask__queue_imbalance_std_5s,AT_LEAST_2_OF_3,A1_depth_mid_ask__cancel_rate_ask | D1_depth_mid_ask__queue_imbalance_std_5s | D2_depth_near_ask__queue_imbalance_std_5s,189,0.9576719576719577,12.822751322751323,42,0.8809523809523809,7.107142857142857,40,0.925,9.0625,-0.03267195767195763,-3.760251322751323,40,90.33333333333333,0.6840244708994709,0.7935482804232804,0.6880268959435627
single,1,B1_realized_volatility_30s__depth_mid_ask,single,B1_realized_volatility_30s__depth_mid_ask,229,0.9563318777292577,12.683406113537117,39,0.9487179487179487,8.051282051282051,44,0.9090909090909091,9.448863636363637,-0.04724096863834859,-3.2345424771734805,39,104.0,0.6838478728331349,0.8016444928797549,0.702467269266396
single,1,D1_depth_mid_ask__queue_imbalance_std_5s,single,D1_depth_mid_ask__queue_imbalance_std_5s,196,0.9591836734693877,12.618622448979592,52,0.9038461538461539,6.6201923076923075,41,0.926829268292683,8.96951219512195,-0.03235440517670474,-3.649110253857641,41,96.33333333333333,0.6838296001327361,0.7994606195198531,0.6903377014971092
vote_ge_2,3,B2_realized_vol_1m__depth_mid_ask | C1_cancel_rate_ask__cancel_ratio | D2_depth_near_ask__queue_imbalance_std_5s,AT_LEAST_2_OF_3,B2_realized_vol_1m__depth_mid_ask | C1_cancel_rate_ask__cancel_ratio | D2_depth_near_ask__queue_imbalance_std_5s,191,0.9633507853403142,13.709424083769633,33,0.9090909090909091,7.325757575757576,50,0.92,8.925,-0.04335078534031411,-4.784424083769633,33,91.33333333333333,0.6834149214659687,0.7842331032841505,0.6845129303506268
intersection_all,2,B1_realized_volatility_30s__depth_mid_ask | D1_depth_mid_ask__queue_imbalance_std_5s,ALL_2,B1_realized_volatility_30s__depth_mid_ask | D1_depth_mid_ask__queue_imbalance_std_5s,158,0.9556962025316456,13.781645569620252,27,0.9259259259259259,7.601851851851852,21,0.9047619047619048,10.25,-0.05093429776974079,-3.5316455696202524,21,68.66666666666667,0.6833827606992163,0.7759965173129731,0.7012149554617908
single,1,D2_depth_near_ask__queue_imbalance_std_5s,single,D2_depth_near_ask__queue_imbalance_std_5s,206,0.9611650485436893,12.216019417475728,44,0.8863636363636364,6.420454545454546,41,0.926829268292683,8.878048780487806,-0.034335780251006365,-3.3379706369879223,41,97.0,0.6821070723814034,0.7948513443695779,0.6888344455686393
union_any,2,B1_realized_volatility_30s__depth_mid_ask | B2_realized_vol_1m__depth_mid_ask,ANY_2,B1_realized_volatility_30s__depth_mid_ask | B2_realized_vol_1m__depth_mid_ask,240,0.9541666666666667,12.527083333333334,46,0.9130434782608695,7.5,52,0.9038461538461539,9.197115384615385,-0.050320512820512864,-3.3299679487179485,46,112.66666666666667,0.6809839743589743,0.800086259754738,0.6953930230397622
intersection_all,2,B1_realized_volatility_30s__depth_mid_ask | C1_cancel_rate_ask__cancel_ratio,ALL_2,B1_realized_volatility_30s__depth_mid_ask | C1_cancel_rate_ask__cancel_ratio,138,0.9710144927536232,14.97463768115942,18,0.8888888888888888,6.458333333333333,34,0.9117647058823529,9.566176470588236,-0.05924978687127025,-5.4084612105711845,18,63.333333333333336,0.6808054134697357,0.7592204461494745,0.6802736572890027
intersection_all,3,A1_depth_mid_ask__cancel_rate_ask | B1_realized_volatility_30s__depth_mid_ask | C1_cancel_rate_ask__cancel_ratio,ALL_3,A1_depth_mid_ask__cancel_rate_ask | B1_realized_volatility_30s__depth_mid_ask | C1_cancel_rate_ask__cancel_ratio,138,0.9710144927536232,14.97463768115942,18,0.8888888888888888,6.458333333333333,34,0.9117647058823529,9.566176470588236,-0.05924978687127025,-5.4084612105711845,18,63.333333333333336,0.6808054134697357,0.7592204461494745,0.6802736572890027
vote_ge_2,3,A2_depth_near_ask__cancel_rate_ask | D1_depth_mid_ask__queue_imbalance_std_5s | D2_depth_near_ask__queue_imbalance_std_5s,AT_LEAST_2_OF_3,A2_depth_near_ask__cancel_rate_ask | D1_depth_mid_ask__queue_imbalance_std_5s | D2_depth_near_ask__queue_imbalance_std_5s,194,0.9587628865979382,12.554123711340207,40,0.875,6.44375,40,0.925,8.86875,-0.033762886597938135,-3.6853737113402065,40,91.33333333333333,0.6806862113402062,0.7903112113402062,0.6840558419243987
vote_ge_2,3,B1_realized_volatility_30s__depth_mid_ask | C1_cancel_rate_ask__cancel_ratio | D2_depth_near_ask__queue_imbalance_std_5s,AT_LEAST_2_OF_3,B1_realized_volatility_30s__depth_mid_ask | C1_cancel_rate_ask__cancel_ratio | D2_depth_near_ask__queue_imbalance_std_5s,191,0.9633507853403142,13.823298429319372,32,0.9375,7.4140625,45,0.9111111111111111,9.194444444444445,-0.05223967422920306,-4.628853984874928,32,89.33333333333333,0.6805167733178203,0.7866649214659687,0.6881687512119449
vote_ge_2,4,B1_realized_volatility_30s__depth_mid_ask | B2_realized_vol_1m__depth_mid_ask | C1_cancel_rate_ask__cancel_ratio | D1_depth_mid_ask__queue_imbalance_std_5s,AT_LEAST_2_OF_4,B1_realized_volatility_30s__depth_mid_ask | B2_realized_vol_1m__depth_mid_ask | C1_cancel_rate_ask__cancel_ratio | D1_depth_mid_ask__queue_imbalance_std_5s,241,0.9585062240663901,12.70643153526971,45,0.9333333333333333,8.216666666666667,54,0.9074074074074074,8.967592592592593,-0.05109881665898264,-3.7388389426771163,45,113.33333333333333,0.679683328210645,0.8016956738896573,0.692352184826597
vote_ge_2,3,B1_realized_volatility_30s__depth_mid_ask | B2_realized_vol_1m__depth_mid_ask | D2_depth_near_ask__queue_imbalance_std_5s,AT_LEAST_2_OF_3,B1_realized_volatility_30s__depth_mid_ask | B2_realized_vol_1m__depth_mid_ask | D2_depth_near_ask__queue_imbalance_std_5s,227,0.9559471365638766,12.657488986784141,36,0.9166666666666666,8.229166666666666,43,0.9069767441860465,9.215116279069768,-0.048970392377830185,-3.442372707714373,36,102.0,0.6783277669637674,0.7873781545606667,0.6919617013284157
vote_ge_2,3,B1_realized_volatility_30s__depth_mid_ask | B2_realized_vol_1m__depth_mid_ask | D1_depth_mid_ask__queue_imbalance_std_5s,AT_LEAST_2_OF_3,B1_realized_volatility_30s__depth_mid_ask | B2_realized_vol_1m__depth_mid_ask | D1_depth_mid_ask__queue_imbalance_std_5s,228,0.956140350877193,12.644736842105264,38,0.9210526315789473,7.953947368421052,43,0.9069767441860465,9.215116279069768,-0.0491636066911465,-3.4296205630354955,38,103.0,0.6783084455324357,0.7912360261117912,0.692485312117503
vote_ge_2,3,B2_realized_vol_1m__depth_mid_ask | C1_cancel_rate_ask__cancel_ratio | D1_depth_mid_ask__queue_imbalance_std_5s,AT_LEAST_2_OF_3,B2_realized_vol_1m__depth_mid_ask | C1_cancel_rate_ask__cancel_ratio | D1_depth_mid_ask__queue_imbalance_std_5s,190,0.9631578947368421,13.659210526315789,37,0.918918918918919,8.027027027027026,47,0.9148936170212766,8.872340425531915,-0.04826427771556552,-4.786870100783874,37,91.33333333333333,0.6782480403135498,0.789138207076057,0.6811389990214177
vote_ge_2,3,B1_realized_volatility_30s__depth_mid_ask | C1_cancel_rate_ask__cancel_ratio | D1_depth_mid_ask__queue_imbalance_std_5s,AT_LEAST_2_OF_3,B1_realized_volatility_30s__depth_mid_ask | C1_cancel_rate_ask__cancel_ratio | D1_depth_mid_ask__queue_imbalance_std_5s,189,0.9629629629629629,13.794973544973544,36,0.9444444444444444,8.208333333333334,42,0.9047619047619048,9.154761904761905,-0.05820105820105814,-4.640211640211639,36,89.0,0.6749021164021165,0.7905211640211642,0.6842716049382715
intersection_all,3,A2_depth_near_ask__cancel_rate_ask | B1_realized_volatility_30s__depth_mid_ask | C1_cancel_rate_ask__cancel_ratio,ALL_3,A2_depth_near_ask__cancel_rate_ask | B1_realized_volatility_30s__depth_mid_ask | C1_cancel_rate_ask__cancel_ratio,131,0.9694656488549618,14.875954198473282,15,0.8666666666666667,6.316666666666666,28,0.8928571428571429,9.991071428571429,-0.07660850599781888,-4.8848827699018535,15,58.0,0.6746427208287896,0.745226054162123,0.6804222101054163
intersection_all,2,B2_realized_vol_1m__depth_mid_ask | D2_depth_near_ask__queue_imbalance_std_5s,ALL_2,B2_realized_vol_1m__depth_mid_ask | D2_depth_near_ask__queue_imbalance_std_5s,144,0.9513888888888888,13.286458333333334,21,0.8571428571428571,8.071428571428571,17,0.8823529411764706,10.558823529411764,-0.06903594771241828,-2.7276348039215694,17,60.666666666666664,0.6746356209150326,0.7485543884220355,0.6960300536881419
intersection_all,3,B2_realized_vol_1m__depth_mid_ask | D1_depth_mid_ask__queue_imbalance_std_5s | D2_depth_near_ask__queue_imbalance_std_5s,ALL_3,B2_realized_vol_1m__depth_mid_ask | D1_depth_mid_ask__queue_imbalance_std_5s | D2_depth_near_ask__queue_imbalance_std_5s,144,0.9513888888888888,13.286458333333334,21,0.8571428571428571,8.071428571428571,17,0.8823529411764706,10.558823529411764,-0.06903594771241828,-2.7276348039215694,17,60.666666666666664,0.6746356209150326,0.7485543884220355,0.6960300536881419
intersection_all,2,D1_depth_mid_ask__queue_imbalance_std_5s | D2_depth_near_ask__queue_imbalance_std_5s,ALL_2,D1_depth_mid_ask__queue_imbalance_std_5s | D2_depth_near_ask__queue_imbalance_std_5s,178,0.9550561797752809,12.77808988764045,38,0.868421052631579,6.605263157894737,35,0.9142857142857143,8.678571428571429,-0.04077046548956664,-4.099518459069021,35,83.66666666666667,0.6694943820224719,0.7746071639773591,0.6705834107741263
intersection_all,2,B1_realized_volatility_30s__depth_mid_ask | D2_depth_near_ask__queue_imbalance_std_5s,ALL_2,B1_realized_volatility_30s__depth_mid_ask | D2_depth_near_ask__queue_imbalance_std_5s,148,0.9527027027027027,13.81081081081081,22,0.9090909090909091,7.920454545454546,17,0.8823529411764706,9.323529411764707,-0.07034976152623218,-4.487281399046104,17,62.333333333333336,0.6539160042395337,0.746459676253794,0.6647879992291756
intersection_all,3,B1_realized_volatility_30s__depth_mid_ask | D1_depth_mid_ask__queue_imbalance_std_5s | D2_depth_near_ask__queue_imbalance_std_5s,ALL_3,B1_realized_volatility_30s__depth_mid_ask | D1_depth_mid_ask__queue_imbalance_std_5s | D2_depth_near_ask__queue_imbalance_std_5s,148,0.9527027027027027,13.81081081081081,22,0.9090909090909091,7.920454545454546,17,0.8823529411764706,9.323529411764707,-0.07034976152623218,-4.487281399046104,17,62.333333333333336,0.6539160042395337,0.746459676253794,0.6647879992291756
