event_id,date_ymd,ts,target,mr_pts_t600,A1_depth_mid_ask__cancel_rate_ask,A2_depth_near_ask__cancel_rate_ask,B1_realized_volatility_30s__depth_mid_ask,B2_realized_vol_1m__depth_mid_ask,C1_cancel_rate_ask__cancel_ratio,C2_cancel_rate_ask__bid_depth_curvature,D1_depth_mid_ask__queue_imbalance_std_5s,D2_depth_near_ask__queue_imbalance_std_5s
20240201_upper_k1.0_1_2024-02-01T14:30:00.000043,2024-02-01,2024-02-01 14:30:00.000043,0,0.75,0,0,0,0,0,0,0,0
20240201_upper_k1.0_2_2024-02-01T14:45:36.000130,2024-02-01,2024-02-01 14:45:36.000130,1,4.0,0,0,0,0,0,0,0,0
20240201_upper_k1.0_3_2024-02-01T15:04:52.000781,2024-02-01,2024-02-01 15:04:52.000781,1,2.0,0,0,0,0,0,0,0,0
20240201_upper_k1.0_4_2024-02-01T15:20:33.000106,2024-02-01,2024-02-01 15:20:33.000106,1,4.0,0,0,0,0,0,0,0,0
20240201_upper_k1.0_5_2024-02-01T15:49:02.000936,2024-02-01,2024-02-01 15:49:02.000936,1,11.5,0,0,0,0,0,0,0,0
20240201_upper_k1.0_6_2024-02-01T16:33:22.000950,2024-02-01,2024-02-01 16:33:22.000950,1,3.0,0,0,0,0,0,0,0,0
20240202_upper_k1.0_7_2024-02-02T14:30:00.000102,2024-02-02,2024-02-02 14:30:00.000102,1,3.75,0,0,0,0,0,0,0,0
20240202_upper_k1.0_8_2024-02-02T14:51:00.000580,2024-02-02,2024-02-02 14:51:00.000580,1,3.0,0,0,0,0,0,0,0,0
20240202_upper_k1.0_9_2024-02-02T15:08:15.000011,2024-02-02,2024-02-02 15:08:15.000011,1,2.75,0,0,0,0,0,0,0,0
20240202_upper_k1.0_10_2024-02-02T15:32:17.000600,2024-02-02,2024-02-02 15:32:17.000600,1,1.5,0,0,0,0,0,0,0,0
20240205_upper_k1.0_11_2024-02-05T14:30:01.000400,2024-02-05,2024-02-05 14:30:01.000400,1,8.0,0,0,0,0,0,0,0,0
20240205_upper_k1.0_12_2024-02-05T14:45:15.000091,2024-02-05,2024-02-05 14:45:15.000091,1,3.25,0,0,0,0,0,0,0,0
20240205_upper_k1.0_13_2024-02-05T16:39:14.000081,2024-02-05,2024-02-05 16:39:14.000081,1,6.0,0,0,0,0,0,0,0,0
20240205_upper_k1.0_14_2024-02-05T16:55:27.000130,2024-02-05,2024-02-05 16:55:27.000130,0,0.5,0,0,0,0,0,0,0,0
20240205_upper_k1.0_15_2024-02-05T17:21:26.000199,2024-02-05,2024-02-05 17:21:26.000199,0,0.5,0,0,0,0,0,0,0,0
20240205_upper_k1.0_16_2024-02-05T20:59:43.000287,2024-02-05,2024-02-05 20:59:43.000287,1,1.25,0,0,0,0,0,0,0,0
20240206_upper_k1.0_17_2024-02-06T14:30:00.000113,2024-02-06,2024-02-06 14:30:00.000113,1,2.75,0,0,0,0,0,0,0,0
20240206_upper_k1.0_18_2024-02-06T14:48:15.000226,2024-02-06,2024-02-06 14:48:15.000226,1,6.75,0,0,0,0,0,0,0,0
20240206_upper_k1.0_19_2024-02-06T16:08:31.000552,2024-02-06,2024-02-06 16:08:31.000552,1,7.0,0,0,0,0,0,0,0,0
20240206_upper_k1.0_20_2024-02-06T16:23:36.000727,2024-02-06,2024-02-06 16:23:36.000727,0,0.75,0,0,0,0,0,0,0,0
20240206_upper_k1.0_21_2024-02-06T16:38:44.000301,2024-02-06,2024-02-06 16:38:44.000301,1,9.0,0,0,0,0,0,0,0,0
20240206_upper_k1.0_22_2024-02-06T18:06:08.000570,2024-02-06,2024-02-06 18:06:08.000570,1,6.0,0,0,0,0,0,0,0,0
20240206_upper_k1.0_23_2024-02-06T18:30:16.000944,2024-02-06,2024-02-06 18:30:16.000944,1,1.75,0,0,0,0,0,0,0,0
20240206_upper_k1.0_24_2024-02-06T19:03:39.000470,2024-02-06,2024-02-06 19:03:39.000470,1,8.25,0,0,0,0,0,0,0,0
20240206_upper_k1.0_25_2024-02-06T19:55:34.000220,2024-02-06,2024-02-06 19:55:34.000220,0,0.25,0,0,0,0,0,0,0,0
20240206_upper_k1.0_26_2024-02-06T20:17:38.000453,2024-02-06,2024-02-06 20:17:38.000453,0,0.75,0,0,0,0,0,0,0,0
20240206_upper_k1.0_27_2024-02-06T20:44:10.000203,2024-02-06,2024-02-06 20:44:10.000203,1,1.75,0,0,0,0,0,0,0,0
20240207_upper_k1.0_28_2024-02-07T14:30:00.000233,2024-02-07,2024-02-07 14:30:00.000233,1,4.5,0,0,0,0,0,0,0,0
20240207_upper_k1.0_29_2024-02-07T14:50:07.000460,2024-02-07,2024-02-07 14:50:07.000460,1,7.5,0,0,0,0,0,0,0,0
20240207_upper_k1.0_30_2024-02-07T15:09:19.000736,2024-02-07,2024-02-07 15:09:19.000736,0,0.5,0,0,0,0,0,0,0,0
20240207_upper_k1.0_31_2024-02-07T16:35:18.000081,2024-02-07,2024-02-07 16:35:18.000081,0,0.25,0,0,0,0,0,0,0,0
20240207_upper_k1.0_32_2024-02-07T17:33:44.000916,2024-02-07,2024-02-07 17:33:44.000916,1,1.75,0,0,0,0,0,0,0,0
20240207_upper_k1.0_33_2024-02-07T18:04:52.000455,2024-02-07,2024-02-07 18:04:52.000455,0,0.5,0,0,0,0,0,0,0,0
20240208_upper_k1.0_34_2024-02-08T14:30:00.000123,2024-02-08,2024-02-08 14:30:00.000123,1,4.0,0,0,0,0,0,0,0,0
20240208_upper_k1.0_35_2024-02-08T14:51:45.000120,2024-02-08,2024-02-08 14:51:45.000120,1,2.0,0,0,0,0,0,0,0,0
20240208_upper_k1.0_36_2024-02-08T15:09:15.000011,2024-02-08,2024-02-08 15:09:15.000011,1,2.25,0,0,0,0,0,0,0,0
20240208_upper_k1.0_37_2024-02-08T15:36:10.000200,2024-02-08,2024-02-08 15:36:10.000200,1,7.0,0,0,0,0,0,0,0,0
20240208_upper_k1.0_38_2024-02-08T15:51:19.000940,2024-02-08,2024-02-08 15:51:19.000940,0,0.5,0,0,0,0,0,0,0,0
20240208_upper_k1.0_39_2024-02-08T17:18:57.000150,2024-02-08,2024-02-08 17:18:57.000150,1,1.25,0,0,0,0,0,0,0,0
20240208_upper_k1.0_40_2024-02-08T17:41:40.000241,2024-02-08,2024-02-08 17:41:40.000241,1,3.25,0,0,0,0,0,0,0,0
20240208_upper_k1.0_41_2024-02-08T18:01:48.000821,2024-02-08,2024-02-08 18:01:48.000821,0,0.75,0,0,0,0,0,0,0,0
20240208_upper_k1.0_42_2024-02-08T18:21:09.000740,2024-02-08,2024-02-08 18:21:09.000740,1,1.5,0,0,0,0,0,0,0,0
20240208_upper_k1.0_43_2024-02-08T18:51:14.000411,2024-02-08,2024-02-08 18:51:14.000411,0,0.5,0,0,0,0,0,0,0,0
20240208_upper_k1.0_44_2024-02-08T19:06:45.000013,2024-02-08,2024-02-08 19:06:45.000013,1,2.25,0,0,0,0,0,0,0,0
20240208_upper_k1.0_45_2024-02-08T19:22:14.000840,2024-02-08,2024-02-08 19:22:14.000840,1,1.75,0,0,0,0,0,0,0,0
20240208_upper_k1.0_46_2024-02-08T19:43:17.000050,2024-02-08,2024-02-08 19:43:17.000050,0,0.75,0,0,0,0,0,0,0,0
20240208_upper_k1.0_47_2024-02-08T20:49:57.000330,2024-02-08,2024-02-08 20:49:57.000330,1,1.75,0,0,0,0,0,0,0,0
20240209_upper_k1.0_48_2024-02-09T14:30:00.000180,2024-02-09,2024-02-09 14:30:00.000180,1,4.0,0,0,0,0,0,0,0,0
20240209_upper_k1.0_49_2024-02-09T14:49:03.000272,2024-02-09,2024-02-09 14:49:03.000272,1,2.75,0,0,0,0,0,0,0,0
20240209_upper_k1.0_50_2024-02-09T15:20:33.000322,2024-02-09,2024-02-09 15:20:33.000322,1,1.0,0,0,0,0,0,0,0,0
20240209_upper_k1.0_51_2024-02-09T16:35:23.000220,2024-02-09,2024-02-09 16:35:23.000220,1,2.5,0,0,0,0,0,0,0,0
20240209_upper_k1.0_52_2024-02-09T16:53:33.000360,2024-02-09,2024-02-09 16:53:33.000360,1,1.25,0,0,0,0,0,0,0,0
20240209_upper_k1.0_53_2024-02-09T17:09:13.000652,2024-02-09,2024-02-09 17:09:13.000652,0,0.5,0,0,0,0,0,0,0,0
20240212_upper_k1.0_54_2024-02-12T14:30:00.266519,2024-02-12,2024-02-12 14:30:00.266519,0,0.5,0,0,0,0,0,0,0,0
20240212_upper_k1.0_55_2024-02-12T14:50:36.232838,2024-02-12,2024-02-12 14:50:36.232838,0,0.5,0,0,0,0,0,0,0,0
20240212_upper_k1.0_56_2024-02-12T15:25:29.564173,2024-02-12,2024-02-12 15:25:29.564173,0,0.5,0,0,0,0,0,0,0,0
20240212_upper_k1.0_57_2024-02-12T18:31:42.563622,2024-02-12,2024-02-12 18:31:42.563622,1,6.75,0,0,0,0,0,0,0,0
20240213_upper_k1.0_58_2024-02-13T14:30:26.787416,2024-02-13,2024-02-13 14:30:26.787416,1,3.25,0,0,0,0,1,0,0,0
20240213_upper_k1.0_59_2024-02-13T15:23:42.240746,2024-02-13,2024-02-13 15:23:42.240746,1,1.25,0,0,0,0,0,0,0,0
20240213_upper_k1.0_60_2024-02-13T17:07:21.091072,2024-02-13,2024-02-13 17:07:21.091072,1,1.75,0,0,0,0,0,0,0,0
20240213_upper_k1.0_61_2024-02-13T17:25:17.350764,2024-02-13,2024-02-13 17:25:17.350764,1,3.0,0,0,0,0,0,0,0,0
20240213_upper_k1.0_62_2024-02-13T17:50:15.126463,2024-02-13,2024-02-13 17:50:15.126463,1,6.0,0,0,0,0,0,0,0,0
20240213_upper_k1.0_63_2024-02-13T20:55:47.920389,2024-02-13,2024-02-13 20:55:47.920389,1,1.75,0,0,0,0,0,0,0,0
20240214_upper_k1.0_64_2024-02-14T14:30:00.163162,2024-02-14,2024-02-14 14:30:00.163162,1,9.75,0,0,0,0,0,0,0,0
20240214_upper_k1.0_65_2024-02-14T14:45:23.830744,2024-02-14,2024-02-14 14:45:23.830744,1,4.5,0,0,0,0,0,0,0,0
20240214_upper_k1.0_66_2024-02-14T15:02:29.511734,2024-02-14,2024-02-14 15:02:29.511734,1,1.5,0,0,0,0,0,0,0,0
20240214_upper_k1.0_67_2024-02-14T15:41:23.781251,2024-02-14,2024-02-14 15:41:23.781251,1,5.25,0,0,0,0,0,0,0,0
20240214_upper_k1.0_68_2024-02-14T18:04:17.867539,2024-02-14,2024-02-14 18:04:17.867539,1,10.0,0,0,0,0,0,0,0,0
20240214_upper_k1.0_69_2024-02-14T18:34:12.861069,2024-02-14,2024-02-14 18:34:12.861069,0,0.25,0,0,0,0,0,0,0,0
20240214_upper_k1.0_70_2024-02-14T18:56:12.997410,2024-02-14,2024-02-14 18:56:12.997410,1,10.5,0,0,0,0,0,0,0,0
20240214_upper_k1.0_71_2024-02-14T19:25:17.660349,2024-02-14,2024-02-14 19:25:17.660349,0,0.25,0,0,0,0,0,0,0,0
20240215_upper_k1.0_72_2024-02-15T14:30:00.075033,2024-02-15,2024-02-15 14:30:00.075033,1,1.0,0,0,0,0,0,0,0,0
20240215_upper_k1.0_73_2024-02-15T14:45:34.740237,2024-02-15,2024-02-15 14:45:34.740237,1,4.25,0,0,0,0,0,0,0,0
20240215_upper_k1.0_74_2024-02-15T15:01:58.100031,2024-02-15,2024-02-15 15:01:58.100031,1,3.75,0,0,0,0,0,0,0,0
20240215_upper_k1.0_75_2024-02-15T15:21:38.231428,2024-02-15,2024-02-15 15:21:38.231428,1,3.5,0,0,0,0,0,0,0,0
20240215_upper_k1.0_76_2024-02-15T15:58:30.073917,2024-02-15,2024-02-15 15:58:30.073917,1,8.5,0,0,0,0,0,0,0,0
20240215_upper_k1.0_77_2024-02-15T16:39:30.320272,2024-02-15,2024-02-15 16:39:30.320272,0,0.25,0,0,0,0,0,0,0,0
20240215_upper_k1.0_78_2024-02-15T16:59:41.150010,2024-02-15,2024-02-15 16:59:41.150010,1,1.5,0,0,0,0,0,0,0,0
20240216_upper_k1.0_79_2024-02-16T14:30:00.219427,2024-02-16,2024-02-16 14:30:00.219427,1,9.0,0,0,0,0,0,0,0,0
20240216_upper_k1.0_80_2024-02-16T15:19:00.733210,2024-02-16,2024-02-16 15:19:00.733210,1,8.25,0,0,0,0,0,0,0,0
20240216_upper_k1.0_81_2024-02-16T15:37:25.261041,2024-02-16,2024-02-16 15:37:25.261041,0,0.75,0,0,0,0,0,0,0,0
20240216_upper_k1.0_82_2024-02-16T18:05:01.320948,2024-02-16,2024-02-16 18:05:01.320948,1,3.75,0,0,0,0,0,0,0,0
20240216_upper_k1.0_83_2024-02-16T18:20:03.770318,2024-02-16,2024-02-16 18:20:03.770318,0,0.25,0,0,0,0,0,0,0,0
20240216_upper_k1.0_84_2024-02-16T19:45:58.698350,2024-02-16,2024-02-16 19:45:58.698350,1,15.25,0,0,0,0,0,0,0,0
20240219_upper_k1.0_85_2024-02-19T14:30:03.420106,2024-02-19,2024-02-19 14:30:03.420106,0,0.5,0,0,0,0,0,0,0,0
20240219_upper_k1.0_86_2024-02-19T14:45:17.214170,2024-02-19,2024-02-19 14:45:17.214170,0,0.25,0,0,0,0,0,0,0,0
20240219_upper_k1.0_87_2024-02-19T15:01:01.322372,2024-02-19,2024-02-19 15:01:01.322372,1,1.0,0,0,0,0,0,0,0,0
20240220_upper_k1.0_88_2024-02-20T14:30:00.146395,2024-02-20,2024-02-20 14:30:00.146395,1,5.5,0,0,0,0,0,0,0,0
20240220_upper_k1.0_89_2024-02-20T15:50:31.921491,2024-02-20,2024-02-20 15:50:31.921491,1,1.0,0,0,0,0,0,0,0,0
20240220_upper_k1.0_90_2024-02-20T16:08:14.683377,2024-02-20,2024-02-20 16:08:14.683377,1,2.25,0,0,0,0,0,0,0,0
20240220_upper_k1.0_91_2024-02-20T16:24:33.812043,2024-02-20,2024-02-20 16:24:33.812043,1,6.5,0,0,0,0,0,0,0,0
20240220_upper_k1.0_92_2024-02-20T19:45:22.133727,2024-02-20,2024-02-20 19:45:22.133727,1,1.25,0,0,0,0,0,0,0,0
20240220_upper_k1.0_93_2024-02-20T20:03:10.693918,2024-02-20,2024-02-20 20:03:10.693918,0,0.75,0,0,0,0,0,0,0,0
20240220_upper_k1.0_94_2024-02-20T20:23:43.210039,2024-02-20,2024-02-20 20:23:43.210039,1,10.0,0,0,0,0,0,0,0,0
20240220_upper_k1.0_95_2024-02-20T20:47:47.371793,2024-02-20,2024-02-20 20:47:47.371793,1,5.0,0,0,0,0,0,0,0,0
20240221_upper_k1.0_96_2024-02-21T14:30:00.267533,2024-02-21,2024-02-21 14:30:00.267533,1,3.75,0,0,0,0,0,0,0,0
20240221_upper_k1.0_97_2024-02-21T14:53:11.660506,2024-02-21,2024-02-21 14:53:11.660506,1,2.25,0,0,0,0,0,0,0,0
20240221_upper_k1.0_98_2024-02-21T15:26:28.221438,2024-02-21,2024-02-21 15:26:28.221438,1,4.75,0,0,0,0,0,0,0,0
20240221_upper_k1.0_99_2024-02-21T15:41:28.340633,2024-02-21,2024-02-21 15:41:28.340633,1,4.75,0,0,0,0,0,0,0,0
20240221_upper_k1.0_100_2024-02-21T15:58:12.480784,2024-02-21,2024-02-21 15:58:12.480784,1,2.25,0,0,0,0,0,0,0,0
20240221_upper_k1.0_101_2024-02-21T16:37:15.530503,2024-02-21,2024-02-21 16:37:15.530503,0,0.75,0,0,0,0,0,0,0,0
20240221_upper_k1.0_102_2024-02-21T17:02:38.505353,2024-02-21,2024-02-21 17:02:38.505353,1,7.0,0,0,0,0,0,0,0,0
20240221_upper_k1.0_103_2024-02-21T17:54:10.550684,2024-02-21,2024-02-21 17:54:10.550684,1,11.25,0,0,0,0,0,0,0,0
20240221_upper_k1.0_104_2024-02-21T18:12:51.803831,2024-02-21,2024-02-21 18:12:51.803831,1,2.0,0,0,0,0,0,0,0,0
20240221_upper_k1.0_105_2024-02-21T18:30:29.190378,2024-02-21,2024-02-21 18:30:29.190378,1,4.0,0,0,0,0,0,0,0,0
20240221_upper_k1.0_106_2024-02-21T18:46:08.671154,2024-02-21,2024-02-21 18:46:08.671154,1,3.0,0,0,0,0,0,0,0,0
20240221_upper_k1.0_107_2024-02-21T19:03:25.180750,2024-02-21,2024-02-21 19:03:25.180750,1,1.25,0,0,0,0,0,0,0,0
20240221_upper_k1.0_108_2024-02-21T20:35:05.953206,2024-02-21,2024-02-21 20:35:05.953206,0,0.25,0,0,0,0,0,0,0,0
20240222_upper_k1.0_109_2024-02-22T14:30:00.160235,2024-02-22,2024-02-22 14:30:00.160235,1,10.25,0,0,0,0,0,0,0,0
20240222_upper_k1.0_110_2024-02-22T15:46:01.700645,2024-02-22,2024-02-22 15:46:01.700645,1,2.0,0,0,0,0,0,0,0,0
20240222_upper_k1.0_111_2024-02-22T16:01:16.030009,2024-02-22,2024-02-22 16:01:16.030009,0,0.75,0,0,0,0,0,0,0,0
20240223_upper_k1.0_112_2024-02-23T14:30:00.180766,2024-02-23,2024-02-23 14:30:00.180766,1,1.75,0,0,0,0,0,0,0,0
20240223_upper_k1.0_113_2024-02-23T14:48:44.931628,2024-02-23,2024-02-23 14:48:44.931628,1,7.25,0,0,0,0,0,0,0,0
20240223_upper_k1.0_114_2024-02-23T15:04:53.280542,2024-02-23,2024-02-23 15:04:53.280542,1,3.25,0,0,0,0,0,0,0,0
20240223_upper_k1.0_115_2024-02-23T15:20:10.141680,2024-02-23,2024-02-23 15:20:10.141680,1,5.5,0,0,0,0,0,0,0,0
20240223_upper_k1.0_116_2024-02-23T17:12:19.301358,2024-02-23,2024-02-23 17:12:19.301358,1,6.75,0,0,0,0,0,0,0,0
20240223_upper_k1.0_117_2024-02-23T18:20:09.100452,2024-02-23,2024-02-23 18:20:09.100452,1,1.25,0,0,0,0,0,0,0,0
20240223_upper_k1.0_118_2024-02-23T18:35:17.311094,2024-02-23,2024-02-23 18:35:17.311094,1,4.75,0,0,0,0,0,0,0,0
20240223_upper_k1.0_119_2024-02-23T20:50:45.926533,2024-02-23,2024-02-23 20:50:45.926533,1,9.75,0,0,0,0,0,0,0,0
20240226_upper_k1.0_120_2024-02-26T14:30:00.251641,2024-02-26,2024-02-26 14:30:00.251641,1,1.75,0,0,0,0,0,0,0,0
20240226_upper_k1.0_121_2024-02-26T15:08:01.950290,2024-02-26,2024-02-26 15:08:01.950290,1,5.25,0,0,0,0,0,0,0,0
20240227_upper_k1.0_122_2024-02-27T14:30:00.127743,2024-02-27,2024-02-27 14:30:00.127743,1,9.25,0,0,0,0,0,0,0,0
20240227_upper_k1.0_123_2024-02-27T14:57:05.535394,2024-02-27,2024-02-27 14:57:05.535394,1,4.75,0,0,0,0,0,0,0,0
20240227_upper_k1.0_124_2024-02-27T15:18:03.631942,2024-02-27,2024-02-27 15:18:03.631942,1,2.25,0,0,0,0,0,0,0,0
20240227_upper_k1.0_125_2024-02-27T15:35:07.381909,2024-02-27,2024-02-27 15:35:07.381909,1,5.25,0,0,0,0,0,0,0,0
20240227_upper_k1.0_126_2024-02-27T15:52:24.401165,2024-02-27,2024-02-27 15:52:24.401165,1,2.5,0,0,0,0,0,0,0,0
20240227_upper_k1.0_127_2024-02-27T16:09:18.860077,2024-02-27,2024-02-27 16:09:18.860077,1,5.25,0,0,0,0,0,0,0,0
20240227_upper_k1.0_128_2024-02-27T19:00:27.528629,2024-02-27,2024-02-27 19:00:27.528629,1,1.25,0,0,0,0,0,0,0,0
20240228_upper_k1.0_129_2024-02-28T14:30:00.059588,2024-02-28,2024-02-28 14:30:00.059588,1,3.5,0,0,0,0,0,0,0,0
20240228_upper_k1.0_130_2024-02-28T14:47:13.092823,2024-02-28,2024-02-28 14:47:13.092823,1,6.0,0,0,0,0,0,0,0,0
20240228_upper_k1.0_131_2024-02-28T15:03:18.900572,2024-02-28,2024-02-28 15:03:18.900572,1,1.25,0,0,0,0,0,0,0,0
20240228_upper_k1.0_132_2024-02-28T15:21:21.423296,2024-02-28,2024-02-28 15:21:21.423296,1,2.0,0,0,0,0,0,0,0,0
20240228_upper_k1.0_133_2024-02-28T17:27:23.970409,2024-02-28,2024-02-28 17:27:23.970409,1,5.5,0,0,0,0,0,0,0,0
20240228_upper_k1.0_134_2024-02-28T17:48:29.460179,2024-02-28,2024-02-28 17:48:29.460179,1,2.0,0,0,0,0,0,0,0,0
20240228_upper_k1.0_135_2024-02-28T18:16:36.853009,2024-02-28,2024-02-28 18:16:36.853009,0,0.25,0,0,0,0,0,0,0,0
20240228_upper_k1.0_136_2024-02-28T19:18:13.625345,2024-02-28,2024-02-28 19:18:13.625345,1,1.75,0,0,0,0,0,0,0,0
20240228_upper_k1.0_137_2024-02-28T20:01:14.050053,2024-02-28,2024-02-28 20:01:14.050053,1,5.0,0,0,0,0,0,0,0,0
20240228_upper_k1.0_138_2024-02-28T20:27:57.062502,2024-02-28,2024-02-28 20:27:57.062502,0,0.75,0,0,0,0,0,0,0,0
20240228_upper_k1.0_139_2024-02-28T20:42:58.681005,2024-02-28,2024-02-28 20:42:58.681005,1,5.0,0,0,0,0,0,0,0,0
20240228_upper_k1.0_140_2024-02-28T20:58:08.001426,2024-02-28,2024-02-28 20:58:08.001426,0,0.5,0,0,0,0,0,0,0,0
20240229_upper_k1.0_141_2024-02-29T14:30:00.054096,2024-02-29,2024-02-29 14:30:00.054096,0,0.5,0,0,0,0,0,0,0,0
20240229_upper_k1.0_142_2024-02-29T14:45:21.820375,2024-02-29,2024-02-29 14:45:21.820375,1,3.5,0,0,0,0,0,0,0,0
20240229_upper_k1.0_143_2024-02-29T15:00:22.481917,2024-02-29,2024-02-29 15:00:22.481917,1,6.25,0,0,0,0,0,0,0,0
20240229_upper_k1.0_144_2024-02-29T17:55:35.110007,2024-02-29,2024-02-29 17:55:35.110007,1,1.5,0,0,0,0,0,0,0,0
20240229_upper_k1.0_145_2024-02-29T18:23:11.163482,2024-02-29,2024-02-29 18:23:11.163482,1,1.0,0,0,0,0,0,0,0,0
20240229_upper_k1.0_146_2024-02-29T19:28:16.145082,2024-02-29,2024-02-29 19:28:16.145082,1,1.5,0,0,0,0,0,0,0,0
20240229_upper_k1.0_147_2024-02-29T19:59:02.330047,2024-02-29,2024-02-29 19:59:02.330047,0,0.25,0,0,0,0,0,0,0,0
20240229_upper_k1.0_148_2024-02-29T21:00:00.087551,2024-02-29,2024-02-29 21:00:00.087551,1,3.0,0,0,0,0,0,0,0,0
20240301_upper_k1.0_149_2024-03-01T14:30:00.006391,2024-03-01,2024-03-01 14:30:00.006391,1,1.25,0,0,0,0,0,0,0,0
20240301_upper_k1.0_150_2024-03-01T15:00:00.041951,2024-03-01,2024-03-01 15:00:00.041951,1,5.25,0,0,0,0,0,0,1,1
20240304_upper_k1.0_151_2024-03-04T14:30:00.091421,2024-03-04,2024-03-04 14:30:00.091421,0,0.75,0,0,0,0,0,0,0,0
20240304_upper_k1.0_152_2024-03-04T14:49:20.460198,2024-03-04,2024-03-04 14:49:20.460198,1,1.75,0,0,0,0,0,0,0,0
20240304_upper_k1.0_153_2024-03-04T15:04:22.540852,2024-03-04,2024-03-04 15:04:22.540852,1,2.0,0,0,0,0,0,0,0,0
20240304_upper_k1.0_154_2024-03-04T15:19:52.520310,2024-03-04,2024-03-04 15:19:52.520310,1,2.0,0,0,0,0,0,0,0,0
20240304_upper_k1.0_155_2024-03-04T15:54:02.960490,2024-03-04,2024-03-04 15:54:02.960490,1,1.25,0,0,0,0,0,0,0,0
20240304_upper_k1.0_156_2024-03-04T16:11:58.571021,2024-03-04,2024-03-04 16:11:58.571021,1,2.25,0,0,0,0,0,0,0,0
20240304_upper_k1.0_157_2024-03-04T16:29:00.720347,2024-03-04,2024-03-04 16:29:00.720347,1,3.5,0,0,0,0,0,0,0,0
20240304_upper_k1.0_158_2024-03-04T16:44:32.223433,2024-03-04,2024-03-04 16:44:32.223433,0,0.5,0,0,0,0,0,0,0,0
20240304_upper_k1.0_159_2024-03-04T17:01:10.112606,2024-03-04,2024-03-04 17:01:10.112606,0,0.75,0,0,0,0,0,0,0,0
20240304_upper_k1.0_160_2024-03-04T18:15:25.991272,2024-03-04,2024-03-04 18:15:25.991272,1,3.25,0,0,0,0,0,0,0,0
20240304_upper_k1.0_161_2024-03-04T18:31:07.581355,2024-03-04,2024-03-04 18:31:07.581355,0,0.75,0,0,0,0,0,0,0,0
20240304_upper_k1.0_162_2024-03-04T19:07:13.446142,2024-03-04,2024-03-04 19:07:13.446142,0,0.25,0,0,0,0,0,0,0,0
20240304_upper_k1.0_163_2024-03-04T20:35:23.618533,2024-03-04,2024-03-04 20:35:23.618533,1,4.0,0,0,0,0,0,0,0,0
20240305_upper_k1.0_164_2024-03-05T14:30:00.013845,2024-03-05,2024-03-05 14:30:00.013845,1,8.0,0,0,0,0,0,0,0,0
20240305_upper_k1.0_165_2024-03-05T15:00:00.064665,2024-03-05,2024-03-05 15:00:00.064665,1,7.0,0,0,0,0,0,0,0,1
20240306_upper_k1.0_166_2024-03-06T14:30:00.084599,2024-03-06,2024-03-06 14:30:00.084599,1,8.75,0,0,0,0,0,0,0,0
20240306_upper_k1.0_167_2024-03-06T15:34:16.700290,2024-03-06,2024-03-06 15:34:16.700290,1,4.0,0,0,0,0,0,0,0,0
20240306_upper_k1.0_168_2024-03-06T18:33:17.952207,2024-03-06,2024-03-06 18:33:17.952207,1,13.0,0,0,0,0,0,0,0,0
20240306_upper_k1.0_169_2024-03-06T20:48:42.015457,2024-03-06,2024-03-06 20:48:42.015457,1,10.25,0,0,0,0,0,0,0,0
20240307_upper_k1.0_170_2024-03-07T14:30:00.080230,2024-03-07,2024-03-07 14:30:00.080230,1,5.0,0,0,0,0,0,0,0,0
20240307_upper_k1.0_171_2024-03-07T14:52:03.751200,2024-03-07,2024-03-07 14:52:03.751200,1,1.25,0,0,0,0,0,0,0,0
20240307_upper_k1.0_172_2024-03-07T15:08:21.334758,2024-03-07,2024-03-07 15:08:21.334758,1,1.75,0,0,0,0,0,0,0,0
20240307_upper_k1.0_173_2024-03-07T16:35:29.077659,2024-03-07,2024-03-07 16:35:29.077659,0,0.25,0,0,0,0,0,0,0,0
20240307_upper_k1.0_174_2024-03-07T20:00:26.550852,2024-03-07,2024-03-07 20:00:26.550852,1,3.5,0,0,0,0,0,0,0,0
20240308_upper_k1.0_175_2024-03-08T14:30:00.270689,2024-03-08,2024-03-08 14:30:00.270689,1,2.0,0,0,0,0,0,0,0,0
20240308_upper_k1.0_176_2024-03-08T15:40:10.489676,2024-03-08,2024-03-08 15:40:10.489676,1,1.75,0,0,0,0,0,0,0,0
20240308_upper_k1.0_177_2024-03-08T16:00:53.920715,2024-03-08,2024-03-08 16:00:53.920715,1,16.5,0,0,0,0,0,0,0,0
20240311_upper_k1.0_178_2024-03-11T13:30:00.290599,2024-03-11,2024-03-11 13:30:00.290599,1,3.75,0,0,0,0,0,0,0,0
20240311_upper_k1.0_179_2024-03-11T13:45:19.934182,2024-03-11,2024-03-11 13:45:19.934182,1,10.5,0,0,0,0,0,0,0,0
20240311_upper_k1.0_180_2024-03-11T14:51:54.950580,2024-03-11,2024-03-11 14:51:54.950580,1,1.5,0,0,0,0,0,0,0,0
20240311_upper_k1.0_181_2024-03-11T15:11:15.515949,2024-03-11,2024-03-11 15:11:15.515949,1,5.25,0,0,0,0,0,0,0,0
20240311_upper_k1.0_182_2024-03-11T15:44:40.141509,2024-03-11,2024-03-11 15:44:40.141509,0,0.75,0,0,0,0,0,0,0,0
20240311_upper_k1.0_183_2024-03-11T16:04:23.061417,2024-03-11,2024-03-11 16:04:23.061417,1,1.75,0,0,0,0,0,0,1,1
20240311_upper_k1.0_184_2024-03-11T17:13:04.398929,2024-03-11,2024-03-11 17:13:04.398929,0,0.5,0,0,0,0,0,0,0,0
20240312_upper_k1.0_185_2024-03-12T13:30:00.171475,2024-03-12,2024-03-12 13:30:00.171475,1,20.5,0,1,0,0,1,0,0,1
20240312_upper_k1.0_186_2024-03-12T13:55:15.980065,2024-03-12,2024-03-12 13:55:15.980065,0,0.0,0,0,0,0,0,0,0,0
20240312_upper_k1.0_187_2024-03-12T16:37:16.455323,2024-03-12,2024-03-12 16:37:16.455323,1,10.75,0,0,0,0,0,0,0,0
20240312_upper_k1.0_188_2024-03-12T16:53:34.208989,2024-03-12,2024-03-12 16:53:34.208989,1,6.75,0,0,0,0,0,0,0,0
20240312_upper_k1.0_189_2024-03-12T17:16:50.580278,2024-03-12,2024-03-12 17:16:50.580278,0,0.5,0,0,0,0,0,0,0,0
20240313_upper_k1.0_190_2024-03-13T13:30:18.669019,2024-03-13,2024-03-13 13:30:18.669019,1,6.0,0,0,0,0,0,0,0,0
20240313_upper_k1.0_191_2024-03-13T14:11:41.555964,2024-03-13,2024-03-13 14:11:41.555964,1,3.5,0,0,0,0,0,0,0,0
20240313_upper_k1.0_192_2024-03-13T14:26:42.022992,2024-03-13,2024-03-13 14:26:42.022992,1,1.0,0,0,0,0,0,0,0,0
20240313_upper_k1.0_193_2024-03-13T14:41:45.450380,2024-03-13,2024-03-13 14:41:45.450380,1,2.25,0,0,0,0,0,0,0,0
20240313_upper_k1.0_194_2024-03-13T15:04:46.503130,2024-03-13,2024-03-13 15:04:46.503130,1,2.0,0,0,0,0,0,0,0,0
20240313_upper_k1.0_195_2024-03-13T15:24:44.042825,2024-03-13,2024-03-13 15:24:44.042825,1,5.75,0,0,0,0,0,0,0,0
20240313_upper_k1.0_196_2024-03-13T15:55:00.508518,2024-03-13,2024-03-13 15:55:00.508518,1,1.75,0,0,0,0,0,0,0,0
20240313_upper_k1.0_197_2024-03-13T16:12:03.650288,2024-03-13,2024-03-13 16:12:03.650288,1,1.5,0,0,0,0,0,0,0,0
20240313_upper_k1.0_198_2024-03-13T16:27:10.322099,2024-03-13,2024-03-13 16:27:10.322099,1,3.0,0,0,0,0,0,0,0,0
20240313_upper_k1.0_199_2024-03-13T17:01:39.936355,2024-03-13,2024-03-13 17:01:39.936355,1,1.0,0,0,0,0,0,0,0,0
20240313_upper_k1.0_200_2024-03-13T18:58:47.401230,2024-03-13,2024-03-13 18:58:47.401230,1,2.5,0,0,0,0,0,0,0,0
20240313_upper_k1.0_201_2024-03-13T19:16:14.511103,2024-03-13,2024-03-13 19:16:14.511103,1,1.75,0,0,0,0,0,0,0,0
20240314_upper_k1.0_202_2024-03-14T13:30:00.033248,2024-03-14,2024-03-14 13:30:00.033248,1,6.25,0,0,0,0,0,0,0,0
20240314_upper_k1.0_203_2024-03-14T14:15:00.145584,2024-03-14,2024-03-14 14:15:00.145584,1,8.0,0,0,0,0,0,0,0,0
20240314_upper_k1.0_204_2024-03-14T14:30:11.827521,2024-03-14,2024-03-14 14:30:11.827521,1,2.5,0,0,0,0,0,0,0,0
20240314_upper_k1.0_205_2024-03-14T15:02:11.050423,2024-03-14,2024-03-14 15:02:11.050423,1,5.75,0,0,0,0,0,0,0,0
20240314_upper_k1.0_206_2024-03-14T16:00:02.310588,2024-03-14,2024-03-14 16:00:02.310588,1,12.5,0,0,0,0,0,0,0,0
20240314_upper_k1.0_207_2024-03-14T18:01:43.090861,2024-03-14,2024-03-14 18:01:43.090861,0,0.75,0,0,0,0,0,0,0,0
20240314_upper_k1.0_208_2024-03-14T18:20:43.738613,2024-03-14,2024-03-14 18:20:43.738613,1,2.25,0,0,0,0,0,0,0,0
20240314_upper_k1.0_209_2024-03-14T18:45:20.291158,2024-03-14,2024-03-14 18:45:20.291158,1,7.75,0,0,0,0,0,0,0,0
20240314_upper_k1.0_210_2024-03-14T19:59:00.003390,2024-03-14,2024-03-14 19:59:00.003390,0,0.75,0,0,0,0,0,0,0,0
20240315_upper_k1.0_211_2024-03-15T13:30:00.082424,2024-03-15,2024-03-15 13:30:00.082424,1,1.75,0,0,0,0,1,0,0,0
20240315_upper_k1.0_212_2024-03-15T14:15:06.091269,2024-03-15,2024-03-15 14:15:06.091269,1,3.5,0,0,0,0,0,0,0,0
20240315_upper_k1.0_213_2024-03-15T14:33:16.180166,2024-03-15,2024-03-15 14:33:16.180166,1,1.25,0,0,0,0,0,0,0,0
20240315_upper_k1.0_214_2024-03-15T15:08:26.331918,2024-03-15,2024-03-15 15:08:26.331918,0,0.25,0,0,0,0,0,0,0,0
20240315_upper_k1.0_215_2024-03-15T15:25:54.231222,2024-03-15,2024-03-15 15:25:54.231222,1,2.75,0,0,0,0,0,0,0,0
20240315_upper_k1.0_216_2024-03-15T18:01:21.400008,2024-03-15,2024-03-15 18:01:21.400008,1,6.25,0,0,0,0,0,0,0,0
20240315_upper_k1.0_217_2024-03-15T18:40:11.500682,2024-03-15,2024-03-15 18:40:11.500682,1,4.0,0,0,0,0,0,0,0,0
20240315_upper_k1.0_218_2024-03-15T18:58:03.783426,2024-03-15,2024-03-15 18:58:03.783426,1,1.25,0,0,0,0,0,0,0,1
20240315_upper_k1.0_219_2024-03-15T19:13:58.810503,2024-03-15,2024-03-15 19:13:58.810503,1,4.75,0,0,0,0,0,0,0,0
20240315_upper_k1.0_220_2024-03-15T19:29:30.365893,2024-03-15,2024-03-15 19:29:30.365893,1,5.5,0,0,0,0,0,0,0,0
20240318_upper_k1.0_221_2024-03-18T13:30:00.092750,2024-03-18,2024-03-18 13:30:00.092750,1,1.25,0,0,0,0,0,0,0,0
20240318_upper_k1.0_222_2024-03-18T13:45:01.100027,2024-03-18,2024-03-18 13:45:01.100027,1,6.25,0,0,0,0,0,0,0,0
20240318_upper_k1.0_223_2024-03-18T14:07:04.450264,2024-03-18,2024-03-18 14:07:04.450264,1,1.0,0,0,0,0,0,0,0,0
20240318_upper_k1.0_224_2024-03-18T15:12:16.134612,2024-03-18,2024-03-18 15:12:16.134612,1,4.75,0,0,0,0,0,0,0,0
20240318_upper_k1.0_225_2024-03-18T15:29:46.591449,2024-03-18,2024-03-18 15:29:46.591449,1,6.75,0,0,0,0,0,0,0,0
20240318_upper_k1.0_226_2024-03-18T18:38:08.740052,2024-03-18,2024-03-18 18:38:08.740052,1,12.25,0,0,0,0,0,0,0,0
20240319_upper_k1.0_227_2024-03-19T13:30:00.106726,2024-03-19,2024-03-19 13:30:00.106726,1,9.0,0,0,0,0,0,0,0,0
20240319_upper_k1.0_228_2024-03-19T13:51:55.200181,2024-03-19,2024-03-19 13:51:55.200181,1,3.25,0,0,0,0,0,0,0,0
20240319_upper_k1.0_229_2024-03-19T14:09:02.620732,2024-03-19,2024-03-19 14:09:02.620732,1,3.25,0,0,0,0,0,0,0,0
20240319_upper_k1.0_230_2024-03-19T14:25:31.846190,2024-03-19,2024-03-19 14:25:31.846190,1,4.75,0,0,0,0,0,0,0,0
20240320_upper_k1.0_231_2024-03-20T13:30:00.086831,2024-03-20,2024-03-20 13:30:00.086831,1,5.75,0,0,0,0,0,0,0,0
20240320_upper_k1.0_232_2024-03-20T13:55:00.640047,2024-03-20,2024-03-20 13:55:00.640047,1,2.25,0,0,0,0,0,0,0,0
20240320_upper_k1.0_233_2024-03-20T14:11:58.425993,2024-03-20,2024-03-20 14:11:58.425993,1,1.0,0,0,0,0,0,0,0,0
20240320_upper_k1.0_234_2024-03-20T14:35:51.870212,2024-03-20,2024-03-20 14:35:51.870212,1,3.0,0,0,0,0,0,0,0,0
20240320_upper_k1.0_235_2024-03-20T15:43:59.500911,2024-03-20,2024-03-20 15:43:59.500911,1,3.0,0,0,0,0,0,0,0,0
20240320_upper_k1.0_236_2024-03-20T16:00:02.796376,2024-03-20,2024-03-20 16:00:02.796376,1,3.75,0,0,0,0,0,0,0,0
20240320_upper_k1.0_237_2024-03-20T16:27:00.410322,2024-03-20,2024-03-20 16:27:00.410322,1,4.75,0,0,0,0,0,0,0,0
20240320_upper_k1.0_238_2024-03-20T16:44:37.143668,2024-03-20,2024-03-20 16:44:37.143668,0,0.25,0,0,0,0,0,0,0,0
20240320_upper_k1.0_239_2024-03-20T17:03:15.751234,2024-03-20,2024-03-20 17:03:15.751234,1,4.25,0,0,0,0,0,0,0,0
20240320_upper_k1.0_240_2024-03-20T18:00:02.252101,2024-03-20,2024-03-20 18:00:02.252101,0,0.75,1,1,1,1,1,1,1,1
20240320_upper_k1.0_241_2024-03-20T18:34:10.821245,2024-03-20,2024-03-20 18:34:10.821245,1,5.75,1,1,1,1,1,0,1,1
20240321_upper_k1.0_242_2024-03-21T13:30:00.023073,2024-03-21,2024-03-21 13:30:00.023073,1,5.5,0,0,0,0,0,0,0,0
20240321_upper_k1.0_243_2024-03-21T13:45:00.030594,2024-03-21,2024-03-21 13:45:00.030594,1,7.25,0,0,1,1,0,0,1,1
20240321_upper_k1.0_244_2024-03-21T14:00:00.079477,2024-03-21,2024-03-21 14:00:00.079477,1,1.75,0,0,0,0,0,0,0,0
20240321_upper_k1.0_245_2024-03-21T14:30:23.732562,2024-03-21,2024-03-21 14:30:23.732562,1,3.25,0,0,0,0,0,0,0,0
20240321_upper_k1.0_246_2024-03-21T15:03:18.032786,2024-03-21,2024-03-21 15:03:18.032786,1,5.0,0,0,0,0,0,0,0,0
20240321_upper_k1.0_247_2024-03-21T15:30:53.253536,2024-03-21,2024-03-21 15:30:53.253536,0,0.25,0,0,0,0,0,0,0,0
20240321_upper_k1.0_248_2024-03-21T16:37:20.130128,2024-03-21,2024-03-21 16:37:20.130128,1,1.5,0,0,0,0,0,0,0,0
20240321_upper_k1.0_249_2024-03-21T17:06:08.361105,2024-03-21,2024-03-21 17:06:08.361105,1,2.5,0,0,0,0,0,0,0,0
20240321_upper_k1.0_250_2024-03-21T17:43:59.182389,2024-03-21,2024-03-21 17:43:59.182389,1,7.0,0,0,0,0,0,0,0,0
20240322_upper_k1.0_251_2024-03-22T13:30:00.040667,2024-03-22,2024-03-22 13:30:00.040667,1,4.0,0,0,0,0,0,0,0,0
20240322_upper_k1.0_252_2024-03-22T13:54:17.416627,2024-03-22,2024-03-22 13:54:17.416627,1,3.5,0,0,0,0,0,0,0,0
20240322_upper_k1.0_253_2024-03-22T14:09:30.400245,2024-03-22,2024-03-22 14:09:30.400245,1,5.0,0,0,0,0,0,0,0,0
20240322_upper_k1.0_254_2024-03-22T15:34:35.881399,2024-03-22,2024-03-22 15:34:35.881399,1,4.0,0,0,0,0,0,0,0,0
20240322_upper_k1.0_255_2024-03-22T16:51:27.140284,2024-03-22,2024-03-22 16:51:27.140284,1,1.0,0,0,0,0,0,0,0,0
20240322_upper_k1.0_256_2024-03-22T19:06:47.781452,2024-03-22,2024-03-22 19:06:47.781452,1,7.25,0,0,0,0,0,0,0,0
20240322_upper_k1.0_257_2024-03-22T19:41:59.260242,2024-03-22,2024-03-22 19:41:59.260242,1,1.0,0,0,0,0,0,0,0,0
20240322_upper_k1.0_258_2024-03-22T19:57:09.571732,2024-03-22,2024-03-22 19:57:09.571732,1,7.25,0,0,0,0,0,0,0,0
20240325_upper_k1.0_259_2024-03-25T13:30:00.258995,2024-03-25,2024-03-25 13:30:00.258995,1,1.25,0,0,0,0,0,0,0,0
20240325_upper_k1.0_260_2024-03-25T13:49:38.930200,2024-03-25,2024-03-25 13:49:38.930200,0,0.75,0,0,0,0,0,0,0,0
20240325_upper_k1.0_261_2024-03-25T14:04:52.071921,2024-03-25,2024-03-25 14:04:52.071921,0,0.75,0,0,0,0,0,0,0,0
20240325_upper_k1.0_262_2024-03-25T14:32:27.130037,2024-03-25,2024-03-25 14:32:27.130037,0,0.75,0,0,0,0,0,0,0,0
20240325_upper_k1.0_263_2024-03-25T14:47:31.630012,2024-03-25,2024-03-25 14:47:31.630012,1,2.0,0,0,0,0,0,0,0,0
20240325_upper_k1.0_264_2024-03-25T15:26:12.585439,2024-03-25,2024-03-25 15:26:12.585439,0,0.25,0,0,0,0,0,0,0,0
20240325_upper_k1.0_265_2024-03-25T16:01:22.831165,2024-03-25,2024-03-25 16:01:22.831165,1,1.75,0,0,0,0,0,0,0,0
20240325_upper_k1.0_266_2024-03-25T16:30:41.740266,2024-03-25,2024-03-25 16:30:41.740266,1,1.25,0,0,0,0,0,0,0,0
20240325_upper_k1.0_267_2024-03-25T16:48:01.981274,2024-03-25,2024-03-25 16:48:01.981274,1,2.0,0,0,0,0,0,0,0,0
20240325_upper_k1.0_268_2024-03-25T17:03:15.790571,2024-03-25,2024-03-25 17:03:15.790571,1,3.25,0,0,0,0,0,0,0,0
20240325_upper_k1.0_269_2024-03-25T17:18:52.750305,2024-03-25,2024-03-25 17:18:52.750305,1,1.75,0,0,0,0,0,0,0,0
20240325_upper_k1.0_270_2024-03-25T19:11:00.301548,2024-03-25,2024-03-25 19:11:00.301548,1,1.75,0,0,0,0,0,0,0,0
20240325_upper_k1.0_271_2024-03-25T19:31:51.820147,2024-03-25,2024-03-25 19:31:51.820147,1,1.75,0,0,0,0,0,0,0,0
20240326_upper_k1.0_272_2024-03-26T13:30:00.116489,2024-03-26,2024-03-26 13:30:00.116489,1,3.75,0,0,0,0,0,0,0,0
20240326_upper_k1.0_273_2024-03-26T13:45:04.582263,2024-03-26,2024-03-26 13:45:04.582263,1,3.75,0,0,0,0,0,0,0,0
20240326_upper_k1.0_274_2024-03-26T14:00:18.780575,2024-03-26,2024-03-26 14:00:18.780575,0,0.25,0,0,1,1,0,0,0,0
20240326_upper_k1.0_275_2024-03-26T14:28:13.250402,2024-03-26,2024-03-26 14:28:13.250402,1,6.5,0,0,0,0,0,0,0,0
20240326_upper_k1.0_276_2024-03-26T14:43:13.750442,2024-03-26,2024-03-26 14:43:13.750442,1,4.0,0,0,0,0,0,0,0,0
20240326_upper_k1.0_277_2024-03-26T15:04:30.950597,2024-03-26,2024-03-26 15:04:30.950597,0,0.75,0,0,0,0,0,0,0,0
20240326_upper_k1.0_278_2024-03-26T15:20:10.621578,2024-03-26,2024-03-26 15:20:10.621578,0,0.75,0,0,0,0,0,0,0,0
20240326_upper_k1.0_279_2024-03-26T15:35:42.040247,2024-03-26,2024-03-26 15:35:42.040247,1,1.5,0,0,0,0,0,0,0,0
20240326_upper_k1.0_280_2024-03-26T16:04:52.487829,2024-03-26,2024-03-26 16:04:52.487829,1,1.5,0,0,0,0,0,0,0,0
20240327_upper_k1.0_281_2024-03-27T13:30:00.078261,2024-03-27,2024-03-27 13:30:00.078261,1,6.0,0,0,0,0,0,0,0,0
20240327_upper_k1.0_282_2024-03-27T13:45:36.960239,2024-03-27,2024-03-27 13:45:36.960239,1,6.75,0,0,0,0,0,0,0,0
20240327_upper_k1.0_283_2024-03-27T16:48:42.154426,2024-03-27,2024-03-27 16:48:42.154426,1,1.25,0,0,0,0,0,0,0,0
20240327_upper_k1.0_284_2024-03-27T17:22:04.334672,2024-03-27,2024-03-27 17:22:04.334672,1,2.0,0,0,0,0,0,0,0,0
20240327_upper_k1.0_285_2024-03-27T17:37:08.280235,2024-03-27,2024-03-27 17:37:08.280235,1,2.5,0,0,0,0,0,0,0,0
20240327_upper_k1.0_286_2024-03-27T18:15:00.621208,2024-03-27,2024-03-27 18:15:00.621208,1,1.0,0,0,0,0,0,0,0,0
20240327_upper_k1.0_287_2024-03-27T18:49:20.840802,2024-03-27,2024-03-27 18:49:20.840802,1,2.25,0,0,0,0,0,0,0,0
20240327_upper_k1.0_288_2024-03-27T19:09:48.360291,2024-03-27,2024-03-27 19:09:48.360291,1,5.0,0,0,0,0,0,0,0,0
20240328_upper_k1.0_289_2024-03-28T13:30:00.150180,2024-03-28,2024-03-28 13:30:00.150180,1,4.75,0,0,0,0,0,0,0,0
20240328_upper_k1.0_290_2024-03-28T13:58:46.280071,2024-03-28,2024-03-28 13:58:46.280071,1,1.25,0,0,0,0,0,0,0,0
20240328_upper_k1.0_291_2024-03-28T14:16:27.220101,2024-03-28,2024-03-28 14:16:27.220101,1,3.5,0,0,0,0,0,0,0,0
20240328_upper_k1.0_292_2024-03-28T14:31:29.703675,2024-03-28,2024-03-28 14:31:29.703675,1,2.25,0,0,0,0,0,0,0,0
20240328_upper_k1.0_293_2024-03-28T15:07:19.342013,2024-03-28,2024-03-28 15:07:19.342013,1,1.5,0,0,0,0,0,0,0,0
20240328_upper_k1.0_294_2024-03-28T15:45:14.800327,2024-03-28,2024-03-28 15:45:14.800327,0,0.5,0,0,0,0,0,0,0,0
20240328_upper_k1.0_295_2024-03-28T16:06:32.732735,2024-03-28,2024-03-28 16:06:32.732735,1,1.5,0,0,0,0,0,0,0,0
20240328_upper_k1.0_296_2024-03-28T16:21:59.051748,2024-03-28,2024-03-28 16:21:59.051748,1,2.5,0,0,0,0,0,0,0,0
20240328_upper_k1.0_297_2024-03-28T18:12:02.921020,2024-03-28,2024-03-28 18:12:02.921020,1,2.5,0,0,0,0,0,0,0,0
20240328_upper_k1.0_298_2024-03-28T18:28:33.220742,2024-03-28,2024-03-28 18:28:33.220742,1,2.25,0,0,0,0,0,0,0,0
20240401_upper_k1.0_299_2024-04-01T13:30:00.038869,2024-04-01,2024-04-01 13:30:00.038869,1,4.0,0,0,0,0,0,0,0,0
20240401_upper_k1.0_300_2024-04-01T13:48:01.542633,2024-04-01,2024-04-01 13:48:01.542633,1,2.5,0,0,0,0,0,0,0,0
20240401_upper_k1.0_301_2024-04-01T14:13:53.876173,2024-04-01,2024-04-01 14:13:53.876173,1,11.5,0,0,0,0,0,0,0,0
20240401_upper_k1.0_302_2024-04-01T19:55:00.110722,2024-04-01,2024-04-01 19:55:00.110722,1,5.25,0,0,0,0,0,0,0,0
20240402_upper_k1.0_303_2024-04-02T13:30:00.212591,2024-04-02,2024-04-02 13:30:00.212591,1,7.75,0,0,0,0,0,0,0,0
20240402_upper_k1.0_304_2024-04-02T14:02:40.400091,2024-04-02,2024-04-02 14:02:40.400091,1,13.0,0,0,0,0,0,0,0,0
20240402_upper_k1.0_305_2024-04-02T14:23:35.708310,2024-04-02,2024-04-02 14:23:35.708310,1,5.0,0,0,0,0,0,0,0,0
20240402_upper_k1.0_306_2024-04-02T14:38:42.000204,2024-04-02,2024-04-02 14:38:42.000204,1,4.75,0,0,0,0,0,0,0,0
20240402_upper_k1.0_307_2024-04-02T15:10:39.307850,2024-04-02,2024-04-02 15:10:39.307850,0,0.5,0,0,0,0,0,0,0,0
20240402_upper_k1.0_308_2024-04-02T15:38:58.144132,2024-04-02,2024-04-02 15:38:58.144132,1,2.25,0,0,0,0,0,0,0,0
20240402_upper_k1.0_309_2024-04-02T16:26:36.763565,2024-04-02,2024-04-02 16:26:36.763565,1,1.5,0,0,0,0,0,0,0,0
20240402_upper_k1.0_310_2024-04-02T17:38:49.831635,2024-04-02,2024-04-02 17:38:49.831635,1,1.0,0,0,0,0,0,0,0,0
20240403_upper_k1.0_311_2024-04-03T13:30:00.577153,2024-04-03,2024-04-03 13:30:00.577153,1,1.0,0,0,0,0,0,0,0,0
20240403_upper_k1.0_312_2024-04-03T13:49:10.143785,2024-04-03,2024-04-03 13:49:10.143785,1,1.25,0,0,0,0,0,0,0,0
20240403_upper_k1.0_313_2024-04-03T16:01:20.160100,2024-04-03,2024-04-03 16:01:20.160100,1,1.75,0,0,0,0,0,0,0,0
20240403_upper_k1.0_314_2024-04-03T16:38:03.162883,2024-04-03,2024-04-03 16:38:03.162883,1,6.5,0,0,0,0,0,0,0,0
20240403_upper_k1.0_315_2024-04-03T18:31:12.350371,2024-04-03,2024-04-03 18:31:12.350371,1,1.25,0,0,0,0,0,0,0,0
20240403_upper_k1.0_316_2024-04-03T18:49:27.393372,2024-04-03,2024-04-03 18:49:27.393372,1,2.25,0,0,0,0,0,0,0,0
20240403_upper_k1.0_317_2024-04-03T19:06:11.420015,2024-04-03,2024-04-03 19:06:11.420015,1,22.75,0,0,0,0,0,0,0,0
20240403_upper_k1.0_318_2024-04-03T19:49:58.135207,2024-04-03,2024-04-03 19:49:58.135207,1,7.25,0,0,0,0,0,0,0,0
20240404_upper_k1.0_319_2024-04-04T13:30:00.017997,2024-04-04,2024-04-04 13:30:00.017997,1,6.25,0,0,0,0,0,0,0,0
20240404_upper_k1.0_320_2024-04-04T15:41:09.830526,2024-04-04,2024-04-04 15:41:09.830526,0,0.75,0,0,0,0,0,0,0,0
20240404_upper_k1.0_321_2024-04-04T17:32:04.241045,2024-04-04,2024-04-04 17:32:04.241045,1,5.0,0,0,0,0,0,0,0,0
20240405_upper_k1.0_322_2024-04-05T13:30:00.091418,2024-04-05,2024-04-05 13:30:00.091418,1,5.0,0,0,0,0,0,0,0,0
20240405_upper_k1.0_323_2024-04-05T14:07:07.820608,2024-04-05,2024-04-05 14:07:07.820608,1,5.75,0,0,0,0,0,0,0,0
20240405_upper_k1.0_324_2024-04-05T14:25:26.430972,2024-04-05,2024-04-05 14:25:26.430972,1,7.0,0,0,0,0,0,0,0,0
20240405_upper_k1.0_325_2024-04-05T17:57:27.090965,2024-04-05,2024-04-05 17:57:27.090965,1,6.75,0,0,0,0,0,0,0,0
20240405_upper_k1.0_326_2024-04-05T18:47:54.230122,2024-04-05,2024-04-05 18:47:54.230122,1,4.25,0,0,0,0,0,0,0,0
20240405_upper_k1.0_327_2024-04-05T19:08:27.844630,2024-04-05,2024-04-05 19:08:27.844630,0,0.25,0,0,0,0,0,0,0,0
20240408_upper_k1.0_328_2024-04-08T13:30:00.066118,2024-04-08,2024-04-08 13:30:00.066118,1,10.0,0,0,0,0,0,0,0,0
20240408_upper_k1.0_329_2024-04-08T13:45:51.010234,2024-04-08,2024-04-08 13:45:51.010234,1,4.75,0,0,0,0,0,0,0,0
20240408_upper_k1.0_330_2024-04-08T14:02:00.030146,2024-04-08,2024-04-08 14:02:00.030146,1,7.0,0,0,0,0,0,0,0,0
20240408_upper_k1.0_331_2024-04-08T14:18:06.774596,2024-04-08,2024-04-08 14:18:06.774596,1,3.0,0,0,0,0,0,0,0,0
20240408_upper_k1.0_332_2024-04-08T15:30:41.523324,2024-04-08,2024-04-08 15:30:41.523324,1,7.0,0,0,0,0,0,0,0,0
20240408_upper_k1.0_333_2024-04-08T16:43:28.320392,2024-04-08,2024-04-08 16:43:28.320392,1,2.5,0,0,0,0,0,0,0,0
20240408_upper_k1.0_334_2024-04-08T17:07:17.449358,2024-04-08,2024-04-08 17:07:17.449358,1,2.5,0,0,0,0,0,0,0,0
20240408_upper_k1.0_335_2024-04-08T17:22:47.990967,2024-04-08,2024-04-08 17:22:47.990967,1,1.5,0,0,0,0,0,0,0,0
20240408_upper_k1.0_336_2024-04-08T17:55:17.410529,2024-04-08,2024-04-08 17:55:17.410529,1,1.5,0,0,0,0,0,0,0,0
20240408_upper_k1.0_337_2024-04-08T18:24:17.725077,2024-04-08,2024-04-08 18:24:17.725077,1,1.5,0,0,0,0,0,0,0,0
20240408_upper_k1.0_338_2024-04-08T18:53:57.870323,2024-04-08,2024-04-08 18:53:57.870323,0,0.75,0,0,0,0,0,0,0,0
20240408_upper_k1.0_339_2024-04-08T19:09:55.365466,2024-04-08,2024-04-08 19:09:55.365466,1,1.75,0,0,0,0,0,0,0,0
20240408_upper_k1.0_340_2024-04-08T19:28:50.210704,2024-04-08,2024-04-08 19:28:50.210704,0,0.25,0,0,0,0,0,0,0,0
20240409_upper_k1.0_341_2024-04-09T13:30:00.254598,2024-04-09,2024-04-09 13:30:00.254598,1,6.75,0,0,0,0,0,0,0,0
20240409_upper_k1.0_342_2024-04-09T16:00:38.060496,2024-04-09,2024-04-09 16:00:38.060496,1,3.75,0,0,0,0,0,0,0,0
20240409_upper_k1.0_343_2024-04-09T16:51:59.093097,2024-04-09,2024-04-09 16:51:59.093097,1,6.25,0,0,0,0,0,0,0,0
20240409_upper_k1.0_344_2024-04-09T17:11:12.580725,2024-04-09,2024-04-09 17:11:12.580725,1,1.75,0,0,0,0,0,0,0,0
20240409_upper_k1.0_345_2024-04-09T17:26:23.930553,2024-04-09,2024-04-09 17:26:23.930553,1,2.5,0,0,0,0,0,0,0,0
20240409_upper_k1.0_346_2024-04-09T17:42:12.601580,2024-04-09,2024-04-09 17:42:12.601580,1,5.25,0,0,0,0,0,0,0,0
20240409_upper_k1.0_347_2024-04-09T18:18:51.780161,2024-04-09,2024-04-09 18:18:51.780161,1,5.0,0,0,0,0,0,0,0,0
20240409_upper_k1.0_348_2024-04-09T19:22:16.502151,2024-04-09,2024-04-09 19:22:16.502151,0,0.25,0,0,0,0,0,0,0,0
20240410_upper_k1.0_349_2024-04-10T13:30:00.091595,2024-04-10,2024-04-10 13:30:00.091595,1,7.75,0,0,0,0,0,0,0,0
20240410_upper_k1.0_350_2024-04-10T13:46:20.523579,2024-04-10,2024-04-10 13:46:20.523579,1,8.0,0,0,0,0,1,0,0,0
20240410_upper_k1.0_351_2024-04-10T14:03:05.720529,2024-04-10,2024-04-10 14:03:05.720529,1,2.25,0,0,0,0,0,0,0,0
20240410_upper_k1.0_352_2024-04-10T14:55:25.650385,2024-04-10,2024-04-10 14:55:25.650385,1,4.0,0,0,0,0,0,0,0,0
20240410_upper_k1.0_353_2024-04-10T15:27:28.490761,2024-04-10,2024-04-10 15:27:28.490761,1,6.0,0,0,0,0,0,0,0,0
20240410_upper_k1.0_354_2024-04-10T16:56:18.734612,2024-04-10,2024-04-10 16:56:18.734612,1,17.5,0,0,0,0,0,0,0,0
20240410_upper_k1.0_355_2024-04-10T17:21:26.393510,2024-04-10,2024-04-10 17:21:26.393510,1,5.5,0,0,0,0,0,0,0,0
20240410_upper_k1.0_356_2024-04-10T17:56:50.326977,2024-04-10,2024-04-10 17:56:50.326977,1,8.5,0,0,0,0,0,0,0,0
20240410_upper_k1.0_357_2024-04-10T18:12:03.762726,2024-04-10,2024-04-10 18:12:03.762726,1,5.25,0,0,0,0,0,0,0,0
20240410_upper_k1.0_358_2024-04-10T18:40:12.111838,2024-04-10,2024-04-10 18:40:12.111838,1,3.25,0,0,0,0,0,0,0,0
20240410_upper_k1.0_359_2024-04-10T19:14:52.528264,2024-04-10,2024-04-10 19:14:52.528264,1,1.25,0,0,0,0,0,0,0,0
20240410_upper_k1.0_360_2024-04-10T19:30:34.210519,2024-04-10,2024-04-10 19:30:34.210519,1,6.25,0,0,0,0,0,0,0,0
20240411_upper_k1.0_361_2024-04-11T13:30:00.909639,2024-04-11,2024-04-11 13:30:00.909639,1,12.5,1,0,1,1,0,0,1,0
20240411_upper_k1.0_362_2024-04-11T13:55:26.040541,2024-04-11,2024-04-11 13:55:26.040541,1,14.75,0,0,0,0,0,0,0,0
20240411_upper_k1.0_363_2024-04-11T15:04:30.948774,2024-04-11,2024-04-11 15:04:30.948774,1,7.5,0,0,0,0,0,0,0,0
20240411_upper_k1.0_364_2024-04-11T15:21:10.491560,2024-04-11,2024-04-11 15:21:10.491560,1,5.0,0,0,0,0,0,0,0,0
20240411_upper_k1.0_365_2024-04-11T15:36:21.605514,2024-04-11,2024-04-11 15:36:21.605514,1,1.5,0,0,0,0,0,0,0,0
20240412_upper_k1.0_366_2024-04-12T13:30:00.022604,2024-04-12,2024-04-12 13:30:00.022604,1,3.5,0,0,0,0,0,0,0,0
20240412_upper_k1.0_367_2024-04-12T13:52:09.923758,2024-04-12,2024-04-12 13:52:09.923758,1,7.75,0,0,0,0,0,0,0,0
20240412_upper_k1.0_368_2024-04-12T15:35:44.821404,2024-04-12,2024-04-12 15:35:44.821404,1,9.25,0,0,0,0,0,0,0,0
20240415_upper_k1.0_369_2024-04-15T13:30:00.142243,2024-04-15,2024-04-15 13:30:00.142243,1,10.0,0,0,0,0,0,0,0,0
20240415_upper_k1.0_370_2024-04-15T13:45:41.068590,2024-04-15,2024-04-15 13:45:41.068590,1,6.0,0,0,0,0,0,0,0,0
20240415_upper_k1.0_371_2024-04-15T14:00:41.170687,2024-04-15,2024-04-15 14:00:41.170687,1,22.25,0,0,0,0,0,0,0,0
20240416_upper_k1.0_372_2024-04-16T13:30:00.228298,2024-04-16,2024-04-16 13:30:00.228298,1,13.75,1,0,1,0,1,0,0,0
20240416_upper_k1.0_373_2024-04-16T13:55:55.212811,2024-04-16,2024-04-16 13:55:55.212811,1,2.5,0,0,0,0,0,0,0,0
20240416_upper_k1.0_374_2024-04-16T14:21:04.324430,2024-04-16,2024-04-16 14:21:04.324430,1,13.0,0,0,0,0,0,0,0,0
20240416_upper_k1.0_375_2024-04-16T15:17:16.180817,2024-04-16,2024-04-16 15:17:16.180817,1,7.25,0,0,0,0,0,0,0,0
20240416_upper_k1.0_376_2024-04-16T15:33:25.101975,2024-04-16,2024-04-16 15:33:25.101975,1,3.0,0,0,0,0,0,0,0,0
20240416_upper_k1.0_377_2024-04-16T16:00:08.120199,2024-04-16,2024-04-16 16:00:08.120199,1,7.0,0,0,0,0,0,0,0,0
20240416_upper_k1.0_378_2024-04-16T16:44:38.206814,2024-04-16,2024-04-16 16:44:38.206814,0,0.5,0,0,0,0,0,0,0,0
20240416_upper_k1.0_379_2024-04-16T17:02:05.088548,2024-04-16,2024-04-16 17:02:05.088548,1,5.0,0,0,0,0,0,0,0,0
20240416_upper_k1.0_380_2024-04-16T17:29:51.864127,2024-04-16,2024-04-16 17:29:51.864127,1,21.75,1,1,1,1,0,0,0,0
20240416_upper_k1.0_381_2024-04-16T17:45:00.264270,2024-04-16,2024-04-16 17:45:00.264270,1,16.0,0,0,1,1,0,0,0,0
20240416_upper_k1.0_382_2024-04-16T18:04:39.478814,2024-04-16,2024-04-16 18:04:39.478814,0,0.25,0,0,0,0,0,0,0,0
20240416_upper_k1.0_383_2024-04-16T18:35:28.981031,2024-04-16,2024-04-16 18:35:28.981031,1,5.75,0,0,0,0,0,0,0,0
20240416_upper_k1.0_384_2024-04-16T19:34:14.660687,2024-04-16,2024-04-16 19:34:14.660687,1,8.0,0,0,0,0,0,0,0,0
20240417_upper_k1.0_385_2024-04-17T13:30:00.007205,2024-04-17,2024-04-17 13:30:00.007205,1,9.0,0,0,0,0,0,0,0,0
20240417_upper_k1.0_386_2024-04-17T13:48:32.030628,2024-04-17,2024-04-17 13:48:32.030628,1,9.0,0,0,0,0,0,0,0,0
20240417_upper_k1.0_387_2024-04-17T18:41:23.105899,2024-04-17,2024-04-17 18:41:23.105899,0,0.75,0,0,0,0,0,0,0,0
20240418_upper_k1.0_388_2024-04-18T13:30:01.048873,2024-04-18,2024-04-18 13:30:01.048873,1,22.5,0,0,0,0,1,0,0,0
20240418_upper_k1.0_389_2024-04-18T13:47:10.341067,2024-04-18,2024-04-18 13:47:10.341067,1,4.25,0,0,0,0,0,0,0,0
20240418_upper_k1.0_390_2024-04-18T14:03:05.325587,2024-04-18,2024-04-18 14:03:05.325587,1,5.25,0,0,0,0,0,0,0,0
20240418_upper_k1.0_391_2024-04-18T16:36:27.301364,2024-04-18,2024-04-18 16:36:27.301364,1,6.0,0,0,0,0,0,0,0,0
20240419_upper_k1.0_392_2024-04-19T13:30:00.040132,2024-04-19,2024-04-19 13:30:00.040132,1,7.75,0,1,0,0,1,0,0,1
20240419_upper_k1.0_393_2024-04-19T13:48:16.240555,2024-04-19,2024-04-19 13:48:16.240555,1,9.0,0,0,0,0,0,0,0,0
20240419_upper_k1.0_394_2024-04-19T14:03:34.404193,2024-04-19,2024-04-19 14:03:34.404193,1,7.5,0,0,0,0,0,0,0,0
20240419_upper_k1.0_395_2024-04-19T14:46:06.549056,2024-04-19,2024-04-19 14:46:06.549056,1,7.0,0,0,0,0,0,0,0,0
20240419_upper_k1.0_396_2024-04-19T17:51:44.760367,2024-04-19,2024-04-19 17:51:44.760367,1,16.5,0,0,0,0,0,0,0,0
20240422_upper_k1.0_397_2024-04-22T13:30:00.068057,2024-04-22,2024-04-22 13:30:00.068057,1,9.0,0,0,0,0,0,0,0,0
20240422_upper_k1.0_398_2024-04-22T13:46:01.580470,2024-04-22,2024-04-22 13:46:01.580470,1,1.0,0,0,0,0,0,0,0,0
20240422_upper_k1.0_399_2024-04-22T14:06:58.625669,2024-04-22,2024-04-22 14:06:58.625669,1,3.0,0,0,0,0,0,0,0,0
20240422_upper_k1.0_400_2024-04-22T15:40:22.140268,2024-04-22,2024-04-22 15:40:22.140268,1,6.0,0,0,0,0,0,0,0,0
20240423_upper_k1.0_401_2024-04-23T13:30:00.035892,2024-04-23,2024-04-23 13:30:00.035892,1,6.0,0,0,0,0,0,0,0,0
20240423_upper_k1.0_402_2024-04-23T13:51:02.700237,2024-04-23,2024-04-23 13:51:02.700237,1,1.25,0,0,0,0,0,0,0,0
20240424_upper_k1.0_403_2024-04-24T13:30:00.165503,2024-04-24,2024-04-24 13:30:00.165503,1,6.5,0,0,0,0,0,0,0,0
20240424_upper_k1.0_404_2024-04-24T13:47:27.292390,2024-04-24,2024-04-24 13:47:27.292390,1,7.5,0,0,0,0,0,0,0,0
20240424_upper_k1.0_405_2024-04-24T14:06:17.650575,2024-04-24,2024-04-24 14:06:17.650575,1,7.25,0,0,0,0,0,0,0,0
20240424_upper_k1.0_406_2024-04-24T14:25:04.061814,2024-04-24,2024-04-24 14:25:04.061814,1,7.75,0,0,0,0,0,0,0,0
20240424_upper_k1.0_407_2024-04-24T17:30:21.511925,2024-04-24,2024-04-24 17:30:21.511925,0,0.25,0,0,0,0,0,0,0,0
20240424_upper_k1.0_408_2024-04-24T18:07:15.442544,2024-04-24,2024-04-24 18:07:15.442544,1,5.75,0,0,0,0,0,0,0,0
20240424_upper_k1.0_409_2024-04-24T18:23:59.204323,2024-04-24,2024-04-24 18:23:59.204323,1,9.75,0,0,0,0,0,0,0,0
20240424_upper_k1.0_410_2024-04-24T19:19:51.381104,2024-04-24,2024-04-24 19:19:51.381104,1,2.0,0,0,0,0,0,0,0,0
20240425_upper_k1.0_411_2024-04-25T13:30:07.230012,2024-04-25,2024-04-25 13:30:07.230012,1,7.25,0,0,0,0,0,0,0,0
20240425_upper_k1.0_412_2024-04-25T13:47:14.967425,2024-04-25,2024-04-25 13:47:14.967425,1,10.25,0,0,0,0,0,0,0,0
20240425_upper_k1.0_413_2024-04-25T14:11:02.870246,2024-04-25,2024-04-25 14:11:02.870246,0,0.75,0,0,0,0,0,0,0,0
20240425_upper_k1.0_414_2024-04-25T14:34:49.124726,2024-04-25,2024-04-25 14:34:49.124726,1,4.75,0,0,0,0,0,0,0,0
20240425_upper_k1.0_415_2024-04-25T15:01:09.181734,2024-04-25,2024-04-25 15:01:09.181734,1,2.25,0,0,0,0,0,0,0,0
20240425_upper_k1.0_416_2024-04-25T15:16:18.220697,2024-04-25,2024-04-25 15:16:18.220697,1,1.5,0,0,0,0,0,0,0,0
20240425_upper_k1.0_417_2024-04-25T15:33:26.640144,2024-04-25,2024-04-25 15:33:26.640144,0,0.25,0,0,0,0,0,0,0,0
20240426_upper_k1.0_418_2024-04-26T13:30:00.105991,2024-04-26,2024-04-26 13:30:00.105991,1,6.75,0,0,0,0,0,0,0,0
20240426_upper_k1.0_419_2024-04-26T14:30:51.380823,2024-04-26,2024-04-26 14:30:51.380823,0,0.0,0,0,0,0,0,0,0,0
20240426_upper_k1.0_420_2024-04-26T15:11:49.922138,2024-04-26,2024-04-26 15:11:49.922138,1,4.0,0,0,0,0,0,0,0,0
20240426_upper_k1.0_421_2024-04-26T15:30:43.081722,2024-04-26,2024-04-26 15:30:43.081722,0,0.5,0,0,0,0,0,0,0,0
20240426_upper_k1.0_422_2024-04-26T19:45:15.640044,2024-04-26,2024-04-26 19:45:15.640044,0,0.25,0,0,0,0,0,0,0,0
20240429_upper_k1.0_423_2024-04-29T13:30:00.096999,2024-04-29,2024-04-29 13:30:00.096999,1,1.25,0,0,0,0,0,0,0,0
20240429_upper_k1.0_424_2024-04-29T14:01:10.897787,2024-04-29,2024-04-29 14:01:10.897787,1,3.25,0,0,0,0,0,0,0,0
20240429_upper_k1.0_425_2024-04-29T14:24:09.201773,2024-04-29,2024-04-29 14:24:09.201773,1,1.0,0,0,0,0,0,0,0,0
20240429_upper_k1.0_426_2024-04-29T14:40:36.599216,2024-04-29,2024-04-29 14:40:36.599216,1,5.0,0,0,0,0,0,0,0,0
20240429_upper_k1.0_427_2024-04-29T14:58:56.500061,2024-04-29,2024-04-29 14:58:56.500061,1,6.0,0,0,0,0,0,0,0,0
20240429_upper_k1.0_428_2024-04-29T16:06:04.160008,2024-04-29,2024-04-29 16:06:04.160008,1,1.25,0,0,0,0,0,0,0,0
20240429_upper_k1.0_429_2024-04-29T16:22:08.870396,2024-04-29,2024-04-29 16:22:08.870396,0,0.75,0,0,0,0,0,0,0,0
20240429_upper_k1.0_430_2024-04-29T16:41:20.532998,2024-04-29,2024-04-29 16:41:20.532998,1,2.5,0,0,0,0,0,0,0,0
20240429_upper_k1.0_431_2024-04-29T16:58:06.880346,2024-04-29,2024-04-29 16:58:06.880346,1,3.25,0,0,0,0,0,0,0,0
20240429_upper_k1.0_432_2024-04-29T17:16:25.583350,2024-04-29,2024-04-29 17:16:25.583350,1,1.75,0,0,0,0,0,0,0,0
20240429_upper_k1.0_433_2024-04-29T18:01:24.340205,2024-04-29,2024-04-29 18:01:24.340205,1,2.75,0,0,0,0,0,0,0,0
20240429_upper_k1.0_434_2024-04-29T18:17:45.190032,2024-04-29,2024-04-29 18:17:45.190032,1,3.25,0,0,0,0,0,0,0,0
20240429_upper_k1.0_435_2024-04-29T19:54:00.072374,2024-04-29,2024-04-29 19:54:00.072374,0,0.5,0,0,0,0,0,0,0,0
20240430_upper_k1.0_436_2024-04-30T13:30:00.078620,2024-04-30,2024-04-30 13:30:00.078620,1,4.25,0,0,0,0,0,0,0,0
20240430_upper_k1.0_437_2024-04-30T13:50:24.617146,2024-04-30,2024-04-30 13:50:24.617146,1,1.5,0,0,0,0,0,0,0,0
20240430_upper_k1.0_438_2024-04-30T14:11:13.252102,2024-04-30,2024-04-30 14:11:13.252102,1,3.75,0,0,0,0,0,0,0,0
20240430_upper_k1.0_439_2024-04-30T14:26:14.241917,2024-04-30,2024-04-30 14:26:14.241917,1,10.0,0,0,0,0,0,0,0,0
20240430_upper_k1.0_440_2024-04-30T14:44:15.960408,2024-04-30,2024-04-30 14:44:15.960408,1,3.25,0,0,0,0,0,0,0,0
20240501_upper_k1.0_441_2024-05-01T13:30:02.288781,2024-05-01,2024-05-01 13:30:02.288781,1,1.5,0,0,0,0,0,0,0,0
20240501_upper_k1.0_442_2024-05-01T14:28:08.981596,2024-05-01,2024-05-01 14:28:08.981596,1,5.5,0,0,0,0,0,0,0,0
20240501_upper_k1.0_443_2024-05-01T14:44:04.260647,2024-05-01,2024-05-01 14:44:04.260647,0,0.5,0,0,0,0,0,0,0,0
20240501_upper_k1.0_444_2024-05-01T15:08:23.232745,2024-05-01,2024-05-01 15:08:23.232745,1,9.75,0,0,0,0,0,0,0,0
20240501_upper_k1.0_445_2024-05-01T15:34:31.915423,2024-05-01,2024-05-01 15:34:31.915423,1,2.25,0,0,0,0,0,0,0,0
20240501_upper_k1.0_446_2024-05-01T16:13:06.488391,2024-05-01,2024-05-01 16:13:06.488391,1,4.25,0,0,0,0,0,0,0,0
20240501_upper_k1.0_447_2024-05-01T16:28:11.476079,2024-05-01,2024-05-01 16:28:11.476079,1,3.5,0,0,0,0,0,0,0,0
20240501_upper_k1.0_448_2024-05-01T17:32:59.520809,2024-05-01,2024-05-01 17:32:59.520809,1,1.5,0,0,0,0,0,0,0,0
20240501_upper_k1.0_449_2024-05-01T17:49:55.001436,2024-05-01,2024-05-01 17:49:55.001436,1,2.25,0,0,0,0,0,0,0,0
20240501_upper_k1.0_450_2024-05-01T18:05:43.123930,2024-05-01,2024-05-01 18:05:43.123930,1,4.0,1,1,1,1,1,1,0,0
20240501_upper_k1.0_451_2024-05-01T18:32:05.970309,2024-05-01,2024-05-01 18:32:05.970309,1,2.75,1,1,1,1,1,0,0,0
20240501_upper_k1.0_452_2024-05-01T19:40:25.721358,2024-05-01,2024-05-01 19:40:25.721358,1,7.0,0,0,0,0,0,0,0,0
20240502_upper_k1.0_453_2024-05-02T13:30:00.071732,2024-05-02,2024-05-02 13:30:00.071732,1,17.5,0,0,0,0,0,0,0,0
20240502_upper_k1.0_454_2024-05-02T14:24:14.517597,2024-05-02,2024-05-02 14:24:14.517597,1,2.75,0,0,0,0,0,0,0,0
20240502_upper_k1.0_455_2024-05-02T14:40:17.325202,2024-05-02,2024-05-02 14:40:17.325202,1,14.5,0,0,0,0,0,0,0,0
20240502_upper_k1.0_456_2024-05-02T14:56:32.021117,2024-05-02,2024-05-02 14:56:32.021117,0,0.5,0,0,0,0,0,0,0,0
20240502_upper_k1.0_457_2024-05-02T15:27:31.847136,2024-05-02,2024-05-02 15:27:31.847136,1,7.75,0,0,0,0,0,0,0,0
20240502_upper_k1.0_458_2024-05-02T16:11:06.000613,2024-05-02,2024-05-02 16:11:06.000613,1,5.0,0,0,0,0,0,0,0,0
20240502_upper_k1.0_459_2024-05-02T16:30:41.127272,2024-05-02,2024-05-02 16:30:41.127272,1,7.5,0,0,0,0,0,0,0,0
20240502_upper_k1.0_460_2024-05-02T16:56:31.801313,2024-05-02,2024-05-02 16:56:31.801313,1,3.0,0,0,0,0,0,0,0,0
20240503_upper_k1.0_461_2024-05-03T13:30:00.057814,2024-05-03,2024-05-03 13:30:00.057814,1,16.25,0,0,0,0,1,0,0,0
20240503_upper_k1.0_462_2024-05-03T14:00:15.250165,2024-05-03,2024-05-03 14:00:15.250165,1,18.25,1,1,1,1,1,1,1,1
20240503_upper_k1.0_463_2024-05-03T14:45:14.420537,2024-05-03,2024-05-03 14:45:14.420537,1,13.25,0,0,0,0,0,0,0,0
20240503_upper_k1.0_464_2024-05-03T15:33:30.638616,2024-05-03,2024-05-03 15:33:30.638616,0,0.75,0,0,0,0,0,0,0,0
20240503_upper_k1.0_465_2024-05-03T15:50:12.074039,2024-05-03,2024-05-03 15:50:12.074039,0,0.75,0,0,0,0,0,0,0,0
20240506_upper_k1.0_466_2024-05-06T13:30:00.551767,2024-05-06,2024-05-06 13:30:00.551767,1,5.0,0,0,0,0,0,0,0,0
20240506_upper_k1.0_467_2024-05-06T14:18:01.172517,2024-05-06,2024-05-06 14:18:01.172517,1,1.0,0,0,0,0,0,0,0,0
20240506_upper_k1.0_468_2024-05-06T14:45:39.515714,2024-05-06,2024-05-06 14:45:39.515714,0,0.75,0,0,0,0,0,0,0,0
20240506_upper_k1.0_469_2024-05-06T15:01:07.511042,2024-05-06,2024-05-06 15:01:07.511042,1,3.5,0,0,0,0,0,0,0,0
20240506_upper_k1.0_470_2024-05-06T15:19:37.664634,2024-05-06,2024-05-06 15:19:37.664634,1,2.25,0,0,0,0,0,0,0,0
20240506_upper_k1.0_471_2024-05-06T15:35:10.891804,2024-05-06,2024-05-06 15:35:10.891804,1,1.5,0,0,0,0,0,0,0,0
20240506_upper_k1.0_472_2024-05-06T16:00:38.382615,2024-05-06,2024-05-06 16:00:38.382615,1,1.0,0,0,0,0,0,0,0,0
20240506_upper_k1.0_473_2024-05-06T16:29:21.682742,2024-05-06,2024-05-06 16:29:21.682742,1,1.25,0,0,0,0,0,0,0,0
20240506_upper_k1.0_474_2024-05-06T16:48:28.520697,2024-05-06,2024-05-06 16:48:28.520697,1,1.75,0,0,0,0,0,0,0,0
20240506_upper_k1.0_475_2024-05-06T17:17:32.987923,2024-05-06,2024-05-06 17:17:32.987923,0,0.5,0,0,0,0,0,0,0,0
20240507_upper_k1.0_476_2024-05-07T13:30:00.022456,2024-05-07,2024-05-07 13:30:00.022456,1,2.75,0,0,0,0,0,0,0,0
20240507_upper_k1.0_477_2024-05-07T13:45:42.638849,2024-05-07,2024-05-07 13:45:42.638849,1,5.0,0,0,0,0,0,0,0,0
20240507_upper_k1.0_478_2024-05-07T14:12:03.340600,2024-05-07,2024-05-07 14:12:03.340600,1,2.5,0,0,0,0,0,0,0,0
20240507_upper_k1.0_479_2024-05-07T14:49:03.154519,2024-05-07,2024-05-07 14:49:03.154519,0,0.5,0,0,0,0,0,0,0,0
20240507_upper_k1.0_480_2024-05-07T15:34:37.704813,2024-05-07,2024-05-07 15:34:37.704813,0,0.5,0,0,0,0,0,0,0,0
20240507_upper_k1.0_481_2024-05-07T16:35:01.640789,2024-05-07,2024-05-07 16:35:01.640789,0,0.5,0,0,0,0,0,0,0,0
20240507_upper_k1.0_482_2024-05-07T16:50:44.493975,2024-05-07,2024-05-07 16:50:44.493975,1,2.25,0,0,0,0,0,0,0,0
20240507_upper_k1.0_483_2024-05-07T17:48:37.905404,2024-05-07,2024-05-07 17:48:37.905404,1,8.0,0,0,0,0,0,0,0,0
20240507_upper_k1.0_484_2024-05-07T19:50:08.650015,2024-05-07,2024-05-07 19:50:08.650015,1,6.5,0,0,0,0,0,0,0,0
20240508_upper_k1.0_485_2024-05-08T13:30:00.084016,2024-05-08,2024-05-08 13:30:00.084016,1,1.5,0,0,0,0,0,0,0,0
20240508_upper_k1.0_486_2024-05-08T14:13:08.270022,2024-05-08,2024-05-08 14:13:08.270022,1,1.0,0,0,0,0,0,0,0,0
20240508_upper_k1.0_487_2024-05-08T15:45:19.370093,2024-05-08,2024-05-08 15:45:19.370093,0,0.75,0,0,0,0,0,0,0,0
20240508_upper_k1.0_488_2024-05-08T16:11:36.891237,2024-05-08,2024-05-08 16:11:36.891237,0,0.25,0,0,0,0,0,0,0,0
20240508_upper_k1.0_489_2024-05-08T16:34:08.605627,2024-05-08,2024-05-08 16:34:08.605627,1,4.75,0,0,0,0,0,0,0,0
20240508_upper_k1.0_490_2024-05-08T16:50:18.264354,2024-05-08,2024-05-08 16:50:18.264354,1,2.75,0,0,0,0,0,0,0,0
20240508_upper_k1.0_491_2024-05-08T17:05:57.240396,2024-05-08,2024-05-08 17:05:57.240396,1,3.5,0,0,0,0,0,0,0,0
20240508_upper_k1.0_492_2024-05-08T17:44:15.380838,2024-05-08,2024-05-08 17:44:15.380838,0,0.5,0,0,0,0,0,0,0,0
20240508_upper_k1.0_493_2024-05-08T19:00:13.657617,2024-05-08,2024-05-08 19:00:13.657617,1,2.25,0,0,0,0,0,0,0,0
20240509_upper_k1.0_494_2024-05-09T13:30:00.069091,2024-05-09,2024-05-09 13:30:00.069091,1,2.25,0,0,0,0,0,0,0,0
20240509_upper_k1.0_495_2024-05-09T13:52:11.267040,2024-05-09,2024-05-09 13:52:11.267040,1,1.75,0,0,0,0,0,0,0,0
20240509_upper_k1.0_496_2024-05-09T14:14:42.781970,2024-05-09,2024-05-09 14:14:42.781970,1,1.25,0,0,0,0,0,0,0,0
20240509_upper_k1.0_497_2024-05-09T15:58:20.073707,2024-05-09,2024-05-09 15:58:20.073707,0,0.5,0,0,0,0,0,0,0,0
20240510_upper_k1.0_498_2024-05-10T13:30:00.034036,2024-05-10,2024-05-10 13:30:00.034036,1,5.0,0,0,0,0,0,0,0,0
20240510_upper_k1.0_499_2024-05-10T13:52:23.002205,2024-05-10,2024-05-10 13:52:23.002205,1,8.25,0,0,0,0,0,0,0,0
20240510_upper_k1.0_500_2024-05-10T19:18:44.910197,2024-05-10,2024-05-10 19:18:44.910197,1,1.0,0,0,0,0,0,0,0,0
20240510_upper_k1.0_501_2024-05-10T19:34:04.790015,2024-05-10,2024-05-10 19:34:04.790015,1,1.25,0,0,0,0,0,0,0,0
20240510_upper_k1.0_502_2024-05-10T19:50:34.393393,2024-05-10,2024-05-10 19:50:34.393393,1,2.0,0,0,0,0,0,0,0,0
20240513_upper_k1.0_503_2024-05-13T13:30:00.084223,2024-05-13,2024-05-13 13:30:00.084223,1,11.25,0,0,0,0,0,0,0,0
20240513_upper_k1.0_504_2024-05-13T14:07:19.650591,2024-05-13,2024-05-13 14:07:19.650591,1,3.75,0,0,0,0,0,0,0,0
20240513_upper_k1.0_505_2024-05-13T14:24:21.520922,2024-05-13,2024-05-13 14:24:21.520922,1,5.5,0,0,0,0,0,0,0,0
20240514_upper_k1.0_506_2024-05-14T13:30:00.241970,2024-05-14,2024-05-14 13:30:00.241970,1,2.75,0,0,0,0,0,0,0,0
20240514_upper_k1.0_507_2024-05-14T13:53:31.720342,2024-05-14,2024-05-14 13:53:31.720342,1,2.25,0,0,0,0,0,0,0,0
20240514_upper_k1.0_508_2024-05-14T14:14:37.532762,2024-05-14,2024-05-14 14:14:37.532762,1,6.25,0,0,0,0,0,0,0,0
20240514_upper_k1.0_509_2024-05-14T14:36:03.510840,2024-05-14,2024-05-14 14:36:03.510840,1,10.5,0,0,0,0,0,0,0,0
20240514_upper_k1.0_510_2024-05-14T14:58:01.347422,2024-05-14,2024-05-14 14:58:01.347422,0,0.5,0,0,0,0,0,0,0,0
20240514_upper_k1.0_511_2024-05-14T17:43:05.416262,2024-05-14,2024-05-14 17:43:05.416262,1,3.5,0,0,0,0,0,0,0,0
20240514_upper_k1.0_512_2024-05-14T18:02:04.180281,2024-05-14,2024-05-14 18:02:04.180281,0,0.5,0,0,0,0,0,0,0,0
20240515_upper_k1.0_513_2024-05-15T13:30:00.043536,2024-05-15,2024-05-15 13:30:00.043536,1,1.75,0,0,0,0,0,0,0,0
20240515_upper_k1.0_514_2024-05-15T14:01:31.224581,2024-05-15,2024-05-15 14:01:31.224581,1,3.0,0,0,0,0,0,0,0,0
20240516_upper_k1.0_515_2024-05-16T13:30:00.161987,2024-05-16,2024-05-16 13:30:00.161987,0,0.5,0,0,0,0,0,0,0,0
20240516_upper_k1.0_516_2024-05-16T13:46:10.501100,2024-05-16,2024-05-16 13:46:10.501100,1,1.25,0,0,0,0,0,0,0,0
20240516_upper_k1.0_517_2024-05-16T14:01:15.001408,2024-05-16,2024-05-16 14:01:15.001408,1,7.25,0,0,0,0,0,0,0,0
20240516_upper_k1.0_518_2024-05-16T15:15:08.370770,2024-05-16,2024-05-16 15:15:08.370770,0,0.75,0,0,0,0,0,0,0,0
20240516_upper_k1.0_519_2024-05-16T16:00:37.635841,2024-05-16,2024-05-16 16:00:37.635841,1,4.25,0,0,0,0,0,0,0,0
20240516_upper_k1.0_520_2024-05-16T16:15:43.773108,2024-05-16,2024-05-16 16:15:43.773108,1,3.75,0,0,0,0,0,0,0,0
20240516_upper_k1.0_521_2024-05-16T16:48:43.990152,2024-05-16,2024-05-16 16:48:43.990152,1,1.25,0,0,0,0,0,0,0,0
20240516_upper_k1.0_522_2024-05-16T17:06:19.970128,2024-05-16,2024-05-16 17:06:19.970128,1,1.75,0,0,0,0,0,0,0,0
20240517_upper_k1.0_523_2024-05-17T13:30:00.018244,2024-05-17,2024-05-17 13:30:00.018244,1,1.75,0,0,0,0,0,0,0,0
20240517_upper_k1.0_524_2024-05-17T14:02:21.660935,2024-05-17,2024-05-17 14:02:21.660935,1,4.75,0,0,0,0,0,0,0,0
20240517_upper_k1.0_525_2024-05-17T14:21:20.890028,2024-05-17,2024-05-17 14:21:20.890028,0,0.25,0,0,0,0,0,0,0,0
20240517_upper_k1.0_526_2024-05-17T15:00:46.355960,2024-05-17,2024-05-17 15:00:46.355960,1,5.5,0,0,0,0,0,0,0,0
20240517_upper_k1.0_527_2024-05-17T15:15:47.631706,2024-05-17,2024-05-17 15:15:47.631706,1,3.75,0,0,0,0,0,0,0,0
20240517_upper_k1.0_528_2024-05-17T15:59:04.350403,2024-05-17,2024-05-17 15:59:04.350403,1,3.0,0,0,0,0,0,0,0,0
20240517_upper_k1.0_529_2024-05-17T16:16:46.281450,2024-05-17,2024-05-17 16:16:46.281450,1,4.0,0,0,0,0,0,0,0,0
20240517_upper_k1.0_530_2024-05-17T16:56:16.441416,2024-05-17,2024-05-17 16:56:16.441416,1,1.25,0,0,0,0,0,0,0,0
20240517_upper_k1.0_531_2024-05-17T17:11:23.702184,2024-05-17,2024-05-17 17:11:23.702184,1,3.25,0,0,0,0,0,0,0,0
20240517_upper_k1.0_532_2024-05-17T17:30:06.340086,2024-05-17,2024-05-17 17:30:06.340086,1,3.0,0,0,0,0,0,0,0,0
20240517_upper_k1.0_533_2024-05-17T17:45:52.661173,2024-05-17,2024-05-17 17:45:52.661173,1,1.25,0,0,0,0,0,0,0,0
20240517_upper_k1.0_534_2024-05-17T18:55:30.900041,2024-05-17,2024-05-17 18:55:30.900041,1,1.0,0,0,0,0,0,0,0,0
20240520_upper_k1.0_535_2024-05-20T13:30:00.026665,2024-05-20,2024-05-20 13:30:00.026665,1,1.5,0,0,0,0,0,0,0,0
20240520_upper_k1.0_536_2024-05-20T15:45:15.011124,2024-05-20,2024-05-20 15:45:15.011124,1,2.0,0,0,0,0,0,0,0,0
20240520_upper_k1.0_537_2024-05-20T16:10:43.293099,2024-05-20,2024-05-20 16:10:43.293099,1,2.5,0,0,0,0,0,0,0,0
20240520_upper_k1.0_538_2024-05-20T16:38:32.970034,2024-05-20,2024-05-20 16:38:32.970034,0,0.5,0,0,0,0,0,0,0,0
20240520_upper_k1.0_539_2024-05-20T17:19:17.711894,2024-05-20,2024-05-20 17:19:17.711894,1,8.5,0,0,0,0,0,0,0,0
20240521_upper_k1.0_540_2024-05-21T13:30:00.015101,2024-05-21,2024-05-21 13:30:00.015101,1,2.5,0,0,0,0,0,0,0,0
20240521_upper_k1.0_541_2024-05-21T13:45:29.475218,2024-05-21,2024-05-21 13:45:29.475218,1,1.75,0,0,0,0,0,0,0,0
20240521_upper_k1.0_542_2024-05-21T15:52:22.254602,2024-05-21,2024-05-21 15:52:22.254602,1,2.0,0,0,0,0,0,0,0,0
20240521_upper_k1.0_543_2024-05-21T16:10:36.130097,2024-05-21,2024-05-21 16:10:36.130097,0,0.25,0,0,0,0,0,0,0,0
20240521_upper_k1.0_544_2024-05-21T16:26:36.100438,2024-05-21,2024-05-21 16:26:36.100438,0,0.25,0,0,0,0,0,0,0,0
20240521_upper_k1.0_545_2024-05-21T16:42:21.543341,2024-05-21,2024-05-21 16:42:21.543341,1,1.5,0,0,0,0,0,0,0,0
20240521_upper_k1.0_546_2024-05-21T17:06:35.931422,2024-05-21,2024-05-21 17:06:35.931422,1,4.25,0,0,0,0,0,0,0,0
20240521_upper_k1.0_547_2024-05-21T17:27:35.960035,2024-05-21,2024-05-21 17:27:35.960035,0,0.5,0,0,0,0,0,0,0,0
20240522_upper_k1.0_548_2024-05-22T13:30:00.121704,2024-05-22,2024-05-22 13:30:00.121704,1,1.0,0,0,0,0,0,0,0,0
20240522_upper_k1.0_549_2024-05-22T14:03:09.335828,2024-05-22,2024-05-22 14:03:09.335828,0,0.75,0,0,0,0,0,0,0,0
20240522_upper_k1.0_550_2024-05-22T14:19:14.806637,2024-05-22,2024-05-22 14:19:14.806637,1,1.5,0,0,0,0,0,0,0,0
20240522_upper_k1.0_551_2024-05-22T14:35:12.164762,2024-05-22,2024-05-22 14:35:12.164762,1,2.5,0,0,0,0,0,0,0,0
20240522_upper_k1.0_552_2024-05-22T14:50:41.892031,2024-05-22,2024-05-22 14:50:41.892031,1,1.0,0,0,0,0,0,0,0,0
20240522_upper_k1.0_553_2024-05-22T15:23:02.210043,2024-05-22,2024-05-22 15:23:02.210043,1,2.0,0,0,0,0,0,0,0,0
20240522_upper_k1.0_554_2024-05-22T16:14:59.540036,2024-05-22,2024-05-22 16:14:59.540036,1,1.25,0,0,0,0,0,0,0,0
20240522_upper_k1.0_555_2024-05-22T16:31:01.490115,2024-05-22,2024-05-22 16:31:01.490115,1,2.0,0,0,0,0,0,0,0,0
20240522_upper_k1.0_556_2024-05-22T16:47:02.351739,2024-05-22,2024-05-22 16:47:02.351739,1,3.5,0,0,0,0,0,0,0,0
20240522_upper_k1.0_557_2024-05-22T17:02:06.460287,2024-05-22,2024-05-22 17:02:06.460287,1,1.25,0,0,0,0,0,0,0,0
20240522_upper_k1.0_558_2024-05-22T17:27:05.000469,2024-05-22,2024-05-22 17:27:05.000469,1,9.0,0,0,0,0,0,0,0,0
20240522_upper_k1.0_559_2024-05-22T19:59:56.264397,2024-05-22,2024-05-22 19:59:56.264397,1,1.75,0,0,0,0,0,0,0,0
20240523_upper_k1.0_560_2024-05-23T13:30:00.058539,2024-05-23,2024-05-23 13:30:00.058539,1,13.75,0,0,0,0,0,0,0,0
20240523_upper_k1.0_561_2024-05-23T15:10:15.451975,2024-05-23,2024-05-23 15:10:15.451975,1,5.25,0,0,0,0,0,0,0,0
20240523_upper_k1.0_562_2024-05-23T15:31:13.500511,2024-05-23,2024-05-23 15:31:13.500511,1,1.25,0,0,0,0,0,0,0,0
20240523_upper_k1.0_563_2024-05-23T16:07:34.152453,2024-05-23,2024-05-23 16:07:34.152453,1,4.25,0,0,0,0,0,0,0,0
20240523_upper_k1.0_564_2024-05-23T16:41:56.961138,2024-05-23,2024-05-23 16:41:56.961138,1,8.75,0,0,0,0,0,0,0,0
20240524_upper_k1.0_565_2024-05-24T13:30:00.400225,2024-05-24,2024-05-24 13:30:00.400225,1,5.0,0,0,0,0,0,0,0,0
20240524_upper_k1.0_566_2024-05-24T13:47:34.420363,2024-05-24,2024-05-24 13:47:34.420363,1,9.5,0,0,0,0,0,0,0,0
20240524_upper_k1.0_567_2024-05-24T14:03:51.990129,2024-05-24,2024-05-24 14:03:51.990129,1,1.25,0,0,0,0,0,0,0,0
20240524_upper_k1.0_568_2024-05-24T14:45:21.084469,2024-05-24,2024-05-24 14:45:21.084469,0,0.75,0,0,0,0,0,0,0,0
20240524_upper_k1.0_569_2024-05-24T19:02:05.220024,2024-05-24,2024-05-24 19:02:05.220024,1,6.75,0,0,0,0,0,0,0,0
20240524_upper_k1.0_570_2024-05-24T19:17:13.901121,2024-05-24,2024-05-24 19:17:13.901121,1,2.25,0,0,0,0,0,0,0,0
20240524_upper_k1.0_571_2024-05-24T19:43:34.032314,2024-05-24,2024-05-24 19:43:34.032314,1,2.0,0,0,0,0,0,0,0,0
20240527_upper_k1.0_572_2024-05-27T13:30:21.131200,2024-05-27,2024-05-27 13:30:21.131200,0,0.0,0,0,0,0,0,0,0,0
20240527_upper_k1.0_573_2024-05-27T14:41:05.540571,2024-05-27,2024-05-27 14:41:05.540571,0,0.5,0,0,0,0,0,0,0,0
20240528_upper_k1.0_574_2024-05-28T13:30:00.025885,2024-05-28,2024-05-28 13:30:00.025885,1,3.75,0,0,0,0,0,0,0,0
20240528_upper_k1.0_575_2024-05-28T14:45:18.410688,2024-05-28,2024-05-28 14:45:18.410688,1,1.0,0,0,0,0,0,0,0,0
20240528_upper_k1.0_576_2024-05-28T15:01:03.063240,2024-05-28,2024-05-28 15:01:03.063240,1,4.5,0,0,0,0,0,0,0,0
20240528_upper_k1.0_577_2024-05-28T15:20:10.120065,2024-05-28,2024-05-28 15:20:10.120065,1,1.0,0,0,0,0,0,0,0,0
20240528_upper_k1.0_578_2024-05-28T15:36:10.363163,2024-05-28,2024-05-28 15:36:10.363163,1,1.0,0,0,0,0,0,0,0,0
20240528_upper_k1.0_579_2024-05-28T16:07:47.140237,2024-05-28,2024-05-28 16:07:47.140237,1,1.0,0,0,0,0,0,0,0,0
20240528_upper_k1.0_580_2024-05-28T16:26:14.590586,2024-05-28,2024-05-28 16:26:14.590586,1,2.25,0,0,0,0,0,0,0,0
20240528_upper_k1.0_581_2024-05-28T16:49:36.710395,2024-05-28,2024-05-28 16:49:36.710395,1,2.25,0,0,0,0,0,0,0,0
20240528_upper_k1.0_582_2024-05-28T17:10:27.260864,2024-05-28,2024-05-28 17:10:27.260864,1,3.5,0,0,0,0,0,0,0,0
20240528_upper_k1.0_583_2024-05-28T17:37:23.226469,2024-05-28,2024-05-28 17:37:23.226469,1,8.0,0,0,0,0,0,0,0,0
20240528_upper_k1.0_584_2024-05-28T19:55:00.064478,2024-05-28,2024-05-28 19:55:00.064478,1,1.75,0,0,0,0,0,0,0,0
20240529_upper_k1.0_585_2024-05-29T13:30:00.620502,2024-05-29,2024-05-29 13:30:00.620502,1,2.75,0,0,0,0,1,0,0,0
20240529_upper_k1.0_586_2024-05-29T13:46:05.618578,2024-05-29,2024-05-29 13:46:05.618578,1,3.0,0,0,0,0,0,0,0,0
20240529_upper_k1.0_587_2024-05-29T14:08:25.077598,2024-05-29,2024-05-29 14:08:25.077598,0,0.25,0,0,0,0,0,0,0,0
20240529_upper_k1.0_588_2024-05-29T14:23:25.385272,2024-05-29,2024-05-29 14:23:25.385272,0,0.5,0,0,0,0,0,0,0,0
20240529_upper_k1.0_589_2024-05-29T15:07:02.812525,2024-05-29,2024-05-29 15:07:02.812525,1,4.0,0,0,0,0,0,0,0,0
20240529_upper_k1.0_590_2024-05-29T15:22:16.570239,2024-05-29,2024-05-29 15:22:16.570239,1,1.0,0,0,0,0,0,0,0,0
20240529_upper_k1.0_591_2024-05-29T15:40:30.483042,2024-05-29,2024-05-29 15:40:30.483042,1,2.25,0,0,0,0,0,0,0,0
20240529_upper_k1.0_592_2024-05-29T16:08:06.040160,2024-05-29,2024-05-29 16:08:06.040160,1,4.0,0,0,0,0,0,0,0,0
20240529_upper_k1.0_593_2024-05-29T17:01:34.790161,2024-05-29,2024-05-29 17:01:34.790161,1,2.0,0,0,0,0,1,0,0,0
20240529_upper_k1.0_594_2024-05-29T17:17:18.963897,2024-05-29,2024-05-29 17:17:18.963897,1,1.0,0,0,0,0,0,0,0,0
20240529_upper_k1.0_595_2024-05-29T17:35:01.960070,2024-05-29,2024-05-29 17:35:01.960070,1,4.0,0,0,0,0,0,0,0,0
20240529_upper_k1.0_596_2024-05-29T18:33:11.862683,2024-05-29,2024-05-29 18:33:11.862683,1,2.5,0,0,0,0,0,0,0,0
20240529_upper_k1.0_597_2024-05-29T19:15:18.048362,2024-05-29,2024-05-29 19:15:18.048362,1,2.25,0,0,0,0,0,0,0,0
20240529_upper_k1.0_598_2024-05-29T19:47:18.430265,2024-05-29,2024-05-29 19:47:18.430265,1,9.5,0,0,0,0,0,0,0,0
20240530_upper_k1.0_599_2024-05-30T13:30:23.290036,2024-05-30,2024-05-30 13:30:23.290036,1,5.0,0,0,0,0,0,0,0,0
20240530_upper_k1.0_600_2024-05-30T13:48:10.570340,2024-05-30,2024-05-30 13:48:10.570340,1,4.25,0,0,0,0,0,0,0,0
20240530_upper_k1.0_601_2024-05-30T14:04:08.961837,2024-05-30,2024-05-30 14:04:08.961837,1,11.5,0,0,0,0,0,0,0,0
20240530_upper_k1.0_602_2024-05-30T15:30:37.012895,2024-05-30,2024-05-30 15:30:37.012895,1,1.25,0,0,0,0,0,0,0,0
20240530_upper_k1.0_603_2024-05-30T15:48:34.060382,2024-05-30,2024-05-30 15:48:34.060382,1,3.0,0,0,0,0,0,0,0,0
20240530_upper_k1.0_604_2024-05-30T16:04:15.010545,2024-05-30,2024-05-30 16:04:15.010545,1,1.25,0,0,0,0,0,0,0,0
20240530_upper_k1.0_605_2024-05-30T16:23:29.673755,2024-05-30,2024-05-30 16:23:29.673755,1,2.25,0,0,0,0,0,0,0,0
20240530_upper_k1.0_606_2024-05-30T18:18:00.280518,2024-05-30,2024-05-30 18:18:00.280518,1,5.0,0,0,0,0,0,0,0,0
20240530_upper_k1.0_607_2024-05-30T19:01:26.682849,2024-05-30,2024-05-30 19:01:26.682849,1,5.25,0,0,0,0,0,0,0,0
20240531_upper_k1.0_608_2024-05-31T13:30:00.484398,2024-05-31,2024-05-31 13:30:00.484398,1,2.25,0,0,0,0,1,0,0,0
20240531_upper_k1.0_609_2024-05-31T17:51:23.400000,2024-05-31,2024-05-31 17:51:23.400000,1,5.25,0,0,0,0,0,0,0,0
20240531_upper_k1.0_610_2024-05-31T18:11:06.700405,2024-05-31,2024-05-31 18:11:06.700405,1,1.5,0,0,0,0,0,0,0,0
20240531_upper_k1.0_611_2024-05-31T18:26:09.650720,2024-05-31,2024-05-31 18:26:09.650720,1,4.5,0,0,0,0,0,0,0,0
20240531_upper_k1.0_612_2024-05-31T18:51:50.870099,2024-05-31,2024-05-31 18:51:50.870099,1,2.0,0,0,0,0,0,0,0,0
20240603_upper_k1.0_613_2024-06-03T13:30:00.188623,2024-06-03,2024-06-03 13:30:00.188623,1,4.75,0,0,0,0,0,0,0,0
20240603_upper_k1.0_614_2024-06-03T13:45:35.330565,2024-06-03,2024-06-03 13:45:35.330565,1,10.0,0,0,0,0,0,0,0,0
20240603_upper_k1.0_615_2024-06-03T14:01:02.000704,2024-06-03,2024-06-03 14:01:02.000704,1,12.5,0,0,0,0,1,0,0,0
20240603_upper_k1.0_616_2024-06-03T14:19:21.341758,2024-06-03,2024-06-03 14:19:21.341758,1,5.0,0,0,0,0,0,0,0,0
20240603_upper_k1.0_617_2024-06-03T19:17:47.911242,2024-06-03,2024-06-03 19:17:47.911242,1,2.0,0,0,0,0,0,0,0,0
20240603_upper_k1.0_618_2024-06-03T19:33:31.662805,2024-06-03,2024-06-03 19:33:31.662805,1,4.5,0,0,0,0,0,0,0,0
20240604_upper_k1.0_619_2024-06-04T13:30:00.087851,2024-06-04,2024-06-04 13:30:00.087851,1,8.0,0,0,0,0,0,0,0,0
20240604_upper_k1.0_620_2024-06-04T13:45:01.434478,2024-06-04,2024-06-04 13:45:01.434478,0,0.25,0,0,0,0,0,0,0,0
20240604_upper_k1.0_621_2024-06-04T14:05:09.140643,2024-06-04,2024-06-04 14:05:09.140643,1,10.5,0,0,0,0,0,0,0,0
20240604_upper_k1.0_622_2024-06-04T14:20:10.003370,2024-06-04,2024-06-04 14:20:10.003370,1,5.5,0,0,0,0,0,0,0,0
20240604_upper_k1.0_623_2024-06-04T14:36:08.460296,2024-06-04,2024-06-04 14:36:08.460296,1,3.5,0,0,0,0,0,0,0,0
20240604_upper_k1.0_624_2024-06-04T14:51:26.600314,2024-06-04,2024-06-04 14:51:26.600314,1,9.25,0,0,0,0,0,0,0,0
20240604_upper_k1.0_625_2024-06-04T15:22:13.441784,2024-06-04,2024-06-04 15:22:13.441784,1,10.75,0,0,0,0,0,0,0,0
20240604_upper_k1.0_626_2024-06-04T16:43:01.054191,2024-06-04,2024-06-04 16:43:01.054191,0,0.5,0,0,0,0,0,0,0,0
20240604_upper_k1.0_627_2024-06-04T17:01:51.566828,2024-06-04,2024-06-04 17:01:51.566828,1,6.5,0,0,0,0,0,0,0,0
20240604_upper_k1.0_628_2024-06-04T17:25:14.461950,2024-06-04,2024-06-04 17:25:14.461950,1,2.5,0,0,0,0,0,0,0,0
20240604_upper_k1.0_629_2024-06-04T19:05:32.804651,2024-06-04,2024-06-04 19:05:32.804651,1,1.5,0,0,0,0,0,0,0,0
20240605_upper_k1.0_630_2024-06-05T13:30:00.192718,2024-06-05,2024-06-05 13:30:00.192718,1,9.0,0,0,0,0,0,0,0,0
20240605_upper_k1.0_631_2024-06-05T13:45:00.544683,2024-06-05,2024-06-05 13:45:00.544683,1,8.75,0,0,0,0,0,0,0,1
20240605_upper_k1.0_632_2024-06-05T14:23:28.893734,2024-06-05,2024-06-05 14:23:28.893734,0,0.5,0,0,0,0,0,0,0,0
20240606_upper_k1.0_633_2024-06-06T13:30:00.056579,2024-06-06,2024-06-06 13:30:00.056579,1,3.75,0,0,0,0,0,0,0,0
20240606_upper_k1.0_634_2024-06-06T13:46:09.801719,2024-06-06,2024-06-06 13:46:09.801719,1,4.0,0,0,0,0,0,0,0,0
20240606_upper_k1.0_635_2024-06-06T14:08:03.450289,2024-06-06,2024-06-06 14:08:03.450289,1,4.75,0,0,0,0,0,0,0,0
20240606_upper_k1.0_636_2024-06-06T14:23:49.940054,2024-06-06,2024-06-06 14:23:49.940054,1,4.25,0,0,0,0,0,0,0,0
20240606_upper_k1.0_637_2024-06-06T14:49:02.821019,2024-06-06,2024-06-06 14:49:02.821019,1,6.0,0,0,0,0,0,0,0,0
20240606_upper_k1.0_638_2024-06-06T18:52:55.801314,2024-06-06,2024-06-06 18:52:55.801314,1,1.25,0,0,0,0,0,0,0,0
20240606_upper_k1.0_639_2024-06-06T19:12:34.945278,2024-06-06,2024-06-06 19:12:34.945278,1,2.5,0,0,0,0,0,0,0,0
20240606_upper_k1.0_640_2024-06-06T19:29:00.290201,2024-06-06,2024-06-06 19:29:00.290201,1,2.75,0,0,0,0,0,0,0,0
20240606_upper_k1.0_641_2024-06-06T19:48:09.523532,2024-06-06,2024-06-06 19:48:09.523532,1,2.0,0,0,0,0,0,0,0,0
20240607_upper_k1.0_642_2024-06-07T13:32:39.692539,2024-06-07,2024-06-07 13:32:39.692539,1,6.5,0,0,0,0,0,0,0,0
20240607_upper_k1.0_643_2024-06-07T15:06:55.785460,2024-06-07,2024-06-07 15:06:55.785460,1,5.25,0,0,0,0,0,0,0,0
20240607_upper_k1.0_644_2024-06-07T15:22:17.631003,2024-06-07,2024-06-07 15:22:17.631003,0,0.25,0,0,0,0,0,0,0,0
20240607_upper_k1.0_645_2024-06-07T18:01:05.402328,2024-06-07,2024-06-07 18:01:05.402328,1,10.0,0,0,0,0,0,0,0,0
20240607_upper_k1.0_646_2024-06-07T18:28:15.551573,2024-06-07,2024-06-07 18:28:15.551573,1,4.5,0,0,0,0,0,0,0,0
20240607_upper_k1.0_647_2024-06-07T18:51:08.529457,2024-06-07,2024-06-07 18:51:08.529457,1,3.25,0,0,0,0,0,0,0,0
20240607_upper_k1.0_648_2024-06-07T19:06:21.230563,2024-06-07,2024-06-07 19:06:21.230563,1,11.0,0,0,0,0,0,0,0,0
20240610_upper_k1.0_649_2024-06-10T13:30:00.051796,2024-06-10,2024-06-10 13:30:00.051796,1,4.75,0,0,0,0,0,0,0,0
20240610_upper_k1.0_650_2024-06-10T13:52:14.340758,2024-06-10,2024-06-10 13:52:14.340758,1,2.5,0,0,0,0,0,0,0,0
20240611_upper_k1.0_651_2024-06-11T13:30:00.014081,2024-06-11,2024-06-11 13:30:00.014081,1,7.75,0,0,0,0,0,0,0,0
20240611_upper_k1.0_652_2024-06-11T14:01:03.990049,2024-06-11,2024-06-11 14:01:03.990049,1,5.5,0,0,0,0,0,0,0,0
20240611_upper_k1.0_653_2024-06-11T15:50:44.641308,2024-06-11,2024-06-11 15:50:44.641308,0,0.25,0,0,0,0,0,0,0,0
20240611_upper_k1.0_654_2024-06-11T16:21:22.070057,2024-06-11,2024-06-11 16:21:22.070057,1,1.5,0,0,0,0,0,0,0,0
20240611_upper_k1.0_655_2024-06-11T17:01:43.040267,2024-06-11,2024-06-11 17:01:43.040267,1,1.25,0,0,0,0,0,0,0,0
20240612_upper_k1.0_656_2024-06-12T13:30:00.145894,2024-06-12,2024-06-12 13:30:00.145894,1,4.25,0,0,0,0,0,0,0,0
20240612_upper_k1.0_657_2024-06-12T14:55:05.122875,2024-06-12,2024-06-12 14:55:05.122875,0,0.25,0,0,0,0,0,0,0,0
20240612_upper_k1.0_658_2024-06-12T15:14:29.511066,2024-06-12,2024-06-12 15:14:29.511066,1,3.0,0,0,0,0,0,0,0,0
20240612_upper_k1.0_659_2024-06-12T15:35:31.391520,2024-06-12,2024-06-12 15:35:31.391520,1,1.75,0,0,0,0,0,0,0,0
20240612_upper_k1.0_660_2024-06-12T15:53:00.550023,2024-06-12,2024-06-12 15:53:00.550023,1,1.75,0,0,0,0,0,0,0,0
20240612_upper_k1.0_661_2024-06-12T16:11:30.642283,2024-06-12,2024-06-12 16:11:30.642283,1,2.25,0,0,0,0,0,0,0,0
20240612_upper_k1.0_662_2024-06-12T16:45:43.150553,2024-06-12,2024-06-12 16:45:43.150553,1,3.75,0,0,0,0,0,0,0,0
20240612_upper_k1.0_663_2024-06-12T17:00:51.993049,2024-06-12,2024-06-12 17:00:51.993049,0,0.25,0,0,0,0,0,0,0,0
20240612_upper_k1.0_664_2024-06-12T18:28:49.683030,2024-06-12,2024-06-12 18:28:49.683030,1,11.75,0,0,0,0,0,0,0,0
20240612_upper_k1.0_665_2024-06-12T18:57:32.357906,2024-06-12,2024-06-12 18:57:32.357906,1,5.5,0,0,0,0,0,0,0,0
20240612_upper_k1.0_666_2024-06-12T19:23:23.235326,2024-06-12,2024-06-12 19:23:23.235326,1,24.25,0,0,0,0,0,0,0,0
20240613_upper_k1.0_667_2024-06-13T13:30:00.339169,2024-06-13,2024-06-13 13:30:00.339169,1,8.0,0,0,0,0,0,0,0,0
20240613_upper_k1.0_668_2024-06-13T15:35:44.750081,2024-06-13,2024-06-13 15:35:44.750081,1,3.5,0,0,0,0,0,0,0,0
20240613_upper_k1.0_669_2024-06-13T15:51:46.670312,2024-06-13,2024-06-13 15:51:46.670312,1,10.25,0,0,0,0,0,0,0,0
20240613_upper_k1.0_670_2024-06-13T17:05:18.020144,2024-06-13,2024-06-13 17:05:18.020144,1,2.75,0,0,0,0,0,0,0,0
20240613_upper_k1.0_671_2024-06-13T17:23:02.722087,2024-06-13,2024-06-13 17:23:02.722087,0,0.25,0,0,0,0,0,0,0,0
20240613_upper_k1.0_672_2024-06-13T17:38:09.440495,2024-06-13,2024-06-13 17:38:09.440495,1,1.75,0,0,0,0,0,0,0,0
20240613_upper_k1.0_673_2024-06-13T18:04:21.963058,2024-06-13,2024-06-13 18:04:21.963058,1,1.75,0,0,0,0,0,0,0,0
20240614_upper_k1.0_674_2024-06-14T13:30:00.081973,2024-06-14,2024-06-14 13:30:00.081973,1,2.75,0,0,0,0,0,0,0,0
20240614_upper_k1.0_675_2024-06-14T13:50:19.960205,2024-06-14,2024-06-14 13:50:19.960205,1,4.25,0,0,0,0,0,0,0,0
20240614_upper_k1.0_676_2024-06-14T14:21:19.565863,2024-06-14,2024-06-14 14:21:19.565863,1,4.75,0,0,0,0,0,0,0,0
20240614_upper_k1.0_677_2024-06-14T14:50:55.950100,2024-06-14,2024-06-14 14:50:55.950100,1,2.0,0,0,0,0,0,0,0,0
20240614_upper_k1.0_678_2024-06-14T15:07:58.200696,2024-06-14,2024-06-14 15:07:58.200696,1,2.75,0,0,0,0,0,0,0,0
20240614_upper_k1.0_679_2024-06-14T15:40:55.959141,2024-06-14,2024-06-14 15:40:55.959141,1,7.75,0,0,0,0,0,0,0,0
20240614_upper_k1.0_680_2024-06-14T15:55:56.301501,2024-06-14,2024-06-14 15:55:56.301501,0,0.75,0,0,0,0,0,0,0,0
20240614_upper_k1.0_681_2024-06-14T16:31:23.050679,2024-06-14,2024-06-14 16:31:23.050679,1,1.5,0,0,0,0,0,0,0,0
20240614_upper_k1.0_682_2024-06-14T18:16:30.170082,2024-06-14,2024-06-14 18:16:30.170082,1,1.25,0,0,0,0,0,0,0,0
20240617_upper_k1.0_683_2024-06-17T13:30:00.190848,2024-06-17,2024-06-17 13:30:00.190848,1,4.5,0,0,0,0,0,0,0,0
20240617_upper_k1.0_684_2024-06-17T13:45:00.656096,2024-06-17,2024-06-17 13:45:00.656096,1,6.25,0,0,0,0,0,0,0,0
20240617_upper_k1.0_685_2024-06-17T14:00:01.052422,2024-06-17,2024-06-17 14:00:01.052422,1,2.5,0,0,0,0,0,0,0,0
20240617_upper_k1.0_686_2024-06-17T14:26:30.576727,2024-06-17,2024-06-17 14:26:30.576727,1,2.0,0,0,0,0,0,0,0,0
20240618_upper_k1.0_687_2024-06-18T13:30:00.050377,2024-06-18,2024-06-18 13:30:00.050377,0,0.75,0,0,0,0,0,0,0,0
20240618_upper_k1.0_688_2024-06-18T13:45:00.360004,2024-06-18,2024-06-18 13:45:00.360004,1,3.25,0,0,0,0,0,0,0,0
20240618_upper_k1.0_689_2024-06-18T14:02:56.290056,2024-06-18,2024-06-18 14:02:56.290056,1,2.5,0,0,0,0,0,0,0,0
20240618_upper_k1.0_690_2024-06-18T14:17:57.601534,2024-06-18,2024-06-18 14:17:57.601534,1,6.25,0,0,0,0,0,0,0,0
20240618_upper_k1.0_691_2024-06-18T14:33:20.970103,2024-06-18,2024-06-18 14:33:20.970103,1,6.0,0,0,0,0,0,0,0,0
20240618_upper_k1.0_692_2024-06-18T15:44:56.384183,2024-06-18,2024-06-18 15:44:56.384183,0,0.75,0,0,0,0,0,0,0,0
20240618_upper_k1.0_693_2024-06-18T16:17:00.444263,2024-06-18,2024-06-18 16:17:00.444263,1,2.0,0,0,0,0,0,0,0,0
20240618_upper_k1.0_694_2024-06-18T16:40:53.220226,2024-06-18,2024-06-18 16:40:53.220226,1,2.25,0,0,0,0,0,0,0,0
20240618_upper_k1.0_695_2024-06-18T17:00:25.701788,2024-06-18,2024-06-18 17:00:25.701788,1,2.0,0,0,0,0,0,0,0,0
20240618_upper_k1.0_696_2024-06-18T18:02:08.951214,2024-06-18,2024-06-18 18:02:08.951214,1,7.25,0,0,0,0,0,0,0,0
20240618_upper_k1.0_697_2024-06-18T18:17:41.672937,2024-06-18,2024-06-18 18:17:41.672937,1,3.25,0,0,0,0,0,0,0,0
20240618_upper_k1.0_698_2024-06-18T18:33:25.280770,2024-06-18,2024-06-18 18:33:25.280770,1,2.0,0,0,0,0,0,0,0,0
20240618_upper_k1.0_699_2024-06-18T19:02:53.843012,2024-06-18,2024-06-18 19:02:53.843012,1,3.5,0,0,0,0,0,0,0,0
20240618_upper_k1.0_700_2024-06-18T19:30:32.864481,2024-06-18,2024-06-18 19:30:32.864481,0,0.0,0,0,0,0,0,0,0,0
20240618_upper_k1.0_701_2024-06-18T19:50:00.014927,2024-06-18,2024-06-18 19:50:00.014927,0,0.5,0,0,0,0,0,0,0,0
20240619_upper_k1.0_702_2024-06-19T13:30:44.350160,2024-06-19,2024-06-19 13:30:44.350160,1,1.5,0,0,0,0,0,0,0,0
20240620_upper_k1.0_703_2024-06-20T13:30:00.044000,2024-06-20,2024-06-20 13:30:00.044000,1,6.5,0,0,0,0,0,0,0,0
20240620_upper_k1.0_704_2024-06-20T13:57:25.760846,2024-06-20,2024-06-20 13:57:25.760846,1,2.25,0,0,0,0,0,0,0,0
20240620_upper_k1.0_705_2024-06-20T14:32:57.160753,2024-06-20,2024-06-20 14:32:57.160753,1,5.5,0,0,0,0,0,0,0,0
20240620_upper_k1.0_706_2024-06-20T15:00:10.840823,2024-06-20,2024-06-20 15:00:10.840823,1,2.0,0,0,0,0,0,0,0,0
20240620_upper_k1.0_707_2024-06-20T15:18:39.805423,2024-06-20,2024-06-20 15:18:39.805423,1,5.75,0,0,0,0,0,0,0,0
20240620_upper_k1.0_708_2024-06-20T18:29:08.484058,2024-06-20,2024-06-20 18:29:08.484058,1,9.75,0,0,0,0,0,0,0,0
20240621_upper_k1.0_709_2024-06-21T13:30:00.030497,2024-06-21,2024-06-21 13:30:00.030497,1,5.25,0,0,0,0,0,0,0,0
20240621_upper_k1.0_710_2024-06-21T14:00:09.000048,2024-06-21,2024-06-21 14:00:09.000048,1,3.0,0,0,0,0,0,0,0,0
20240621_upper_k1.0_711_2024-06-21T14:24:42.082084,2024-06-21,2024-06-21 14:24:42.082084,1,3.75,0,0,0,0,0,0,0,0
20240621_upper_k1.0_712_2024-06-21T14:41:49.350194,2024-06-21,2024-06-21 14:41:49.350194,1,2.5,0,0,0,0,0,0,0,0
20240621_upper_k1.0_713_2024-06-21T15:28:37.603633,2024-06-21,2024-06-21 15:28:37.603633,1,4.25,0,0,0,0,0,0,0,0
20240621_upper_k1.0_714_2024-06-21T16:50:40.210005,2024-06-21,2024-06-21 16:50:40.210005,1,1.5,0,0,0,0,0,0,0,0
20240621_upper_k1.0_715_2024-06-21T17:08:09.970696,2024-06-21,2024-06-21 17:08:09.970696,1,1.0,0,0,0,0,0,0,0,0
20240621_upper_k1.0_716_2024-06-21T18:16:15.093148,2024-06-21,2024-06-21 18:16:15.093148,1,2.75,0,0,0,0,0,0,0,0
20240621_upper_k1.0_717_2024-06-21T18:33:10.960230,2024-06-21,2024-06-21 18:33:10.960230,1,4.5,0,0,0,0,0,0,0,0
20240621_upper_k1.0_718_2024-06-21T19:02:46.190002,2024-06-21,2024-06-21 19:02:46.190002,0,0.5,0,0,0,0,0,0,0,0
20240621_upper_k1.0_719_2024-06-21T19:20:35.254918,2024-06-21,2024-06-21 19:20:35.254918,1,2.0,0,0,0,0,0,0,0,0
20240621_upper_k1.0_720_2024-06-21T19:40:46.704375,2024-06-21,2024-06-21 19:40:46.704375,1,4.25,0,0,0,0,0,0,0,0
20240621_upper_k1.0_721_2024-06-21T19:57:02.503335,2024-06-21,2024-06-21 19:57:02.503335,1,5.0,0,0,0,0,0,0,0,0
20240624_upper_k1.0_722_2024-06-24T13:30:00.042302,2024-06-24,2024-06-24 13:30:00.042302,1,2.25,0,0,0,0,0,0,0,0
20240624_upper_k1.0_723_2024-06-24T13:50:19.890333,2024-06-24,2024-06-24 13:50:19.890333,0,0.25,0,0,0,0,0,0,0,0
20240624_upper_k1.0_724_2024-06-24T14:29:19.262196,2024-06-24,2024-06-24 14:29:19.262196,1,3.0,0,0,0,0,0,0,0,0
20240624_upper_k1.0_725_2024-06-24T14:45:13.568841,2024-06-24,2024-06-24 14:45:13.568841,1,9.25,0,0,0,0,0,0,0,0
20240624_upper_k1.0_726_2024-06-24T15:26:30.443184,2024-06-24,2024-06-24 15:26:30.443184,1,1.25,0,0,0,0,0,0,0,0
20240624_upper_k1.0_727_2024-06-24T16:08:05.260871,2024-06-24,2024-06-24 16:08:05.260871,1,2.0,0,0,0,0,0,0,0,0
20240624_upper_k1.0_728_2024-06-24T16:43:27.033120,2024-06-24,2024-06-24 16:43:27.033120,1,3.5,0,0,0,0,0,0,0,0
20240625_upper_k1.0_729_2024-06-25T13:30:00.045155,2024-06-25,2024-06-25 13:30:00.045155,1,7.5,0,0,0,0,0,0,0,0
20240625_upper_k1.0_730_2024-06-25T13:45:53.510646,2024-06-25,2024-06-25 13:45:53.510646,1,6.0,0,0,0,0,0,0,0,0
20240625_upper_k1.0_731_2024-06-25T14:01:22.002336,2024-06-25,2024-06-25 14:01:22.002336,1,3.75,0,0,0,0,0,0,0,0
20240625_upper_k1.0_732_2024-06-25T14:17:14.262790,2024-06-25,2024-06-25 14:17:14.262790,1,1.5,0,0,0,0,0,0,0,0
20240625_upper_k1.0_733_2024-06-25T14:35:15.960948,2024-06-25,2024-06-25 14:35:15.960948,1,1.0,0,0,0,0,0,0,0,0
20240625_upper_k1.0_734_2024-06-25T14:50:30.016228,2024-06-25,2024-06-25 14:50:30.016228,1,3.75,0,0,0,0,0,0,0,0
20240625_upper_k1.0_735_2024-06-25T15:06:25.170333,2024-06-25,2024-06-25 15:06:25.170333,1,2.75,0,0,0,0,0,0,0,0
20240625_upper_k1.0_736_2024-06-25T15:27:53.320118,2024-06-25,2024-06-25 15:27:53.320118,0,0.25,0,0,0,0,0,0,0,0
20240625_upper_k1.0_737_2024-06-25T16:14:11.152375,2024-06-25,2024-06-25 16:14:11.152375,1,5.25,0,0,0,0,0,0,0,0
20240625_upper_k1.0_738_2024-06-25T17:30:00.370875,2024-06-25,2024-06-25 17:30:00.370875,1,3.0,0,0,0,0,0,0,0,0
20240625_upper_k1.0_739_2024-06-25T18:48:33.137022,2024-06-25,2024-06-25 18:48:33.137022,1,1.75,0,0,0,0,0,0,0,0
20240626_upper_k1.0_740_2024-06-26T13:30:00.029468,2024-06-26,2024-06-26 13:30:00.029468,1,5.0,0,0,0,0,0,0,0,0
20240626_upper_k1.0_741_2024-06-26T13:45:00.184965,2024-06-26,2024-06-26 13:45:00.184965,1,1.0,0,0,0,0,0,0,0,0
20240626_upper_k1.0_742_2024-06-26T14:00:53.603607,2024-06-26,2024-06-26 14:00:53.603607,0,0.75,0,0,0,0,0,0,0,0
20240626_upper_k1.0_743_2024-06-26T14:27:13.963179,2024-06-26,2024-06-26 14:27:13.963179,1,5.5,0,0,0,0,0,0,0,0
20240626_upper_k1.0_744_2024-06-26T14:43:44.750131,2024-06-26,2024-06-26 14:43:44.750131,1,1.5,0,0,0,0,0,0,0,0
20240626_upper_k1.0_745_2024-06-26T14:59:45.710950,2024-06-26,2024-06-26 14:59:45.710950,1,4.25,0,0,0,0,0,0,0,0
20240626_upper_k1.0_746_2024-06-26T15:20:13.570049,2024-06-26,2024-06-26 15:20:13.570049,1,2.25,0,0,0,0,0,0,0,0
20240626_upper_k1.0_747_2024-06-26T15:35:28.261712,2024-06-26,2024-06-26 15:35:28.261712,1,2.0,0,0,0,0,0,0,0,0
20240626_upper_k1.0_748_2024-06-26T16:48:45.837170,2024-06-26,2024-06-26 16:48:45.837170,0,0.5,0,0,0,0,0,0,0,0
20240626_upper_k1.0_749_2024-06-26T17:08:38.371858,2024-06-26,2024-06-26 17:08:38.371858,0,0.0,0,0,0,0,0,0,0,0
20240626_upper_k1.0_750_2024-06-26T17:28:02.352069,2024-06-26,2024-06-26 17:28:02.352069,1,1.0,0,0,0,0,0,0,0,0
20240626_upper_k1.0_751_2024-06-26T17:43:22.530841,2024-06-26,2024-06-26 17:43:22.530841,0,0.0,0,0,0,0,0,0,0,0
20240626_upper_k1.0_752_2024-06-26T18:39:56.526784,2024-06-26,2024-06-26 18:39:56.526784,1,1.25,0,0,0,0,0,0,0,0
20240626_upper_k1.0_753_2024-06-26T19:00:42.846392,2024-06-26,2024-06-26 19:00:42.846392,1,3.25,0,0,0,0,0,0,0,0
20240626_upper_k1.0_754_2024-06-26T19:16:32.921638,2024-06-26,2024-06-26 19:16:32.921638,1,1.5,0,0,0,0,0,0,0,0
20240627_upper_k1.0_755_2024-06-27T13:30:00.022771,2024-06-27,2024-06-27 13:30:00.022771,0,0.25,0,0,0,0,0,0,0,0
20240627_upper_k1.0_756_2024-06-27T13:49:22.200489,2024-06-27,2024-06-27 13:49:22.200489,1,12.5,0,0,0,0,0,0,0,0
20240627_upper_k1.0_757_2024-06-27T14:04:23.851581,2024-06-27,2024-06-27 14:04:23.851581,1,4.5,0,0,0,0,0,0,0,0
20240627_upper_k1.0_758_2024-06-27T14:20:36.135220,2024-06-27,2024-06-27 14:20:36.135220,1,1.25,0,0,0,0,0,0,0,0
20240627_upper_k1.0_759_2024-06-27T14:45:53.370538,2024-06-27,2024-06-27 14:45:53.370538,1,7.0,0,0,0,0,0,0,0,0
20240627_upper_k1.0_760_2024-06-27T16:25:39.610245,2024-06-27,2024-06-27 16:25:39.610245,1,3.25,0,0,0,0,0,0,0,0
20240627_upper_k1.0_761_2024-06-27T16:45:14.450996,2024-06-27,2024-06-27 16:45:14.450996,1,2.25,0,0,0,0,0,0,0,0
20240627_upper_k1.0_762_2024-06-27T17:02:00.762106,2024-06-27,2024-06-27 17:02:00.762106,1,1.75,0,0,0,0,0,0,0,0
20240627_upper_k1.0_763_2024-06-27T17:24:28.621428,2024-06-27,2024-06-27 17:24:28.621428,0,0.5,0,0,0,0,0,0,0,0
20240627_upper_k1.0_764_2024-06-27T17:52:05.056750,2024-06-27,2024-06-27 17:52:05.056750,1,9.25,0,0,0,0,0,0,0,0
20240627_upper_k1.0_765_2024-06-27T19:41:43.648442,2024-06-27,2024-06-27 19:41:43.648442,1,4.25,0,0,0,0,0,0,0,0
20240627_upper_k1.0_766_2024-06-27T19:57:02.951320,2024-06-27,2024-06-27 19:57:02.951320,1,2.5,0,0,0,0,0,0,0,0
20240628_upper_k1.0_767_2024-06-28T13:30:00.060768,2024-06-28,2024-06-28 13:30:00.060768,1,5.0,0,0,0,0,0,0,0,0
20240628_upper_k1.0_768_2024-06-28T14:51:06.201678,2024-06-28,2024-06-28 14:51:06.201678,1,9.75,0,0,0,0,0,0,0,0
20240701_upper_k1.0_769_2024-07-01T13:30:00.070792,2024-07-01,2024-07-01 13:30:00.070792,1,4.5,0,0,0,0,0,0,0,0
20240701_upper_k1.0_770_2024-07-01T14:00:00.188699,2024-07-01,2024-07-01 14:00:00.188699,1,4.25,1,1,1,1,1,1,1,1
20240701_upper_k1.0_771_2024-07-01T15:28:17.570404,2024-07-01,2024-07-01 15:28:17.570404,1,3.0,0,0,0,0,0,0,0,0
20240701_upper_k1.0_772_2024-07-01T15:43:33.340164,2024-07-01,2024-07-01 15:43:33.340164,1,4.75,0,0,0,0,0,0,0,0
20240701_upper_k1.0_773_2024-07-01T16:02:44.864755,2024-07-01,2024-07-01 16:02:44.864755,1,2.0,0,0,0,0,0,0,0,0
20240701_upper_k1.0_774_2024-07-01T19:25:33.831863,2024-07-01,2024-07-01 19:25:33.831863,1,6.25,0,0,0,0,0,0,0,0
20240702_upper_k1.0_775_2024-07-02T13:30:00.080036,2024-07-02,2024-07-02 13:30:00.080036,1,1.25,0,0,0,0,0,0,0,0
20240702_upper_k1.0_776_2024-07-02T13:50:17.480207,2024-07-02,2024-07-02 13:50:17.480207,1,3.75,0,0,0,0,0,0,0,0
20240702_upper_k1.0_777_2024-07-02T14:14:06.511603,2024-07-02,2024-07-02 14:14:06.511603,1,4.25,0,0,0,0,0,0,0,0
20240702_upper_k1.0_778_2024-07-02T14:45:05.857450,2024-07-02,2024-07-02 14:45:05.857450,0,0.5,0,0,0,0,0,0,0,0
20240702_upper_k1.0_779_2024-07-02T16:01:06.535539,2024-07-02,2024-07-02 16:01:06.535539,1,3.25,0,0,0,0,0,0,0,0
20240702_upper_k1.0_780_2024-07-02T16:19:26.670539,2024-07-02,2024-07-02 16:19:26.670539,0,0.25,0,0,0,0,0,0,0,0
20240703_upper_k1.0_781_2024-07-03T13:30:00.207885,2024-07-03,2024-07-03 13:30:00.207885,0,0.75,0,0,0,0,0,0,0,0
20240703_upper_k1.0_782_2024-07-03T13:45:00.250098,2024-07-03,2024-07-03 13:45:00.250098,1,1.25,0,0,0,0,0,0,0,0
20240703_upper_k1.0_783_2024-07-03T14:00:09.691334,2024-07-03,2024-07-03 14:00:09.691334,1,6.5,1,1,1,1,1,1,1,1
20240703_upper_k1.0_784_2024-07-03T14:21:07.820905,2024-07-03,2024-07-03 14:21:07.820905,1,5.0,0,0,0,0,0,0,0,0
20240703_upper_k1.0_785_2024-07-03T14:37:20.310033,2024-07-03,2024-07-03 14:37:20.310033,1,1.75,0,0,0,0,0,0,0,0
20240703_upper_k1.0_786_2024-07-03T15:03:18.900548,2024-07-03,2024-07-03 15:03:18.900548,0,0.5,0,0,0,0,0,0,0,0
20240704_upper_k1.0_787_2024-07-04T15:14:05.900738,2024-07-04,2024-07-04 15:14:05.900738,1,1.5,0,0,0,0,0,0,0,0
20240704_upper_k1.0_788_2024-07-04T15:39:01.350049,2024-07-04,2024-07-04 15:39:01.350049,0,0.75,0,0,0,0,0,0,0,0
20240705_upper_k1.0_789_2024-07-05T13:30:00.176214,2024-07-05,2024-07-05 13:30:00.176214,1,2.5,0,0,0,0,1,0,0,0
20240705_upper_k1.0_790_2024-07-05T13:45:25.726637,2024-07-05,2024-07-05 13:45:25.726637,1,6.75,0,0,0,0,0,0,0,0
20240705_upper_k1.0_791_2024-07-05T14:06:30.892030,2024-07-05,2024-07-05 14:06:30.892030,1,11.0,0,0,0,0,0,0,0,0
20240705_upper_k1.0_792_2024-07-05T14:23:28.320030,2024-07-05,2024-07-05 14:23:28.320030,1,1.75,0,0,0,0,0,0,0,0
20240705_upper_k1.0_793_2024-07-05T14:38:29.847675,2024-07-05,2024-07-05 14:38:29.847675,0,0.0,0,0,0,0,0,0,0,0
20240705_upper_k1.0_794_2024-07-05T15:01:09.691220,2024-07-05,2024-07-05 15:01:09.691220,0,0.75,0,0,0,0,0,0,0,0
20240708_upper_k1.0_795_2024-07-08T13:30:00.082317,2024-07-08,2024-07-08 13:30:00.082317,1,1.5,0,0,0,0,0,0,0,0
20240708_upper_k1.0_796_2024-07-08T13:45:14.121256,2024-07-08,2024-07-08 13:45:14.121256,0,0.5,0,0,0,0,0,0,0,0
20240708_upper_k1.0_797_2024-07-08T14:00:20.390274,2024-07-08,2024-07-08 14:00:20.390274,1,3.0,0,0,0,0,0,0,0,0
20240708_upper_k1.0_798_2024-07-08T14:15:31.461470,2024-07-08,2024-07-08 14:15:31.461470,1,7.25,0,0,0,0,0,0,0,0
20240708_upper_k1.0_799_2024-07-08T19:55:13.530432,2024-07-08,2024-07-08 19:55:13.530432,1,3.75,0,0,0,0,0,0,0,0
20240709_upper_k1.0_800_2024-07-09T13:30:00.008360,2024-07-09,2024-07-09 13:30:00.008360,1,2.0,0,0,0,0,0,0,0,0
20240709_upper_k1.0_801_2024-07-09T13:45:01.123468,2024-07-09,2024-07-09 13:45:01.123468,1,1.25,0,0,0,0,0,0,0,0
20240709_upper_k1.0_802_2024-07-09T14:01:14.210202,2024-07-09,2024-07-09 14:01:14.210202,1,5.0,0,0,0,0,0,0,0,0
20240709_upper_k1.0_803_2024-07-09T14:16:36.231221,2024-07-09,2024-07-09 14:16:36.231221,1,9.0,0,0,0,0,0,0,0,0
20240709_upper_k1.0_804_2024-07-09T14:37:11.650048,2024-07-09,2024-07-09 14:37:11.650048,1,2.0,0,0,0,0,0,0,0,0
20240709_upper_k1.0_805_2024-07-09T14:56:07.770024,2024-07-09,2024-07-09 14:56:07.770024,1,3.5,0,0,0,0,0,0,0,0
20240709_upper_k1.0_806_2024-07-09T15:50:24.373207,2024-07-09,2024-07-09 15:50:24.373207,1,1.25,0,0,0,0,0,0,0,0
20240709_upper_k1.0_807_2024-07-09T16:39:33.340481,2024-07-09,2024-07-09 16:39:33.340481,1,3.25,0,0,0,0,0,0,0,0
20240709_upper_k1.0_808_2024-07-09T16:57:02.380094,2024-07-09,2024-07-09 16:57:02.380094,0,0.25,0,0,0,0,0,0,0,0
20240709_upper_k1.0_809_2024-07-09T17:17:04.814468,2024-07-09,2024-07-09 17:17:04.814468,1,8.0,0,0,0,0,0,0,0,0
20240710_upper_k1.0_810_2024-07-10T13:30:00.056046,2024-07-10,2024-07-10 13:30:00.056046,1,3.0,0,0,0,0,0,0,0,0
20240710_upper_k1.0_811_2024-07-10T13:45:26.590047,2024-07-10,2024-07-10 13:45:26.590047,0,0.5,0,0,0,0,0,0,0,0
20240710_upper_k1.0_812_2024-07-10T14:01:12.340169,2024-07-10,2024-07-10 14:01:12.340169,0,0.25,0,0,0,0,0,0,0,0
20240710_upper_k1.0_813_2024-07-10T14:18:12.840291,2024-07-10,2024-07-10 14:18:12.840291,1,2.5,0,0,0,0,0,0,0,0
20240710_upper_k1.0_814_2024-07-10T14:40:50.080343,2024-07-10,2024-07-10 14:40:50.080343,1,2.5,0,0,0,0,0,0,0,0
20240710_upper_k1.0_815_2024-07-10T15:12:21.585525,2024-07-10,2024-07-10 15:12:21.585525,1,2.5,0,0,0,0,0,0,0,0
20240711_upper_k1.0_816_2024-07-11T13:30:00.051475,2024-07-11,2024-07-11 13:30:00.051475,1,2.25,0,0,0,0,0,0,0,0
20240711_upper_k1.0_817_2024-07-11T13:48:26.360139,2024-07-11,2024-07-11 13:48:26.360139,1,1.75,0,0,0,0,0,0,0,0
20240711_upper_k1.0_818_2024-07-11T14:10:04.315175,2024-07-11,2024-07-11 14:10:04.315175,1,22.0,0,0,0,0,0,0,0,0
20240712_upper_k1.0_819_2024-07-12T13:30:00.031442,2024-07-12,2024-07-12 13:30:00.031442,1,3.75,0,0,0,0,0,0,0,0
20240712_upper_k1.0_820_2024-07-12T13:45:44.540115,2024-07-12,2024-07-12 13:45:44.540115,0,0.75,0,0,0,0,0,0,0,0
20240712_upper_k1.0_821_2024-07-12T19:40:24.003328,2024-07-12,2024-07-12 19:40:24.003328,1,17.75,0,0,0,0,0,0,0,0
20240715_upper_k1.0_822_2024-07-15T13:30:00.140577,2024-07-15,2024-07-15 13:30:00.140577,1,1.75,0,0,0,0,0,0,0,0
20240715_upper_k1.0_823_2024-07-15T13:49:22.288340,2024-07-15,2024-07-15 13:49:22.288340,1,8.5,0,0,0,0,0,0,0,0
20240715_upper_k1.0_824_2024-07-15T16:05:43.262615,2024-07-15,2024-07-15 16:05:43.262615,1,6.5,0,0,0,0,0,0,0,0
20240715_upper_k1.0_825_2024-07-15T16:24:30.123568,2024-07-15,2024-07-15 16:24:30.123568,1,5.25,0,0,0,0,0,0,0,0
20240715_upper_k1.0_826_2024-07-15T16:42:22.484003,2024-07-15,2024-07-15 16:42:22.484003,1,7.75,0,0,0,0,0,0,0,0
20240715_upper_k1.0_827_2024-07-15T19:19:36.020026,2024-07-15,2024-07-15 19:19:36.020026,1,5.5,0,0,0,0,0,0,0,0
20240716_upper_k1.0_828_2024-07-16T13:30:00.044423,2024-07-16,2024-07-16 13:30:00.044423,1,1.5,0,0,0,0,0,0,0,0
20240716_upper_k1.0_829_2024-07-16T13:45:02.160138,2024-07-16,2024-07-16 13:45:02.160138,1,2.5,0,0,0,0,0,0,0,0
20240716_upper_k1.0_830_2024-07-16T14:32:23.560505,2024-07-16,2024-07-16 14:32:23.560505,1,4.75,0,0,0,0,0,0,0,0
20240716_upper_k1.0_831_2024-07-16T15:01:09.124067,2024-07-16,2024-07-16 15:01:09.124067,1,1.5,0,0,0,0,0,0,0,0
20240716_upper_k1.0_832_2024-07-16T15:30:50.260832,2024-07-16,2024-07-16 15:30:50.260832,1,4.5,0,0,0,0,0,0,0,0
20240716_upper_k1.0_833_2024-07-16T15:47:44.640385,2024-07-16,2024-07-16 15:47:44.640385,1,3.0,0,0,0,0,0,0,0,0
20240716_upper_k1.0_834_2024-07-16T16:09:23.541786,2024-07-16,2024-07-16 16:09:23.541786,1,9.75,0,0,0,0,0,0,0,0
20240716_upper_k1.0_835_2024-07-16T16:51:10.350041,2024-07-16,2024-07-16 16:51:10.350041,0,0.25,0,0,0,0,0,0,0,0
20240716_upper_k1.0_836_2024-07-16T17:13:32.770069,2024-07-16,2024-07-16 17:13:32.770069,1,5.25,0,0,0,0,0,0,0,0
20240716_upper_k1.0_837_2024-07-16T17:48:30.253044,2024-07-16,2024-07-16 17:48:30.253044,1,2.5,0,0,0,0,0,0,0,0
20240716_upper_k1.0_838_2024-07-16T18:04:18.290557,2024-07-16,2024-07-16 18:04:18.290557,0,0.5,0,0,0,0,0,0,0,0
20240716_upper_k1.0_839_2024-07-16T18:21:03.361452,2024-07-16,2024-07-16 18:21:03.361452,0,0.5,0,0,0,0,0,0,0,0
20240717_upper_k1.0_840_2024-07-17T13:30:00.073940,2024-07-17,2024-07-17 13:30:00.073940,0,0.5,0,0,0,0,0,0,0,0
20240717_upper_k1.0_841_2024-07-17T13:45:52.361524,2024-07-17,2024-07-17 13:45:52.361524,1,1.75,0,0,0,0,0,0,0,0
20240717_upper_k1.0_842_2024-07-17T14:19:34.504847,2024-07-17,2024-07-17 14:19:34.504847,1,8.5,0,0,0,0,0,0,0,0
20240718_upper_k1.0_843_2024-07-18T13:30:00.052509,2024-07-18,2024-07-18 13:30:00.052509,1,5.25,0,0,0,0,0,0,0,0
20240718_upper_k1.0_844_2024-07-18T13:57:08.130082,2024-07-18,2024-07-18 13:57:08.130082,0,0.75,0,0,0,0,0,0,0,0
20240718_upper_k1.0_845_2024-07-18T14:30:09.068880,2024-07-18,2024-07-18 14:30:09.068880,1,21.5,0,0,0,0,0,0,0,0
20240719_upper_k1.0_846_2024-07-19T13:30:00.184719,2024-07-19,2024-07-19 13:30:00.184719,1,5.5,0,0,0,0,0,0,0,0
20240719_upper_k1.0_847_2024-07-19T13:45:00.982972,2024-07-19,2024-07-19 13:45:00.982972,1,6.25,0,0,0,0,0,0,0,0
20240719_upper_k1.0_848_2024-07-19T14:00:01.144184,2024-07-19,2024-07-19 14:00:01.144184,1,5.25,0,0,0,0,1,0,0,0
20240719_upper_k1.0_849_2024-07-19T14:16:34.020710,2024-07-19,2024-07-19 14:16:34.020710,1,9.25,0,0,0,0,0,0,0,0
20240722_upper_k1.0_850_2024-07-22T13:30:00.138521,2024-07-22,2024-07-22 13:30:00.138521,1,7.5,0,0,0,0,0,0,0,0
20240722_upper_k1.0_851_2024-07-22T13:52:18.865324,2024-07-22,2024-07-22 13:52:18.865324,1,16.25,0,0,0,0,0,0,0,0
20240722_upper_k1.0_852_2024-07-22T14:28:41.901449,2024-07-22,2024-07-22 14:28:41.901449,1,2.25,0,0,0,0,0,0,0,0
20240722_upper_k1.0_853_2024-07-22T15:09:21.220344,2024-07-22,2024-07-22 15:09:21.220344,1,9.75,0,0,0,0,0,0,0,0
20240722_upper_k1.0_854_2024-07-22T16:51:04.649457,2024-07-22,2024-07-22 16:51:04.649457,0,0.75,0,0,0,0,0,0,0,0
20240723_upper_k1.0_855_2024-07-23T13:30:00.088948,2024-07-23,2024-07-23 13:30:00.088948,1,4.25,0,0,0,0,0,0,0,0
20240723_upper_k1.0_856_2024-07-23T13:52:07.750592,2024-07-23,2024-07-23 13:52:07.750592,1,2.75,0,0,0,0,0,0,0,0
20240723_upper_k1.0_857_2024-07-23T14:37:11.115034,2024-07-23,2024-07-23 14:37:11.115034,1,8.25,0,0,0,0,0,0,0,0
20240723_upper_k1.0_858_2024-07-23T15:07:02.308500,2024-07-23,2024-07-23 15:07:02.308500,0,0.25,0,0,0,0,0,0,0,0
20240723_upper_k1.0_859_2024-07-23T16:22:39.690931,2024-07-23,2024-07-23 16:22:39.690931,1,13.25,0,0,0,0,0,0,0,0
20240723_upper_k1.0_860_2024-07-23T18:04:21.180074,2024-07-23,2024-07-23 18:04:21.180074,1,3.25,0,0,0,0,0,0,0,0
20240723_upper_k1.0_861_2024-07-23T18:24:04.580212,2024-07-23,2024-07-23 18:24:04.580212,1,10.0,0,0,0,0,0,0,0,0
20240724_upper_k1.0_862_2024-07-24T13:30:06.623336,2024-07-24,2024-07-24 13:30:06.623336,1,10.75,0,0,0,0,0,0,0,0
20240725_upper_k1.0_863_2024-07-25T13:30:00.060723,2024-07-25,2024-07-25 13:30:00.060723,1,13.0,0,0,0,0,0,0,0,0
20240725_upper_k1.0_864_2024-07-25T13:45:04.243714,2024-07-25,2024-07-25 13:45:04.243714,1,7.25,0,0,0,0,0,1,0,0
20240725_upper_k1.0_865_2024-07-25T14:24:15.061596,2024-07-25,2024-07-25 14:24:15.061596,0,0.5,0,0,0,0,0,0,0,0
20240725_upper_k1.0_866_2024-07-25T18:24:40.511524,2024-07-25,2024-07-25 18:24:40.511524,1,1.25,0,0,0,0,0,0,0,0
20240725_upper_k1.0_867_2024-07-25T18:41:16.533998,2024-07-25,2024-07-25 18:41:16.533998,1,17.0,0,0,0,0,0,0,0,0
20240725_upper_k1.0_868_2024-07-25T19:22:46.684469,2024-07-25,2024-07-25 19:22:46.684469,1,2.5,0,0,0,0,0,0,0,0
20240726_upper_k1.0_869_2024-07-26T13:30:00.052121,2024-07-26,2024-07-26 13:30:00.052121,1,8.25,0,0,0,0,0,0,0,0
20240726_upper_k1.0_870_2024-07-26T13:47:19.100812,2024-07-26,2024-07-26 13:47:19.100812,1,5.0,0,0,0,0,0,0,0,0
20240726_upper_k1.0_871_2024-07-26T14:06:03.502320,2024-07-26,2024-07-26 14:06:03.502320,1,7.5,0,0,0,0,0,0,0,0
20240726_upper_k1.0_872_2024-07-26T14:22:01.590990,2024-07-26,2024-07-26 14:22:01.590990,1,2.5,0,0,0,0,0,0,0,0
20240726_upper_k1.0_873_2024-07-26T14:42:46.495549,2024-07-26,2024-07-26 14:42:46.495549,1,7.5,0,0,0,0,0,0,0,0
20240726_upper_k1.0_874_2024-07-26T14:58:02.600669,2024-07-26,2024-07-26 14:58:02.600669,0,0.75,0,0,0,0,0,0,0,0
20240726_upper_k1.0_875_2024-07-26T15:15:40.730985,2024-07-26,2024-07-26 15:15:40.730985,1,2.25,0,0,0,0,0,0,0,0
20240726_upper_k1.0_876_2024-07-26T15:35:03.885364,2024-07-26,2024-07-26 15:35:03.885364,1,1.75,0,0,0,0,0,0,0,0
20240726_upper_k1.0_877_2024-07-26T17:42:22.414623,2024-07-26,2024-07-26 17:42:22.414623,0,0.25,0,0,0,0,0,0,0,0
20240726_upper_k1.0_878_2024-07-26T18:41:37.046992,2024-07-26,2024-07-26 18:41:37.046992,1,8.25,0,0,0,0,0,0,0,0
20240726_upper_k1.0_879_2024-07-26T19:11:16.670396,2024-07-26,2024-07-26 19:11:16.670396,1,6.5,0,0,0,0,0,0,0,0
20240726_upper_k1.0_880_2024-07-26T19:30:08.395220,2024-07-26,2024-07-26 19:30:08.395220,1,12.75,0,0,0,0,0,0,0,0
20240726_upper_k1.0_881_2024-07-26T19:50:37.064457,2024-07-26,2024-07-26 19:50:37.064457,1,14.5,0,0,0,0,0,0,0,0
20240729_upper_k1.0_882_2024-07-29T13:30:00.050207,2024-07-29,2024-07-29 13:30:00.050207,1,13.0,0,0,0,0,0,0,0,0
20240729_upper_k1.0_883_2024-07-29T13:48:58.721618,2024-07-29,2024-07-29 13:48:58.721618,1,5.25,0,0,0,0,0,0,0,0
20240729_upper_k1.0_884_2024-07-29T14:10:12.420629,2024-07-29,2024-07-29 14:10:12.420629,1,10.75,0,0,0,0,0,0,0,0
20240729_upper_k1.0_885_2024-07-29T15:50:04.519334,2024-07-29,2024-07-29 15:50:04.519334,1,2.25,0,0,0,0,0,0,0,0
20240729_upper_k1.0_886_2024-07-29T17:32:28.869481,2024-07-29,2024-07-29 17:32:28.869481,1,1.75,0,0,0,0,0,0,0,0
20240729_upper_k1.0_887_2024-07-29T17:50:15.585214,2024-07-29,2024-07-29 17:50:15.585214,1,1.5,0,0,0,0,0,0,0,0
20240729_upper_k1.0_888_2024-07-29T18:05:42.340388,2024-07-29,2024-07-29 18:05:42.340388,1,6.5,0,0,0,0,0,0,0,0
20240729_upper_k1.0_889_2024-07-29T19:01:26.621977,2024-07-29,2024-07-29 19:01:26.621977,1,3.25,0,0,0,0,0,0,0,0
20240729_upper_k1.0_890_2024-07-29T19:19:14.220389,2024-07-29,2024-07-29 19:19:14.220389,1,2.5,0,0,0,0,0,0,0,0
20240729_upper_k1.0_891_2024-07-29T19:53:17.355418,2024-07-29,2024-07-29 19:53:17.355418,1,8.5,0,0,0,0,0,0,0,0
20240730_upper_k1.0_892_2024-07-30T13:30:00.051351,2024-07-30,2024-07-30 13:30:00.051351,1,3.5,0,0,0,0,0,0,0,0
20240730_upper_k1.0_893_2024-07-30T19:47:14.730104,2024-07-30,2024-07-30 19:47:14.730104,1,1.0,0,0,0,0,0,0,0,0
20240731_upper_k1.0_894_2024-07-31T13:30:00.126691,2024-07-31,2024-07-31 13:30:00.126691,1,10.25,0,0,0,0,0,0,0,0
20240731_upper_k1.0_895_2024-07-31T13:49:20.944245,2024-07-31,2024-07-31 13:49:20.944245,1,5.25,0,0,0,0,0,0,0,0
20240731_upper_k1.0_896_2024-07-31T17:00:13.220462,2024-07-31,2024-07-31 17:00:13.220462,0,0.25,0,0,0,0,0,0,0,0
20240731_upper_k1.0_897_2024-07-31T17:28:15.880418,2024-07-31,2024-07-31 17:28:15.880418,1,10.5,0,0,0,0,0,0,0,0
20240731_upper_k1.0_898_2024-07-31T17:50:05.260917,2024-07-31,2024-07-31 17:50:05.260917,1,5.0,0,0,0,0,0,0,0,0
20240731_upper_k1.0_899_2024-07-31T19:19:53.100991,2024-07-31,2024-07-31 19:19:53.100991,1,14.0,0,0,0,0,0,0,0,0
20240731_upper_k1.0_900_2024-07-31T19:35:13.513038,2024-07-31,2024-07-31 19:35:13.513038,1,3.5,0,0,0,0,0,0,0,0
20240731_upper_k1.0_901_2024-07-31T19:51:40.820319,2024-07-31,2024-07-31 19:51:40.820319,1,11.25,0,0,0,0,0,0,0,0
20240801_upper_k1.0_902_2024-08-01T13:30:00.059791,2024-08-01,2024-08-01 13:30:00.059791,1,1.75,0,0,0,0,0,0,0,0
20240801_upper_k1.0_903_2024-08-01T13:50:44.160380,2024-08-01,2024-08-01 13:50:44.160380,1,5.5,0,0,0,0,0,0,0,0
20240802_upper_k1.0_904_2024-08-02T13:30:00.041528,2024-08-02,2024-08-02 13:30:00.041528,1,18.25,0,1,0,0,1,0,0,1
20240802_upper_k1.0_905_2024-08-02T13:46:39.010036,2024-08-02,2024-08-02 13:46:39.010036,1,16.5,1,1,1,1,0,0,0,0
20240802_upper_k1.0_906_2024-08-02T15:44:22.431217,2024-08-02,2024-08-02 15:44:22.431217,1,4.5,0,0,0,0,0,0,0,0
20240802_upper_k1.0_907_2024-08-02T15:59:30.464074,2024-08-02,2024-08-02 15:59:30.464074,1,3.0,0,1,0,0,0,0,0,0
20240802_upper_k1.0_908_2024-08-02T16:15:13.622094,2024-08-02,2024-08-02 16:15:13.622094,1,4.0,0,0,0,0,0,0,0,0
20240802_upper_k1.0_909_2024-08-02T16:50:17.220664,2024-08-02,2024-08-02 16:50:17.220664,1,14.75,1,1,1,1,0,0,0,0
20240802_upper_k1.0_910_2024-08-02T17:14:00.481386,2024-08-02,2024-08-02 17:14:00.481386,1,12.75,0,1,0,0,0,0,0,0
20240802_upper_k1.0_911_2024-08-02T18:29:57.403559,2024-08-02,2024-08-02 18:29:57.403559,1,7.75,0,0,0,0,0,0,0,0
20240802_upper_k1.0_912_2024-08-02T18:48:07.761468,2024-08-02,2024-08-02 18:48:07.761468,1,6.5,0,0,0,0,0,1,0,0
20240802_upper_k1.0_913_2024-08-02T19:14:53.410519,2024-08-02,2024-08-02 19:14:53.410519,1,6.25,0,0,0,0,0,0,0,0
20240802_upper_k1.0_914_2024-08-02T19:37:20.624623,2024-08-02,2024-08-02 19:37:20.624623,1,10.5,1,1,1,1,0,0,0,0
20240802_upper_k1.0_915_2024-08-02T19:53:24.891212,2024-08-02,2024-08-02 19:53:24.891212,1,6.75,0,0,0,0,1,0,0,0
20240805_upper_k1.0_916_2024-08-05T13:30:00.080748,2024-08-05,2024-08-05 13:30:00.080748,1,12.75,1,1,1,1,1,1,1,1
20240805_upper_k1.0_917_2024-08-05T14:10:32.184335,2024-08-05,2024-08-05 14:10:32.184335,1,5.25,1,1,1,1,1,1,1,1
20240805_upper_k1.0_918_2024-08-05T14:27:01.031077,2024-08-05,2024-08-05 14:27:01.031077,1,20.0,1,1,1,1,1,1,1,1
20240805_upper_k1.0_919_2024-08-05T14:42:09.605199,2024-08-05,2024-08-05 14:42:09.605199,1,4.25,1,1,1,1,1,0,1,1
20240805_upper_k1.0_920_2024-08-05T14:58:07.923308,2024-08-05,2024-08-05 14:58:07.923308,1,13.0,1,1,1,1,0,1,1,1
20240805_upper_k1.0_921_2024-08-05T18:00:52.908427,2024-08-05,2024-08-05 18:00:52.908427,1,6.5,1,1,1,1,1,1,1,1
20240805_upper_k1.0_922_2024-08-05T18:17:07.321137,2024-08-05,2024-08-05 18:17:07.321137,1,1.75,1,1,1,1,1,1,1,1
20240805_upper_k1.0_923_2024-08-05T18:35:15.252024,2024-08-05,2024-08-05 18:35:15.252024,1,19.25,0,0,1,1,0,0,0,0
20240805_upper_k1.0_924_2024-08-05T19:59:59.525046,2024-08-05,2024-08-05 19:59:59.525046,1,8.75,0,0,0,0,0,0,0,0
20240806_upper_k1.0_925_2024-08-06T13:30:00.160127,2024-08-06,2024-08-06 13:30:00.160127,1,6.25,1,1,1,1,1,0,1,1
20240806_upper_k1.0_926_2024-08-06T13:47:40.309000,2024-08-06,2024-08-06 13:47:40.309000,0,0.0,1,1,1,1,0,1,1,1
20240806_upper_k1.0_927_2024-08-06T15:28:50.131664,2024-08-06,2024-08-06 15:28:50.131664,1,6.25,1,1,1,1,1,0,1,1
20240806_upper_k1.0_928_2024-08-06T19:47:03.756228,2024-08-06,2024-08-06 19:47:03.756228,1,24.75,1,1,1,1,1,1,0,0
20240807_upper_k1.0_929_2024-08-07T13:30:00.070634,2024-08-07,2024-08-07 13:30:00.070634,1,4.75,1,1,1,0,1,0,1,1
20240807_upper_k1.0_930_2024-08-07T13:47:53.585871,2024-08-07,2024-08-07 13:47:53.585871,1,1.0,1,1,1,1,0,0,0,0
20240807_upper_k1.0_931_2024-08-07T14:05:02.422994,2024-08-07,2024-08-07 14:05:02.422994,1,3.5,1,1,1,1,0,1,0,0
20240807_upper_k1.0_932_2024-08-07T14:44:42.171952,2024-08-07,2024-08-07 14:44:42.171952,0,0.75,0,0,0,0,0,0,0,0
20240807_upper_k1.0_933_2024-08-07T15:02:01.564579,2024-08-07,2024-08-07 15:02:01.564579,1,2.25,1,1,1,1,0,0,0,0
20240807_upper_k1.0_934_2024-08-07T15:32:09.890480,2024-08-07,2024-08-07 15:32:09.890480,1,9.75,1,0,0,0,0,1,0,0
20240808_upper_k1.0_935_2024-08-08T13:30:00.084173,2024-08-08,2024-08-08 13:30:00.084173,1,8.75,1,1,1,1,0,0,1,1
20240808_upper_k1.0_936_2024-08-08T13:52:59.470308,2024-08-08,2024-08-08 13:52:59.470308,1,1.5,0,1,0,0,1,1,0,0
20240809_upper_k1.0_937_2024-08-09T13:30:00.098761,2024-08-09,2024-08-09 13:30:00.098761,1,4.0,0,0,0,0,0,0,0,0
20240809_upper_k1.0_938_2024-08-09T13:55:16.320466,2024-08-09,2024-08-09 13:55:16.320466,1,11.25,0,0,0,0,0,0,0,0
20240809_upper_k1.0_939_2024-08-09T14:30:35.230902,2024-08-09,2024-08-09 14:30:35.230902,1,9.0,0,0,0,0,0,0,0,0
20240809_upper_k1.0_940_2024-08-09T16:01:27.180887,2024-08-09,2024-08-09 16:01:27.180887,1,7.5,0,0,0,0,0,0,0,0
20240809_upper_k1.0_941_2024-08-09T16:31:01.512459,2024-08-09,2024-08-09 16:31:01.512459,1,1.25,0,0,0,0,0,0,0,0
20240809_upper_k1.0_942_2024-08-09T16:47:49.820681,2024-08-09,2024-08-09 16:47:49.820681,0,0.5,0,0,0,0,0,0,0,0
20240812_upper_k1.0_943_2024-08-12T13:30:00.067045,2024-08-12,2024-08-12 13:30:00.067045,1,12.25,0,0,0,0,0,0,0,0
20240812_upper_k1.0_944_2024-08-12T14:07:07.606819,2024-08-12,2024-08-12 14:07:07.606819,1,1.25,0,0,0,0,0,0,0,0
20240812_upper_k1.0_945_2024-08-12T15:22:50.490952,2024-08-12,2024-08-12 15:22:50.490952,1,21.5,1,0,1,1,0,0,0,0
20240812_upper_k1.0_946_2024-08-12T15:50:36.600268,2024-08-12,2024-08-12 15:50:36.600268,0,0.25,0,0,0,0,0,0,0,0
20240812_upper_k1.0_947_2024-08-12T16:35:48.430517,2024-08-12,2024-08-12 16:35:48.430517,1,1.5,0,0,0,0,0,0,0,0
20240812_upper_k1.0_948_2024-08-12T17:19:12.160028,2024-08-12,2024-08-12 17:19:12.160028,1,8.5,0,0,0,0,0,0,0,0
20240812_upper_k1.0_949_2024-08-12T17:34:29.120926,2024-08-12,2024-08-12 17:34:29.120926,1,8.25,0,0,0,0,0,0,0,0
20240812_upper_k1.0_950_2024-08-12T19:59:56.202543,2024-08-12,2024-08-12 19:59:56.202543,1,3.5,0,0,0,0,0,0,0,0
20240813_upper_k1.0_951_2024-08-13T13:30:00.121933,2024-08-13,2024-08-13 13:30:00.121933,1,3.25,0,0,0,0,0,0,0,0
20240813_upper_k1.0_952_2024-08-13T13:57:13.263110,2024-08-13,2024-08-13 13:57:13.263110,1,8.0,0,0,0,0,0,0,0,0
20240813_upper_k1.0_953_2024-08-13T14:27:03.331390,2024-08-13,2024-08-13 14:27:03.331390,1,12.25,0,0,0,0,0,0,0,0
20240813_upper_k1.0_954_2024-08-13T14:42:06.810016,2024-08-13,2024-08-13 14:42:06.810016,0,0.75,0,0,0,0,0,0,0,0
20240814_upper_k1.0_955_2024-08-14T13:30:00.043026,2024-08-14,2024-08-14 13:30:00.043026,1,11.0,0,0,0,0,0,0,0,0
20240814_upper_k1.0_956_2024-08-14T14:23:42.786024,2024-08-14,2024-08-14 14:23:42.786024,1,10.5,0,0,1,1,0,0,0,0
20240814_upper_k1.0_957_2024-08-14T14:49:07.696257,2024-08-14,2024-08-14 14:49:07.696257,1,1.25,0,0,0,0,0,0,0,0
20240814_upper_k1.0_958_2024-08-14T16:24:08.214818,2024-08-14,2024-08-14 16:24:08.214818,1,4.75,0,0,1,1,0,0,0,0
20240814_upper_k1.0_959_2024-08-14T16:50:56.620686,2024-08-14,2024-08-14 16:50:56.620686,0,0.75,0,0,0,0,0,0,0,0
20240814_upper_k1.0_960_2024-08-14T17:11:01.959412,2024-08-14,2024-08-14 17:11:01.959412,1,1.75,0,0,1,0,0,0,0,0
20240814_upper_k1.0_961_2024-08-14T18:00:30.501747,2024-08-14,2024-08-14 18:00:30.501747,1,1.25,0,0,1,0,0,0,0,0
20240814_upper_k1.0_962_2024-08-14T19:35:23.802290,2024-08-14,2024-08-14 19:35:23.802290,0,0.25,0,0,0,0,0,0,0,0
20240815_upper_k1.0_963_2024-08-15T13:30:00.136037,2024-08-15,2024-08-15 13:30:00.136037,1,3.0,0,0,0,0,0,0,0,0
20240815_upper_k1.0_964_2024-08-15T13:49:57.010204,2024-08-15,2024-08-15 13:49:57.010204,1,2.0,0,0,0,0,0,0,0,0
20240815_upper_k1.0_965_2024-08-15T14:13:52.884242,2024-08-15,2024-08-15 14:13:52.884242,1,3.5,0,0,0,0,0,0,0,0
20240816_upper_k1.0_966_2024-08-16T13:30:00.015916,2024-08-16,2024-08-16 13:30:00.015916,1,2.5,0,0,0,0,0,0,0,0
20240816_upper_k1.0_967_2024-08-16T13:45:00.320800,2024-08-16,2024-08-16 13:45:00.320800,1,2.5,0,0,0,0,0,0,0,0
20240816_upper_k1.0_968_2024-08-16T14:33:07.975434,2024-08-16,2024-08-16 14:33:07.975434,1,3.25,0,0,0,0,0,0,0,0
20240816_upper_k1.0_969_2024-08-16T14:52:21.220571,2024-08-16,2024-08-16 14:52:21.220571,1,6.5,0,0,0,0,0,0,0,0
20240816_upper_k1.0_970_2024-08-16T15:07:25.430371,2024-08-16,2024-08-16 15:07:25.430371,1,4.25,0,0,0,0,0,0,0,0
20240816_upper_k1.0_971_2024-08-16T15:26:00.522336,2024-08-16,2024-08-16 15:26:00.522336,1,1.0,0,0,0,0,0,0,0,0
20240819_upper_k1.0_972_2024-08-19T13:30:00.034797,2024-08-19,2024-08-19 13:30:00.034797,1,2.25,0,0,0,0,0,0,0,0
20240819_upper_k1.0_973_2024-08-19T13:45:01.540184,2024-08-19,2024-08-19 13:45:01.540184,1,4.0,0,0,0,0,0,0,0,0
20240819_upper_k1.0_974_2024-08-19T14:00:31.680033,2024-08-19,2024-08-19 14:00:31.680033,1,5.75,0,0,0,0,0,0,0,0
20240819_upper_k1.0_975_2024-08-19T14:15:39.761168,2024-08-19,2024-08-19 14:15:39.761168,1,14.0,0,0,0,0,0,0,0,0
20240819_upper_k1.0_976_2024-08-19T15:58:09.280245,2024-08-19,2024-08-19 15:58:09.280245,0,0.5,0,0,0,0,0,0,0,0
20240820_upper_k1.0_977_2024-08-20T13:30:00.270312,2024-08-20,2024-08-20 13:30:00.270312,0,0.25,0,0,0,0,0,0,0,0
20240820_upper_k1.0_978_2024-08-20T14:01:36.980076,2024-08-20,2024-08-20 14:01:36.980076,1,4.5,0,0,0,0,0,0,0,0
20240820_upper_k1.0_979_2024-08-20T15:58:37.290070,2024-08-20,2024-08-20 15:58:37.290070,1,2.5,0,0,0,0,0,0,0,0
20240820_upper_k1.0_980_2024-08-20T18:12:18.646142,2024-08-20,2024-08-20 18:12:18.646142,0,0.75,0,0,0,0,0,0,0,0
20240820_upper_k1.0_981_2024-08-20T18:52:34.100089,2024-08-20,2024-08-20 18:52:34.100089,1,2.0,0,0,0,0,0,0,0,0
20240820_upper_k1.0_982_2024-08-20T19:09:01.272600,2024-08-20,2024-08-20 19:09:01.272600,1,3.0,0,0,0,0,0,0,0,0
20240820_upper_k1.0_983_2024-08-20T19:50:00.022879,2024-08-20,2024-08-20 19:50:00.022879,1,6.0,0,0,0,0,0,0,0,0
20240821_upper_k1.0_984_2024-08-21T13:30:00.128889,2024-08-21,2024-08-21 13:30:00.128889,1,4.25,0,0,0,0,0,0,0,0
20240821_upper_k1.0_985_2024-08-21T13:45:18.700238,2024-08-21,2024-08-21 13:45:18.700238,1,1.25,0,0,0,0,0,0,0,0
20240821_upper_k1.0_986_2024-08-21T14:13:54.033450,2024-08-21,2024-08-21 14:13:54.033450,1,11.5,0,0,0,0,0,0,0,0
20240821_upper_k1.0_987_2024-08-21T14:33:54.351097,2024-08-21,2024-08-21 14:33:54.351097,0,0.25,0,0,0,0,0,0,0,0
20240821_upper_k1.0_988_2024-08-21T14:50:10.768816,2024-08-21,2024-08-21 14:50:10.768816,1,19.25,0,0,0,0,0,0,0,0
20240821_upper_k1.0_989_2024-08-21T15:12:46.051866,2024-08-21,2024-08-21 15:12:46.051866,1,3.0,0,0,0,0,0,0,0,0
20240821_upper_k1.0_990_2024-08-21T15:28:01.611525,2024-08-21,2024-08-21 15:28:01.611525,1,5.25,0,0,0,0,0,0,0,0
20240821_upper_k1.0_991_2024-08-21T16:43:13.740001,2024-08-21,2024-08-21 16:43:13.740001,1,1.5,0,0,0,0,0,0,0,0
20240821_upper_k1.0_992_2024-08-21T17:42:43.791910,2024-08-21,2024-08-21 17:42:43.791910,0,0.75,0,0,0,0,0,0,0,0
20240821_upper_k1.0_993_2024-08-21T19:10:35.731964,2024-08-21,2024-08-21 19:10:35.731964,1,7.25,0,0,0,0,0,0,0,0
20240821_upper_k1.0_994_2024-08-21T19:29:13.720595,2024-08-21,2024-08-21 19:29:13.720595,1,3.75,0,0,0,0,0,0,0,0
20240821_upper_k1.0_995_2024-08-21T19:47:08.494509,2024-08-21,2024-08-21 19:47:08.494509,1,1.75,0,0,0,0,0,0,0,0
20240822_upper_k1.0_996_2024-08-22T13:30:00.088220,2024-08-22,2024-08-22 13:30:00.088220,1,2.25,0,0,0,0,0,0,0,0
20240822_upper_k1.0_997_2024-08-22T13:45:23.641767,2024-08-22,2024-08-22 13:45:23.641767,1,14.0,0,0,0,0,0,0,0,0
20240823_upper_k1.0_998_2024-08-23T13:30:00.025951,2024-08-23,2024-08-23 13:30:00.025951,1,7.75,0,0,0,0,0,0,0,0
20240823_upper_k1.0_999_2024-08-23T13:45:00.301151,2024-08-23,2024-08-23 13:45:00.301151,1,3.0,0,0,0,0,0,0,0,0
20240823_upper_k1.0_1000_2024-08-23T14:17:45.105204,2024-08-23,2024-08-23 14:17:45.105204,1,1.5,0,0,0,0,0,0,0,0
20240823_upper_k1.0_1001_2024-08-23T14:35:11.750170,2024-08-23,2024-08-23 14:35:11.750170,1,4.75,0,0,0,0,0,0,0,0
20240823_upper_k1.0_1002_2024-08-23T15:14:17.590697,2024-08-23,2024-08-23 15:14:17.590697,0,0.75,0,0,0,0,0,0,0,0
20240823_upper_k1.0_1003_2024-08-23T15:44:34.333278,2024-08-23,2024-08-23 15:44:34.333278,1,10.25,0,0,0,0,0,0,0,0
20240823_upper_k1.0_1004_2024-08-23T17:39:36.800847,2024-08-23,2024-08-23 17:39:36.800847,1,2.5,0,0,0,0,0,0,0,0
20240823_upper_k1.0_1005_2024-08-23T17:54:40.760281,2024-08-23,2024-08-23 17:54:40.760281,1,4.5,0,0,0,0,0,0,0,0
20240823_upper_k1.0_1006_2024-08-23T18:12:00.271162,2024-08-23,2024-08-23 18:12:00.271162,0,0.25,0,0,0,0,0,0,0,0
20240823_upper_k1.0_1007_2024-08-23T18:35:04.145971,2024-08-23,2024-08-23 18:35:04.145971,0,0.75,0,0,0,0,0,0,0,0
20240823_upper_k1.0_1008_2024-08-23T18:59:00.248588,2024-08-23,2024-08-23 18:59:00.248588,1,4.75,0,0,0,0,0,0,0,0
20240823_upper_k1.0_1009_2024-08-23T19:45:35.047855,2024-08-23,2024-08-23 19:45:35.047855,0,0.25,0,0,0,0,0,0,0,0
20240826_upper_k1.0_1010_2024-08-26T13:30:00.036098,2024-08-26,2024-08-26 13:30:00.036098,1,2.5,0,0,0,0,0,0,0,0
20240826_upper_k1.0_1011_2024-08-26T16:51:49.630094,2024-08-26,2024-08-26 16:51:49.630094,1,4.5,0,0,0,0,0,0,0,0
20240827_upper_k1.0_1012_2024-08-27T13:30:00.202909,2024-08-27,2024-08-27 13:30:00.202909,1,10.25,0,0,0,0,0,0,0,0
20240827_upper_k1.0_1013_2024-08-27T13:47:18.540263,2024-08-27,2024-08-27 13:47:18.540263,1,4.0,0,0,0,0,0,0,0,0
20240827_upper_k1.0_1014_2024-08-27T14:17:09.034093,2024-08-27,2024-08-27 14:17:09.034093,1,1.0,0,0,0,0,0,0,0,0
20240827_upper_k1.0_1015_2024-08-27T15:30:34.400552,2024-08-27,2024-08-27 15:30:34.400552,1,7.75,0,0,0,0,0,0,0,0
20240827_upper_k1.0_1016_2024-08-27T15:46:04.561985,2024-08-27,2024-08-27 15:46:04.561985,1,4.75,0,0,0,0,0,0,0,0
20240827_upper_k1.0_1017_2024-08-27T16:01:06.972419,2024-08-27,2024-08-27 16:01:06.972419,1,1.75,0,0,0,0,0,0,0,0
20240827_upper_k1.0_1018_2024-08-27T16:31:18.742010,2024-08-27,2024-08-27 16:31:18.742010,0,0.5,0,0,0,0,0,0,0,0
20240827_upper_k1.0_1019_2024-08-27T16:48:24.622451,2024-08-27,2024-08-27 16:48:24.622451,0,0.5,0,0,0,0,0,0,0,0
20240828_upper_k1.0_1020_2024-08-28T13:30:00.161868,2024-08-28,2024-08-28 13:30:00.161868,1,5.25,0,0,0,0,0,0,0,0
20240828_upper_k1.0_1021_2024-08-28T13:52:10.932321,2024-08-28,2024-08-28 13:52:10.932321,1,7.0,0,0,0,0,0,0,0,0
20240828_upper_k1.0_1022_2024-08-28T14:09:03.054125,2024-08-28,2024-08-28 14:09:03.054125,1,5.0,0,0,0,0,0,0,0,0
20240828_upper_k1.0_1023_2024-08-28T14:26:20.313013,2024-08-28,2024-08-28 14:26:20.313013,1,5.25,0,0,0,0,0,0,0,0
20240828_upper_k1.0_1024_2024-08-28T19:02:00.546091,2024-08-28,2024-08-28 19:02:00.546091,1,12.75,0,0,0,0,0,0,0,0
20240828_upper_k1.0_1025_2024-08-28T19:29:37.520992,2024-08-28,2024-08-28 19:29:37.520992,1,5.25,0,0,0,0,0,0,0,0
20240828_upper_k1.0_1026_2024-08-28T19:45:01.710835,2024-08-28,2024-08-28 19:45:01.710835,1,3.75,0,0,0,0,0,0,0,0
20240829_upper_k1.0_1027_2024-08-29T13:30:00.161772,2024-08-29,2024-08-29 13:30:00.161772,1,6.0,0,0,0,0,0,0,0,0
20240829_upper_k1.0_1028_2024-08-29T13:49:12.381647,2024-08-29,2024-08-29 13:49:12.381647,1,10.25,0,0,0,0,0,0,0,0
20240829_upper_k1.0_1029_2024-08-29T14:09:55.304862,2024-08-29,2024-08-29 14:09:55.304862,1,6.5,1,1,1,1,0,0,0,0
20240829_upper_k1.0_1030_2024-08-29T18:01:16.410182,2024-08-29,2024-08-29 18:01:16.410182,1,3.5,0,0,0,0,0,0,0,0
20240829_upper_k1.0_1031_2024-08-29T18:17:40.981267,2024-08-29,2024-08-29 18:17:40.981267,1,2.75,0,0,0,0,0,0,0,0
20240830_upper_k1.0_1032_2024-08-30T13:30:01.726900,2024-08-30,2024-08-30 13:30:01.726900,1,2.75,0,0,0,0,1,0,0,0
20240830_upper_k1.0_1033_2024-08-30T13:46:45.205560,2024-08-30,2024-08-30 13:46:45.205560,1,10.0,0,0,0,0,0,0,0,0
20240830_upper_k1.0_1034_2024-08-30T14:05:30.010009,2024-08-30,2024-08-30 14:05:30.010009,1,2.5,0,0,0,0,1,0,0,0
20240830_upper_k1.0_1035_2024-08-30T14:21:02.382281,2024-08-30,2024-08-30 14:21:02.382281,1,10.25,0,0,0,0,0,0,0,0
20240830_upper_k1.0_1036_2024-08-30T14:36:06.233014,2024-08-30,2024-08-30 14:36:06.233014,1,9.25,0,0,0,0,0,0,0,0
20240830_upper_k1.0_1037_2024-08-30T14:51:25.906043,2024-08-30,2024-08-30 14:51:25.906043,1,20.75,0,0,0,0,0,0,0,0
20240830_upper_k1.0_1038_2024-08-30T18:27:15.580168,2024-08-30,2024-08-30 18:27:15.580168,1,4.75,0,0,0,0,0,0,0,0
20240830_upper_k1.0_1039_2024-08-30T19:13:00.650730,2024-08-30,2024-08-30 19:13:00.650730,0,0.25,0,0,0,0,0,0,0,0
20240903_upper_k1.0_1040_2024-09-03T13:30:00.147661,2024-09-03,2024-09-03 13:30:00.147661,1,10.75,0,0,0,0,0,0,0,0
20240904_upper_k1.0_1041_2024-09-04T13:30:00.154984,2024-09-04,2024-09-04 13:30:00.154984,1,2.5,0,0,0,0,0,0,0,0
20240904_upper_k1.0_1042_2024-09-04T13:47:24.705010,2024-09-04,2024-09-04 13:47:24.705010,0,0.5,0,0,0,0,0,0,0,0
20240904_upper_k1.0_1043_2024-09-04T14:04:19.510343,2024-09-04,2024-09-04 14:04:19.510343,1,7.5,1,1,1,1,0,1,0,0
20240904_upper_k1.0_1044_2024-09-04T14:19:21.667273,2024-09-04,2024-09-04 14:19:21.667273,1,2.75,0,0,0,0,0,0,0,0
20240904_upper_k1.0_1045_2024-09-04T15:28:13.891550,2024-09-04,2024-09-04 15:28:13.891550,1,9.25,0,0,0,0,0,0,0,0
20240904_upper_k1.0_1046_2024-09-04T15:47:45.873040,2024-09-04,2024-09-04 15:47:45.873040,1,10.25,0,0,0,0,0,0,0,0
20240904_upper_k1.0_1047_2024-09-04T16:24:48.614620,2024-09-04,2024-09-04 16:24:48.614620,1,4.5,0,0,0,0,0,0,0,0
20240904_upper_k1.0_1048_2024-09-04T16:42:42.980285,2024-09-04,2024-09-04 16:42:42.980285,1,8.5,0,0,0,0,0,0,0,0
20240904_upper_k1.0_1049_2024-09-04T16:58:06.573380,2024-09-04,2024-09-04 16:58:06.573380,1,8.25,0,0,0,0,0,0,0,0
20240904_upper_k1.0_1050_2024-09-04T19:51:21.989476,2024-09-04,2024-09-04 19:51:21.989476,1,12.0,0,0,0,0,1,0,0,0
20240905_upper_k1.0_1051_2024-09-05T13:30:00.028479,2024-09-05,2024-09-05 13:30:00.028479,1,3.25,0,0,0,0,0,0,0,0
20240905_upper_k1.0_1052_2024-09-05T13:46:17.514279,2024-09-05,2024-09-05 13:46:17.514279,1,7.5,1,1,1,1,0,0,0,0
20240905_upper_k1.0_1053_2024-09-05T14:13:21.620778,2024-09-05,2024-09-05 14:13:21.620778,1,5.5,0,0,0,0,0,0,0,0
20240905_upper_k1.0_1054_2024-09-05T14:40:16.160479,2024-09-05,2024-09-05 14:40:16.160479,1,17.25,0,0,0,0,0,0,0,0
20240905_upper_k1.0_1055_2024-09-05T17:46:42.429228,2024-09-05,2024-09-05 17:46:42.429228,1,2.75,0,0,0,0,0,0,0,0
20240905_upper_k1.0_1056_2024-09-05T18:02:05.852283,2024-09-05,2024-09-05 18:02:05.852283,1,1.0,0,0,0,0,0,0,0,0
20240905_upper_k1.0_1057_2024-09-05T18:24:13.481781,2024-09-05,2024-09-05 18:24:13.481781,1,4.25,0,0,0,0,0,0,0,0
20240905_upper_k1.0_1058_2024-09-05T18:42:02.011763,2024-09-05,2024-09-05 18:42:02.011763,1,1.5,0,0,0,0,0,0,0,0
20240905_upper_k1.0_1059_2024-09-05T18:58:19.923334,2024-09-05,2024-09-05 18:58:19.923334,1,6.5,0,0,0,0,0,0,0,0
20240905_upper_k1.0_1060_2024-09-05T19:34:03.491475,2024-09-05,2024-09-05 19:34:03.491475,1,19.25,0,0,0,0,0,0,0,0
20240906_upper_k1.0_1061_2024-09-06T13:30:00.078115,2024-09-06,2024-09-06 13:30:00.078115,1,8.0,0,0,0,0,0,0,0,0
20240906_upper_k1.0_1062_2024-09-06T13:45:17.733820,2024-09-06,2024-09-06 13:45:17.733820,1,20.0,0,0,0,0,0,0,0,0
20240909_upper_k1.0_1063_2024-09-09T13:30:00.019528,2024-09-09,2024-09-09 13:30:00.019528,1,5.75,0,0,0,0,0,0,0,0
20240909_upper_k1.0_1064_2024-09-09T13:48:29.626367,2024-09-09,2024-09-09 13:48:29.626367,1,3.5,0,0,0,0,0,0,0,0
20240909_upper_k1.0_1065_2024-09-09T14:19:07.894992,2024-09-09,2024-09-09 14:19:07.894992,1,7.75,0,0,0,0,0,0,0,0
20240909_upper_k1.0_1066_2024-09-09T15:32:01.860024,2024-09-09,2024-09-09 15:32:01.860024,1,1.0,0,0,0,0,0,0,0,0
20240909_upper_k1.0_1067_2024-09-09T18:19:41.350099,2024-09-09,2024-09-09 18:19:41.350099,1,4.75,0,0,0,0,0,0,0,0
20240909_upper_k1.0_1068_2024-09-09T18:46:57.450027,2024-09-09,2024-09-09 18:46:57.450027,1,4.5,0,0,0,0,0,0,0,0
20240909_upper_k1.0_1069_2024-09-09T19:28:58.740519,2024-09-09,2024-09-09 19:28:58.740519,0,0.5,0,0,0,0,0,0,0,0
20240909_upper_k1.0_1070_2024-09-09T19:45:56.670656,2024-09-09,2024-09-09 19:45:56.670656,1,5.75,0,0,0,0,0,0,0,0
20240910_upper_k1.0_1071_2024-09-10T13:30:00.053699,2024-09-10,2024-09-10 13:30:00.053699,1,5.5,0,0,0,0,0,0,0,0
20240910_upper_k1.0_1072_2024-09-10T13:45:09.382333,2024-09-10,2024-09-10 13:45:09.382333,1,7.75,0,0,0,0,0,0,0,0
20240910_upper_k1.0_1073_2024-09-10T14:09:08.194127,2024-09-10,2024-09-10 14:09:08.194127,1,25.5,0,0,0,0,0,0,0,0
20240910_upper_k1.0_1074_2024-09-10T15:11:59.175733,2024-09-10,2024-09-10 15:11:59.175733,1,4.75,0,0,0,0,0,0,0,0
20240910_upper_k1.0_1075_2024-09-10T15:34:34.380707,2024-09-10,2024-09-10 15:34:34.380707,1,9.5,0,0,0,0,0,0,0,0
20240910_upper_k1.0_1076_2024-09-10T17:11:09.970161,2024-09-10,2024-09-10 17:11:09.970161,0,0.75,0,0,0,0,0,0,0,0
20240910_upper_k1.0_1077_2024-09-10T17:26:26.590519,2024-09-10,2024-09-10 17:26:26.590519,1,2.0,0,0,0,0,0,0,0,0
20240911_upper_k1.0_1078_2024-09-11T13:30:00.035456,2024-09-11,2024-09-11 13:30:00.035456,1,27.75,0,0,0,0,0,0,0,0
20240911_upper_k1.0_1079_2024-09-11T15:37:07.369099,2024-09-11,2024-09-11 15:37:07.369099,1,3.25,0,0,0,0,0,0,0,0
20240911_upper_k1.0_1080_2024-09-11T15:56:30.246496,2024-09-11,2024-09-11 15:56:30.246496,1,5.75,0,0,0,0,0,0,0,0
20240912_upper_k1.0_1081_2024-09-12T13:31:19.330314,2024-09-12,2024-09-12 13:31:19.330314,1,3.75,1,1,0,0,1,1,0,0
20240912_upper_k1.0_1082_2024-09-12T14:11:12.113869,2024-09-12,2024-09-12 14:11:12.113869,1,1.25,0,0,0,0,0,0,0,0
20240912_upper_k1.0_1083_2024-09-12T14:35:38.863332,2024-09-12,2024-09-12 14:35:38.863332,1,3.75,1,1,1,1,1,1,1,1
20240912_upper_k1.0_1084_2024-09-12T14:59:02.390080,2024-09-12,2024-09-12 14:59:02.390080,1,8.0,0,0,0,0,0,0,0,0
20240912_upper_k1.0_1085_2024-09-12T15:16:03.182868,2024-09-12,2024-09-12 15:16:03.182868,1,1.0,1,1,0,0,1,1,0,0
20240912_upper_k1.0_1086_2024-09-12T15:31:24.580566,2024-09-12,2024-09-12 15:31:24.580566,1,2.5,0,0,0,0,0,0,1,1
20240912_upper_k1.0_1087_2024-09-12T16:04:12.501993,2024-09-12,2024-09-12 16:04:12.501993,1,4.25,0,0,0,0,0,0,0,0
20240912_upper_k1.0_1088_2024-09-12T16:40:54.165721,2024-09-12,2024-09-12 16:40:54.165721,0,0.5,0,0,0,0,0,0,0,0
20240913_upper_k1.0_1089_2024-09-13T13:30:00.400121,2024-09-13,2024-09-13 13:30:00.400121,1,2.75,0,0,0,0,0,0,0,0
20240913_upper_k1.0_1090_2024-09-13T14:00:45.051018,2024-09-13,2024-09-13 14:00:45.051018,1,2.0,0,0,0,0,0,0,0,0
20240913_upper_k1.0_1091_2024-09-13T14:28:08.480317,2024-09-13,2024-09-13 14:28:08.480317,1,10.0,0,0,0,0,0,0,0,0
20240913_upper_k1.0_1092_2024-09-13T16:14:21.367593,2024-09-13,2024-09-13 16:14:21.367593,1,1.25,0,0,0,0,0,0,0,0
20240913_upper_k1.0_1093_2024-09-13T16:30:21.960001,2024-09-13,2024-09-13 16:30:21.960001,1,2.0,0,0,0,0,0,0,0,0
20240913_upper_k1.0_1094_2024-09-13T16:45:24.367568,2024-09-13,2024-09-13 16:45:24.367568,1,2.25,0,0,0,0,0,0,0,0
20240913_upper_k1.0_1095_2024-09-13T18:01:20.200923,2024-09-13,2024-09-13 18:01:20.200923,1,1.25,0,0,0,0,0,0,0,0
20240913_upper_k1.0_1096_2024-09-13T18:23:14.083681,2024-09-13,2024-09-13 18:23:14.083681,1,7.0,0,0,0,0,0,0,0,0
20240913_upper_k1.0_1097_2024-09-13T18:42:21.153131,2024-09-13,2024-09-13 18:42:21.153131,1,6.5,0,0,0,0,0,0,0,0
20240913_upper_k1.0_1098_2024-09-13T19:18:25.403855,2024-09-13,2024-09-13 19:18:25.403855,1,2.75,0,0,0,0,0,0,0,0
20240913_upper_k1.0_1099_2024-09-13T19:35:59.904207,2024-09-13,2024-09-13 19:35:59.904207,1,4.75,0,0,0,0,0,0,0,0
20240916_upper_k1.0_1100_2024-09-16T13:30:00.170468,2024-09-16,2024-09-16 13:30:00.170468,1,10.0,0,0,0,0,0,0,0,0
20240916_upper_k1.0_1101_2024-09-16T13:48:39.452640,2024-09-16,2024-09-16 13:48:39.452640,0,0.75,0,0,0,0,0,0,0,0
20240916_upper_k1.0_1102_2024-09-16T14:03:55.540332,2024-09-16,2024-09-16 14:03:55.540332,0,0.5,0,0,0,0,0,0,0,0
20240916_upper_k1.0_1103_2024-09-16T16:30:08.872840,2024-09-16,2024-09-16 16:30:08.872840,1,6.75,0,0,0,0,0,0,0,0
20240916_upper_k1.0_1104_2024-09-16T16:50:53.021930,2024-09-16,2024-09-16 16:50:53.021930,0,0.5,0,0,0,0,0,0,0,0
20240916_upper_k1.0_1105_2024-09-16T17:21:32.305806,2024-09-16,2024-09-16 17:21:32.305806,1,2.0,0,0,0,0,0,0,0,0
20240917_upper_k1.0_1106_2024-09-17T13:30:00.135335,2024-09-17,2024-09-17 13:30:00.135335,1,5.75,0,0,0,0,0,0,0,0
20240917_upper_k1.0_1107_2024-09-17T13:48:24.851137,2024-09-17,2024-09-17 13:48:24.851137,1,11.0,0,0,0,0,0,0,0,0
20240917_upper_k1.0_1108_2024-09-17T14:04:19.185232,2024-09-17,2024-09-17 14:04:19.185232,0,0.0,0,0,0,0,0,0,0,0
20240917_upper_k1.0_1109_2024-09-17T14:33:39.291176,2024-09-17,2024-09-17 14:33:39.291176,1,4.0,0,0,0,0,0,0,0,0
20240917_upper_k1.0_1110_2024-09-17T14:58:02.921453,2024-09-17,2024-09-17 14:58:02.921453,1,8.75,0,0,0,0,0,0,0,0
20240917_upper_k1.0_1111_2024-09-17T15:13:12.643245,2024-09-17,2024-09-17 15:13:12.643245,1,3.0,0,0,0,0,0,0,0,0
20240918_upper_k1.0_1112_2024-09-18T13:30:01.018824,2024-09-18,2024-09-18 13:30:01.018824,1,10.75,0,0,0,0,0,0,0,0
20240918_upper_k1.0_1113_2024-09-18T13:46:35.850479,2024-09-18,2024-09-18 13:46:35.850479,1,7.0,0,0,0,0,0,0,0,0
20240918_upper_k1.0_1114_2024-09-18T14:02:01.404185,2024-09-18,2024-09-18 14:02:01.404185,1,10.5,0,0,0,0,0,0,0,0
20240918_upper_k1.0_1115_2024-09-18T14:29:17.843083,2024-09-18,2024-09-18 14:29:17.843083,1,7.25,0,0,0,0,0,0,0,0
20240918_upper_k1.0_1116_2024-09-18T14:49:07.963040,2024-09-18,2024-09-18 14:49:07.963040,1,3.75,0,0,0,0,0,0,0,0
20240918_upper_k1.0_1117_2024-09-18T15:04:08.174827,2024-09-18,2024-09-18 15:04:08.174827,1,6.0,0,0,0,0,0,0,0,0
20240918_upper_k1.0_1118_2024-09-18T16:25:48.971211,2024-09-18,2024-09-18 16:25:48.971211,0,0.0,0,0,0,0,0,0,0,0
20240918_upper_k1.0_1119_2024-09-18T17:37:31.286740,2024-09-18,2024-09-18 17:37:31.286740,0,0.0,0,0,0,0,0,0,0,0
20240918_upper_k1.0_1120_2024-09-18T17:52:51.500121,2024-09-18,2024-09-18 17:52:51.500121,1,14.0,0,0,0,0,0,0,0,0
20240918_upper_k1.0_1121_2024-09-18T18:12:00.180673,2024-09-18,2024-09-18 18:12:00.180673,1,12.0,0,0,0,0,0,0,0,0
20240918_upper_k1.0_1122_2024-09-18T18:37:02.780433,2024-09-18,2024-09-18 18:37:02.780433,1,11.0,0,0,0,0,0,0,0,0
20240918_upper_k1.0_1123_2024-09-18T18:58:55.670858,2024-09-18,2024-09-18 18:58:55.670858,1,29.75,0,0,0,0,0,0,0,0
20240918_upper_k1.0_1124_2024-09-18T19:13:57.684640,2024-09-18,2024-09-18 19:13:57.684640,1,25.75,0,0,0,0,0,0,0,0
20240918_upper_k1.0_1125_2024-09-18T19:29:18.160004,2024-09-18,2024-09-18 19:29:18.160004,1,19.0,0,0,0,0,0,0,0,0
20240919_upper_k1.0_1126_2024-09-19T13:30:00.242575,2024-09-19,2024-09-19 13:30:00.242575,1,16.0,0,0,0,0,1,0,0,0
20240919_upper_k1.0_1127_2024-09-19T13:58:04.184385,2024-09-19,2024-09-19 13:58:04.184385,1,2.75,0,0,0,0,0,0,0,0
20240919_upper_k1.0_1128_2024-09-19T14:46:05.770968,2024-09-19,2024-09-19 14:46:05.770968,1,5.5,0,0,0,0,0,0,0,0
20240919_upper_k1.0_1129_2024-09-19T15:03:33.300346,2024-09-19,2024-09-19 15:03:33.300346,1,8.25,0,0,0,0,0,0,0,0
20240919_upper_k1.0_1130_2024-09-19T15:52:06.540870,2024-09-19,2024-09-19 15:52:06.540870,1,3.75,0,0,0,0,0,0,0,0
20240919_upper_k1.0_1131_2024-09-19T19:20:25.302320,2024-09-19,2024-09-19 19:20:25.302320,1,2.25,0,0,0,0,0,0,0,0
20240919_upper_k1.0_1132_2024-09-19T19:43:06.404683,2024-09-19,2024-09-19 19:43:06.404683,1,6.75,0,0,0,0,0,0,0,0
20240919_upper_k1.0_1133_2024-09-19T19:59:07.920934,2024-09-19,2024-09-19 19:59:07.920934,1,1.0,0,0,0,0,0,0,0,0
20240920_upper_k1.0_1134_2024-09-20T13:30:00.028278,2024-09-20,2024-09-20 13:30:00.028278,1,2.75,0,0,0,0,1,0,0,0
20240920_upper_k1.0_1135_2024-09-20T14:25:10.748067,2024-09-20,2024-09-20 14:25:10.748067,1,8.25,0,0,0,0,0,0,0,0
20240920_upper_k1.0_1136_2024-09-20T14:40:13.664053,2024-09-20,2024-09-20 14:40:13.664053,1,6.25,0,0,0,0,0,0,0,0
20240920_upper_k1.0_1137_2024-09-20T15:42:10.285055,2024-09-20,2024-09-20 15:42:10.285055,1,3.0,0,0,0,0,0,0,0,0
20240920_upper_k1.0_1138_2024-09-20T15:57:30.380201,2024-09-20,2024-09-20 15:57:30.380201,1,3.5,0,0,0,0,0,0,0,0
20240920_upper_k1.0_1139_2024-09-20T16:12:41.500170,2024-09-20,2024-09-20 16:12:41.500170,1,1.25,0,0,0,0,0,0,0,0
20240920_upper_k1.0_1140_2024-09-20T18:03:51.641110,2024-09-20,2024-09-20 18:03:51.641110,1,9.75,0,0,0,0,0,0,0,0
20240920_upper_k1.0_1141_2024-09-20T18:54:04.920458,2024-09-20,2024-09-20 18:54:04.920458,1,1.25,0,0,0,0,0,0,0,0
20240920_upper_k1.0_1142_2024-09-20T19:09:22.060375,2024-09-20,2024-09-20 19:09:22.060375,1,2.25,0,0,0,0,0,0,0,0
20240923_upper_k1.0_1143_2024-09-23T13:30:00.033106,2024-09-23,2024-09-23 13:30:00.033106,1,8.0,0,0,0,0,0,0,0,0
20240923_upper_k1.0_1144_2024-09-23T13:45:02.166349,2024-09-23,2024-09-23 13:45:02.166349,1,7.75,1,1,1,1,1,1,1,1
20240923_upper_k1.0_1145_2024-09-23T14:01:00.760045,2024-09-23,2024-09-23 14:01:00.760045,0,0.5,0,0,0,0,0,0,0,0
20240923_upper_k1.0_1146_2024-09-23T14:16:00.880383,2024-09-23,2024-09-23 14:16:00.880383,1,2.25,0,0,0,0,0,0,0,0
20240923_upper_k1.0_1147_2024-09-23T14:34:08.693285,2024-09-23,2024-09-23 14:34:08.693285,1,5.0,1,0,0,0,0,0,0,0
20240923_upper_k1.0_1148_2024-09-23T15:01:38.941508,2024-09-23,2024-09-23 15:01:38.941508,1,7.5,0,0,0,0,0,0,0,1
20240923_upper_k1.0_1149_2024-09-23T15:21:30.890030,2024-09-23,2024-09-23 15:21:30.890030,1,1.5,0,0,0,0,0,0,0,0
20240923_upper_k1.0_1150_2024-09-23T15:59:00.961498,2024-09-23,2024-09-23 15:59:00.961498,1,2.5,0,0,0,0,0,0,0,0
20240923_upper_k1.0_1151_2024-09-23T17:50:59.184465,2024-09-23,2024-09-23 17:50:59.184465,1,2.25,0,0,0,0,0,0,0,0
20240923_upper_k1.0_1152_2024-09-23T18:10:08.002224,2024-09-23,2024-09-23 18:10:08.002224,1,3.5,0,0,0,0,0,0,0,0
20240923_upper_k1.0_1153_2024-09-23T18:30:45.366525,2024-09-23,2024-09-23 18:30:45.366525,1,2.0,0,0,0,0,0,0,0,0
20240923_upper_k1.0_1154_2024-09-23T18:46:19.739066,2024-09-23,2024-09-23 18:46:19.739066,1,2.0,0,0,0,0,0,0,0,0
20240923_upper_k1.0_1155_2024-09-23T19:01:25.006072,2024-09-23,2024-09-23 19:01:25.006072,1,2.25,0,0,0,0,0,0,0,0
20240923_upper_k1.0_1156_2024-09-23T19:18:10.890017,2024-09-23,2024-09-23 19:18:10.890017,0,0.75,0,0,0,0,0,0,0,0
20240923_upper_k1.0_1157_2024-09-23T19:43:28.174868,2024-09-23,2024-09-23 19:43:28.174868,1,3.0,0,0,0,0,0,0,0,0
20240924_upper_k1.0_1158_2024-09-24T13:30:00.065816,2024-09-24,2024-09-24 13:30:00.065816,1,7.25,0,0,0,0,0,0,0,0
20240924_upper_k1.0_1159_2024-09-24T13:46:50.853541,2024-09-24,2024-09-24 13:46:50.853541,1,7.25,0,0,0,0,0,0,0,0
20240924_upper_k1.0_1160_2024-09-24T14:50:07.160449,2024-09-24,2024-09-24 14:50:07.160449,0,0.5,0,0,0,0,0,0,0,0
20240924_upper_k1.0_1161_2024-09-24T18:30:24.264600,2024-09-24,2024-09-24 18:30:24.264600,1,3.75,0,0,0,0,0,0,0,0
20240925_upper_k1.0_1162_2024-09-25T13:30:00.086874,2024-09-25,2024-09-25 13:30:00.086874,0,0.25,0,0,0,0,0,0,0,0
20240925_upper_k1.0_1163_2024-09-25T13:46:04.025322,2024-09-25,2024-09-25 13:46:04.025322,1,6.0,0,0,0,0,0,0,0,0
20240925_upper_k1.0_1164_2024-09-25T14:01:06.185037,2024-09-25,2024-09-25 14:01:06.185037,1,1.25,0,0,0,0,0,0,0,0
20240925_upper_k1.0_1165_2024-09-25T14:19:52.455071,2024-09-25,2024-09-25 14:19:52.455071,1,6.25,0,0,0,0,0,0,0,0
20240926_upper_k1.0_1166_2024-09-26T13:30:00.050733,2024-09-26,2024-09-26 13:30:00.050733,1,10.25,0,0,0,0,0,0,0,0
20240926_upper_k1.0_1167_2024-09-26T14:00:07.480268,2024-09-26,2024-09-26 14:00:07.480268,1,10.5,0,0,0,0,0,0,0,0
20240926_upper_k1.0_1168_2024-09-26T18:14:27.180458,2024-09-26,2024-09-26 18:14:27.180458,0,0.75,0,0,0,0,0,0,0,0
20240926_upper_k1.0_1169_2024-09-26T18:31:21.442291,2024-09-26,2024-09-26 18:31:21.442291,1,3.0,0,0,0,0,0,0,0,0
20240926_upper_k1.0_1170_2024-09-26T18:54:49.220095,2024-09-26,2024-09-26 18:54:49.220095,1,2.75,0,0,0,0,0,0,0,0
20240926_upper_k1.0_1171_2024-09-26T19:11:50.250427,2024-09-26,2024-09-26 19:11:50.250427,1,1.25,0,0,0,0,0,0,0,0
20240926_upper_k1.0_1172_2024-09-26T19:27:23.744498,2024-09-26,2024-09-26 19:27:23.744498,1,4.5,0,0,0,0,0,0,0,0
20240926_upper_k1.0_1173_2024-09-26T19:49:02.210356,2024-09-26,2024-09-26 19:49:02.210356,1,3.0,0,0,0,0,0,0,0,0
20240927_upper_k1.0_1174_2024-09-27T13:30:00.040208,2024-09-27,2024-09-27 13:30:00.040208,1,4.5,0,0,0,0,0,0,0,0
20240927_upper_k1.0_1175_2024-09-27T14:00:51.103970,2024-09-27,2024-09-27 14:00:51.103970,1,2.5,0,0,0,0,0,0,0,0
20240927_upper_k1.0_1176_2024-09-27T14:18:02.880159,2024-09-27,2024-09-27 14:18:02.880159,1,1.0,0,0,0,0,0,0,0,0
20240927_upper_k1.0_1177_2024-09-27T14:34:57.890368,2024-09-27,2024-09-27 14:34:57.890368,1,1.5,0,0,0,0,0,0,0,0
20240927_upper_k1.0_1178_2024-09-27T15:06:09.620852,2024-09-27,2024-09-27 15:06:09.620852,1,3.0,0,0,0,0,0,0,0,0
20240930_upper_k1.0_1179_2024-09-30T13:30:00.029541,2024-09-30,2024-09-30 13:30:00.029541,0,0.25,0,0,0,0,0,0,0,0
20240930_upper_k1.0_1180_2024-09-30T13:45:04.620513,2024-09-30,2024-09-30 13:45:04.620513,1,2.0,0,0,0,0,0,0,0,0
20240930_upper_k1.0_1181_2024-09-30T14:06:54.592927,2024-09-30,2024-09-30 14:06:54.592927,1,6.25,0,0,0,0,0,0,0,0
20240930_upper_k1.0_1182_2024-09-30T14:30:00.942366,2024-09-30,2024-09-30 14:30:00.942366,1,1.25,0,0,0,0,0,0,0,0
20240930_upper_k1.0_1183_2024-09-30T15:09:26.624121,2024-09-30,2024-09-30 15:09:26.624121,0,0.75,0,0,0,0,0,0,0,0
20240930_upper_k1.0_1184_2024-09-30T15:37:23.320937,2024-09-30,2024-09-30 15:37:23.320937,1,4.5,0,0,0,0,0,0,0,0
20240930_upper_k1.0_1185_2024-09-30T17:10:05.390661,2024-09-30,2024-09-30 17:10:05.390661,1,4.25,0,0,0,0,0,0,0,0
20240930_upper_k1.0_1186_2024-09-30T17:27:35.632574,2024-09-30,2024-09-30 17:27:35.632574,1,3.0,0,0,0,0,0,0,0,0
20240930_upper_k1.0_1187_2024-09-30T17:45:40.800257,2024-09-30,2024-09-30 17:45:40.800257,1,2.25,0,0,0,0,0,0,0,0
20240930_upper_k1.0_1188_2024-09-30T18:01:36.443924,2024-09-30,2024-09-30 18:01:36.443924,1,5.25,0,0,0,0,0,0,0,0
20240930_upper_k1.0_1189_2024-09-30T18:45:24.594956,2024-09-30,2024-09-30 18:45:24.594956,1,4.5,0,0,0,0,0,0,0,0
20240930_upper_k1.0_1190_2024-09-30T19:19:22.211031,2024-09-30,2024-09-30 19:19:22.211031,1,4.25,0,0,0,0,0,0,0,0
20240930_upper_k1.0_1191_2024-09-30T19:34:55.100383,2024-09-30,2024-09-30 19:34:55.100383,0,0.5,0,0,0,0,0,0,0,0
20241001_upper_k1.0_1192_2024-10-01T13:30:00.015160,2024-10-01,2024-10-01 13:30:00.015160,1,38.25,0,0,0,0,0,0,0,0
20241001_upper_k1.0_1193_2024-10-01T15:39:57.362035,2024-10-01,2024-10-01 15:39:57.362035,1,4.75,0,0,0,0,0,0,0,0
20241001_upper_k1.0_1194_2024-10-01T15:55:41.933200,2024-10-01,2024-10-01 15:55:41.933200,1,7.0,0,0,0,0,0,0,0,0
20241001_upper_k1.0_1195_2024-10-01T16:13:31.750567,2024-10-01,2024-10-01 16:13:31.750567,1,4.5,0,0,0,0,0,0,0,0
20241001_upper_k1.0_1196_2024-10-01T16:29:17.825883,2024-10-01,2024-10-01 16:29:17.825883,1,14.75,0,0,0,0,0,0,0,0
20241001_upper_k1.0_1197_2024-10-01T16:54:19.800995,2024-10-01,2024-10-01 16:54:19.800995,1,13.0,0,0,0,0,0,0,0,0
20241001_upper_k1.0_1198_2024-10-01T17:55:03.323012,2024-10-01,2024-10-01 17:55:03.323012,0,0.5,0,0,0,0,0,0,0,0
20241001_upper_k1.0_1199_2024-10-01T19:53:52.803244,2024-10-01,2024-10-01 19:53:52.803244,1,4.25,0,0,0,0,0,0,0,0
20241002_upper_k1.0_1200_2024-10-02T13:30:00.029861,2024-10-02,2024-10-02 13:30:00.029861,1,20.0,0,0,0,0,0,0,0,0
20241002_upper_k1.0_1201_2024-10-02T13:47:37.136149,2024-10-02,2024-10-02 13:47:37.136149,1,1.0,0,0,0,0,0,0,0,0
20241002_upper_k1.0_1202_2024-10-02T16:58:23.985750,2024-10-02,2024-10-02 16:58:23.985750,1,5.5,0,0,0,0,0,0,0,0
20241002_upper_k1.0_1203_2024-10-02T17:21:05.321457,2024-10-02,2024-10-02 17:21:05.321457,1,4.0,0,0,0,0,0,0,0,0
20241002_upper_k1.0_1204_2024-10-02T17:40:02.400793,2024-10-02,2024-10-02 17:40:02.400793,1,4.0,0,0,0,0,0,0,0,0
20241002_upper_k1.0_1205_2024-10-02T18:28:27.477913,2024-10-02,2024-10-02 18:28:27.477913,1,6.75,0,0,0,0,0,0,0,0
20241003_upper_k1.0_1206_2024-10-03T13:30:00.039844,2024-10-03,2024-10-03 13:30:00.039844,1,2.5,0,0,0,0,0,0,0,0
20241003_upper_k1.0_1207_2024-10-03T13:55:23.460545,2024-10-03,2024-10-03 13:55:23.460545,0,0.75,0,0,0,0,0,0,0,0
20241003_upper_k1.0_1208_2024-10-03T14:13:41.075172,2024-10-03,2024-10-03 14:13:41.075172,1,15.5,0,0,0,0,0,0,0,0
20241003_upper_k1.0_1209_2024-10-03T14:33:40.520173,2024-10-03,2024-10-03 14:33:40.520173,1,20.5,0,0,0,0,0,0,0,0
20241003_upper_k1.0_1210_2024-10-03T14:51:33.260569,2024-10-03,2024-10-03 14:51:33.260569,1,15.25,0,0,0,0,0,0,0,0
20241003_upper_k1.0_1211_2024-10-03T15:24:02.984129,2024-10-03,2024-10-03 15:24:02.984129,1,10.0,0,0,0,0,0,0,0,0
20241003_upper_k1.0_1212_2024-10-03T15:39:41.196957,2024-10-03,2024-10-03 15:39:41.196957,0,0.25,0,0,0,0,0,0,0,0
20241003_upper_k1.0_1213_2024-10-03T16:40:27.905278,2024-10-03,2024-10-03 16:40:27.905278,1,17.75,0,0,0,0,0,0,0,0
20241003_upper_k1.0_1214_2024-10-03T19:50:12.300063,2024-10-03,2024-10-03 19:50:12.300063,1,8.0,0,0,0,0,0,0,0,0
20241004_upper_k1.0_1215_2024-10-04T13:30:00.026157,2024-10-04,2024-10-04 13:30:00.026157,1,11.25,0,0,0,0,0,0,0,0
20241004_upper_k1.0_1216_2024-10-04T13:45:09.831642,2024-10-04,2024-10-04 13:45:09.831642,1,11.5,0,0,0,0,0,0,0,0
20241004_upper_k1.0_1217_2024-10-04T15:01:28.561453,2024-10-04,2024-10-04 15:01:28.561453,1,1.0,0,0,0,0,0,0,0,0
20241004_upper_k1.0_1218_2024-10-04T15:55:59.746729,2024-10-04,2024-10-04 15:55:59.746729,0,0.5,0,0,0,0,0,0,0,0
20241004_upper_k1.0_1219_2024-10-04T16:12:00.501274,2024-10-04,2024-10-04 16:12:00.501274,1,4.25,0,0,0,0,0,0,0,0
20241004_upper_k1.0_1220_2024-10-04T16:35:26.751393,2024-10-04,2024-10-04 16:35:26.751393,0,0.75,0,0,0,0,0,0,0,0
20241004_upper_k1.0_1221_2024-10-04T17:39:04.520043,2024-10-04,2024-10-04 17:39:04.520043,0,0.25,0,0,0,0,0,0,0,0
20241004_upper_k1.0_1222_2024-10-04T18:00:22.860347,2024-10-04,2024-10-04 18:00:22.860347,1,2.5,0,0,0,0,0,0,0,0
20241004_upper_k1.0_1223_2024-10-04T18:18:41.790193,2024-10-04,2024-10-04 18:18:41.790193,1,1.75,0,0,0,0,0,0,0,0
20241007_upper_k1.0_1224_2024-10-07T13:30:00.042335,2024-10-07,2024-10-07 13:30:00.042335,1,6.0,0,0,0,0,0,0,0,0
20241007_upper_k1.0_1225_2024-10-07T13:47:06.022536,2024-10-07,2024-10-07 13:47:06.022536,1,9.0,0,0,0,0,0,0,0,0
20241007_upper_k1.0_1226_2024-10-07T14:02:31.630627,2024-10-07,2024-10-07 14:02:31.630627,1,3.25,0,0,0,0,0,0,0,0
20241007_upper_k1.0_1227_2024-10-07T14:28:43.410101,2024-10-07,2024-10-07 14:28:43.410101,1,1.5,0,0,0,0,0,0,0,0
20241007_upper_k1.0_1228_2024-10-07T14:50:40.010235,2024-10-07,2024-10-07 14:50:40.010235,1,5.5,0,0,0,0,0,0,0,0
20241007_upper_k1.0_1229_2024-10-07T15:11:08.402035,2024-10-07,2024-10-07 15:11:08.402035,1,1.75,0,0,0,0,0,0,0,0
20241007_upper_k1.0_1230_2024-10-07T15:38:47.052658,2024-10-07,2024-10-07 15:38:47.052658,1,1.5,0,0,0,0,0,0,0,0
20241007_upper_k1.0_1231_2024-10-07T15:54:25.000022,2024-10-07,2024-10-07 15:54:25.000022,1,5.5,0,0,0,0,0,0,0,0
20241008_upper_k1.0_1232_2024-10-08T13:30:00.125360,2024-10-08,2024-10-08 13:30:00.125360,1,8.25,0,0,0,0,0,0,0,0
20241008_upper_k1.0_1233_2024-10-08T13:49:33.520503,2024-10-08,2024-10-08 13:49:33.520503,1,3.75,0,0,0,0,0,0,0,0
20241008_upper_k1.0_1234_2024-10-08T14:15:57.435147,2024-10-08,2024-10-08 14:15:57.435147,0,0.75,0,0,0,0,0,0,0,0
20241008_upper_k1.0_1235_2024-10-08T17:05:06.080207,2024-10-08,2024-10-08 17:05:06.080207,1,8.5,0,0,0,0,0,0,0,0
20241008_upper_k1.0_1236_2024-10-08T17:24:12.140125,2024-10-08,2024-10-08 17:24:12.140125,1,2.0,0,0,0,0,0,0,0,0
20241008_upper_k1.0_1237_2024-10-08T17:39:53.640954,2024-10-08,2024-10-08 17:39:53.640954,0,0.75,0,0,0,0,0,0,0,0
20241009_upper_k1.0_1238_2024-10-09T13:30:00.105255,2024-10-09,2024-10-09 13:30:00.105255,1,6.5,0,0,0,0,0,0,0,0
20241009_upper_k1.0_1239_2024-10-09T13:45:00.181654,2024-10-09,2024-10-09 13:45:00.181654,0,0.75,0,0,0,0,0,0,0,0
20241009_upper_k1.0_1240_2024-10-09T14:09:22.691201,2024-10-09,2024-10-09 14:09:22.691201,0,0.25,0,0,0,0,0,0,0,0
20241009_upper_k1.0_1241_2024-10-09T17:53:32.510245,2024-10-09,2024-10-09 17:53:32.510245,1,2.25,0,0,0,0,0,0,0,0
20241010_upper_k1.0_1242_2024-10-10T13:30:00.044835,2024-10-10,2024-10-10 13:30:00.044835,1,8.75,0,0,0,0,0,0,0,1
20241010_upper_k1.0_1243_2024-10-10T13:46:06.873781,2024-10-10,2024-10-10 13:46:06.873781,1,10.75,0,0,0,0,0,0,0,0
20241010_upper_k1.0_1244_2024-10-10T14:03:07.891477,2024-10-10,2024-10-10 14:03:07.891477,0,0.0,0,0,0,0,0,0,0,0
20241010_upper_k1.0_1245_2024-10-10T14:20:22.643854,2024-10-10,2024-10-10 14:20:22.643854,1,1.25,0,0,0,0,0,0,0,0
20241010_upper_k1.0_1246_2024-10-10T14:36:57.762653,2024-10-10,2024-10-10 14:36:57.762653,1,2.5,0,0,0,0,0,0,0,0
20241010_upper_k1.0_1247_2024-10-10T15:07:12.821296,2024-10-10,2024-10-10 15:07:12.821296,0,0.5,0,0,0,0,0,0,0,0
20241010_upper_k1.0_1248_2024-10-10T15:32:01.630127,2024-10-10,2024-10-10 15:32:01.630127,0,0.5,0,0,0,0,0,0,0,0
20241010_upper_k1.0_1249_2024-10-10T16:44:12.052032,2024-10-10,2024-10-10 16:44:12.052032,1,4.25,0,0,0,0,1,0,0,0
20241010_upper_k1.0_1250_2024-10-10T16:59:47.610273,2024-10-10,2024-10-10 16:59:47.610273,1,9.25,0,0,0,0,0,0,0,0
20241010_upper_k1.0_1251_2024-10-10T17:20:39.550275,2024-10-10,2024-10-10 17:20:39.550275,0,0.5,0,0,0,0,0,0,0,0
20241010_upper_k1.0_1252_2024-10-10T17:47:35.540143,2024-10-10,2024-10-10 17:47:35.540143,1,14.0,0,0,0,0,0,0,0,0
20241010_upper_k1.0_1253_2024-10-10T19:50:16.410901,2024-10-10,2024-10-10 19:50:16.410901,1,1.25,0,0,0,0,0,0,0,0
20241011_upper_k1.0_1254_2024-10-11T13:30:00.048453,2024-10-11,2024-10-11 13:30:00.048453,1,1.25,0,0,0,0,0,0,0,0
20241011_upper_k1.0_1255_2024-10-11T13:48:50.220541,2024-10-11,2024-10-11 13:48:50.220541,0,0.0,0,0,0,0,0,0,0,0
20241011_upper_k1.0_1256_2024-10-11T16:27:20.392334,2024-10-11,2024-10-11 16:27:20.392334,1,2.75,0,0,0,0,0,0,0,0
20241011_upper_k1.0_1257_2024-10-11T16:42:41.201562,2024-10-11,2024-10-11 16:42:41.201562,1,5.25,0,0,0,0,0,0,0,0
20241011_upper_k1.0_1258_2024-10-11T16:58:40.270571,2024-10-11,2024-10-11 16:58:40.270571,1,3.75,0,0,0,0,0,0,0,0
20241011_upper_k1.0_1259_2024-10-11T17:21:18.470026,2024-10-11,2024-10-11 17:21:18.470026,1,1.25,0,0,0,0,0,0,0,0
20241011_upper_k1.0_1260_2024-10-11T18:38:57.048906,2024-10-11,2024-10-11 18:38:57.048906,1,1.0,0,0,0,0,0,0,0,0
20241014_upper_k1.0_1261_2024-10-14T13:30:00.055739,2024-10-14,2024-10-14 13:30:00.055739,1,4.0,0,0,0,0,0,0,0,0
20241014_upper_k1.0_1262_2024-10-14T14:59:34.040155,2024-10-14,2024-10-14 14:59:34.040155,1,5.5,0,0,0,0,0,0,0,0
20241014_upper_k1.0_1263_2024-10-14T15:24:37.863820,2024-10-14,2024-10-14 15:24:37.863820,1,3.25,0,0,0,0,0,0,0,0
20241015_upper_k1.0_1264_2024-10-15T13:30:00.096307,2024-10-15,2024-10-15 13:30:00.096307,1,2.75,0,0,0,0,0,0,0,0
20241015_upper_k1.0_1265_2024-10-15T13:49:11.562701,2024-10-15,2024-10-15 13:49:11.562701,1,3.75,0,0,0,0,0,0,0,0
20241015_upper_k1.0_1266_2024-10-15T14:04:46.760076,2024-10-15,2024-10-15 14:04:46.760076,1,9.0,0,0,0,0,0,0,0,0
20241016_upper_k1.0_1267_2024-10-16T13:30:00.008919,2024-10-16,2024-10-16 13:30:00.008919,1,7.5,0,0,0,0,0,0,0,0
20241016_upper_k1.0_1268_2024-10-16T14:03:33.120729,2024-10-16,2024-10-16 14:03:33.120729,0,0.25,0,0,0,0,0,0,0,0
20241016_upper_k1.0_1269_2024-10-16T14:42:02.043888,2024-10-16,2024-10-16 14:42:02.043888,1,5.0,0,0,0,0,0,0,0,0
20241016_upper_k1.0_1270_2024-10-16T14:57:25.320642,2024-10-16,2024-10-16 14:57:25.320642,1,1.0,0,0,0,0,0,0,0,0
20241016_upper_k1.0_1271_2024-10-16T15:55:12.720484,2024-10-16,2024-10-16 15:55:12.720484,0,0.5,0,0,0,0,0,0,0,0
20241017_upper_k1.0_1272_2024-10-17T13:30:00.027398,2024-10-17,2024-10-17 13:30:00.027398,1,28.25,0,0,0,0,0,0,0,0
20241017_upper_k1.0_1273_2024-10-17T13:46:01.590081,2024-10-17,2024-10-17 13:46:01.590081,1,2.75,0,0,0,0,0,0,0,0
20241017_upper_k1.0_1274_2024-10-17T14:22:47.541087,2024-10-17,2024-10-17 14:22:47.541087,1,10.5,0,0,0,0,0,0,0,0
20241017_upper_k1.0_1275_2024-10-17T15:27:23.430337,2024-10-17,2024-10-17 15:27:23.430337,1,2.0,0,0,0,0,0,0,0,0
20241017_upper_k1.0_1276_2024-10-17T16:33:05.475062,2024-10-17,2024-10-17 16:33:05.475062,1,2.75,0,0,0,0,0,0,0,0
20241017_upper_k1.0_1277_2024-10-17T18:03:22.811561,2024-10-17,2024-10-17 18:03:22.811561,1,15.75,0,0,0,0,0,0,0,0
20241018_upper_k1.0_1278_2024-10-18T13:30:00.009341,2024-10-18,2024-10-18 13:30:00.009341,1,15.75,0,0,0,0,0,0,0,0
20241018_upper_k1.0_1279_2024-10-18T13:48:16.160669,2024-10-18,2024-10-18 13:48:16.160669,1,5.25,0,0,0,0,0,0,0,0
20241018_upper_k1.0_1280_2024-10-18T14:03:16.331831,2024-10-18,2024-10-18 14:03:16.331831,0,0.5,0,0,0,0,0,0,0,0
20241018_upper_k1.0_1281_2024-10-18T14:19:20.783288,2024-10-18,2024-10-18 14:19:20.783288,1,3.75,0,0,0,0,0,0,0,0
20241018_upper_k1.0_1282_2024-10-18T14:39:40.790132,2024-10-18,2024-10-18 14:39:40.790132,0,0.5,0,0,0,0,0,0,0,0
20241018_upper_k1.0_1283_2024-10-18T14:54:55.576351,2024-10-18,2024-10-18 14:54:55.576351,1,2.0,0,0,0,0,0,0,0,0
20241018_upper_k1.0_1284_2024-10-18T18:01:27.923897,2024-10-18,2024-10-18 18:01:27.923897,0,0.25,0,0,0,0,0,0,0,0
20241018_upper_k1.0_1285_2024-10-18T19:42:05.216243,2024-10-18,2024-10-18 19:42:05.216243,1,1.25,0,0,0,0,0,0,0,0
20241021_upper_k1.0_1286_2024-10-21T13:30:00.247301,2024-10-21,2024-10-21 13:30:00.247301,1,1.0,0,0,0,0,0,0,0,0
20241021_upper_k1.0_1287_2024-10-21T13:45:12.580099,2024-10-21,2024-10-21 13:45:12.580099,1,1.0,0,0,0,0,0,0,0,0
20241021_upper_k1.0_1288_2024-10-21T14:00:37.450564,2024-10-21,2024-10-21 14:00:37.450564,1,1.25,0,0,0,0,0,0,0,0
20241021_upper_k1.0_1289_2024-10-21T14:25:03.251892,2024-10-21,2024-10-21 14:25:03.251892,1,9.75,0,0,0,0,0,0,0,0
20241021_upper_k1.0_1290_2024-10-21T16:55:34.924072,2024-10-21,2024-10-21 16:55:34.924072,1,1.0,0,0,0,0,0,0,0,0
20241021_upper_k1.0_1291_2024-10-21T17:18:31.020619,2024-10-21,2024-10-21 17:18:31.020619,1,2.25,0,0,0,0,0,0,0,0
20241021_upper_k1.0_1292_2024-10-21T18:35:59.380777,2024-10-21,2024-10-21 18:35:59.380777,1,5.25,0,0,0,0,0,0,0,0
20241021_upper_k1.0_1293_2024-10-21T19:12:21.340204,2024-10-21,2024-10-21 19:12:21.340204,0,0.25,0,0,0,0,0,0,0,0
20241021_upper_k1.0_1294_2024-10-21T19:48:13.200040,2024-10-21,2024-10-21 19:48:13.200040,1,2.0,0,0,0,0,0,0,0,0
20241022_upper_k1.0_1295_2024-10-22T13:30:00.062995,2024-10-22,2024-10-22 13:30:00.062995,1,7.0,0,0,0,0,0,0,0,0
20241022_upper_k1.0_1296_2024-10-22T13:45:07.584659,2024-10-22,2024-10-22 13:45:07.584659,1,2.5,0,0,0,0,0,0,0,0
20241022_upper_k1.0_1297_2024-10-22T14:02:35.272320,2024-10-22,2024-10-22 14:02:35.272320,0,0.75,0,0,0,0,0,0,0,0
20241022_upper_k1.0_1298_2024-10-22T14:22:39.691271,2024-10-22,2024-10-22 14:22:39.691271,1,2.0,0,0,0,0,0,0,0,0
20241022_upper_k1.0_1299_2024-10-22T14:37:57.390615,2024-10-22,2024-10-22 14:37:57.390615,1,3.75,0,0,0,0,0,0,0,0
20241022_upper_k1.0_1300_2024-10-22T15:26:38.350322,2024-10-22,2024-10-22 15:26:38.350322,0,0.0,0,0,0,0,0,0,0,0
20241022_upper_k1.0_1301_2024-10-22T16:08:24.328952,2024-10-22,2024-10-22 16:08:24.328952,1,1.5,0,0,0,0,0,0,0,0
20241022_upper_k1.0_1302_2024-10-22T16:26:18.481426,2024-10-22,2024-10-22 16:26:18.481426,0,0.5,0,0,0,0,0,0,0,0
20241023_upper_k1.0_1303_2024-10-23T13:30:00.144731,2024-10-23,2024-10-23 13:30:00.144731,1,3.25,0,0,0,0,0,0,0,0
20241023_upper_k1.0_1304_2024-10-23T13:46:30.240108,2024-10-23,2024-10-23 13:46:30.240108,1,3.25,0,0,0,0,0,0,0,0
20241023_upper_k1.0_1305_2024-10-23T14:30:21.992258,2024-10-23,2024-10-23 14:30:21.992258,1,3.0,0,0,0,0,0,0,0,0
20241023_upper_k1.0_1306_2024-10-23T14:51:24.522285,2024-10-23,2024-10-23 14:51:24.522285,1,8.5,0,0,0,0,0,0,0,0
20241024_upper_k1.0_1307_2024-10-24T13:30:00.021426,2024-10-24,2024-10-24 13:30:00.021426,1,10.5,0,0,0,0,0,0,0,0
20241024_upper_k1.0_1308_2024-10-24T13:54:43.700347,2024-10-24,2024-10-24 13:54:43.700347,1,2.0,0,0,0,0,0,0,0,0
20241024_upper_k1.0_1309_2024-10-24T14:10:17.100948,2024-10-24,2024-10-24 14:10:17.100948,1,4.75,0,0,0,0,0,0,0,0
20241024_upper_k1.0_1310_2024-10-24T14:26:06.300210,2024-10-24,2024-10-24 14:26:06.300210,1,5.5,0,0,0,0,0,0,0,0
20241024_upper_k1.0_1311_2024-10-24T15:15:35.440019,2024-10-24,2024-10-24 15:15:35.440019,1,7.0,0,0,0,0,0,0,0,0
20241024_upper_k1.0_1312_2024-10-24T16:35:00.340138,2024-10-24,2024-10-24 16:35:00.340138,1,4.75,0,0,0,0,0,0,0,0
20241024_upper_k1.0_1313_2024-10-24T16:51:15.060357,2024-10-24,2024-10-24 16:51:15.060357,1,2.25,0,0,0,0,0,0,0,0
20241024_upper_k1.0_1314_2024-10-24T17:17:25.246549,2024-10-24,2024-10-24 17:17:25.246549,1,1.25,0,0,0,0,0,0,0,0
20241024_upper_k1.0_1315_2024-10-24T17:48:08.010563,2024-10-24,2024-10-24 17:48:08.010563,1,3.25,0,0,0,0,0,0,0,0
20241024_upper_k1.0_1316_2024-10-24T18:05:53.490289,2024-10-24,2024-10-24 18:05:53.490289,1,3.0,0,0,0,0,0,0,0,0
20241024_upper_k1.0_1317_2024-10-24T18:26:50.152155,2024-10-24,2024-10-24 18:26:50.152155,1,2.75,0,0,0,0,0,0,0,0
20241024_upper_k1.0_1318_2024-10-24T18:50:15.510059,2024-10-24,2024-10-24 18:50:15.510059,1,2.5,0,0,0,0,0,0,0,0
20241024_upper_k1.0_1319_2024-10-24T19:09:18.324468,2024-10-24,2024-10-24 19:09:18.324468,1,1.25,0,0,0,0,0,0,0,0
20241025_upper_k1.0_1320_2024-10-25T13:30:00.060278,2024-10-25,2024-10-25 13:30:00.060278,0,0.25,0,0,0,0,0,0,0,0
20241025_upper_k1.0_1321_2024-10-25T14:44:43.041058,2024-10-25,2024-10-25 14:44:43.041058,1,5.5,0,0,0,0,0,0,0,0
20241025_upper_k1.0_1322_2024-10-25T15:00:00.160304,2024-10-25,2024-10-25 15:00:00.160304,1,1.25,0,0,0,0,0,0,0,0
20241028_upper_k1.0_1323_2024-10-28T13:30:00.055552,2024-10-28,2024-10-28 13:30:00.055552,1,9.0,0,0,0,0,0,0,0,0
20241028_upper_k1.0_1324_2024-10-28T14:09:48.518075,2024-10-28,2024-10-28 14:09:48.518075,1,3.75,0,0,0,0,0,0,0,0
20241028_upper_k1.0_1325_2024-10-28T14:25:12.341278,2024-10-28,2024-10-28 14:25:12.341278,1,1.5,0,0,0,0,0,0,0,0
20241028_upper_k1.0_1326_2024-10-28T14:56:03.768610,2024-10-28,2024-10-28 14:56:03.768610,1,8.25,0,0,0,0,0,0,0,0
20241028_upper_k1.0_1327_2024-10-28T15:13:14.790346,2024-10-28,2024-10-28 15:13:14.790346,1,5.75,0,0,0,0,0,0,0,0
20241028_upper_k1.0_1328_2024-10-28T17:34:58.750117,2024-10-28,2024-10-28 17:34:58.750117,1,3.75,0,0,0,0,0,0,0,0
20241028_upper_k1.0_1329_2024-10-28T17:52:31.910286,2024-10-28,2024-10-28 17:52:31.910286,1,4.75,0,0,0,0,0,0,0,0
20241028_upper_k1.0_1330_2024-10-28T18:07:37.821786,2024-10-28,2024-10-28 18:07:37.821786,1,4.0,0,0,0,0,0,0,0,0
20241028_upper_k1.0_1331_2024-10-28T18:54:18.690004,2024-10-28,2024-10-28 18:54:18.690004,1,9.5,0,0,0,0,0,0,0,0
20241028_upper_k1.0_1332_2024-10-28T19:32:50.061550,2024-10-28,2024-10-28 19:32:50.061550,1,3.75,0,0,0,0,0,0,0,0
20241029_upper_k1.0_1333_2024-10-29T13:30:00.017133,2024-10-29,2024-10-29 13:30:00.017133,1,14.5,0,0,0,0,0,0,0,0
20241029_upper_k1.0_1334_2024-10-29T13:49:09.301063,2024-10-29,2024-10-29 13:49:09.301063,1,2.5,0,0,0,0,0,0,0,0
20241030_upper_k1.0_1335_2024-10-30T13:30:00.136388,2024-10-30,2024-10-30 13:30:00.136388,1,8.75,0,0,0,0,0,0,0,0
20241030_upper_k1.0_1336_2024-10-30T13:47:54.922480,2024-10-30,2024-10-30 13:47:54.922480,1,1.0,0,0,0,0,0,0,0,0
20241030_upper_k1.0_1337_2024-10-30T15:11:13.736304,2024-10-30,2024-10-30 15:11:13.736304,1,2.25,0,0,0,0,0,0,0,0
20241030_upper_k1.0_1338_2024-10-30T16:57:05.943312,2024-10-30,2024-10-30 16:57:05.943312,1,1.75,0,0,0,0,0,0,0,0
20241030_upper_k1.0_1339_2024-10-30T17:13:48.692522,2024-10-30,2024-10-30 17:13:48.692522,0,0.25,0,0,0,0,0,0,0,0
20241031_upper_k1.0_1340_2024-10-31T13:30:00.257851,2024-10-31,2024-10-31 13:30:00.257851,1,13.0,0,0,0,0,0,0,0,0
20241031_upper_k1.0_1341_2024-10-31T19:49:25.320846,2024-10-31,2024-10-31 19:49:25.320846,1,30.25,0,0,0,0,0,0,0,0
20241101_upper_k1.0_1342_2024-11-01T13:30:00.031306,2024-11-01,2024-11-01 13:30:00.031306,1,5.25,0,0,0,0,0,0,0,0
20241101_upper_k1.0_1343_2024-11-01T14:03:31.643450,2024-11-01,2024-11-01 14:03:31.643450,0,0.75,0,0,0,0,0,0,0,0
20241101_upper_k1.0_1344_2024-11-01T14:43:12.782915,2024-11-01,2024-11-01 14:43:12.782915,1,8.5,0,0,0,0,0,0,0,0
20241101_upper_k1.0_1345_2024-11-01T15:49:29.723062,2024-11-01,2024-11-01 15:49:29.723062,1,6.0,0,0,0,0,0,0,0,0
20241101_upper_k1.0_1346_2024-11-01T16:05:55.442552,2024-11-01,2024-11-01 16:05:55.442552,1,2.0,0,0,0,0,0,0,0,0
20241101_upper_k1.0_1347_2024-11-01T16:33:17.310347,2024-11-01,2024-11-01 16:33:17.310347,1,5.5,0,0,0,0,0,0,0,0
20241101_upper_k1.0_1348_2024-11-01T17:28:56.560278,2024-11-01,2024-11-01 17:28:56.560278,1,20.75,0,0,0,0,0,0,0,0
20241104_upper_k1.0_1349_2024-11-04T14:30:00.017751,2024-11-04,2024-11-04 14:30:00.017751,1,19.5,0,0,0,0,0,0,0,0
20241104_upper_k1.0_1350_2024-11-04T14:51:08.550398,2024-11-04,2024-11-04 14:51:08.550398,1,3.75,0,0,0,0,0,0,0,0
20241104_upper_k1.0_1351_2024-11-04T15:46:33.180523,2024-11-04,2024-11-04 15:46:33.180523,1,1.0,0,0,0,0,0,0,0,0
20241104_upper_k1.0_1352_2024-11-04T16:18:39.540997,2024-11-04,2024-11-04 16:18:39.540997,1,5.0,0,0,0,0,0,0,0,0
20241104_upper_k1.0_1353_2024-11-04T17:49:20.070380,2024-11-04,2024-11-04 17:49:20.070380,1,1.25,0,0,0,0,0,0,0,0
20241104_upper_k1.0_1354_2024-11-04T18:13:52.932785,2024-11-04,2024-11-04 18:13:52.932785,1,2.25,0,0,0,0,0,0,0,0
20241104_upper_k1.0_1355_2024-11-04T18:31:02.364479,2024-11-04,2024-11-04 18:31:02.364479,1,1.5,0,0,0,0,0,0,0,0
20241104_upper_k1.0_1356_2024-11-04T18:56:15.012134,2024-11-04,2024-11-04 18:56:15.012134,0,0.5,0,0,0,0,0,0,0,0
20241104_upper_k1.0_1357_2024-11-04T19:28:50.400825,2024-11-04,2024-11-04 19:28:50.400825,1,5.25,0,0,0,0,0,0,0,0
20241104_upper_k1.0_1358_2024-11-04T19:46:18.780408,2024-11-04,2024-11-04 19:46:18.780408,1,1.75,0,0,0,0,0,0,0,0
20241104_upper_k1.0_1359_2024-11-04T20:07:39.930595,2024-11-04,2024-11-04 20:07:39.930595,1,7.25,0,0,0,0,0,0,0,0
20241104_upper_k1.0_1360_2024-11-04T20:25:35.142282,2024-11-04,2024-11-04 20:25:35.142282,1,10.0,0,0,0,0,0,0,0,0
20241105_upper_k1.0_1361_2024-11-05T14:30:00.041812,2024-11-05,2024-11-05 14:30:00.041812,1,3.0,0,0,0,0,0,0,0,0
20241105_upper_k1.0_1362_2024-11-05T16:01:16.571905,2024-11-05,2024-11-05 16:01:16.571905,1,1.25,0,0,0,0,0,0,0,0
20241106_upper_k1.0_1363_2024-11-06T14:30:00.056589,2024-11-06,2024-11-06 14:30:00.056589,1,15.0,1,0,1,1,0,0,1,0
20241106_upper_k1.0_1364_2024-11-06T15:10:46.785221,2024-11-06,2024-11-06 15:10:46.785221,1,3.25,0,0,0,0,0,0,0,0
20241106_upper_k1.0_1365_2024-11-06T15:37:30.861270,2024-11-06,2024-11-06 15:37:30.861270,1,6.25,0,0,0,0,0,0,0,0
20241106_upper_k1.0_1366_2024-11-06T16:12:31.903476,2024-11-06,2024-11-06 16:12:31.903476,1,4.5,0,0,0,0,0,0,0,0
20241107_upper_k1.0_1367_2024-11-07T14:30:00.059445,2024-11-07,2024-11-07 14:30:00.059445,1,1.5,0,0,0,0,0,0,0,0
20241107_upper_k1.0_1368_2024-11-07T14:48:00.351443,2024-11-07,2024-11-07 14:48:00.351443,1,1.25,0,0,0,0,0,0,0,0
20241107_upper_k1.0_1369_2024-11-07T16:10:42.833092,2024-11-07,2024-11-07 16:10:42.833092,0,0.25,0,0,0,0,0,0,0,0
20241107_upper_k1.0_1370_2024-11-07T18:30:42.320768,2024-11-07,2024-11-07 18:30:42.320768,1,1.25,0,0,0,0,0,0,0,0
20241107_upper_k1.0_1371_2024-11-07T18:45:46.321521,2024-11-07,2024-11-07 18:45:46.321521,1,2.5,0,0,0,0,0,0,0,0
20241107_upper_k1.0_1372_2024-11-07T19:00:57.034743,2024-11-07,2024-11-07 19:00:57.034743,1,3.25,0,0,0,0,0,0,0,0
20241107_upper_k1.0_1373_2024-11-07T19:22:18.103471,2024-11-07,2024-11-07 19:22:18.103471,1,2.25,0,0,0,0,0,0,0,0
20241107_upper_k1.0_1374_2024-11-07T19:40:21.191106,2024-11-07,2024-11-07 19:40:21.191106,1,7.25,0,0,0,0,0,0,0,0
20241108_upper_k1.0_1375_2024-11-08T14:30:00.021024,2024-11-08,2024-11-08 14:30:00.021024,0,0.25,0,0,0,0,0,0,0,0
20241108_upper_k1.0_1376_2024-11-08T14:46:14.230295,2024-11-08,2024-11-08 14:46:14.230295,1,2.0,0,0,0,0,0,0,0,0
20241108_upper_k1.0_1377_2024-11-08T15:05:47.080134,2024-11-08,2024-11-08 15:05:47.080134,1,3.0,0,0,0,0,0,0,0,0
20241108_upper_k1.0_1378_2024-11-08T20:32:07.370872,2024-11-08,2024-11-08 20:32:07.370872,1,1.0,0,0,0,0,0,0,0,0
20241108_upper_k1.0_1379_2024-11-08T20:47:12.820167,2024-11-08,2024-11-08 20:47:12.820167,1,2.75,0,0,0,0,0,0,0,0
20241111_upper_k1.0_1380_2024-11-11T14:30:00.051911,2024-11-11,2024-11-11 14:30:00.051911,1,4.25,0,0,0,0,0,0,0,0
20241111_upper_k1.0_1381_2024-11-11T15:36:09.632341,2024-11-11,2024-11-11 15:36:09.632341,1,3.0,0,0,0,0,0,0,0,0
20241111_upper_k1.0_1382_2024-11-11T15:52:01.583580,2024-11-11,2024-11-11 15:52:01.583580,0,0.0,0,0,0,0,0,0,0,0
20241111_upper_k1.0_1383_2024-11-11T16:07:12.744108,2024-11-11,2024-11-11 16:07:12.744108,1,3.5,0,0,0,0,0,0,0,0
20241111_upper_k1.0_1384_2024-11-11T16:23:27.860284,2024-11-11,2024-11-11 16:23:27.860284,1,5.0,0,0,0,0,0,0,0,0
20241111_upper_k1.0_1385_2024-11-11T16:39:22.964734,2024-11-11,2024-11-11 16:39:22.964734,1,3.0,0,0,0,0,0,0,0,0
20241111_upper_k1.0_1386_2024-11-11T16:55:48.853918,2024-11-11,2024-11-11 16:55:48.853918,1,1.5,0,0,0,0,0,0,0,0
20241111_upper_k1.0_1387_2024-11-11T20:59:49.014588,2024-11-11,2024-11-11 20:59:49.014588,1,1.0,0,0,0,0,0,0,0,0
20241112_upper_k1.0_1388_2024-11-12T14:30:00.014024,2024-11-12,2024-11-12 14:30:00.014024,1,4.25,0,0,0,0,0,0,0,0
20241112_upper_k1.0_1389_2024-11-12T14:48:08.357333,2024-11-12,2024-11-12 14:48:08.357333,1,2.0,0,0,0,0,0,0,0,0
20241112_upper_k1.0_1390_2024-11-12T18:55:09.200416,2024-11-12,2024-11-12 18:55:09.200416,0,0.25,0,0,0,0,0,0,0,0
20241112_upper_k1.0_1391_2024-11-12T20:18:25.750512,2024-11-12,2024-11-12 20:18:25.750512,1,1.25,0,0,0,0,0,0,0,0
20241112_upper_k1.0_1392_2024-11-12T20:33:49.664715,2024-11-12,2024-11-12 20:33:49.664715,1,3.0,0,0,0,0,0,0,0,0
20241112_upper_k1.0_1393_2024-11-12T20:50:00.028746,2024-11-12,2024-11-12 20:50:00.028746,1,8.0,0,0,0,0,0,0,0,0
20241113_upper_k1.0_1394_2024-11-13T14:30:00.071072,2024-11-13,2024-11-13 14:30:00.071072,1,4.25,0,0,0,0,0,0,0,0
20241113_upper_k1.0_1395_2024-11-13T14:46:05.185609,2024-11-13,2024-11-13 14:46:05.185609,1,11.75,0,0,0,0,0,0,0,0
20241113_upper_k1.0_1396_2024-11-13T15:32:51.940345,2024-11-13,2024-11-13 15:32:51.940345,1,6.5,0,0,0,0,0,0,0,0
20241113_upper_k1.0_1397_2024-11-13T15:52:52.233936,2024-11-13,2024-11-13 15:52:52.233936,0,0.5,0,0,0,0,0,0,0,0
20241113_upper_k1.0_1398_2024-11-13T19:31:52.190204,2024-11-13,2024-11-13 19:31:52.190204,1,5.25,0,0,0,0,0,0,0,0
20241113_upper_k1.0_1399_2024-11-13T20:12:00.220821,2024-11-13,2024-11-13 20:12:00.220821,1,2.0,0,0,0,0,0,0,0,0
20241113_upper_k1.0_1400_2024-11-13T20:27:36.470709,2024-11-13,2024-11-13 20:27:36.470709,1,3.75,0,0,0,0,0,0,0,0
20241113_upper_k1.0_1401_2024-11-13T20:50:00.082677,2024-11-13,2024-11-13 20:50:00.082677,1,11.75,0,0,0,0,0,0,0,0
20241114_upper_k1.0_1402_2024-11-14T14:30:00.014909,2024-11-14,2024-11-14 14:30:00.014909,1,6.0,0,0,0,0,0,0,0,0
20241114_upper_k1.0_1403_2024-11-14T14:50:20.028870,2024-11-14,2024-11-14 14:50:20.028870,1,9.75,0,0,0,0,0,0,0,0
20241114_upper_k1.0_1404_2024-11-14T15:30:10.803425,2024-11-14,2024-11-14 15:30:10.803425,1,4.25,0,0,0,0,0,0,0,0
20241114_upper_k1.0_1405_2024-11-14T15:56:20.851087,2024-11-14,2024-11-14 15:56:20.851087,1,7.0,0,0,0,0,0,0,0,0
20241114_upper_k1.0_1406_2024-11-14T16:15:35.480307,2024-11-14,2024-11-14 16:15:35.480307,1,4.25,0,0,0,0,0,0,0,0
20241114_upper_k1.0_1407_2024-11-14T16:33:07.904483,2024-11-14,2024-11-14 16:33:07.904483,1,1.5,0,0,0,0,0,0,0,0
20241115_upper_k1.0_1408_2024-11-15T14:30:00.021715,2024-11-15,2024-11-15 14:30:00.021715,1,7.75,0,0,0,0,0,0,0,0
20241115_upper_k1.0_1409_2024-11-15T14:46:18.080999,2024-11-15,2024-11-15 14:46:18.080999,1,7.75,0,0,0,0,0,0,0,0
20241118_upper_k1.0_1410_2024-11-18T14:30:00.023931,2024-11-18,2024-11-18 14:30:00.023931,1,9.25,0,0,0,0,0,0,0,0
20241118_upper_k1.0_1411_2024-11-18T14:45:47.040348,2024-11-18,2024-11-18 14:45:47.040348,1,6.5,0,0,0,0,0,0,0,0
20241118_upper_k1.0_1412_2024-11-18T15:01:34.493527,2024-11-18,2024-11-18 15:01:34.493527,0,0.5,0,0,0,0,0,0,0,0
20241118_upper_k1.0_1413_2024-11-18T18:44:07.084710,2024-11-18,2024-11-18 18:44:07.084710,1,7.25,0,0,0,0,0,0,0,0
20241118_upper_k1.0_1414_2024-11-18T19:14:33.223903,2024-11-18,2024-11-18 19:14:33.223903,1,6.0,0,0,0,0,0,0,0,0
20241118_upper_k1.0_1415_2024-11-18T19:43:02.101306,2024-11-18,2024-11-18 19:43:02.101306,0,0.5,0,0,0,0,0,0,0,0
20241118_upper_k1.0_1416_2024-11-18T20:53:01.451425,2024-11-18,2024-11-18 20:53:01.451425,1,1.75,0,0,0,0,0,0,0,0
20241119_upper_k1.0_1417_2024-11-19T14:30:00.026124,2024-11-19,2024-11-19 14:30:00.026124,1,1.75,0,0,0,0,0,0,0,0
20241119_upper_k1.0_1418_2024-11-19T14:49:19.640141,2024-11-19,2024-11-19 14:49:19.640141,1,13.25,0,0,0,0,0,0,0,0
20241119_upper_k1.0_1419_2024-11-19T15:04:19.720437,2024-11-19,2024-11-19 15:04:19.720437,1,2.0,0,0,0,0,0,0,0,0
20241119_upper_k1.0_1420_2024-11-19T15:22:02.117398,2024-11-19,2024-11-19 15:22:02.117398,1,2.25,0,0,0,0,0,0,0,0
20241120_upper_k1.0_1421_2024-11-20T14:30:00.040336,2024-11-20,2024-11-20 14:30:00.040336,1,23.25,0,0,0,0,1,0,0,0
20241120_upper_k1.0_1422_2024-11-20T15:49:49.090924,2024-11-20,2024-11-20 15:49:49.090924,1,3.5,0,0,0,0,0,0,0,0
20241120_upper_k1.0_1423_2024-11-20T16:05:02.950336,2024-11-20,2024-11-20 16:05:02.950336,1,12.25,0,0,0,0,0,0,0,0
20241120_upper_k1.0_1424_2024-11-20T16:44:34.100331,2024-11-20,2024-11-20 16:44:34.100331,1,1.0,0,0,0,0,0,0,0,0
20241120_upper_k1.0_1425_2024-11-20T17:14:07.977045,2024-11-20,2024-11-20 17:14:07.977045,1,11.0,0,0,0,0,0,0,0,0
20241120_upper_k1.0_1426_2024-11-20T17:29:36.506392,2024-11-20,2024-11-20 17:29:36.506392,1,1.5,0,0,0,0,0,0,0,0
20241120_upper_k1.0_1427_2024-11-20T17:54:53.713561,2024-11-20,2024-11-20 17:54:53.713561,1,5.5,0,0,0,0,0,0,0,0
20241120_upper_k1.0_1428_2024-11-20T18:10:00.324959,2024-11-20,2024-11-20 18:10:00.324959,1,4.5,0,0,0,0,0,0,0,0
20241120_upper_k1.0_1429_2024-11-20T18:25:23.070540,2024-11-20,2024-11-20 18:25:23.070540,1,4.0,0,0,0,0,0,0,0,0
20241120_upper_k1.0_1430_2024-11-20T19:40:22.602716,2024-11-20,2024-11-20 19:40:22.602716,0,0.5,0,0,0,0,0,0,0,0
20241121_upper_k1.0_1431_2024-11-21T14:30:00.025827,2024-11-21,2024-11-21 14:30:00.025827,1,49.25,0,0,0,0,0,0,0,0
20241121_upper_k1.0_1432_2024-11-21T14:47:28.001366,2024-11-21,2024-11-21 14:47:28.001366,1,6.75,0,0,0,0,0,0,0,0
20241121_upper_k1.0_1433_2024-11-21T15:13:33.281021,2024-11-21,2024-11-21 15:13:33.281021,1,8.5,0,0,0,0,0,0,0,0
20241121_upper_k1.0_1434_2024-11-21T15:47:39.640286,2024-11-21,2024-11-21 15:47:39.640286,1,5.5,0,0,0,0,0,1,0,0
20241122_upper_k1.0_1435_2024-11-22T14:30:00.026261,2024-11-22,2024-11-22 14:30:00.026261,1,1.75,0,0,0,0,0,0,0,0
20241122_upper_k1.0_1436_2024-11-22T14:51:03.927258,2024-11-22,2024-11-22 14:51:03.927258,1,3.25,0,1,0,0,0,0,0,1
20241122_upper_k1.0_1437_2024-11-22T15:06:12.930445,2024-11-22,2024-11-22 15:06:12.930445,1,12.0,0,0,0,0,0,0,0,0
20241122_upper_k1.0_1438_2024-11-22T15:39:08.161275,2024-11-22,2024-11-22 15:39:08.161275,0,0.0,0,0,0,0,0,0,0,0
20241122_upper_k1.0_1439_2024-11-22T16:10:26.144647,2024-11-22,2024-11-22 16:10:26.144647,1,10.5,0,0,0,0,0,0,0,0
20241122_upper_k1.0_1440_2024-11-22T16:40:05.545831,2024-11-22,2024-11-22 16:40:05.545831,1,9.75,0,0,0,0,0,0,0,0
20241122_upper_k1.0_1441_2024-11-22T17:00:24.340784,2024-11-22,2024-11-22 17:00:24.340784,1,1.25,0,0,0,0,0,0,0,0
20241122_upper_k1.0_1442_2024-11-22T17:38:54.721798,2024-11-22,2024-11-22 17:38:54.721798,1,2.75,0,0,0,0,0,0,0,0
20241122_upper_k1.0_1443_2024-11-22T18:51:44.563944,2024-11-22,2024-11-22 18:51:44.563944,1,1.0,0,0,0,0,0,0,0,0
20241122_upper_k1.0_1444_2024-11-22T19:10:42.507422,2024-11-22,2024-11-22 19:10:42.507422,1,8.5,0,0,0,0,0,0,0,0
20241122_upper_k1.0_1445_2024-11-22T19:26:11.150208,2024-11-22,2024-11-22 19:26:11.150208,1,1.0,0,0,0,0,0,0,0,0
20241122_upper_k1.0_1446_2024-11-22T20:03:03.200128,2024-11-22,2024-11-22 20:03:03.200128,1,8.25,0,0,0,0,0,0,0,0
20241122_upper_k1.0_1447_2024-11-22T20:32:06.700076,2024-11-22,2024-11-22 20:32:06.700076,1,2.5,0,0,0,0,0,0,0,0
20241122_upper_k1.0_1448_2024-11-22T20:47:16.101056,2024-11-22,2024-11-22 20:47:16.101056,0,0.75,0,0,0,0,0,0,0,0
20241125_upper_k1.0_1449_2024-11-25T14:30:00.030973,2024-11-25,2024-11-25 14:30:00.030973,1,7.75,0,0,0,0,0,0,0,0
20241125_upper_k1.0_1450_2024-11-25T14:47:08.150097,2024-11-25,2024-11-25 14:47:08.150097,1,15.5,0,0,0,0,0,0,0,0
20241126_upper_k1.0_1451_2024-11-26T14:30:00.009381,2024-11-26,2024-11-26 14:30:00.009381,1,1.5,0,0,0,0,0,0,0,0
20241126_upper_k1.0_1452_2024-11-26T14:45:40.455065,2024-11-26,2024-11-26 14:45:40.455065,1,3.25,0,0,0,0,0,0,0,0
20241126_upper_k1.0_1453_2024-11-26T15:30:31.751516,2024-11-26,2024-11-26 15:30:31.751516,1,7.25,0,0,0,0,0,0,0,0
20241126_upper_k1.0_1454_2024-11-26T15:49:20.740040,2024-11-26,2024-11-26 15:49:20.740040,1,2.5,0,0,0,0,0,0,0,0
20241126_upper_k1.0_1455_2024-11-26T16:12:07.020218,2024-11-26,2024-11-26 16:12:07.020218,1,1.25,0,0,0,0,0,0,0,0
20241126_upper_k1.0_1456_2024-11-26T17:15:43.688251,2024-11-26,2024-11-26 17:15:43.688251,1,1.0,0,0,0,0,0,0,0,0
20241126_upper_k1.0_1457_2024-11-26T19:19:37.360789,2024-11-26,2024-11-26 19:19:37.360789,0,0.75,0,0,0,0,0,0,0,0
20241127_upper_k1.0_1458_2024-11-27T14:30:00.010915,2024-11-27,2024-11-27 14:30:00.010915,1,5.25,0,0,0,0,0,0,0,0
20241127_upper_k1.0_1459_2024-11-27T14:48:23.260781,2024-11-27,2024-11-27 14:48:23.260781,1,4.25,0,0,0,0,0,0,0,0
20241128_upper_k1.0_1460_2024-11-28T14:30:07.800939,2024-11-28,2024-11-28 14:30:07.800939,0,0.0,0,0,0,0,0,0,0,0
20241128_upper_k1.0_1461_2024-11-28T14:45:42.847787,2024-11-28,2024-11-28 14:45:42.847787,0,0.5,0,0,0,0,0,0,0,0
20241128_upper_k1.0_1462_2024-11-28T15:10:04.812251,2024-11-28,2024-11-28 15:10:04.812251,0,0.5,0,0,0,0,0,0,0,0
20241128_upper_k1.0_1463_2024-11-28T16:27:51.084471,2024-11-28,2024-11-28 16:27:51.084471,1,1.75,0,0,0,0,0,0,0,0
20241128_upper_k1.0_1464_2024-11-28T17:06:18.040722,2024-11-28,2024-11-28 17:06:18.040722,1,1.25,0,0,0,0,0,0,0,0
20241128_upper_k1.0_1465_2024-11-28T17:46:38.162684,2024-11-28,2024-11-28 17:46:38.162684,1,1.75,0,0,0,0,0,0,0,0
20241129_upper_k1.0_1466_2024-11-29T14:30:00.040828,2024-11-29,2024-11-29 14:30:00.040828,1,2.75,0,0,0,0,0,0,0,0
20241129_upper_k1.0_1467_2024-11-29T14:48:54.710559,2024-11-29,2024-11-29 14:48:54.710559,0,0.25,0,0,0,0,0,0,0,0
20241202_upper_k1.0_1468_2024-12-02T14:30:00.063999,2024-12-02,2024-12-02 14:30:00.063999,1,2.25,0,0,0,0,0,0,0,0
20241202_upper_k1.0_1469_2024-12-02T14:49:47.490433,2024-12-02,2024-12-02 14:49:47.490433,1,8.25,0,0,0,0,0,0,0,0
20241202_upper_k1.0_1470_2024-12-02T15:15:11.781143,2024-12-02,2024-12-02 15:15:11.781143,1,4.0,0,0,0,0,0,0,0,0
20241202_upper_k1.0_1471_2024-12-02T15:30:32.701035,2024-12-02,2024-12-02 15:30:32.701035,0,0.0,0,0,0,0,0,0,0,0
20241202_upper_k1.0_1472_2024-12-02T15:50:30.789003,2024-12-02,2024-12-02 15:50:30.789003,1,7.25,0,0,0,0,0,0,0,0
20241202_upper_k1.0_1473_2024-12-02T16:09:30.323395,2024-12-02,2024-12-02 16:09:30.323395,0,0.75,0,0,0,0,0,0,0,0
20241202_upper_k1.0_1474_2024-12-02T16:24:55.029237,2024-12-02,2024-12-02 16:24:55.029237,1,1.0,0,0,0,0,0,0,0,0
20241202_upper_k1.0_1475_2024-12-02T18:32:49.145675,2024-12-02,2024-12-02 18:32:49.145675,0,0.25,0,0,0,0,0,0,0,0
20241202_upper_k1.0_1476_2024-12-02T19:13:28.567724,2024-12-02,2024-12-02 19:13:28.567724,1,3.0,0,0,0,0,0,0,0,0
20241202_upper_k1.0_1477_2024-12-02T19:28:29.880262,2024-12-02,2024-12-02 19:28:29.880262,0,0.25,0,0,0,0,0,0,0,0
20241202_upper_k1.0_1478_2024-12-02T20:44:34.223612,2024-12-02,2024-12-02 20:44:34.223612,1,2.25,0,0,0,0,0,0,0,0
20241202_upper_k1.0_1479_2024-12-02T20:59:49.488277,2024-12-02,2024-12-02 20:59:49.488277,0,0.5,0,0,0,0,0,0,0,0
20241203_upper_k1.0_1480_2024-12-03T14:30:00.020497,2024-12-03,2024-12-03 14:30:00.020497,1,5.75,0,0,0,0,0,0,0,0
20241203_upper_k1.0_1481_2024-12-03T14:48:13.280050,2024-12-03,2024-12-03 14:48:13.280050,1,4.0,0,0,0,0,0,0,0,0
20241203_upper_k1.0_1482_2024-12-03T15:03:52.000166,2024-12-03,2024-12-03 15:03:52.000166,1,2.5,0,0,0,0,0,0,0,0
20241203_upper_k1.0_1483_2024-12-03T15:19:08.740738,2024-12-03,2024-12-03 15:19:08.740738,1,9.0,0,0,0,0,0,0,0,0
20241203_upper_k1.0_1484_2024-12-03T16:01:37.071519,2024-12-03,2024-12-03 16:01:37.071519,1,2.0,0,0,0,0,0,0,0,0
20241203_upper_k1.0_1485_2024-12-03T16:21:09.420498,2024-12-03,2024-12-03 16:21:09.420498,1,2.5,0,0,0,0,0,0,0,0
20241203_upper_k1.0_1486_2024-12-03T17:23:18.032360,2024-12-03,2024-12-03 17:23:18.032360,1,1.5,0,0,0,0,0,0,0,0
20241203_upper_k1.0_1487_2024-12-03T17:39:08.102766,2024-12-03,2024-12-03 17:39:08.102766,0,0.25,0,0,0,0,0,0,0,0
20241203_upper_k1.0_1488_2024-12-03T19:01:41.772842,2024-12-03,2024-12-03 19:01:41.772842,0,0.5,0,0,0,0,0,0,0,0
20241204_upper_k1.0_1489_2024-12-04T14:30:00.031404,2024-12-04,2024-12-04 14:30:00.031404,1,1.25,0,0,0,0,0,0,0,0
20241204_upper_k1.0_1490_2024-12-04T14:47:01.110554,2024-12-04,2024-12-04 14:47:01.110554,0,0.75,0,0,0,0,0,0,0,0
20241204_upper_k1.0_1491_2024-12-04T15:10:16.280037,2024-12-04,2024-12-04 15:10:16.280037,1,8.75,0,0,0,0,0,0,0,0
20241204_upper_k1.0_1492_2024-12-04T15:25:46.027913,2024-12-04,2024-12-04 15:25:46.027913,1,2.0,0,0,0,0,0,0,0,0
20241204_upper_k1.0_1493_2024-12-04T15:47:50.240340,2024-12-04,2024-12-04 15:47:50.240340,1,1.75,0,0,0,0,0,0,0,0
20241204_upper_k1.0_1494_2024-12-04T17:41:29.380182,2024-12-04,2024-12-04 17:41:29.380182,0,0.75,0,0,0,0,0,0,0,0
20241204_upper_k1.0_1495_2024-12-04T18:24:48.590255,2024-12-04,2024-12-04 18:24:48.590255,1,8.75,0,0,0,0,0,0,0,0
20241204_upper_k1.0_1496_2024-12-04T18:51:45.030142,2024-12-04,2024-12-04 18:51:45.030142,1,2.5,0,0,0,0,0,0,0,0
20241205_upper_k1.0_1497_2024-12-05T14:30:00.016976,2024-12-05,2024-12-05 14:30:00.016976,1,3.25,0,0,0,0,0,0,0,0
20241205_upper_k1.0_1498_2024-12-05T14:45:11.162575,2024-12-05,2024-12-05 14:45:11.162575,1,3.0,0,0,0,0,0,0,0,0
20241205_upper_k1.0_1499_2024-12-05T15:10:47.800849,2024-12-05,2024-12-05 15:10:47.800849,1,3.5,0,0,0,0,0,0,0,0
20241205_upper_k1.0_1500_2024-12-05T16:22:54.042819,2024-12-05,2024-12-05 16:22:54.042819,1,1.0,0,0,0,0,0,0,0,0
20241205_upper_k1.0_1501_2024-12-05T16:42:30.020134,2024-12-05,2024-12-05 16:42:30.020134,1,1.0,0,0,0,0,0,0,0,0
20241205_upper_k1.0_1502_2024-12-05T16:57:57.580007,2024-12-05,2024-12-05 16:57:57.580007,0,0.5,0,0,0,0,0,0,0,0
20241205_upper_k1.0_1503_2024-12-05T18:21:23.023045,2024-12-05,2024-12-05 18:21:23.023045,1,7.75,0,0,0,0,0,0,0,0
20241205_upper_k1.0_1504_2024-12-05T18:38:43.331555,2024-12-05,2024-12-05 18:38:43.331555,1,1.0,0,0,0,0,0,0,0,0
20241205_upper_k1.0_1505_2024-12-05T19:21:53.600340,2024-12-05,2024-12-05 19:21:53.600340,1,5.25,0,0,0,0,0,0,0,0
20241206_upper_k1.0_1506_2024-12-06T14:30:00.035950,2024-12-06,2024-12-06 14:30:00.035950,1,1.0,0,0,0,0,0,0,0,0
20241206_upper_k1.0_1507_2024-12-06T15:05:57.069581,2024-12-06,2024-12-06 15:05:57.069581,0,0.75,0,0,0,0,0,0,0,0
20241206_upper_k1.0_1508_2024-12-06T15:41:00.356604,2024-12-06,2024-12-06 15:41:00.356604,1,3.0,0,0,0,0,0,0,0,0
20241206_upper_k1.0_1509_2024-12-06T15:56:18.521662,2024-12-06,2024-12-06 15:56:18.521662,1,2.0,0,0,0,0,0,0,0,0
20241206_upper_k1.0_1510_2024-12-06T18:11:32.050491,2024-12-06,2024-12-06 18:11:32.050491,1,2.0,0,0,0,0,0,0,0,0
20241206_upper_k1.0_1511_2024-12-06T18:27:40.460835,2024-12-06,2024-12-06 18:27:40.460835,1,6.25,0,0,0,0,0,0,0,0
20241206_upper_k1.0_1512_2024-12-06T20:56:52.734148,2024-12-06,2024-12-06 20:56:52.734148,1,3.25,0,0,0,0,0,0,0,0
20241209_upper_k1.0_1513_2024-12-09T14:30:00.056404,2024-12-09,2024-12-09 14:30:00.056404,1,4.5,0,0,0,0,0,0,0,0
20241209_upper_k1.0_1514_2024-12-09T14:48:32.920422,2024-12-09,2024-12-09 14:48:32.920422,1,2.5,0,0,0,0,0,0,0,0
20241209_upper_k1.0_1515_2024-12-09T18:40:21.110402,2024-12-09,2024-12-09 18:40:21.110402,1,2.0,0,0,0,0,0,0,0,0
20241209_upper_k1.0_1516_2024-12-09T18:55:22.055787,2024-12-09,2024-12-09 18:55:22.055787,1,7.5,0,0,0,0,0,0,0,0
20241210_upper_k1.0_1517_2024-12-10T14:30:00.026141,2024-12-10,2024-12-10 14:30:00.026141,1,11.0,0,0,0,0,0,0,0,0
20241210_upper_k1.0_1518_2024-12-10T14:50:17.168271,2024-12-10,2024-12-10 14:50:17.168271,1,4.75,0,0,0,0,0,0,0,0
20241210_upper_k1.0_1519_2024-12-10T15:30:44.524905,2024-12-10,2024-12-10 15:30:44.524905,0,0.0,0,0,0,0,0,0,0,0
20241210_upper_k1.0_1520_2024-12-10T15:55:17.187320,2024-12-10,2024-12-10 15:55:17.187320,1,3.25,0,0,0,0,0,0,0,0
20241210_upper_k1.0_1521_2024-12-10T17:33:47.760468,2024-12-10,2024-12-10 17:33:47.760468,1,3.0,0,0,0,0,0,0,0,0
20241210_upper_k1.0_1522_2024-12-10T17:49:30.001382,2024-12-10,2024-12-10 17:49:30.001382,1,6.25,0,0,0,0,0,0,0,0
20241211_upper_k1.0_1523_2024-12-11T14:30:00.050165,2024-12-11,2024-12-11 14:30:00.050165,1,3.25,0,0,0,0,0,0,0,0
20241211_upper_k1.0_1524_2024-12-11T15:29:33.781983,2024-12-11,2024-12-11 15:29:33.781983,0,0.5,0,0,0,0,0,0,0,0
20241211_upper_k1.0_1525_2024-12-11T15:54:13.402332,2024-12-11,2024-12-11 15:54:13.402332,1,1.5,0,0,0,0,0,0,0,0
20241211_upper_k1.0_1526_2024-12-11T20:59:07.240906,2024-12-11,2024-12-11 20:59:07.240906,1,1.0,0,0,0,0,0,0,0,0
20241212_upper_k1.0_1527_2024-12-12T14:30:00.029312,2024-12-12,2024-12-12 14:30:00.029312,1,7.5,0,0,0,0,0,0,0,0
20241212_upper_k1.0_1528_2024-12-12T14:45:00.900002,2024-12-12,2024-12-12 14:45:00.900002,1,5.75,0,0,0,0,0,0,0,0
20241212_upper_k1.0_1529_2024-12-12T15:00:09.360417,2024-12-12,2024-12-12 15:00:09.360417,1,8.5,0,0,0,0,0,0,0,0
20241212_upper_k1.0_1530_2024-12-12T15:22:03.842271,2024-12-12,2024-12-12 15:22:03.842271,1,1.0,0,0,0,0,0,0,0,0
20241212_upper_k1.0_1531_2024-12-12T16:41:46.080478,2024-12-12,2024-12-12 16:41:46.080478,1,5.25,0,0,0,0,0,0,0,0
20241212_upper_k1.0_1532_2024-12-12T17:04:51.060194,2024-12-12,2024-12-12 17:04:51.060194,0,0.75,0,0,0,0,0,0,0,0
20241212_upper_k1.0_1533_2024-12-12T17:31:30.125146,2024-12-12,2024-12-12 17:31:30.125146,1,4.75,0,0,0,0,0,0,0,0
20241212_upper_k1.0_1534_2024-12-12T17:46:30.510850,2024-12-12,2024-12-12 17:46:30.510850,1,3.0,0,0,0,0,0,0,0,0
20241212_upper_k1.0_1535_2024-12-12T18:29:40.242165,2024-12-12,2024-12-12 18:29:40.242165,1,6.0,0,0,0,0,0,0,0,0
20241213_upper_k1.0_1536_2024-12-13T14:30:00.184936,2024-12-13,2024-12-13 14:30:00.184936,1,3.75,0,0,0,0,0,0,0,0
20241213_upper_k1.0_1537_2024-12-13T14:52:55.261347,2024-12-13,2024-12-13 14:52:55.261347,1,9.75,0,0,0,0,0,0,0,0
20241213_upper_k1.0_1538_2024-12-13T19:30:29.530961,2024-12-13,2024-12-13 19:30:29.530961,1,2.25,0,0,0,0,0,0,0,0
20241213_upper_k1.0_1539_2024-12-13T20:37:11.191284,2024-12-13,2024-12-13 20:37:11.191284,1,3.0,0,0,0,0,0,0,0,0
20241216_upper_k1.0_1540_2024-12-16T14:30:00.057669,2024-12-16,2024-12-16 14:30:00.057669,1,2.5,0,0,0,0,1,0,0,0
20241216_upper_k1.0_1541_2024-12-16T14:49:31.452064,2024-12-16,2024-12-16 14:49:31.452064,1,1.5,0,0,0,0,0,0,0,0
20241216_upper_k1.0_1542_2024-12-16T15:11:44.753113,2024-12-16,2024-12-16 15:11:44.753113,1,10.25,0,0,0,0,0,0,0,0
20241216_upper_k1.0_1543_2024-12-16T15:26:58.360592,2024-12-16,2024-12-16 15:26:58.360592,0,0.25,0,0,0,0,0,0,0,0
20241216_upper_k1.0_1544_2024-12-16T16:44:13.763514,2024-12-16,2024-12-16 16:44:13.763514,0,0.25,0,0,0,0,0,0,0,0
20241216_upper_k1.0_1545_2024-12-16T20:45:02.940960,2024-12-16,2024-12-16 20:45:02.940960,1,8.0,0,0,0,0,0,0,0,0
20241217_upper_k1.0_1546_2024-12-17T14:30:00.069626,2024-12-17,2024-12-17 14:30:00.069626,1,6.25,0,0,0,0,0,0,0,0
20241217_upper_k1.0_1547_2024-12-17T14:59:32.333521,2024-12-17,2024-12-17 14:59:32.333521,1,6.25,0,0,0,0,0,0,0,0
20241217_upper_k1.0_1548_2024-12-17T15:54:38.700284,2024-12-17,2024-12-17 15:54:38.700284,1,3.0,0,0,0,0,0,0,0,0
20241217_upper_k1.0_1549_2024-12-17T18:18:26.420465,2024-12-17,2024-12-17 18:18:26.420465,1,3.0,0,0,0,0,0,0,0,0
20241217_upper_k1.0_1550_2024-12-17T18:33:54.980674,2024-12-17,2024-12-17 18:33:54.980674,1,1.25,0,0,0,0,0,0,0,0
20241217_upper_k1.0_1551_2024-12-17T18:50:07.111233,2024-12-17,2024-12-17 18:50:07.111233,1,1.25,0,0,0,0,0,0,0,0
20241217_upper_k1.0_1552_2024-12-17T20:45:16.960353,2024-12-17,2024-12-17 20:45:16.960353,1,5.0,0,0,0,0,0,0,0,0
20241218_upper_k1.0_1553_2024-12-18T14:30:00.085630,2024-12-18,2024-12-18 14:30:00.085630,1,5.5,0,0,0,0,0,0,0,0
20241218_upper_k1.0_1554_2024-12-18T14:47:11.590183,2024-12-18,2024-12-18 14:47:11.590183,0,0.25,0,0,0,0,0,0,0,0
20241218_upper_k1.0_1555_2024-12-18T16:15:40.020016,2024-12-18,2024-12-18 16:15:40.020016,1,5.25,0,0,0,0,0,0,0,0
20241218_upper_k1.0_1556_2024-12-18T17:33:14.631507,2024-12-18,2024-12-18 17:33:14.631507,0,0.75,0,0,0,0,0,0,0,0
20241218_upper_k1.0_1557_2024-12-18T17:51:30.300662,2024-12-18,2024-12-18 17:51:30.300662,0,0.75,0,0,0,0,0,0,0,0
20241218_upper_k1.0_1558_2024-12-18T18:06:42.020327,2024-12-18,2024-12-18 18:06:42.020327,1,2.25,0,0,0,0,0,0,0,0
20241218_upper_k1.0_1559_2024-12-18T18:25:07.281687,2024-12-18,2024-12-18 18:25:07.281687,1,3.25,0,0,0,0,0,0,0,0
20241218_upper_k1.0_1560_2024-12-18T18:48:01.710154,2024-12-18,2024-12-18 18:48:01.710154,1,1.25,0,0,0,0,0,0,0,0
20241219_upper_k1.0_1561_2024-12-19T14:30:00.050899,2024-12-19,2024-12-19 14:30:00.050899,1,7.75,0,0,0,0,0,0,0,0
20241219_upper_k1.0_1562_2024-12-19T14:48:01.461238,2024-12-19,2024-12-19 14:48:01.461238,1,22.75,0,0,0,0,0,0,0,0
20241219_upper_k1.0_1563_2024-12-19T16:23:10.541704,2024-12-19,2024-12-19 16:23:10.541704,0,0.5,0,0,0,0,0,0,0,0
20241219_upper_k1.0_1564_2024-12-19T16:41:31.120276,2024-12-19,2024-12-19 16:41:31.120276,1,3.75,0,0,0,0,0,0,0,0
20241219_upper_k1.0_1565_2024-12-19T18:38:10.100613,2024-12-19,2024-12-19 18:38:10.100613,1,3.75,0,0,0,0,0,0,0,0
20241219_upper_k1.0_1566_2024-12-19T18:53:45.124475,2024-12-19,2024-12-19 18:53:45.124475,1,2.0,0,0,0,0,0,0,0,0
20241219_upper_k1.0_1567_2024-12-19T19:09:01.451390,2024-12-19,2024-12-19 19:09:01.451390,1,8.25,0,0,0,0,0,0,0,0
20241220_upper_k1.0_1568_2024-12-20T14:30:00.041871,2024-12-20,2024-12-20 14:30:00.041871,1,7.0,1,0,1,1,0,0,1,0
20241220_upper_k1.0_1569_2024-12-20T14:53:33.854166,2024-12-20,2024-12-20 14:53:33.854166,1,6.0,0,0,0,0,0,0,0,0
20241220_upper_k1.0_1570_2024-12-20T15:10:00.847231,2024-12-20,2024-12-20 15:10:00.847231,1,4.75,1,1,0,1,0,0,0,0
20241220_upper_k1.0_1571_2024-12-20T20:57:28.294222,2024-12-20,2024-12-20 20:57:28.294222,1,2.75,0,0,0,0,0,1,0,0
20241223_upper_k1.0_1572_2024-12-23T14:30:00.057030,2024-12-23,2024-12-23 14:30:00.057030,1,2.5,0,0,0,0,0,0,0,0
20241223_upper_k1.0_1573_2024-12-23T15:40:31.540454,2024-12-23,2024-12-23 15:40:31.540454,1,13.0,0,0,0,0,0,0,0,0
20241223_upper_k1.0_1574_2024-12-23T16:04:08.025008,2024-12-23,2024-12-23 16:04:08.025008,1,2.5,0,0,0,0,0,0,0,0
20241224_upper_k1.0_1575_2024-12-24T14:30:00.046414,2024-12-24,2024-12-24 14:30:00.046414,1,6.25,0,0,0,0,1,1,0,0
20241226_upper_k1.0_1576_2024-12-26T14:30:00.044290,2024-12-26,2024-12-26 14:30:00.044290,1,1.25,0,0,0,0,0,0,0,0
20241226_upper_k1.0_1577_2024-12-26T14:46:46.425671,2024-12-26,2024-12-26 14:46:46.425671,1,20.0,0,0,0,0,0,0,0,0
20241226_upper_k1.0_1578_2024-12-26T15:08:25.683703,2024-12-26,2024-12-26 15:08:25.683703,1,4.5,0,0,0,0,0,0,0,0
20241226_upper_k1.0_1579_2024-12-26T15:42:48.862045,2024-12-26,2024-12-26 15:42:48.862045,1,1.75,0,0,0,0,0,0,0,0
20241226_upper_k1.0_1580_2024-12-26T17:48:42.334394,2024-12-26,2024-12-26 17:48:42.334394,1,2.5,0,0,0,0,0,0,0,0
20241226_upper_k1.0_1581_2024-12-26T18:44:07.650022,2024-12-26,2024-12-26 18:44:07.650022,0,0.25,0,0,0,0,0,0,0,0
20241226_upper_k1.0_1582_2024-12-26T19:07:30.774017,2024-12-26,2024-12-26 19:07:30.774017,1,1.5,0,0,0,0,0,0,0,0
20241227_upper_k1.0_1583_2024-12-27T14:30:00.324187,2024-12-27,2024-12-27 14:30:00.324187,1,11.75,0,0,0,0,1,0,0,0
20241227_upper_k1.0_1584_2024-12-27T14:47:28.145193,2024-12-27,2024-12-27 14:47:28.145193,1,5.5,0,0,0,0,0,0,0,0
20241227_upper_k1.0_1585_2024-12-27T18:54:50.921464,2024-12-27,2024-12-27 18:54:50.921464,1,3.0,0,0,0,0,0,0,0,0
20241227_upper_k1.0_1586_2024-12-27T19:23:48.502542,2024-12-27,2024-12-27 19:23:48.502542,1,1.5,0,0,0,0,0,0,0,0
20241227_upper_k1.0_1587_2024-12-27T20:11:29.900168,2024-12-27,2024-12-27 20:11:29.900168,1,8.75,0,0,0,0,0,0,0,0
20241227_upper_k1.0_1588_2024-12-27T20:29:22.341780,2024-12-27,2024-12-27 20:29:22.341780,1,8.25,0,0,0,0,0,0,0,0
20241227_upper_k1.0_1589_2024-12-27T20:50:00.033965,2024-12-27,2024-12-27 20:50:00.033965,0,0.25,0,0,0,0,0,0,0,0
20241230_upper_k1.0_1590_2024-12-30T14:30:00.009986,2024-12-30,2024-12-30 14:30:00.009986,1,15.5,0,0,0,0,0,0,0,0
20241230_upper_k1.0_1591_2024-12-30T15:39:36.173485,2024-12-30,2024-12-30 15:39:36.173485,1,8.75,0,0,0,0,0,0,0,0
20241230_upper_k1.0_1592_2024-12-30T15:55:07.290506,2024-12-30,2024-12-30 15:55:07.290506,0,0.75,0,0,0,0,0,0,0,0
20241230_upper_k1.0_1593_2024-12-30T20:59:34.164371,2024-12-30,2024-12-30 20:59:34.164371,1,2.25,0,0,0,0,0,0,0,0
20241231_upper_k1.0_1594_2024-12-31T14:30:00.152474,2024-12-31,2024-12-31 14:30:00.152474,1,10.5,0,0,0,0,0,0,0,0
20241231_upper_k1.0_1595_2024-12-31T14:46:19.584298,2024-12-31,2024-12-31 14:46:19.584298,1,11.25,0,0,0,0,1,0,0,0
20241231_upper_k1.0_1596_2024-12-31T15:04:25.422519,2024-12-31,2024-12-31 15:04:25.422519,1,18.0,0,0,0,0,0,0,0,0
20241231_upper_k1.0_1597_2024-12-31T15:28:20.298114,2024-12-31,2024-12-31 15:28:20.298114,1,12.0,1,1,1,1,0,0,1,1
20250102_upper_k1.0_1598_2025-01-02T14:30:00.071433,2025-01-02,2025-01-02 14:30:00.071433,1,32.5,1,1,1,1,1,0,1,1
20250102_upper_k1.0_1599_2025-01-02T14:48:05.271094,2025-01-02,2025-01-02 14:48:05.271094,1,3.5,0,1,0,0,0,0,0,0
20250102_upper_k1.0_1600_2025-01-02T15:20:28.442169,2025-01-02,2025-01-02 15:20:28.442169,1,18.0,1,1,1,1,0,0,1,1
20250102_upper_k1.0_1601_2025-01-02T15:52:14.574475,2025-01-02,2025-01-02 15:52:14.574475,1,14.25,0,0,0,0,0,0,0,0
20250102_upper_k1.0_1602_2025-01-02T16:39:23.633390,2025-01-02,2025-01-02 16:39:23.633390,1,3.75,0,0,0,0,0,0,0,0
20250102_upper_k1.0_1603_2025-01-02T17:02:05.542075,2025-01-02,2025-01-02 17:02:05.542075,1,8.75,0,0,0,0,0,0,0,0
20250103_upper_k1.0_1604_2025-01-03T14:30:00.044940,2025-01-03,2025-01-03 14:30:00.044940,1,6.0,0,0,0,0,0,0,0,0
20250103_upper_k1.0_1605_2025-01-03T14:47:01.019160,2025-01-03,2025-01-03 14:47:01.019160,1,18.5,0,0,0,0,0,0,0,0
20250103_upper_k1.0_1606_2025-01-03T15:04:02.911774,2025-01-03,2025-01-03 15:04:02.911774,1,6.5,1,0,1,1,0,1,1,0
20250103_upper_k1.0_1607_2025-01-03T15:27:30.026718,2025-01-03,2025-01-03 15:27:30.026718,1,8.25,0,0,0,0,0,0,0,0
20250103_upper_k1.0_1608_2025-01-03T15:54:08.219343,2025-01-03,2025-01-03 15:54:08.219343,0,0.25,1,1,0,0,0,0,0,0
20250103_upper_k1.0_1609_2025-01-03T16:09:14.990699,2025-01-03,2025-01-03 16:09:14.990699,1,3.25,0,0,0,0,0,0,0,0
20250106_upper_k1.0_1610_2025-01-06T14:30:00.063933,2025-01-06,2025-01-06 14:30:00.063933,1,4.25,0,0,0,0,0,0,0,1
20250106_upper_k1.0_1611_2025-01-06T17:28:36.593529,2025-01-06,2025-01-06 17:28:36.593529,1,1.0,0,0,0,0,0,0,0,0
20250107_upper_k1.0_1612_2025-01-07T14:30:00.043032,2025-01-07,2025-01-07 14:30:00.043032,1,12.75,0,0,0,0,0,0,0,0
20250107_upper_k1.0_1613_2025-01-07T14:45:17.530785,2025-01-07,2025-01-07 14:45:17.530785,1,6.5,0,0,0,0,0,0,0,0
20250108_upper_k1.0_1614_2025-01-08T14:30:00.101982,2025-01-08,2025-01-08 14:30:00.101982,1,14.0,0,1,0,0,0,0,0,1
20250108_upper_k1.0_1615_2025-01-08T14:49:17.648143,2025-01-08,2025-01-08 14:49:17.648143,1,14.75,0,0,0,0,0,1,0,0
20250108_upper_k1.0_1616_2025-01-08T15:35:31.080096,2025-01-08,2025-01-08 15:35:31.080096,1,9.0,0,0,0,0,0,0,0,0
20250108_upper_k1.0_1617_2025-01-08T15:50:36.569056,2025-01-08,2025-01-08 15:50:36.569056,0,0.5,0,0,0,0,0,0,0,0
20250108_upper_k1.0_1618_2025-01-08T16:06:07.505548,2025-01-08,2025-01-08 16:06:07.505548,1,4.5,0,0,0,0,0,0,0,0
20250108_upper_k1.0_1619_2025-01-08T17:07:33.848527,2025-01-08,2025-01-08 17:07:33.848527,1,9.25,0,0,0,0,0,0,0,0
20250108_upper_k1.0_1620_2025-01-08T18:02:05.750626,2025-01-08,2025-01-08 18:02:05.750626,1,1.5,0,1,0,0,1,1,0,1
20250108_upper_k1.0_1621_2025-01-08T18:52:42.165522,2025-01-08,2025-01-08 18:52:42.165522,1,9.25,0,0,0,0,0,0,0,0
20250108_upper_k1.0_1622_2025-01-08T20:14:23.744553,2025-01-08,2025-01-08 20:14:23.744553,1,1.75,0,0,0,0,0,0,0,0
20250110_upper_k1.0_1623_2025-01-10T14:30:00.027105,2025-01-10,2025-01-10 14:30:00.027105,1,24.25,0,0,0,0,0,0,0,0
20250110_upper_k1.0_1624_2025-01-10T14:45:35.240153,2025-01-10,2025-01-10 14:45:35.240153,1,24.5,0,0,0,0,0,0,0,0
20250110_upper_k1.0_1625_2025-01-10T15:34:09.081144,2025-01-10,2025-01-10 15:34:09.081144,1,7.0,0,0,0,0,1,0,0,0
20250110_upper_k1.0_1626_2025-01-10T15:50:23.754744,2025-01-10,2025-01-10 15:50:23.754744,1,17.25,1,1,1,1,0,0,0,0
20250110_upper_k1.0_1627_2025-01-10T17:57:43.801387,2025-01-10,2025-01-10 17:57:43.801387,1,5.5,0,0,0,0,0,0,0,0
20250110_upper_k1.0_1628_2025-01-10T19:10:07.100206,2025-01-10,2025-01-10 19:10:07.100206,1,1.5,0,0,0,0,0,0,0,1
20250110_upper_k1.0_1629_2025-01-10T19:31:14.218462,2025-01-10,2025-01-10 19:31:14.218462,1,3.25,1,1,0,0,0,0,1,1
20250110_upper_k1.0_1630_2025-01-10T19:46:19.830079,2025-01-10,2025-01-10 19:46:19.830079,1,5.5,0,0,0,0,0,0,0,0
20250110_upper_k1.0_1631_2025-01-10T20:02:40.281391,2025-01-10,2025-01-10 20:02:40.281391,1,3.5,0,0,0,0,0,0,0,0
20250113_upper_k1.0_1632_2025-01-13T14:30:00.087458,2025-01-13,2025-01-13 14:30:00.087458,1,3.25,0,1,0,0,0,0,0,0
20250113_upper_k1.0_1633_2025-01-13T14:46:05.338344,2025-01-13,2025-01-13 14:46:05.338344,1,1.0,1,1,1,1,0,0,0,0
20250113_upper_k1.0_1634_2025-01-13T15:11:10.474019,2025-01-13,2025-01-13 15:11:10.474019,1,4.75,0,1,0,0,0,0,0,1
20250113_upper_k1.0_1635_2025-01-13T15:31:19.442736,2025-01-13,2025-01-13 15:31:19.442736,1,5.5,0,0,0,0,0,0,0,0
20250113_upper_k1.0_1636_2025-01-13T16:04:38.682251,2025-01-13,2025-01-13 16:04:38.682251,1,5.0,0,0,0,0,1,0,0,0
20250113_upper_k1.0_1637_2025-01-13T16:20:01.203720,2025-01-13,2025-01-13 16:20:01.203720,1,4.75,0,0,0,0,0,0,0,0
20250113_upper_k1.0_1638_2025-01-13T16:35:15.011830,2025-01-13,2025-01-13 16:35:15.011830,1,6.5,0,0,0,0,0,0,0,0
20250113_upper_k1.0_1639_2025-01-13T16:50:57.141574,2025-01-13,2025-01-13 16:50:57.141574,1,15.5,0,0,0,0,0,0,0,0
20250113_upper_k1.0_1640_2025-01-13T17:09:38.858861,2025-01-13,2025-01-13 17:09:38.858861,0,0.75,0,0,0,0,0,0,0,0
20250114_upper_k1.0_1641_2025-01-14T14:30:00.081681,2025-01-14,2025-01-14 14:30:00.081681,1,11.0,0,0,0,0,0,0,0,0
20250114_upper_k1.0_1642_2025-01-14T14:46:05.085050,2025-01-14,2025-01-14 14:46:05.085050,1,21.0,1,1,0,0,1,0,1,1
20250114_upper_k1.0_1643_2025-01-14T15:06:47.090318,2025-01-14,2025-01-14 15:06:47.090318,1,1.5,0,0,0,0,0,0,0,0
20250114_upper_k1.0_1644_2025-01-14T15:21:51.391860,2025-01-14,2025-01-14 15:21:51.391860,1,9.25,1,1,0,0,1,0,1,1
20250114_upper_k1.0_1645_2025-01-14T18:26:42.355352,2025-01-14,2025-01-14 18:26:42.355352,1,1.25,0,0,0,0,0,0,0,0
20250114_upper_k1.0_1646_2025-01-14T19:53:12.300399,2025-01-14,2025-01-14 19:53:12.300399,1,25.75,0,0,0,0,0,0,0,0
20250114_upper_k1.0_1647_2025-01-14T20:51:43.480688,2025-01-14,2025-01-14 20:51:43.480688,1,3.75,0,0,0,0,0,0,0,0
20250115_upper_k1.0_1648_2025-01-15T14:30:00.062747,2025-01-15,2025-01-15 14:30:00.062747,1,12.5,0,0,0,0,1,0,0,0
20250115_upper_k1.0_1649_2025-01-15T15:35:59.337277,2025-01-15,2025-01-15 15:35:59.337277,1,3.5,0,0,0,0,0,0,0,0
20250115_upper_k1.0_1650_2025-01-15T15:52:49.516205,2025-01-15,2025-01-15 15:52:49.516205,1,5.75,0,0,0,0,0,0,0,0
20250115_upper_k1.0_1651_2025-01-15T16:13:25.910084,2025-01-15,2025-01-15 16:13:25.910084,1,9.75,0,0,0,0,0,0,0,0
20250115_upper_k1.0_1652_2025-01-15T17:32:21.592119,2025-01-15,2025-01-15 17:32:21.592119,0,0.75,0,0,0,0,0,0,0,0
20250115_upper_k1.0_1653_2025-01-15T17:52:13.600604,2025-01-15,2025-01-15 17:52:13.600604,1,5.5,0,0,0,0,0,0,0,0
20250115_upper_k1.0_1654_2025-01-15T18:08:57.471581,2025-01-15,2025-01-15 18:08:57.471581,0,0.5,0,0,0,0,0,0,0,0
20250116_upper_k1.0_1655_2025-01-16T14:30:00.021174,2025-01-16,2025-01-16 14:30:00.021174,1,9.0,0,0,0,0,0,0,0,0
20250116_upper_k1.0_1656_2025-01-16T15:08:18.820694,2025-01-16,2025-01-16 15:08:18.820694,1,12.0,0,0,0,0,0,0,0,0
20250116_upper_k1.0_1657_2025-01-16T15:33:32.331352,2025-01-16,2025-01-16 15:33:32.331352,1,11.25,0,0,0,0,0,0,0,0
20250116_upper_k1.0_1658_2025-01-16T15:51:20.620073,2025-01-16,2025-01-16 15:51:20.620073,1,5.0,0,0,0,0,1,0,0,0
20250116_upper_k1.0_1659_2025-01-16T16:17:26.374192,2025-01-16,2025-01-16 16:17:26.374192,1,4.5,0,0,0,0,0,0,0,0
20250116_upper_k1.0_1660_2025-01-16T16:35:07.163649,2025-01-16,2025-01-16 16:35:07.163649,1,12.25,0,0,0,0,0,0,0,0
20250116_upper_k1.0_1661_2025-01-16T16:52:21.350741,2025-01-16,2025-01-16 16:52:21.350741,1,2.5,0,0,0,0,0,0,0,0
20250116_upper_k1.0_1662_2025-01-16T17:18:18.482126,2025-01-16,2025-01-16 17:18:18.482126,1,2.5,0,0,0,0,0,0,0,0
20250116_upper_k1.0_1663_2025-01-16T17:36:28.204276,2025-01-16,2025-01-16 17:36:28.204276,1,1.25,0,0,0,0,0,0,0,0
20250116_upper_k1.0_1664_2025-01-16T17:51:35.162623,2025-01-16,2025-01-16 17:51:35.162623,1,2.5,0,0,0,0,0,0,0,0
20250116_upper_k1.0_1665_2025-01-16T18:07:55.582238,2025-01-16,2025-01-16 18:07:55.582238,1,3.5,0,0,0,0,0,0,0,0
20250116_upper_k1.0_1666_2025-01-16T18:25:09.225498,2025-01-16,2025-01-16 18:25:09.225498,1,11.0,0,0,0,0,0,0,0,0
20250116_upper_k1.0_1667_2025-01-16T19:56:05.200064,2025-01-16,2025-01-16 19:56:05.200064,0,0.75,0,0,0,0,0,0,0,0
20250116_upper_k1.0_1668_2025-01-16T20:14:36.400704,2025-01-16,2025-01-16 20:14:36.400704,1,9.25,0,0,0,0,0,0,0,0
20250116_upper_k1.0_1669_2025-01-16T20:37:53.960201,2025-01-16,2025-01-16 20:37:53.960201,1,3.25,0,0,0,0,0,0,0,0
20250117_upper_k1.0_1670_2025-01-17T14:30:00.023708,2025-01-17,2025-01-17 14:30:00.023708,1,10.5,0,0,0,0,0,0,0,0
20250117_upper_k1.0_1671_2025-01-17T14:45:52.970139,2025-01-17,2025-01-17 14:45:52.970139,1,3.25,0,0,0,0,0,0,0,0
20250117_upper_k1.0_1672_2025-01-17T15:00:54.446514,2025-01-17,2025-01-17 15:00:54.446514,1,2.0,0,0,0,0,0,0,0,0
20250117_upper_k1.0_1673_2025-01-17T15:21:07.210598,2025-01-17,2025-01-17 15:21:07.210598,1,8.0,0,0,0,0,0,0,0,0
20250117_upper_k1.0_1674_2025-01-17T20:01:11.405683,2025-01-17,2025-01-17 20:01:11.405683,1,3.0,0,0,0,0,0,0,0,0
20250117_upper_k1.0_1675_2025-01-17T20:51:16.191390,2025-01-17,2025-01-17 20:51:16.191390,1,5.25,0,0,0,0,0,0,0,0
20250120_upper_k1.0_1676_2025-01-20T14:30:00.064872,2025-01-20,2025-01-20 14:30:00.064872,1,1.75,0,0,0,0,0,0,1,1
20250120_upper_k1.0_1677_2025-01-20T14:48:28.530399,2025-01-20,2025-01-20 14:48:28.530399,1,7.75,0,0,0,0,0,0,0,0
20250120_upper_k1.0_1678_2025-01-20T17:54:46.231642,2025-01-20,2025-01-20 17:54:46.231642,1,6.75,0,0,1,1,0,0,1,1
20250121_upper_k1.0_1679_2025-01-21T14:30:00.019608,2025-01-21,2025-01-21 14:30:00.019608,1,7.0,0,1,0,0,1,0,0,1
20250121_upper_k1.0_1680_2025-01-21T14:45:38.340012,2025-01-21,2025-01-21 14:45:38.340012,1,10.0,0,0,0,0,0,0,0,0
20250121_upper_k1.0_1681_2025-01-21T15:08:49.621975,2025-01-21,2025-01-21 15:08:49.621975,1,19.0,0,0,0,0,0,0,0,0
20250121_upper_k1.0_1682_2025-01-21T15:29:03.170947,2025-01-21,2025-01-21 15:29:03.170947,1,5.5,0,0,0,0,0,0,0,0
20250121_upper_k1.0_1683_2025-01-21T15:45:35.031073,2025-01-21,2025-01-21 15:45:35.031073,1,8.25,0,0,0,0,0,0,0,0
20250121_upper_k1.0_1684_2025-01-21T16:04:18.771495,2025-01-21,2025-01-21 16:04:18.771495,0,0.75,0,0,0,0,0,0,0,0
20250121_upper_k1.0_1685_2025-01-21T16:44:20.201617,2025-01-21,2025-01-21 16:44:20.201617,1,1.5,0,0,0,0,0,0,0,0
20250122_upper_k1.0_1686_2025-01-22T14:30:00.019660,2025-01-22,2025-01-22 14:30:00.019660,1,5.25,0,0,0,0,0,0,0,0
20250122_upper_k1.0_1687_2025-01-22T14:45:00.871723,2025-01-22,2025-01-22 14:45:00.871723,1,1.5,0,0,0,0,0,0,0,0
20250122_upper_k1.0_1688_2025-01-22T15:02:03.589645,2025-01-22,2025-01-22 15:02:03.589645,1,1.0,1,1,1,1,0,0,1,1
20250122_upper_k1.0_1689_2025-01-22T16:00:48.891466,2025-01-22,2025-01-22 16:00:48.891466,0,0.75,0,0,0,0,0,0,0,0
20250122_upper_k1.0_1690_2025-01-22T19:00:30.506284,2025-01-22,2025-01-22 19:00:30.506284,0,0.25,0,0,0,0,0,0,0,0
20250122_upper_k1.0_1691_2025-01-22T19:31:27.710393,2025-01-22,2025-01-22 19:31:27.710393,0,0.75,0,0,0,0,0,0,0,0
20250122_upper_k1.0_1692_2025-01-22T20:36:58.355050,2025-01-22,2025-01-22 20:36:58.355050,1,2.25,0,0,0,0,0,0,0,0
20250123_upper_k1.0_1693_2025-01-23T14:30:00.029265,2025-01-23,2025-01-23 14:30:00.029265,1,2.75,0,0,0,0,1,0,0,0
20250123_upper_k1.0_1694_2025-01-23T14:56:10.000956,2025-01-23,2025-01-23 14:56:10.000956,1,3.75,0,0,0,0,0,0,0,0
20250123_upper_k1.0_1695_2025-01-23T15:12:19.840068,2025-01-23,2025-01-23 15:12:19.840068,1,2.0,0,0,0,0,0,0,0,0
20250123_upper_k1.0_1696_2025-01-23T15:33:23.160621,2025-01-23,2025-01-23 15:33:23.160621,0,0.5,0,0,0,0,0,0,0,0
20250124_upper_k1.0_1697_2025-01-24T14:30:00.045435,2025-01-24,2025-01-24 14:30:00.045435,1,1.5,0,0,0,0,0,0,0,0
20250124_upper_k1.0_1698_2025-01-24T14:52:33.301627,2025-01-24,2025-01-24 14:52:33.301627,1,4.25,0,0,0,0,0,0,0,0
20250124_upper_k1.0_1699_2025-01-24T16:25:25.520041,2025-01-24,2025-01-24 16:25:25.520041,0,0.75,0,0,0,0,0,0,0,0
20250124_upper_k1.0_1700_2025-01-24T16:56:29.240121,2025-01-24,2025-01-24 16:56:29.240121,1,6.25,0,0,0,0,0,0,0,0
20250124_upper_k1.0_1701_2025-01-24T17:22:27.862917,2025-01-24,2025-01-24 17:22:27.862917,1,5.5,0,0,0,0,0,0,0,0
20250127_upper_k1.0_1702_2025-01-27T14:30:00.026807,2025-01-27,2025-01-27 14:30:00.026807,1,1.25,0,0,0,0,1,0,0,0
20250127_upper_k1.0_1703_2025-01-27T14:45:03.304957,2025-01-27,2025-01-27 14:45:03.304957,0,0.0,1,1,1,1,0,0,0,0
20250127_upper_k1.0_1704_2025-01-27T15:04:11.722464,2025-01-27,2025-01-27 15:04:11.722464,1,3.0,1,1,0,1,1,0,0,0
20250127_upper_k1.0_1705_2025-01-27T15:23:26.320355,2025-01-27,2025-01-27 15:23:26.320355,0,0.0,0,0,0,0,0,0,0,0
20250127_upper_k1.0_1706_2025-01-27T15:57:24.883323,2025-01-27,2025-01-27 15:57:24.883323,1,11.0,1,1,0,0,0,0,0,0
20250127_upper_k1.0_1707_2025-01-27T17:03:37.641627,2025-01-27,2025-01-27 17:03:37.641627,1,12.25,0,0,0,0,0,0,0,0
20250127_upper_k1.0_1708_2025-01-27T17:28:08.666774,2025-01-27,2025-01-27 17:28:08.666774,1,4.75,0,0,0,0,0,0,0,0
20250127_upper_k1.0_1709_2025-01-27T17:43:13.040375,2025-01-27,2025-01-27 17:43:13.040375,1,14.75,0,0,0,0,0,0,0,0
20250127_upper_k1.0_1710_2025-01-27T19:18:05.630617,2025-01-27,2025-01-27 19:18:05.630617,1,3.0,0,0,0,0,0,0,0,0
20250127_upper_k1.0_1711_2025-01-27T19:44:04.463543,2025-01-27,2025-01-27 19:44:04.463543,1,13.5,0,0,0,0,0,0,0,1
20250127_upper_k1.0_1712_2025-01-27T20:11:34.062890,2025-01-27,2025-01-27 20:11:34.062890,1,8.0,0,0,0,0,0,0,0,0
20250127_upper_k1.0_1713_2025-01-27T20:28:28.272150,2025-01-27,2025-01-27 20:28:28.272150,1,4.5,0,0,0,0,0,0,0,0
20250127_upper_k1.0_1714_2025-01-27T20:53:34.193317,2025-01-27,2025-01-27 20:53:34.193317,1,1.5,0,0,0,0,0,0,0,0
20250128_upper_k1.0_1715_2025-01-28T14:30:00.075059,2025-01-28,2025-01-28 14:30:00.075059,1,19.25,0,0,0,0,0,0,0,0
20250128_upper_k1.0_1716_2025-01-28T14:59:20.556693,2025-01-28,2025-01-28 14:59:20.556693,1,1.5,0,0,0,0,0,0,0,0
20250128_upper_k1.0_1717_2025-01-28T16:36:01.920029,2025-01-28,2025-01-28 16:36:01.920029,1,1.75,0,0,0,0,0,0,0,0
20250128_upper_k1.0_1718_2025-01-28T16:51:29.952264,2025-01-28,2025-01-28 16:51:29.952264,1,2.0,0,0,0,0,0,0,0,0
20250129_upper_k1.0_1719_2025-01-29T14:30:00.048134,2025-01-29,2025-01-29 14:30:00.048134,1,9.5,0,1,0,0,1,0,0,1
20250129_upper_k1.0_1720_2025-01-29T14:52:47.391828,2025-01-29,2025-01-29 14:52:47.391828,1,3.25,0,0,0,0,0,0,0,0
20250129_upper_k1.0_1721_2025-01-29T15:11:51.832980,2025-01-29,2025-01-29 15:11:51.832980,1,7.0,0,0,0,0,0,0,0,0
20250129_upper_k1.0_1722_2025-01-29T15:41:08.980167,2025-01-29,2025-01-29 15:41:08.980167,1,8.75,0,0,0,0,0,0,0,0
20250129_upper_k1.0_1723_2025-01-29T17:05:06.984772,2025-01-29,2025-01-29 17:05:06.984772,1,4.0,0,0,0,0,0,0,0,0
20250129_upper_k1.0_1724_2025-01-29T17:20:49.052228,2025-01-29,2025-01-29 17:20:49.052228,1,2.25,0,0,0,0,0,0,0,0
20250129_upper_k1.0_1725_2025-01-29T17:35:50.300674,2025-01-29,2025-01-29 17:35:50.300674,1,4.75,0,0,0,0,0,0,0,0
20250129_upper_k1.0_1726_2025-01-29T18:31:40.261536,2025-01-29,2025-01-29 18:31:40.261536,1,13.0,0,0,0,0,0,0,0,0
20250129_upper_k1.0_1727_2025-01-29T19:40:32.220193,2025-01-29,2025-01-29 19:40:32.220193,1,4.5,0,1,0,0,1,1,0,1
20250129_upper_k1.0_1728_2025-01-29T19:55:45.530680,2025-01-29,2025-01-29 19:55:45.530680,1,13.25,1,1,1,1,0,0,1,1
20250129_upper_k1.0_1729_2025-01-29T20:11:02.170912,2025-01-29,2025-01-29 20:11:02.170912,1,17.75,0,1,0,0,0,1,0,1
20250129_upper_k1.0_1730_2025-01-29T20:37:27.445617,2025-01-29,2025-01-29 20:37:27.445617,1,8.25,0,0,0,0,0,0,0,0
20250129_upper_k1.0_1731_2025-01-29T20:55:03.100081,2025-01-29,2025-01-29 20:55:03.100081,1,7.75,0,0,0,0,0,0,0,0
20250130_upper_k1.0_1732_2025-01-30T14:30:00.095305,2025-01-30,2025-01-30 14:30:00.095305,1,6.5,0,0,0,0,0,0,0,0
20250130_upper_k1.0_1733_2025-01-30T14:58:42.020556,2025-01-30,2025-01-30 14:58:42.020556,1,19.0,0,0,0,0,0,0,0,0
20250130_upper_k1.0_1734_2025-01-30T16:50:30.410598,2025-01-30,2025-01-30 16:50:30.410598,0,0.5,0,0,0,0,0,0,0,0
20250130_upper_k1.0_1735_2025-01-30T17:06:32.050806,2025-01-30,2025-01-30 17:06:32.050806,1,5.5,0,0,0,0,0,0,0,0
20250130_upper_k1.0_1736_2025-01-30T18:00:06.340069,2025-01-30,2025-01-30 18:00:06.340069,1,2.5,0,0,0,0,0,0,0,0
20250130_upper_k1.0_1737_2025-01-30T20:39:20.370492,2025-01-30,2025-01-30 20:39:20.370492,1,23.25,1,1,1,1,1,1,1,1
20250131_upper_k1.0_1738_2025-01-31T14:30:00.023896,2025-01-31,2025-01-31 14:30:00.023896,1,4.5,0,0,0,0,0,0,0,0
20250131_upper_k1.0_1739_2025-01-31T14:45:18.754339,2025-01-31,2025-01-31 14:45:18.754339,1,3.25,0,0,0,0,0,0,0,0
20250131_upper_k1.0_1740_2025-01-31T16:39:22.093451,2025-01-31,2025-01-31 16:39:22.093451,1,1.75,0,0,0,0,0,0,0,0
20250131_upper_k1.0_1741_2025-01-31T16:55:43.580393,2025-01-31,2025-01-31 16:55:43.580393,1,4.75,0,0,0,0,0,0,0,0
20250131_upper_k1.0_1742_2025-01-31T17:12:59.410344,2025-01-31,2025-01-31 17:12:59.410344,1,3.75,0,0,0,0,0,0,0,0
20250131_upper_k1.0_1743_2025-01-31T18:18:55.010513,2025-01-31,2025-01-31 18:18:55.010513,1,22.0,0,0,0,0,0,0,0,0
20250203_upper_k1.0_1744_2025-02-03T14:30:00.033913,2025-02-03,2025-02-03 14:30:00.033913,1,8.25,1,1,1,1,1,0,1,1
20250203_upper_k1.0_1745_2025-02-03T14:45:01.200188,2025-02-03,2025-02-03 14:45:01.200188,1,20.0,1,1,1,1,1,1,1,1
20250203_upper_k1.0_1746_2025-02-03T15:22:03.223780,2025-02-03,2025-02-03 15:22:03.223780,1,3.5,1,1,1,1,1,0,1,1
20250204_upper_k1.0_1747_2025-02-04T14:30:00.092799,2025-02-04,2025-02-04 14:30:00.092799,1,5.75,0,0,0,0,0,0,0,0
20250204_upper_k1.0_1748_2025-02-04T14:46:01.040305,2025-02-04,2025-02-04 14:46:01.040305,1,1.5,0,0,0,0,0,0,0,0
20250204_upper_k1.0_1749_2025-02-04T17:17:14.281908,2025-02-04,2025-02-04 17:17:14.281908,1,3.75,1,1,1,1,0,0,0,0
20250204_upper_k1.0_1750_2025-02-04T17:36:52.661954,2025-02-04,2025-02-04 17:36:52.661954,1,4.0,0,0,0,0,1,0,0,0
20250204_upper_k1.0_1751_2025-02-04T18:06:24.112849,2025-02-04,2025-02-04 18:06:24.112849,1,2.5,0,0,0,0,0,0,0,0
20250205_upper_k1.0_1752_2025-02-05T14:30:00.038450,2025-02-05,2025-02-05 14:30:00.038450,1,5.0,0,0,0,0,0,0,0,0
20250205_upper_k1.0_1753_2025-02-05T14:49:38.971613,2025-02-05,2025-02-05 14:49:38.971613,1,13.5,0,0,0,0,0,0,0,0
20250205_upper_k1.0_1754_2025-02-05T15:24:19.610004,2025-02-05,2025-02-05 15:24:19.610004,1,3.5,0,0,0,0,0,0,0,0
20250205_upper_k1.0_1755_2025-02-05T16:17:44.901813,2025-02-05,2025-02-05 16:17:44.901813,1,3.0,0,0,0,0,0,0,0,0
20250206_upper_k1.0_1756_2025-02-06T14:30:00.053684,2025-02-06,2025-02-06 14:30:00.053684,1,9.0,0,0,0,0,0,0,0,0
20250206_upper_k1.0_1757_2025-02-06T14:50:01.870362,2025-02-06,2025-02-06 14:50:01.870362,1,7.75,0,0,0,0,0,0,0,0
20250206_upper_k1.0_1758_2025-02-06T15:10:22.280117,2025-02-06,2025-02-06 15:10:22.280117,1,1.5,0,0,0,0,0,0,0,0
20250206_upper_k1.0_1759_2025-02-06T15:38:27.941467,2025-02-06,2025-02-06 15:38:27.941467,1,14.5,0,0,0,0,0,0,0,0
20250206_upper_k1.0_1760_2025-02-06T16:10:32.502727,2025-02-06,2025-02-06 16:10:32.502727,1,1.25,0,0,0,0,0,0,0,0
20250206_upper_k1.0_1761_2025-02-06T16:30:48.976225,2025-02-06,2025-02-06 16:30:48.976225,1,3.75,0,0,0,0,0,0,0,0
20250206_upper_k1.0_1762_2025-02-06T16:51:20.751576,2025-02-06,2025-02-06 16:51:20.751576,1,6.0,0,0,0,0,0,0,0,0
20250206_upper_k1.0_1763_2025-02-06T17:20:11.253028,2025-02-06,2025-02-06 17:20:11.253028,1,3.75,0,0,0,0,0,0,0,0
20250206_upper_k1.0_1764_2025-02-06T17:36:10.061640,2025-02-06,2025-02-06 17:36:10.061640,1,1.5,0,0,0,0,0,0,0,0
20250206_upper_k1.0_1765_2025-02-06T18:09:54.650112,2025-02-06,2025-02-06 18:09:54.650112,1,1.5,0,0,0,0,0,0,0,0
20250206_upper_k1.0_1766_2025-02-06T18:37:43.991422,2025-02-06,2025-02-06 18:37:43.991422,1,2.75,0,0,0,0,0,0,0,0
20250206_upper_k1.0_1767_2025-02-06T19:02:52.980184,2025-02-06,2025-02-06 19:02:52.980184,1,2.5,0,0,0,0,0,0,0,0
20250206_upper_k1.0_1768_2025-02-06T19:18:38.624668,2025-02-06,2025-02-06 19:18:38.624668,1,10.75,0,0,0,0,0,0,0,0
20250206_upper_k1.0_1769_2025-02-06T20:41:29.510024,2025-02-06,2025-02-06 20:41:29.510024,1,2.0,0,0,0,0,0,0,0,0
20250207_upper_k1.0_1770_2025-02-07T14:30:00.061419,2025-02-07,2025-02-07 14:30:00.061419,1,3.75,0,0,0,0,0,0,1,0
20250207_upper_k1.0_1771_2025-02-07T14:57:30.331707,2025-02-07,2025-02-07 14:57:30.331707,1,33.0,0,0,0,0,0,0,0,0
20250207_upper_k1.0_1772_2025-02-07T18:15:18.943162,2025-02-07,2025-02-07 18:15:18.943162,1,7.25,0,0,0,0,0,0,0,0
20250210_upper_k1.0_1773_2025-02-10T14:30:00.025450,2025-02-10,2025-02-10 14:30:00.025450,1,12.25,0,0,0,0,0,0,0,0
20250210_upper_k1.0_1774_2025-02-10T14:54:23.341941,2025-02-10,2025-02-10 14:54:23.341941,1,3.5,0,0,0,0,0,0,0,0
20250210_upper_k1.0_1775_2025-02-10T16:15:57.789180,2025-02-10,2025-02-10 16:15:57.789180,1,2.5,0,0,0,0,0,0,0,0
20250210_upper_k1.0_1776_2025-02-10T16:31:02.191762,2025-02-10,2025-02-10 16:31:02.191762,1,4.25,0,0,0,0,0,0,0,0
20250210_upper_k1.0_1777_2025-02-10T16:46:09.760043,2025-02-10,2025-02-10 16:46:09.760043,1,3.0,0,0,0,0,0,0,0,0
20250210_upper_k1.0_1778_2025-02-10T17:02:26.260000,2025-02-10,2025-02-10 17:02:26.260000,1,10.75,0,0,0,0,0,0,0,0
20250210_upper_k1.0_1779_2025-02-10T17:37:26.610711,2025-02-10,2025-02-10 17:37:26.610711,1,1.25,0,0,0,0,0,0,0,0
20250210_upper_k1.0_1780_2025-02-10T20:51:24.122752,2025-02-10,2025-02-10 20:51:24.122752,1,3.0,0,0,0,0,0,0,0,0
20250211_upper_k1.0_1781_2025-02-11T14:30:00.032084,2025-02-11,2025-02-11 14:30:00.032084,1,1.5,0,0,0,0,0,0,0,0
20250211_upper_k1.0_1782_2025-02-11T14:47:22.482893,2025-02-11,2025-02-11 14:47:22.482893,1,1.0,0,0,0,0,0,0,0,0
20250211_upper_k1.0_1783_2025-02-11T15:04:01.900184,2025-02-11,2025-02-11 15:04:01.900184,1,7.5,0,0,0,0,0,0,1,0
20250211_upper_k1.0_1784_2025-02-11T15:19:38.131740,2025-02-11,2025-02-11 15:19:38.131740,1,2.0,0,0,0,0,0,0,0,0
20250211_upper_k1.0_1785_2025-02-11T16:55:43.763155,2025-02-11,2025-02-11 16:55:43.763155,1,5.0,0,0,0,0,0,0,0,0
20250211_upper_k1.0_1786_2025-02-11T17:22:15.640082,2025-02-11,2025-02-11 17:22:15.640082,0,0.25,0,0,0,0,0,0,0,0
20250211_upper_k1.0_1787_2025-02-11T17:38:27.163168,2025-02-11,2025-02-11 17:38:27.163168,1,1.75,0,0,0,0,0,0,0,0
20250211_upper_k1.0_1788_2025-02-11T18:10:37.082649,2025-02-11,2025-02-11 18:10:37.082649,1,4.75,0,0,0,0,0,0,0,0
20250211_upper_k1.0_1789_2025-02-11T18:26:24.880055,2025-02-11,2025-02-11 18:26:24.880055,1,1.5,0,0,0,0,0,0,0,0
20250212_upper_k1.0_1790_2025-02-12T14:30:00.016771,2025-02-12,2025-02-12 14:30:00.016771,1,7.25,0,0,0,0,0,0,0,0
20250212_upper_k1.0_1791_2025-02-12T15:02:13.841619,2025-02-12,2025-02-12 15:02:13.841619,1,8.75,0,0,0,0,0,0,0,0
20250212_upper_k1.0_1792_2025-02-12T16:11:50.964935,2025-02-12,2025-02-12 16:11:50.964935,1,5.5,0,0,0,0,0,0,0,0
20250212_upper_k1.0_1793_2025-02-12T16:36:46.908144,2025-02-12,2025-02-12 16:36:46.908144,0,0.25,0,0,0,0,0,0,0,0
20250213_upper_k1.0_1794_2025-02-13T14:30:00.036900,2025-02-13,2025-02-13 14:30:00.036900,1,13.25,0,0,0,0,0,0,0,0
20250213_upper_k1.0_1795_2025-02-13T14:45:47.280991,2025-02-13,2025-02-13 14:45:47.280991,1,4.75,0,0,0,0,0,0,0,0
20250213_upper_k1.0_1796_2025-02-13T15:07:02.720231,2025-02-13,2025-02-13 15:07:02.720231,1,5.0,0,0,0,0,0,0,0,0
20250213_upper_k1.0_1797_2025-02-13T16:57:35.973697,2025-02-13,2025-02-13 16:57:35.973697,1,2.5,0,0,0,0,0,0,0,0
20250213_upper_k1.0_1798_2025-02-13T17:57:34.641558,2025-02-13,2025-02-13 17:57:34.641558,1,3.0,0,0,0,0,0,0,0,0
20250213_upper_k1.0_1799_2025-02-13T18:16:26.323055,2025-02-13,2025-02-13 18:16:26.323055,1,10.75,0,0,0,0,0,0,0,0
20250213_upper_k1.0_1800_2025-02-13T18:40:43.412612,2025-02-13,2025-02-13 18:40:43.412612,1,8.0,0,0,0,0,0,0,0,0
20250214_upper_k1.0_1801_2025-02-14T14:30:00.043574,2025-02-14,2025-02-14 14:30:00.043574,1,2.5,0,0,0,0,0,0,0,0
20250214_upper_k1.0_1802_2025-02-14T14:54:21.210174,2025-02-14,2025-02-14 14:54:21.210174,1,3.0,0,0,0,0,0,0,0,0
20250214_upper_k1.0_1803_2025-02-14T15:15:40.357617,2025-02-14,2025-02-14 15:15:40.357617,1,3.5,0,0,0,0,0,0,0,0
20250214_upper_k1.0_1804_2025-02-14T15:49:23.421014,2025-02-14,2025-02-14 15:49:23.421014,1,1.5,0,0,0,0,0,0,0,0
20250214_upper_k1.0_1805_2025-02-14T16:13:40.456723,2025-02-14,2025-02-14 16:13:40.456723,1,11.0,0,0,0,0,0,0,0,0
20250214_upper_k1.0_1806_2025-02-14T18:32:49.165580,2025-02-14,2025-02-14 18:32:49.165580,0,0.5,0,0,0,0,0,0,0,0
20250214_upper_k1.0_1807_2025-02-14T19:34:44.221827,2025-02-14,2025-02-14 19:34:44.221827,1,2.25,0,0,0,0,0,0,0,0
20250214_upper_k1.0_1808_2025-02-14T19:59:07.151936,2025-02-14,2025-02-14 19:59:07.151936,1,3.75,0,0,0,0,0,0,0,0
20250214_upper_k1.0_1809_2025-02-14T20:19:04.970244,2025-02-14,2025-02-14 20:19:04.970244,1,6.75,0,0,0,0,0,0,0,0
20250214_upper_k1.0_1810_2025-02-14T20:53:13.837672,2025-02-14,2025-02-14 20:53:13.837672,1,7.25,0,0,0,0,0,0,0,0
20250217_upper_k1.0_1811_2025-02-17T14:30:05.569331,2025-02-17,2025-02-17 14:30:05.569331,1,7.25,0,0,0,0,0,0,1,1
20250217_upper_k1.0_1812_2025-02-17T15:18:22.570491,2025-02-17,2025-02-17 15:18:22.570491,0,0.25,1,0,0,0,0,0,0,0
20250217_upper_k1.0_1813_2025-02-17T15:52:32.940496,2025-02-17,2025-02-17 15:52:32.940496,0,0.75,0,0,0,0,0,0,0,0
20250218_upper_k1.0_1814_2025-02-18T14:30:00.013365,2025-02-18,2025-02-18 14:30:00.013365,1,6.5,0,0,0,0,0,0,0,0
20250218_upper_k1.0_1815_2025-02-18T14:53:20.520647,2025-02-18,2025-02-18 14:53:20.520647,1,12.75,0,0,0,0,0,0,0,0
20250218_upper_k1.0_1816_2025-02-18T15:43:24.505278,2025-02-18,2025-02-18 15:43:24.505278,1,5.5,0,0,0,0,0,0,0,0
20250218_upper_k1.0_1817_2025-02-18T16:20:30.627557,2025-02-18,2025-02-18 16:20:30.627557,1,5.25,0,0,0,0,0,0,0,0
20250218_upper_k1.0_1818_2025-02-18T16:35:51.490016,2025-02-18,2025-02-18 16:35:51.490016,1,1.25,0,0,0,0,0,0,0,0
20250218_upper_k1.0_1819_2025-02-18T16:58:28.134066,2025-02-18,2025-02-18 16:58:28.134066,1,4.75,0,0,0,0,0,0,0,0
20250218_upper_k1.0_1820_2025-02-18T17:32:03.830321,2025-02-18,2025-02-18 17:32:03.830321,1,2.5,0,0,0,0,0,0,0,0
20250218_upper_k1.0_1821_2025-02-18T17:49:21.605036,2025-02-18,2025-02-18 17:49:21.605036,0,0.75,0,0,0,0,0,0,0,0
20250218_upper_k1.0_1822_2025-02-18T19:54:04.864746,2025-02-18,2025-02-18 19:54:04.864746,1,2.75,0,0,0,0,0,0,0,0
20250218_upper_k1.0_1823_2025-02-18T20:31:59.810022,2025-02-18,2025-02-18 20:31:59.810022,1,3.0,0,0,0,0,0,0,0,0
20250218_upper_k1.0_1824_2025-02-18T20:50:01.568364,2025-02-18,2025-02-18 20:50:01.568364,1,3.0,0,0,0,0,1,0,0,0
20250219_upper_k1.0_1825_2025-02-19T14:30:00.071084,2025-02-19,2025-02-19 14:30:00.071084,1,3.25,0,0,0,0,0,0,0,0
20250219_upper_k1.0_1826_2025-02-19T14:45:03.561048,2025-02-19,2025-02-19 14:45:03.561048,1,4.5,0,0,0,0,0,0,0,0
20250219_upper_k1.0_1827_2025-02-19T15:01:01.291072,2025-02-19,2025-02-19 15:01:01.291072,1,5.5,0,0,0,0,0,0,0,0
20250219_upper_k1.0_1828_2025-02-19T15:16:35.790515,2025-02-19,2025-02-19 15:16:35.790515,1,3.75,0,0,0,0,0,0,0,0
20250219_upper_k1.0_1829_2025-02-19T15:33:26.511365,2025-02-19,2025-02-19 15:33:26.511365,0,0.25,0,0,0,0,0,0,0,0
20250219_upper_k1.0_1830_2025-02-19T15:59:24.006445,2025-02-19,2025-02-19 15:59:24.006445,1,1.0,0,0,0,0,0,0,0,0
20250219_upper_k1.0_1831_2025-02-19T18:12:12.882282,2025-02-19,2025-02-19 18:12:12.882282,1,1.25,0,0,0,0,0,0,0,0
20250220_upper_k1.0_1832_2025-02-20T14:30:00.076564,2025-02-20,2025-02-20 14:30:00.076564,1,4.25,0,0,0,0,0,0,0,0
20250220_upper_k1.0_1833_2025-02-20T15:21:34.930863,2025-02-20,2025-02-20 15:21:34.930863,1,6.75,0,0,0,0,0,0,0,0
20250220_upper_k1.0_1834_2025-02-20T17:17:32.502695,2025-02-20,2025-02-20 17:17:32.502695,1,1.25,0,0,0,0,0,0,0,0
20250220_upper_k1.0_1835_2025-02-20T17:38:43.964819,2025-02-20,2025-02-20 17:38:43.964819,1,2.0,0,0,0,0,0,0,0,0
20250220_upper_k1.0_1836_2025-02-20T19:00:35.071206,2025-02-20,2025-02-20 19:00:35.071206,1,2.0,0,0,0,0,0,0,0,0
20250220_upper_k1.0_1837_2025-02-20T19:36:14.071695,2025-02-20,2025-02-20 19:36:14.071695,0,0.25,0,0,0,0,0,0,0,0
20250221_upper_k1.0_1838_2025-02-21T14:30:00.040272,2025-02-21,2025-02-21 14:30:00.040272,1,13.0,0,0,0,0,0,0,0,0
20250221_upper_k1.0_1839_2025-02-21T14:46:37.722673,2025-02-21,2025-02-21 14:46:37.722673,1,13.25,0,0,0,0,0,0,0,0
20250224_upper_k1.0_1840_2025-02-24T14:30:00.018537,2025-02-24,2025-02-24 14:30:00.018537,1,10.25,0,0,0,0,0,0,0,0
20250224_upper_k1.0_1841_2025-02-24T16:20:10.684021,2025-02-24,2025-02-24 16:20:10.684021,1,2.75,0,0,0,0,0,0,0,0
20250224_upper_k1.0_1842_2025-02-24T19:46:34.450167,2025-02-24,2025-02-24 19:46:34.450167,1,3.0,0,0,0,0,0,0,0,0
20250224_upper_k1.0_1843_2025-02-24T20:09:05.543387,2025-02-24,2025-02-24 20:09:05.543387,1,3.25,0,0,0,0,0,0,0,0
20250225_upper_k1.0_1844_2025-02-25T14:30:00.029996,2025-02-25,2025-02-25 14:30:00.029996,1,7.5,0,0,0,0,0,0,0,0
20250225_upper_k1.0_1845_2025-02-25T16:57:34.883762,2025-02-25,2025-02-25 16:57:34.883762,1,6.25,0,0,0,0,0,0,0,0
20250225_upper_k1.0_1846_2025-02-25T17:13:15.080279,2025-02-25,2025-02-25 17:13:15.080279,1,10.0,0,0,0,0,0,0,0,0
20250225_upper_k1.0_1847_2025-02-25T19:14:59.953181,2025-02-25,2025-02-25 19:14:59.953181,1,5.75,0,0,0,0,0,0,0,0
20250225_upper_k1.0_1848_2025-02-25T19:31:09.620376,2025-02-25,2025-02-25 19:31:09.620376,1,1.5,0,0,0,0,0,0,0,0
20250225_upper_k1.0_1849_2025-02-25T20:41:51.441031,2025-02-25,2025-02-25 20:41:51.441031,0,0.0,0,0,0,0,0,0,0,0
20250225_upper_k1.0_1850_2025-02-25T20:59:42.558853,2025-02-25,2025-02-25 20:59:42.558853,0,0.5,0,0,0,0,0,0,0,0
20250226_upper_k1.0_1851_2025-02-26T14:30:00.091781,2025-02-26,2025-02-26 14:30:00.091781,1,9.5,0,0,0,0,0,0,0,0
20250226_upper_k1.0_1852_2025-02-26T14:45:12.933647,2025-02-26,2025-02-26 14:45:12.933647,1,1.25,0,0,0,0,0,0,1,0
20250226_upper_k1.0_1853_2025-02-26T17:00:00.511696,2025-02-26,2025-02-26 17:00:00.511696,1,4.25,0,0,0,0,0,0,0,0
20250226_upper_k1.0_1854_2025-02-26T17:18:58.308394,2025-02-26,2025-02-26 17:18:58.308394,1,2.75,0,0,0,0,1,1,0,0
20250227_upper_k1.0_1855_2025-02-27T14:30:00.040704,2025-02-27,2025-02-27 14:30:00.040704,1,3.5,0,0,0,0,0,0,1,1
20250227_upper_k1.0_1856_2025-02-27T15:13:42.320040,2025-02-27,2025-02-27 15:13:42.320040,1,4.0,0,0,0,0,0,0,0,0
20250227_upper_k1.0_1857_2025-02-27T15:32:47.783373,2025-02-27,2025-02-27 15:32:47.783373,1,9.0,0,0,0,0,0,0,0,0
20250227_upper_k1.0_1858_2025-02-27T15:51:32.182838,2025-02-27,2025-02-27 15:51:32.182838,1,13.25,0,1,0,0,0,0,0,0
20250227_upper_k1.0_1859_2025-02-27T16:10:18.162924,2025-02-27,2025-02-27 16:10:18.162924,1,4.25,0,0,0,0,0,1,0,0
20250227_upper_k1.0_1860_2025-02-27T16:26:57.011608,2025-02-27,2025-02-27 16:26:57.011608,1,8.25,0,0,0,0,0,0,0,0
20250227_upper_k1.0_1861_2025-02-27T17:30:31.600357,2025-02-27,2025-02-27 17:30:31.600357,1,11.0,0,0,0,0,0,0,0,0
20250227_upper_k1.0_1862_2025-02-27T18:02:53.770012,2025-02-27,2025-02-27 18:02:53.770012,1,10.0,0,0,0,0,0,0,0,0
20250227_upper_k1.0_1863_2025-02-27T18:17:55.352307,2025-02-27,2025-02-27 18:17:55.352307,0,0.75,0,0,0,0,0,0,0,0
20250227_upper_k1.0_1864_2025-02-27T18:43:47.366432,2025-02-27,2025-02-27 18:43:47.366432,1,4.75,0,0,0,0,0,0,0,0
20250227_upper_k1.0_1865_2025-02-27T18:59:02.970330,2025-02-27,2025-02-27 18:59:02.970330,1,11.75,0,0,0,0,0,0,0,0
20250228_upper_k1.0_1866_2025-02-28T14:30:00.014673,2025-02-28,2025-02-28 14:30:00.014673,1,23.25,1,1,1,1,0,1,1,1
20250228_upper_k1.0_1867_2025-02-28T14:47:25.912057,2025-02-28,2025-02-28 14:47:25.912057,1,4.25,1,1,1,1,0,0,1,1
20250228_upper_k1.0_1868_2025-02-28T15:03:34.551494,2025-02-28,2025-02-28 15:03:34.551494,1,4.0,1,1,1,1,0,0,0,0
20250228_upper_k1.0_1869_2025-02-28T15:20:06.309361,2025-02-28,2025-02-28 15:20:06.309361,0,0.75,1,1,1,1,0,1,1,1
20250228_upper_k1.0_1870_2025-02-28T16:16:23.410254,2025-02-28,2025-02-28 16:16:23.410254,1,3.5,1,1,1,1,1,1,1,1
20250228_upper_k1.0_1871_2025-02-28T16:32:12.525887,2025-02-28,2025-02-28 16:32:12.525887,0,0.75,0,0,0,0,0,0,0,0
20250228_upper_k1.0_1872_2025-02-28T17:03:47.941389,2025-02-28,2025-02-28 17:03:47.941389,1,2.75,0,0,0,0,0,0,1,1
20250228_upper_k1.0_1873_2025-02-28T17:23:29.004418,2025-02-28,2025-02-28 17:23:29.004418,1,6.25,1,1,1,1,0,0,1,1
20250228_upper_k1.0_1874_2025-02-28T17:38:32.300611,2025-02-28,2025-02-28 17:38:32.300611,1,23.25,0,0,0,0,0,0,0,0
20250228_upper_k1.0_1875_2025-02-28T18:40:10.361991,2025-02-28,2025-02-28 18:40:10.361991,1,11.0,0,0,0,0,1,0,0,0
20250228_upper_k1.0_1876_2025-02-28T19:31:40.498872,2025-02-28,2025-02-28 19:31:40.498872,1,1.75,0,0,0,0,0,0,0,0
20250303_upper_k1.0_1877_2025-03-03T14:30:00.014562,2025-03-03,2025-03-03 14:30:00.014562,1,11.25,0,0,0,0,0,0,0,0
20250303_upper_k1.0_1878_2025-03-03T15:28:23.871776,2025-03-03,2025-03-03 15:28:23.871776,1,12.25,0,0,0,0,0,0,0,0
20250303_upper_k1.0_1879_2025-03-03T15:46:30.591716,2025-03-03,2025-03-03 15:46:30.591716,1,10.5,1,1,1,1,0,0,1,1
20250303_upper_k1.0_1880_2025-03-03T16:20:28.020159,2025-03-03,2025-03-03 16:20:28.020159,1,15.5,0,0,0,0,0,0,0,0
20250303_upper_k1.0_1881_2025-03-03T17:07:30.760033,2025-03-03,2025-03-03 17:07:30.760033,1,5.5,0,0,0,0,0,0,0,0
20250303_upper_k1.0_1882_2025-03-03T17:26:35.160023,2025-03-03,2025-03-03 17:26:35.160023,1,3.75,0,0,0,0,0,0,0,0
20250304_upper_k1.0_1883_2025-03-04T14:30:00.007638,2025-03-04,2025-03-04 14:30:00.007638,1,17.25,1,1,1,1,1,0,1,1
20250304_upper_k1.0_1884_2025-03-04T14:46:31.710990,2025-03-04,2025-03-04 14:46:31.710990,1,27.5,1,0,1,1,1,0,1,0
20250304_upper_k1.0_1885_2025-03-04T16:50:30.910267,2025-03-04,2025-03-04 16:50:30.910267,1,8.5,1,1,1,1,0,1,0,0
20250304_upper_k1.0_1886_2025-03-04T17:07:08.360836,2025-03-04,2025-03-04 17:07:08.360836,1,4.25,1,1,0,0,0,1,0,0
20250304_upper_k1.0_1887_2025-03-04T17:52:38.153049,2025-03-04,2025-03-04 17:52:38.153049,1,1.25,1,1,1,1,1,1,0,0
20250304_upper_k1.0_1888_2025-03-04T20:50:00.182467,2025-03-04,2025-03-04 20:50:00.182467,1,31.0,1,1,1,1,1,1,1,1
20250305_upper_k1.0_1889_2025-03-05T14:30:00.021664,2025-03-05,2025-03-05 14:30:00.021664,1,3.75,1,1,1,1,0,1,1,1
20250305_upper_k1.0_1890_2025-03-05T14:47:01.422058,2025-03-05,2025-03-05 14:47:01.422058,1,24.75,1,1,1,1,0,0,1,1
20250305_upper_k1.0_1891_2025-03-05T15:02:25.406844,2025-03-05,2025-03-05 15:02:25.406844,1,5.5,1,1,1,1,1,1,1,1
20250305_upper_k1.0_1892_2025-03-05T15:38:18.446429,2025-03-05,2025-03-05 15:38:18.446429,1,10.25,0,1,0,0,0,1,0,1
20250305_upper_k1.0_1893_2025-03-05T15:55:02.153228,2025-03-05,2025-03-05 15:55:02.153228,1,20.5,1,1,0,1,1,1,0,0
20250305_upper_k1.0_1894_2025-03-05T16:58:45.061764,2025-03-05,2025-03-05 16:58:45.061764,1,11.0,0,0,0,0,1,1,0,0
20250305_upper_k1.0_1895_2025-03-05T17:14:20.070377,2025-03-05,2025-03-05 17:14:20.070377,1,3.75,0,0,1,1,0,0,1,1
20250306_upper_k1.0_1896_2025-03-06T14:30:00.011683,2025-03-06,2025-03-06 14:30:00.011683,1,18.0,1,1,1,1,1,0,0,0
20250306_upper_k1.0_1897_2025-03-06T14:49:43.531450,2025-03-06,2025-03-06 14:49:43.531450,1,7.25,1,0,1,1,0,1,0,0
20250306_upper_k1.0_1898_2025-03-06T16:28:57.141716,2025-03-06,2025-03-06 16:28:57.141716,1,2.0,1,1,1,1,0,0,1,1
20250307_upper_k1.0_1899_2025-03-07T14:30:00.016766,2025-03-07,2025-03-07 14:30:00.016766,1,2.0,0,0,0,0,0,0,0,0
20250307_upper_k1.0_1900_2025-03-07T14:59:18.502846,2025-03-07,2025-03-07 14:59:18.502846,1,12.75,0,0,0,0,0,0,0,0
20250307_upper_k1.0_1901_2025-03-07T15:49:12.174080,2025-03-07,2025-03-07 15:49:12.174080,1,31.0,0,0,0,0,0,0,0,0
20250307_upper_k1.0_1902_2025-03-07T17:43:20.080378,2025-03-07,2025-03-07 17:43:20.080378,1,2.0,0,0,0,0,0,0,0,0
20250307_upper_k1.0_1903_2025-03-07T18:01:10.840391,2025-03-07,2025-03-07 18:01:10.840391,1,2.25,0,0,0,0,0,0,0,0
20250310_upper_k1.0_1904_2025-03-10T13:30:00.047670,2025-03-10,2025-03-10 13:30:00.047670,1,12.25,0,0,0,0,0,0,0,0
20250310_upper_k1.0_1905_2025-03-10T13:47:06.888055,2025-03-10,2025-03-10 13:47:06.888055,1,18.0,0,0,0,0,0,0,0,0
20250310_upper_k1.0_1906_2025-03-10T15:34:43.772423,2025-03-10,2025-03-10 15:34:43.772423,1,25.75,0,0,0,0,0,0,0,0
20250311_upper_k1.0_1907_2025-03-11T13:30:00.546234,2025-03-11,2025-03-11 13:30:00.546234,1,11.0,1,1,1,1,1,1,1,1
20250311_upper_k1.0_1908_2025-03-11T13:45:36.434466,2025-03-11,2025-03-11 13:45:36.434466,1,6.25,1,1,1,1,1,1,0,0
20250311_upper_k1.0_1909_2025-03-11T14:00:39.390008,2025-03-11,2025-03-11 14:00:39.390008,1,42.0,1,0,1,1,1,1,1,0
20250311_upper_k1.0_1910_2025-03-11T15:09:44.026323,2025-03-11,2025-03-11 15:09:44.026323,1,8.75,0,1,0,0,0,1,0,0
20250311_upper_k1.0_1911_2025-03-11T15:26:08.602245,2025-03-11,2025-03-11 15:26:08.602245,1,12.75,1,1,1,1,0,0,1,1
20250311_upper_k1.0_1912_2025-03-11T15:53:21.903587,2025-03-11,2025-03-11 15:53:21.903587,1,19.0,1,1,1,1,0,1,0,0
20250311_upper_k1.0_1913_2025-03-11T18:08:22.210263,2025-03-11,2025-03-11 18:08:22.210263,1,7.25,1,1,1,1,1,1,1,1
20250311_upper_k1.0_1914_2025-03-11T19:51:26.596124,2025-03-11,2025-03-11 19:51:26.596124,1,21.5,1,1,1,1,1,1,1,1
20250312_upper_k1.0_1915_2025-03-12T13:30:00.020740,2025-03-12,2025-03-12 13:30:00.020740,1,9.75,1,1,1,1,1,1,1,1
20250312_upper_k1.0_1916_2025-03-12T15:46:51.450318,2025-03-12,2025-03-12 15:46:51.450318,1,8.25,0,0,1,1,0,0,1,1
20250312_upper_k1.0_1917_2025-03-12T16:02:42.614867,2025-03-12,2025-03-12 16:02:42.614867,1,5.5,0,0,0,1,0,0,0,0
20250312_upper_k1.0_1918_2025-03-12T16:42:41.010544,2025-03-12,2025-03-12 16:42:41.010544,1,4.25,0,0,1,1,0,0,0,0
20250312_upper_k1.0_1919_2025-03-12T16:59:42.581640,2025-03-12,2025-03-12 16:59:42.581640,1,5.0,1,1,0,1,0,0,1,1
20250312_upper_k1.0_1920_2025-03-12T17:54:40.443390,2025-03-12,2025-03-12 17:54:40.443390,1,15.5,1,1,1,1,0,0,1,1
20250312_upper_k1.0_1921_2025-03-12T18:11:18.504669,2025-03-12,2025-03-12 18:11:18.504669,1,4.0,0,0,1,1,0,0,1,1
20250312_upper_k1.0_1922_2025-03-12T19:16:48.860405,2025-03-12,2025-03-12 19:16:48.860405,1,5.75,1,1,1,1,0,1,0,0
20250312_upper_k1.0_1923_2025-03-12T19:34:36.882896,2025-03-12,2025-03-12 19:34:36.882896,1,9.5,1,1,0,0,0,0,1,1
20250312_upper_k1.0_1924_2025-03-12T19:50:00.056730,2025-03-12,2025-03-12 19:50:00.056730,1,11.75,1,1,1,1,1,0,1,1
20250313_upper_k1.0_1925_2025-03-13T13:30:00.048935,2025-03-13,2025-03-13 13:30:00.048935,1,13.25,1,1,1,0,1,1,0,0
20250313_upper_k1.0_1926_2025-03-13T14:12:41.121008,2025-03-13,2025-03-13 14:12:41.121008,1,1.25,1,0,1,1,1,1,1,0
20250313_upper_k1.0_1927_2025-03-13T14:29:08.800288,2025-03-13,2025-03-13 14:29:08.800288,1,11.25,1,1,1,1,1,0,0,0
20250313_upper_k1.0_1928_2025-03-13T14:51:20.262616,2025-03-13,2025-03-13 14:51:20.262616,1,16.5,0,1,0,0,1,1,0,1
20250313_upper_k1.0_1929_2025-03-13T19:01:55.185263,2025-03-13,2025-03-13 19:01:55.185263,1,22.75,0,0,0,0,0,0,0,0
20250314_upper_k1.0_1930_2025-03-14T13:30:00.161813,2025-03-14,2025-03-14 13:30:00.161813,1,3.5,1,1,0,0,1,0,1,1
20250314_upper_k1.0_1931_2025-03-14T14:04:01.391948,2025-03-14,2025-03-14 14:04:01.391948,1,14.25,1,1,1,1,1,1,1,1
20250314_upper_k1.0_1932_2025-03-14T14:24:46.211003,2025-03-14,2025-03-14 14:24:46.211003,1,9.5,0,0,0,0,0,0,0,0
20250317_upper_k1.0_1933_2025-03-17T13:30:00.081946,2025-03-17,2025-03-17 13:30:00.081946,1,4.5,1,1,1,0,1,1,1,1
20250317_upper_k1.0_1934_2025-03-17T13:49:06.328021,2025-03-17,2025-03-17 13:49:06.328021,1,7.5,1,1,1,1,0,1,0,0
20250317_upper_k1.0_1935_2025-03-17T14:07:07.052234,2025-03-17,2025-03-17 14:07:07.052234,1,7.0,1,1,1,1,1,1,0,0
20250317_upper_k1.0_1936_2025-03-17T14:26:04.051200,2025-03-17,2025-03-17 14:26:04.051200,1,12.25,1,1,1,1,0,1,0,0
20250317_upper_k1.0_1937_2025-03-17T14:41:20.081838,2025-03-17,2025-03-17 14:41:20.081838,1,4.25,0,0,0,0,0,0,0,0
20250317_upper_k1.0_1938_2025-03-17T15:22:31.843397,2025-03-17,2025-03-17 15:22:31.843397,1,11.25,0,0,0,0,0,0,0,0
20250317_upper_k1.0_1939_2025-03-17T16:07:37.110840,2025-03-17,2025-03-17 16:07:37.110840,1,8.25,1,1,0,0,0,1,1,1
20250317_upper_k1.0_1940_2025-03-17T16:55:11.170084,2025-03-17,2025-03-17 16:55:11.170084,1,10.0,0,0,0,0,0,0,1,1
20250317_upper_k1.0_1941_2025-03-17T17:11:39.051317,2025-03-17,2025-03-17 17:11:39.051317,1,1.75,0,0,0,0,0,0,0,0
20250318_upper_k1.0_1942_2025-03-18T13:30:00.024730,2025-03-18,2025-03-18 13:30:00.024730,1,22.75,1,1,1,0,1,0,1,1
20250318_upper_k1.0_1943_2025-03-18T14:41:57.640665,2025-03-18,2025-03-18 14:41:57.640665,1,17.25,0,0,0,0,0,0,0,0
20250318_upper_k1.0_1944_2025-03-18T16:29:27.294725,2025-03-18,2025-03-18 16:29:27.294725,1,5.25,0,0,0,0,0,0,0,0
20250318_upper_k1.0_1945_2025-03-18T17:38:04.030010,2025-03-18,2025-03-18 17:38:04.030010,1,5.5,1,0,0,0,1,1,0,0
20250318_upper_k1.0_1946_2025-03-18T18:25:25.340864,2025-03-18,2025-03-18 18:25:25.340864,1,8.0,0,0,0,0,0,0,1,1
20250318_upper_k1.0_1947_2025-03-18T18:42:10.981132,2025-03-18,2025-03-18 18:42:10.981132,1,7.0,0,0,0,0,0,0,0,0
20250318_upper_k1.0_1948_2025-03-18T18:58:02.321125,2025-03-18,2025-03-18 18:58:02.321125,1,6.75,0,0,0,0,0,0,0,0
20250318_upper_k1.0_1949_2025-03-18T19:18:21.931583,2025-03-18,2025-03-18 19:18:21.931583,1,6.0,0,0,0,0,0,0,0,0
20250318_upper_k1.0_1950_2025-03-18T19:33:39.240217,2025-03-18,2025-03-18 19:33:39.240217,1,8.0,0,0,0,0,0,0,0,0
20250318_upper_k1.0_1951_2025-03-18T19:53:45.395593,2025-03-18,2025-03-18 19:53:45.395593,1,6.5,0,0,0,1,0,0,0,0
20250319_upper_k1.0_1952_2025-03-19T13:30:00.154458,2025-03-19,2025-03-19 13:30:00.154458,1,7.5,0,1,0,0,0,1,0,1
20250319_upper_k1.0_1953_2025-03-19T13:46:07.700450,2025-03-19,2025-03-19 13:46:07.700450,1,1.75,1,1,1,1,1,1,1,1
20250319_upper_k1.0_1954_2025-03-19T14:42:35.144809,2025-03-19,2025-03-19 14:42:35.144809,1,5.0,0,0,0,1,0,0,1,1
20250319_upper_k1.0_1955_2025-03-19T15:04:31.360701,2025-03-19,2025-03-19 15:04:31.360701,1,2.0,0,0,0,0,0,0,0,0
20250319_upper_k1.0_1956_2025-03-19T15:20:59.071261,2025-03-19,2025-03-19 15:20:59.071261,0,0.5,0,0,0,0,0,0,0,0
20250319_upper_k1.0_1957_2025-03-19T17:03:31.934011,2025-03-19,2025-03-19 17:03:31.934011,1,7.5,0,0,0,0,0,0,1,1
20250319_upper_k1.0_1958_2025-03-19T18:00:39.531147,2025-03-19,2025-03-19 18:00:39.531147,1,16.75,1,1,1,1,1,1,1,1
20250319_upper_k1.0_1959_2025-03-19T18:28:45.222543,2025-03-19,2025-03-19 18:28:45.222543,1,2.0,1,1,0,0,0,1,1,1
20250320_upper_k1.0_1960_2025-03-20T13:30:05.720277,2025-03-20,2025-03-20 13:30:05.720277,1,6.0,1,1,1,1,1,1,1,1
20250320_upper_k1.0_1961_2025-03-20T15:34:24.901376,2025-03-20,2025-03-20 15:34:24.901376,1,3.5,1,0,1,1,0,0,0,0
20250320_upper_k1.0_1962_2025-03-20T15:59:42.906122,2025-03-20,2025-03-20 15:59:42.906122,1,3.0,0,0,0,0,0,0,0,0
20250321_upper_k1.0_1963_2025-03-21T13:30:00.083143,2025-03-21,2025-03-21 13:30:00.083143,1,10.0,1,1,1,1,1,0,1,1
20250321_upper_k1.0_1964_2025-03-21T13:45:29.823097,2025-03-21,2025-03-21 13:45:29.823097,1,7.5,1,1,1,1,0,0,0,0
20250321_upper_k1.0_1965_2025-03-21T14:00:38.576478,2025-03-21,2025-03-21 14:00:38.576478,1,13.5,1,1,1,1,1,0,0,0
20250321_upper_k1.0_1966_2025-03-21T14:18:29.871623,2025-03-21,2025-03-21 14:18:29.871623,1,4.0,0,0,0,0,0,0,0,0
20250321_upper_k1.0_1967_2025-03-21T14:37:22.891479,2025-03-21,2025-03-21 14:37:22.891479,1,5.75,1,0,1,1,0,0,1,0
20250321_upper_k1.0_1968_2025-03-21T15:21:04.430178,2025-03-21,2025-03-21 15:21:04.430178,1,3.5,1,0,0,0,0,1,0,0
20250321_upper_k1.0_1969_2025-03-21T15:36:44.061131,2025-03-21,2025-03-21 15:36:44.061131,1,10.5,0,0,0,0,0,0,0,0
20250321_upper_k1.0_1970_2025-03-21T15:56:55.022055,2025-03-21,2025-03-21 15:56:55.022055,1,12.75,0,0,0,0,0,0,0,0
20250324_upper_k1.0_1971_2025-03-24T13:30:00.019789,2025-03-24,2025-03-24 13:30:00.019789,1,6.75,0,0,0,0,0,0,0,0
20250324_upper_k1.0_1972_2025-03-24T14:09:47.277988,2025-03-24,2025-03-24 14:09:47.277988,0,0.25,0,0,0,0,0,0,0,0
20250324_upper_k1.0_1973_2025-03-24T16:30:13.082001,2025-03-24,2025-03-24 16:30:13.082001,1,1.0,0,0,0,0,0,0,0,0
20250324_upper_k1.0_1974_2025-03-24T16:56:15.776305,2025-03-24,2025-03-24 16:56:15.776305,1,2.75,0,0,0,0,0,0,0,0
20250324_upper_k1.0_1975_2025-03-24T17:29:25.426275,2025-03-24,2025-03-24 17:29:25.426275,0,0.75,0,0,0,0,0,0,0,0
20250324_upper_k1.0_1976_2025-03-24T17:45:09.820218,2025-03-24,2025-03-24 17:45:09.820218,1,1.75,0,0,0,0,0,0,0,0
20250324_upper_k1.0_1977_2025-03-24T18:00:37.720034,2025-03-24,2025-03-24 18:00:37.720034,1,10.25,0,0,0,0,0,0,0,0
20250324_upper_k1.0_1978_2025-03-24T18:39:49.355233,2025-03-24,2025-03-24 18:39:49.355233,1,5.5,0,0,0,0,0,1,0,0
20250325_upper_k1.0_1979_2025-03-25T13:30:00.042644,2025-03-25,2025-03-25 13:30:00.042644,1,9.0,0,0,0,0,0,0,0,0
20250325_upper_k1.0_1980_2025-03-25T13:56:10.730152,2025-03-25,2025-03-25 13:56:10.730152,1,10.25,0,0,0,0,0,0,0,0
20250325_upper_k1.0_1981_2025-03-25T14:12:26.500189,2025-03-25,2025-03-25 14:12:26.500189,1,1.25,0,0,0,0,0,0,0,0
20250325_upper_k1.0_1982_2025-03-25T15:32:55.592677,2025-03-25,2025-03-25 15:32:55.592677,1,1.5,0,0,0,0,0,0,0,0
20250325_upper_k1.0_1983_2025-03-25T17:02:29.364604,2025-03-25,2025-03-25 17:02:29.364604,1,1.5,0,0,0,0,0,0,0,0
20250325_upper_k1.0_1984_2025-03-25T19:46:00.353548,2025-03-25,2025-03-25 19:46:00.353548,1,2.5,0,0,0,0,0,0,0,0
20250326_upper_k1.0_1985_2025-03-26T13:30:00.141291,2025-03-26,2025-03-26 13:30:00.141291,1,5.25,0,0,0,0,1,0,0,0
20250326_upper_k1.0_1986_2025-03-26T13:45:28.071973,2025-03-26,2025-03-26 13:45:28.071973,1,15.75,0,0,0,0,0,0,0,0
20250327_upper_k1.0_1987_2025-03-27T13:30:00.038885,2025-03-27,2025-03-27 13:30:00.038885,1,18.5,1,1,0,0,1,0,1,1
20250327_upper_k1.0_1988_2025-03-27T13:46:03.950262,2025-03-27,2025-03-27 13:46:03.950262,1,5.25,0,0,0,0,0,0,0,0
20250327_upper_k1.0_1989_2025-03-27T15:38:59.900278,2025-03-27,2025-03-27 15:38:59.900278,1,7.5,0,0,0,0,0,0,0,0
20250327_upper_k1.0_1990_2025-03-27T16:05:03.384196,2025-03-27,2025-03-27 16:05:03.384196,1,1.25,0,0,0,0,0,0,0,0
20250327_upper_k1.0_1991_2025-03-27T16:29:37.772372,2025-03-27,2025-03-27 16:29:37.772372,1,3.25,0,0,0,0,0,0,0,0
20250327_upper_k1.0_1992_2025-03-27T16:44:50.242624,2025-03-27,2025-03-27 16:44:50.242624,1,16.0,0,0,0,0,0,0,0,0
20250327_upper_k1.0_1993_2025-03-27T18:14:14.106474,2025-03-27,2025-03-27 18:14:14.106474,1,4.0,0,0,0,0,0,0,0,0
20250327_upper_k1.0_1994_2025-03-27T18:35:56.420016,2025-03-27,2025-03-27 18:35:56.420016,1,2.75,0,0,0,0,0,0,0,0
20250327_upper_k1.0_1995_2025-03-27T19:04:05.364760,2025-03-27,2025-03-27 19:04:05.364760,1,7.0,0,0,0,0,0,0,0,0
20250327_upper_k1.0_1996_2025-03-27T19:42:34.860188,2025-03-27,2025-03-27 19:42:34.860188,1,9.75,0,0,0,0,0,0,0,0
20250328_upper_k1.0_1997_2025-03-28T13:30:00.055096,2025-03-28,2025-03-28 13:30:00.055096,1,12.0,0,0,1,1,0,0,1,1
20250331_upper_k1.0_1998_2025-03-31T13:30:00.017750,2025-03-31,2025-03-31 13:30:00.017750,1,15.5,1,0,0,0,1,0,1,0
20250331_upper_k1.0_1999_2025-03-31T13:51:52.744528,2025-03-31,2025-03-31 13:51:52.744528,1,4.25,0,0,0,0,1,1,0,0
20250331_upper_k1.0_2000_2025-03-31T14:23:05.770193,2025-03-31,2025-03-31 14:23:05.770193,1,2.0,0,0,0,0,0,0,0,0
20250401_upper_k1.0_2001_2025-04-01T13:30:00.043116,2025-04-01,2025-04-01 13:30:00.043116,1,13.75,1,1,0,0,1,0,1,1
20250401_upper_k1.0_2002_2025-04-01T13:45:24.111013,2025-04-01,2025-04-01 13:45:24.111013,1,2.5,1,1,1,1,1,1,1,1
20250401_upper_k1.0_2003_2025-04-01T14:38:25.026657,2025-04-01,2025-04-01 14:38:25.026657,0,0.25,0,0,0,0,1,0,0,0
20250401_upper_k1.0_2004_2025-04-01T17:34:44.060264,2025-04-01,2025-04-01 17:34:44.060264,0,0.5,0,0,0,0,0,0,1,1
20250401_upper_k1.0_2005_2025-04-01T17:59:44.365686,2025-04-01,2025-04-01 17:59:44.365686,1,18.25,0,0,0,0,0,0,0,0
20250401_upper_k1.0_2006_2025-04-01T19:24:31.060568,2025-04-01,2025-04-01 19:24:31.060568,1,7.0,0,0,0,0,0,0,0,0
20250402_upper_k1.0_2007_2025-04-02T13:30:00.026706,2025-04-02,2025-04-02 13:30:00.026706,1,3.25,1,1,1,1,1,0,0,0
20250402_upper_k1.0_2008_2025-04-02T14:11:02.060411,2025-04-02,2025-04-02 14:11:02.060411,1,2.75,1,1,1,1,1,0,0,0
20250402_upper_k1.0_2009_2025-04-02T18:21:34.683181,2025-04-02,2025-04-02 18:21:34.683181,1,13.25,0,0,0,0,0,0,0,0
20250402_upper_k1.0_2010_2025-04-02T18:56:45.044209,2025-04-02,2025-04-02 18:56:45.044209,1,13.0,0,0,0,0,0,0,1,0
20250402_upper_k1.0_2011_2025-04-02T19:11:45.772855,2025-04-02,2025-04-02 19:11:45.772855,1,6.5,0,0,0,0,0,0,0,0
20250403_upper_k1.0_2012_2025-04-03T13:30:01.434990,2025-04-03,2025-04-03 13:30:01.434990,1,1.5,1,1,1,1,1,1,1,1
20250403_upper_k1.0_2013_2025-04-03T13:51:37.192109,2025-04-03,2025-04-03 13:51:37.192109,1,29.5,1,1,1,1,1,1,0,0
20250403_upper_k1.0_2014_2025-04-03T15:39:50.964689,2025-04-03,2025-04-03 15:39:50.964689,1,8.75,0,0,0,0,0,0,0,0
20250403_upper_k1.0_2015_2025-04-03T15:55:41.522051,2025-04-03,2025-04-03 15:55:41.522051,1,4.75,0,0,1,1,0,0,0,0
20250403_upper_k1.0_2016_2025-04-03T16:50:55.335912,2025-04-03,2025-04-03 16:50:55.335912,1,9.25,0,0,0,0,0,0,0,0
20250403_upper_k1.0_2017_2025-04-03T17:06:16.866803,2025-04-03,2025-04-03 17:06:16.866803,1,8.5,0,0,1,1,0,0,0,0
20250403_upper_k1.0_2018_2025-04-03T17:46:35.933049,2025-04-03,2025-04-03 17:46:35.933049,1,16.25,0,0,0,0,0,0,0,0
20250404_upper_k1.0_2019_2025-04-04T13:30:00.009280,2025-04-04,2025-04-04 13:30:00.009280,1,28.25,0,0,0,0,0,0,0,0
20250404_upper_k1.0_2020_2025-04-04T13:47:11.300088,2025-04-04,2025-04-04 13:47:11.300088,1,18.75,0,0,0,0,0,0,0,0
20250404_upper_k1.0_2021_2025-04-04T14:02:17.153723,2025-04-04,2025-04-04 14:02:17.153723,1,40.5,0,0,0,0,0,0,0,0
20250404_upper_k1.0_2022_2025-04-04T15:01:41.704550,2025-04-04,2025-04-04 15:01:41.704550,1,17.25,0,0,0,0,0,0,0,0
20250404_upper_k1.0_2023_2025-04-04T15:25:13.944192,2025-04-04,2025-04-04 15:25:13.944192,1,38.25,0,0,0,0,0,0,0,0
20250407_upper_k1.0_2024_2025-04-07T13:30:00.027874,2025-04-07,2025-04-07 13:30:00.027874,1,55.25,1,1,1,1,1,1,1,1
20250407_upper_k1.0_2025_2025-04-07T13:46:46.060587,2025-04-07,2025-04-07 13:46:46.060587,1,6.75,1,1,1,1,1,1,1,1
20250407_upper_k1.0_2026_2025-04-07T14:24:43.002348,2025-04-07,2025-04-07 14:24:43.002348,1,24.25,1,1,1,1,1,1,1,1
20250407_upper_k1.0_2027_2025-04-07T14:44:43.560367,2025-04-07,2025-04-07 14:44:43.560367,1,19.0,1,1,1,1,1,1,1,1
20250407_upper_k1.0_2028_2025-04-07T15:14:30.518416,2025-04-07,2025-04-07 15:14:30.518416,1,82.5,1,1,1,1,1,1,1,1
20250407_upper_k1.0_2029_2025-04-07T15:38:11.816939,2025-04-07,2025-04-07 15:38:11.816939,1,16.25,1,1,1,1,1,1,1,1
20250407_upper_k1.0_2030_2025-04-07T15:53:26.390434,2025-04-07,2025-04-07 15:53:26.390434,1,21.75,1,1,1,1,1,1,1,1
20250407_upper_k1.0_2031_2025-04-07T16:26:49.220207,2025-04-07,2025-04-07 16:26:49.220207,1,17.0,1,1,1,1,1,1,1,1
20250407_upper_k1.0_2032_2025-04-07T17:00:16.032205,2025-04-07,2025-04-07 17:00:16.032205,1,53.5,1,1,1,1,1,1,1,1
20250407_upper_k1.0_2033_2025-04-07T19:10:08.053413,2025-04-07,2025-04-07 19:10:08.053413,1,9.75,1,1,1,1,1,1,1,1
20250407_upper_k1.0_2034_2025-04-07T19:26:19.463236,2025-04-07,2025-04-07 19:26:19.463236,1,5.25,1,1,1,1,1,0,1,1
20250407_upper_k1.0_2035_2025-04-07T19:50:20.495590,2025-04-07,2025-04-07 19:50:20.495590,1,4.5,1,1,1,1,1,1,1,1
20250408_upper_k1.0_2036_2025-04-08T13:30:00.226086,2025-04-08,2025-04-08 13:30:00.226086,1,42.5,1,1,1,1,1,1,1,1
20250408_upper_k1.0_2037_2025-04-08T13:45:11.565860,2025-04-08,2025-04-08 13:45:11.565860,1,16.0,1,1,1,1,1,1,0,0
20250408_upper_k1.0_2038_2025-04-08T14:43:03.337561,2025-04-08,2025-04-08 14:43:03.337561,1,21.25,1,1,1,1,0,1,1,1
20250409_upper_k1.0_2039_2025-04-09T13:30:00.043284,2025-04-09,2025-04-09 13:30:00.043284,1,1.0,1,1,1,1,1,1,1,1
20250409_upper_k1.0_2040_2025-04-09T13:45:00.661298,2025-04-09,2025-04-09 13:45:00.661298,1,21.5,1,1,1,1,1,1,1,1
20250409_upper_k1.0_2041_2025-04-09T14:06:44.001045,2025-04-09,2025-04-09 14:06:44.001045,1,24.5,1,1,1,1,1,1,1,1
20250409_upper_k1.0_2042_2025-04-09T14:23:13.040119,2025-04-09,2025-04-09 14:23:13.040119,1,19.25,1,1,1,1,0,1,1,1
20250409_upper_k1.0_2043_2025-04-09T14:38:22.200858,2025-04-09,2025-04-09 14:38:22.200858,1,16.75,1,1,1,1,1,1,1,1
20250409_upper_k1.0_2044_2025-04-09T15:16:00.541471,2025-04-09,2025-04-09 15:16:00.541471,1,13.0,1,1,1,1,1,1,1,1
20250409_upper_k1.0_2045_2025-04-09T15:32:10.282787,2025-04-09,2025-04-09 15:32:10.282787,1,33.5,0,0,1,1,0,0,1,1
20250409_upper_k1.0_2046_2025-04-09T15:48:42.810672,2025-04-09,2025-04-09 15:48:42.810672,1,27.5,1,1,1,1,1,1,1,1
20250409_upper_k1.0_2047_2025-04-09T16:11:38.500451,2025-04-09,2025-04-09 16:11:38.500451,1,1.0,1,1,1,1,1,1,1,1
20250409_upper_k1.0_2048_2025-04-09T17:18:44.181957,2025-04-09,2025-04-09 17:18:44.181957,1,22.75,1,1,1,1,1,1,1,1
20250410_upper_k1.0_2049_2025-04-10T13:30:00.016573,2025-04-10,2025-04-10 13:30:00.016573,1,23.75,1,1,1,1,1,0,1,1
20250410_upper_k1.0_2050_2025-04-10T13:45:50.271560,2025-04-10,2025-04-10 13:45:50.271560,1,14.75,1,1,1,1,1,1,1,1
20250410_upper_k1.0_2051_2025-04-10T14:24:34.581593,2025-04-10,2025-04-10 14:24:34.581593,1,23.5,1,1,1,1,1,1,1,1
20250410_upper_k1.0_2052_2025-04-10T14:42:00.932707,2025-04-10,2025-04-10 14:42:00.932707,1,26.75,1,1,1,1,1,1,1,1
20250410_upper_k1.0_2053_2025-04-10T17:02:26.222367,2025-04-10,2025-04-10 17:02:26.222367,1,106.75,1,1,1,0,1,1,1,1
20250410_upper_k1.0_2054_2025-04-10T17:45:06.354464,2025-04-10,2025-04-10 17:45:06.354464,1,23.5,1,1,1,1,1,1,1,1
20250410_upper_k1.0_2055_2025-04-10T18:00:22.886187,2025-04-10,2025-04-10 18:00:22.886187,1,16.5,0,1,0,0,1,1,0,1
20250410_upper_k1.0_2056_2025-04-10T18:19:39.757137,2025-04-10,2025-04-10 18:19:39.757137,1,8.75,1,1,1,1,1,1,1,1
20250410_upper_k1.0_2057_2025-04-10T18:55:13.931280,2025-04-10,2025-04-10 18:55:13.931280,1,4.25,1,1,1,1,1,1,1,1
20250410_upper_k1.0_2058_2025-04-10T19:12:45.404911,2025-04-10,2025-04-10 19:12:45.404911,1,1.25,1,1,1,1,1,1,1,1
20250410_upper_k1.0_2059_2025-04-10T19:28:57.384480,2025-04-10,2025-04-10 19:28:57.384480,1,23.0,1,1,1,1,1,1,1,1
20250410_upper_k1.0_2060_2025-04-10T19:51:24.411045,2025-04-10,2025-04-10 19:51:24.411045,1,16.75,1,1,1,1,1,1,1,1
20250411_upper_k1.0_2061_2025-04-11T13:30:04.520146,2025-04-11,2025-04-11 13:30:04.520146,1,29.0,1,1,1,1,1,1,1,1
20250411_upper_k1.0_2062_2025-04-11T14:00:06.111891,2025-04-11,2025-04-11 14:00:06.111891,1,24.0,1,1,1,1,1,1,0,0
20250411_upper_k1.0_2063_2025-04-11T14:16:47.415820,2025-04-11,2025-04-11 14:16:47.415820,1,57.25,1,1,1,1,1,1,1,1
20250411_upper_k1.0_2064_2025-04-11T14:42:32.216641,2025-04-11,2025-04-11 14:42:32.216641,1,11.5,1,1,1,1,1,1,1,1
20250411_upper_k1.0_2065_2025-04-11T14:57:33.140344,2025-04-11,2025-04-11 14:57:33.140344,1,32.25,1,1,1,1,1,1,0,0
20250411_upper_k1.0_2066_2025-04-11T15:37:06.391861,2025-04-11,2025-04-11 15:37:06.391861,1,5.0,1,1,1,1,1,1,1,1
20250414_upper_k1.0_2067_2025-04-14T13:30:00.047349,2025-04-14,2025-04-14 13:30:00.047349,1,32.5,1,1,1,1,1,1,1,1
20250414_upper_k1.0_2068_2025-04-14T13:51:10.373530,2025-04-14,2025-04-14 13:51:10.373530,1,18.25,1,1,1,1,1,1,1,1
20250414_upper_k1.0_2069_2025-04-14T14:10:11.986002,2025-04-14,2025-04-14 14:10:11.986002,1,22.5,1,1,1,1,0,1,0,0
20250414_upper_k1.0_2070_2025-04-14T14:26:59.821097,2025-04-14,2025-04-14 14:26:59.821097,1,4.0,0,0,1,1,0,0,0,0
20250414_upper_k1.0_2071_2025-04-14T15:01:07.303334,2025-04-14,2025-04-14 15:01:07.303334,1,13.5,1,1,1,1,0,1,1,1
20250414_upper_k1.0_2072_2025-04-14T18:01:25.630594,2025-04-14,2025-04-14 18:01:25.630594,1,5.75,0,0,1,1,0,0,0,0
20250414_upper_k1.0_2073_2025-04-14T18:16:48.930444,2025-04-14,2025-04-14 18:16:48.930444,1,4.25,0,0,1,1,0,0,0,0
20250414_upper_k1.0_2074_2025-04-14T19:50:28.470916,2025-04-14,2025-04-14 19:50:28.470916,1,15.75,1,1,1,1,1,0,0,0
20250415_upper_k1.0_2075_2025-04-15T13:30:00.251270,2025-04-15,2025-04-15 13:30:00.251270,1,5.0,1,1,1,1,1,1,1,1
20250415_upper_k1.0_2076_2025-04-15T13:58:42.582681,2025-04-15,2025-04-15 13:58:42.582681,1,3.25,0,0,1,1,0,0,0,0
20250415_upper_k1.0_2077_2025-04-15T14:14:33.950396,2025-04-15,2025-04-15 14:14:33.950396,1,38.75,0,0,1,1,0,0,0,0
20250415_upper_k1.0_2078_2025-04-15T14:43:35.600902,2025-04-15,2025-04-15 14:43:35.600902,1,23.75,1,1,1,1,1,1,1,1
20250415_upper_k1.0_2079_2025-04-15T14:59:08.250355,2025-04-15,2025-04-15 14:59:08.250355,1,7.75,0,0,1,1,0,0,0,0
20250415_upper_k1.0_2080_2025-04-15T15:25:20.760526,2025-04-15,2025-04-15 15:25:20.760526,1,11.5,0,0,1,1,0,0,0,0
20250415_upper_k1.0_2081_2025-04-15T15:53:48.510240,2025-04-15,2025-04-15 15:53:48.510240,1,10.5,0,0,1,1,0,0,1,1
20250415_upper_k1.0_2082_2025-04-15T16:11:16.953032,2025-04-15,2025-04-15 16:11:16.953032,1,7.5,0,0,0,0,0,0,0,0
20250415_upper_k1.0_2083_2025-04-15T16:28:56.231806,2025-04-15,2025-04-15 16:28:56.231806,1,7.75,0,0,0,0,0,0,1,1
20250415_upper_k1.0_2084_2025-04-15T16:47:47.370048,2025-04-15,2025-04-15 16:47:47.370048,1,26.5,0,0,0,0,0,0,0,0
20250416_upper_k1.0_2085_2025-04-16T13:30:00.431429,2025-04-16,2025-04-16 13:30:00.431429,1,1.0,1,1,1,1,1,1,1,1
20250416_upper_k1.0_2086_2025-04-16T14:25:32.271390,2025-04-16,2025-04-16 14:25:32.271390,1,6.0,0,0,1,1,0,0,0,0
20250416_upper_k1.0_2087_2025-04-16T14:55:07.793854,2025-04-16,2025-04-16 14:55:07.793854,1,4.0,0,0,0,0,0,0,0,0
20250416_upper_k1.0_2088_2025-04-16T15:16:05.221883,2025-04-16,2025-04-16 15:16:05.221883,1,2.0,0,0,0,0,0,0,0,0
20250416_upper_k1.0_2089_2025-04-16T15:50:50.123125,2025-04-16,2025-04-16 15:50:50.123125,1,12.0,0,0,0,0,0,0,0,1
20250417_upper_k1.0_2090_2025-04-17T13:30:00.024288,2025-04-17,2025-04-17 13:30:00.024288,1,12.25,1,1,1,1,1,1,1,1
20250417_upper_k1.0_2091_2025-04-17T13:49:43.011986,2025-04-17,2025-04-17 13:49:43.011986,1,1.0,0,0,1,1,0,0,0,0
20250417_upper_k1.0_2092_2025-04-17T14:06:52.654001,2025-04-17,2025-04-17 14:06:52.654001,1,13.75,1,1,1,1,1,1,1,1
20250417_upper_k1.0_2093_2025-04-17T15:06:33.590232,2025-04-17,2025-04-17 15:06:33.590232,1,2.25,1,1,1,1,0,1,1,1
20250417_upper_k1.0_2094_2025-04-17T15:27:58.656761,2025-04-17,2025-04-17 15:27:58.656761,1,6.75,0,0,1,1,0,0,1,1
20250417_upper_k1.0_2095_2025-04-17T15:43:00.010253,2025-04-17,2025-04-17 15:43:00.010253,1,7.75,0,0,1,1,0,0,1,1
20250417_upper_k1.0_2096_2025-04-17T16:00:01.666285,2025-04-17,2025-04-17 16:00:01.666285,1,10.75,1,1,1,1,1,1,1,1
20250417_upper_k1.0_2097_2025-04-17T16:15:21.445715,2025-04-17,2025-04-17 16:15:21.445715,0,0.75,1,1,1,1,1,1,1,1
20250417_upper_k1.0_2098_2025-04-17T17:21:09.415796,2025-04-17,2025-04-17 17:21:09.415796,1,1.0,1,1,1,1,0,1,1,1
20250417_upper_k1.0_2099_2025-04-17T17:42:29.530444,2025-04-17,2025-04-17 17:42:29.530444,1,1.75,0,0,1,0,0,0,1,1
20250417_upper_k1.0_2100_2025-04-17T19:01:49.294052,2025-04-17,2025-04-17 19:01:49.294052,1,2.25,1,1,1,1,1,0,1,1
20250417_upper_k1.0_2101_2025-04-17T19:31:34.530055,2025-04-17,2025-04-17 19:31:34.530055,1,10.25,0,0,0,0,0,0,0,0
20250421_upper_k1.0_2102_2025-04-21T13:30:00.044110,2025-04-21,2025-04-21 13:30:00.044110,1,22.5,1,1,1,1,1,1,0,0
20250421_upper_k1.0_2103_2025-04-21T19:51:38.562092,2025-04-21,2025-04-21 19:51:38.562092,1,6.75,1,0,1,1,0,0,1,0
20250422_upper_k1.0_2104_2025-04-22T13:30:00.089473,2025-04-22,2025-04-22 13:30:00.089473,1,10.0,0,0,0,0,0,0,1,0
20250422_upper_k1.0_2105_2025-04-22T13:53:05.050312,2025-04-22,2025-04-22 13:53:05.050312,0,0.0,0,0,1,1,0,0,1,1
20250422_upper_k1.0_2106_2025-04-22T17:15:25.455193,2025-04-22,2025-04-22 17:15:25.455193,1,18.5,1,1,1,1,1,1,1,1
20250422_upper_k1.0_2107_2025-04-22T18:18:05.995914,2025-04-22,2025-04-22 18:18:05.995914,1,6.25,0,0,0,0,0,0,0,0
20250422_upper_k1.0_2108_2025-04-22T19:18:43.960940,2025-04-22,2025-04-22 19:18:43.960940,1,6.25,0,0,1,1,0,0,0,0
20250422_upper_k1.0_2109_2025-04-22T19:35:01.290122,2025-04-22,2025-04-22 19:35:01.290122,1,5.25,0,0,0,0,0,0,0,0
20250423_upper_k1.0_2110_2025-04-23T13:30:00.033255,2025-04-23,2025-04-23 13:30:00.033255,1,9.75,1,1,1,1,1,1,1,1
20250423_upper_k1.0_2111_2025-04-23T13:52:27.436160,2025-04-23,2025-04-23 13:52:27.436160,1,13.5,1,1,1,1,1,1,1,1
20250423_upper_k1.0_2112_2025-04-23T14:07:42.570050,2025-04-23,2025-04-23 14:07:42.570050,1,17.25,1,1,1,1,1,1,1,1
20250423_upper_k1.0_2113_2025-04-23T14:23:47.869148,2025-04-23,2025-04-23 14:23:47.869148,1,6.25,1,1,1,1,1,1,1,1
20250423_upper_k1.0_2114_2025-04-23T14:50:12.033515,2025-04-23,2025-04-23 14:50:12.033515,1,9.25,1,0,1,1,1,1,1,0
20250423_upper_k1.0_2115_2025-04-23T15:06:40.951343,2025-04-23,2025-04-23 15:06:40.951343,1,13.25,0,0,1,1,0,0,1,1
20250424_upper_k1.0_2116_2025-04-24T13:30:00.511763,2025-04-24,2025-04-24 13:30:00.511763,1,12.75,1,1,1,1,1,1,1,1
20250425_upper_k1.0_2117_2025-04-25T13:30:00.015426,2025-04-25,2025-04-25 13:30:00.015426,1,11.0,1,1,1,0,1,1,1,1
20250425_upper_k1.0_2118_2025-04-25T14:01:08.462475,2025-04-25,2025-04-25 14:01:08.462475,1,11.0,1,1,1,1,1,1,1,1
20250425_upper_k1.0_2119_2025-04-25T14:17:14.305988,2025-04-25,2025-04-25 14:17:14.305988,1,28.75,1,1,1,1,1,1,1,1
20250425_upper_k1.0_2120_2025-04-25T14:40:37.733438,2025-04-25,2025-04-25 14:40:37.733438,1,1.5,0,0,1,1,0,0,0,0
20250425_upper_k1.0_2121_2025-04-25T14:56:22.881749,2025-04-25,2025-04-25 14:56:22.881749,1,8.5,1,1,0,0,1,1,1,1
20250425_upper_k1.0_2122_2025-04-25T15:17:07.361221,2025-04-25,2025-04-25 15:17:07.361221,1,2.5,1,1,1,1,1,1,1,1
20250425_upper_k1.0_2123_2025-04-25T15:35:29.540906,2025-04-25,2025-04-25 15:35:29.540906,1,6.75,0,0,0,0,0,0,1,1
20250425_upper_k1.0_2124_2025-04-25T17:52:19.643950,2025-04-25,2025-04-25 17:52:19.643950,1,7.0,1,1,1,1,1,1,1,1
20250428_upper_k1.0_2125_2025-04-28T13:30:00.042528,2025-04-28,2025-04-28 13:30:00.042528,1,4.25,0,0,0,0,0,0,0,0
20250428_upper_k1.0_2126_2025-04-28T13:49:30.842793,2025-04-28,2025-04-28 13:49:30.842793,1,27.25,0,0,1,1,0,0,1,1
20250428_upper_k1.0_2127_2025-04-28T14:21:04.256684,2025-04-28,2025-04-28 14:21:04.256684,1,15.25,1,1,0,1,1,1,1,1
20250428_upper_k1.0_2128_2025-04-28T14:45:19.980013,2025-04-28,2025-04-28 14:45:19.980013,1,10.25,0,0,0,0,0,0,0,0
20250428_upper_k1.0_2129_2025-04-28T19:01:40.542141,2025-04-28,2025-04-28 19:01:40.542141,0,0.0,0,0,0,0,0,0,0,0
20250429_upper_k1.0_2130_2025-04-29T13:30:00.043662,2025-04-29,2025-04-29 13:30:00.043662,1,4.5,1,1,1,0,1,1,1,1
20250429_upper_k1.0_2131_2025-04-29T14:00:01.085730,2025-04-29,2025-04-29 14:00:01.085730,1,8.5,1,1,1,1,1,1,1,1
20250429_upper_k1.0_2132_2025-04-29T14:21:01.269385,2025-04-29,2025-04-29 14:21:01.269385,1,15.0,0,0,1,1,0,0,0,0
20250429_upper_k1.0_2133_2025-04-29T15:22:32.146570,2025-04-29,2025-04-29 15:22:32.146570,1,2.25,1,1,0,0,0,1,0,0
20250429_upper_k1.0_2134_2025-04-29T16:47:45.821038,2025-04-29,2025-04-29 16:47:45.821038,1,13.0,1,1,0,0,0,1,0,0
20250429_upper_k1.0_2135_2025-04-29T17:07:35.941319,2025-04-29,2025-04-29 17:07:35.941319,1,7.75,0,0,0,0,0,0,0,0
20250430_upper_k1.0_2136_2025-04-30T13:30:00.855072,2025-04-30,2025-04-30 13:30:00.855072,1,32.75,1,1,1,1,1,1,1,1
20250430_upper_k1.0_2137_2025-04-30T14:10:11.301888,2025-04-30,2025-04-30 14:10:11.301888,1,7.0,1,1,1,1,1,1,1,1
20250501_upper_k1.0_2138_2025-05-01T13:30:00.063731,2025-05-01,2025-05-01 13:30:00.063731,1,14.0,1,1,1,1,1,0,1,1
20250501_upper_k1.0_2139_2025-05-01T13:45:00.493318,2025-05-01,2025-05-01 13:45:00.493318,1,2.5,1,1,1,1,1,1,1,1
20250501_upper_k1.0_2140_2025-05-01T14:00:05.000228,2025-05-01,2025-05-01 14:00:05.000228,1,19.0,1,1,1,1,1,1,1,1
20250501_upper_k1.0_2141_2025-05-01T14:15:06.306747,2025-05-01,2025-05-01 14:15:06.306747,0,0.25,1,1,1,1,1,1,1,1
20250501_upper_k1.0_2142_2025-05-01T15:51:04.911892,2025-05-01,2025-05-01 15:51:04.911892,1,20.25,0,0,0,0,0,0,0,0
20250501_upper_k1.0_2143_2025-05-01T17:07:41.611943,2025-05-01,2025-05-01 17:07:41.611943,1,1.75,0,0,0,0,0,0,0,0
20250501_upper_k1.0_2144_2025-05-01T17:27:25.487893,2025-05-01,2025-05-01 17:27:25.487893,1,4.75,0,0,0,0,0,0,0,0
20250501_upper_k1.0_2145_2025-05-01T18:06:17.144396,2025-05-01,2025-05-01 18:06:17.144396,0,0.5,0,0,0,0,0,0,0,0
20250501_upper_k1.0_2146_2025-05-01T18:27:30.604781,2025-05-01,2025-05-01 18:27:30.604781,0,0.75,0,0,0,1,0,0,0,0
20250501_upper_k1.0_2147_2025-05-01T19:00:57.028474,2025-05-01,2025-05-01 19:00:57.028474,1,6.25,0,0,0,0,0,0,0,0
20250501_upper_k1.0_2148_2025-05-01T19:16:05.493977,2025-05-01,2025-05-01 19:16:05.493977,1,2.25,0,0,0,0,0,0,1,1
20250501_upper_k1.0_2149_2025-05-01T19:36:31.164421,2025-05-01,2025-05-01 19:36:31.164421,1,3.5,0,0,0,0,0,0,0,0
20250502_upper_k1.0_2150_2025-05-02T13:30:00.031556,2025-05-02,2025-05-02 13:30:00.031556,1,9.25,0,0,0,0,0,0,0,0
20250502_upper_k1.0_2151_2025-05-02T13:45:02.014217,2025-05-02,2025-05-02 13:45:02.014217,1,25.25,1,1,1,1,1,0,1,1
20250502_upper_k1.0_2152_2025-05-02T14:03:07.271506,2025-05-02,2025-05-02 14:03:07.271506,1,4.75,0,0,1,1,0,0,0,0
20250502_upper_k1.0_2153_2025-05-02T14:20:24.204836,2025-05-02,2025-05-02 14:20:24.204836,0,0.75,1,1,1,1,0,1,0,0
20250502_upper_k1.0_2154_2025-05-02T14:41:49.219339,2025-05-02,2025-05-02 14:41:49.219339,1,2.0,1,1,1,1,1,0,1,1
20250502_upper_k1.0_2155_2025-05-02T15:23:32.936709,2025-05-02,2025-05-02 15:23:32.936709,1,6.25,0,0,0,0,0,0,0,0
20250502_upper_k1.0_2156_2025-05-02T19:05:12.460905,2025-05-02,2025-05-02 19:05:12.460905,1,1.5,0,1,0,0,0,1,0,1
20250502_upper_k1.0_2157_2025-05-02T19:48:14.082596,2025-05-02,2025-05-02 19:48:14.082596,1,3.75,0,1,0,0,0,0,0,0
20250505_upper_k1.0_2158_2025-05-05T13:30:00.050013,2025-05-05,2025-05-05 13:30:00.050013,1,5.75,0,0,0,0,0,0,0,1
20250505_upper_k1.0_2159_2025-05-05T13:48:36.052273,2025-05-05,2025-05-05 13:48:36.052273,1,10.25,0,0,0,0,0,0,1,1
20250505_upper_k1.0_2160_2025-05-05T14:04:52.895734,2025-05-05,2025-05-05 14:04:52.895734,1,6.75,1,1,1,1,1,1,1,1
20250505_upper_k1.0_2161_2025-05-05T14:23:59.843671,2025-05-05,2025-05-05 14:23:59.843671,1,1.75,0,0,0,0,0,0,0,0
20250505_upper_k1.0_2162_2025-05-05T15:39:26.791772,2025-05-05,2025-05-05 15:39:26.791772,0,0.25,0,0,0,0,0,0,0,0
20250505_upper_k1.0_2163_2025-05-05T19:22:24.026525,2025-05-05,2025-05-05 19:22:24.026525,1,2.75,0,0,0,0,0,0,0,0
20250505_upper_k1.0_2164_2025-05-05T19:43:29.295439,2025-05-05,2025-05-05 19:43:29.295439,1,11.75,0,0,0,0,0,0,0,0
20250506_upper_k1.0_2165_2025-05-06T13:30:00.041659,2025-05-06,2025-05-06 13:30:00.041659,1,4.5,0,0,0,0,0,0,1,0
20250506_upper_k1.0_2166_2025-05-06T14:05:16.073321,2025-05-06,2025-05-06 14:05:16.073321,1,5.5,1,0,0,0,1,1,0,0
20250506_upper_k1.0_2167_2025-05-06T16:24:03.422387,2025-05-06,2025-05-06 16:24:03.422387,0,0.5,1,1,1,1,1,1,1,1
20250506_upper_k1.0_2168_2025-05-06T16:44:16.910487,2025-05-06,2025-05-06 16:44:16.910487,1,10.25,0,0,0,0,0,0,0,0
20250506_upper_k1.0_2169_2025-05-06T17:09:02.541744,2025-05-06,2025-05-06 17:09:02.541744,1,4.75,0,0,0,0,0,0,0,0
20250506_upper_k1.0_2170_2025-05-06T18:24:53.381563,2025-05-06,2025-05-06 18:24:53.381563,0,0.75,0,0,0,0,0,0,0,0
20250506_upper_k1.0_2171_2025-05-06T18:44:40.920125,2025-05-06,2025-05-06 18:44:40.920125,1,2.75,0,0,0,0,0,0,0,0
20250506_upper_k1.0_2172_2025-05-06T19:07:13.820685,2025-05-06,2025-05-06 19:07:13.820685,1,4.0,0,0,0,0,0,0,0,0
20250506_upper_k1.0_2173_2025-05-06T19:22:50.128867,2025-05-06,2025-05-06 19:22:50.128867,0,0.25,0,0,0,0,0,0,0,0
20250506_upper_k1.0_2174_2025-05-06T19:50:29.873931,2025-05-06,2025-05-06 19:50:29.873931,1,17.0,0,0,0,0,0,0,0,0
20250507_upper_k1.0_2175_2025-05-07T13:30:00.043427,2025-05-07,2025-05-07 13:30:00.043427,1,7.25,0,0,0,0,0,0,0,1
20250507_upper_k1.0_2176_2025-05-07T13:48:52.054891,2025-05-07,2025-05-07 13:48:52.054891,1,8.75,1,1,1,1,1,1,1,1
20250507_upper_k1.0_2177_2025-05-07T14:49:25.740116,2025-05-07,2025-05-07 14:49:25.740116,1,21.75,0,0,0,0,0,0,0,0
20250507_upper_k1.0_2178_2025-05-07T16:17:49.602188,2025-05-07,2025-05-07 16:17:49.602188,1,9.75,0,0,0,0,0,0,0,0
20250507_upper_k1.0_2179_2025-05-07T16:41:15.210515,2025-05-07,2025-05-07 16:41:15.210515,1,2.5,0,0,0,0,0,0,0,0
20250507_upper_k1.0_2180_2025-05-07T17:36:07.934897,2025-05-07,2025-05-07 17:36:07.934897,1,4.25,0,0,0,0,0,0,0,0
20250507_upper_k1.0_2181_2025-05-07T17:51:47.085452,2025-05-07,2025-05-07 17:51:47.085452,1,17.75,0,0,0,0,0,0,1,1
20250507_upper_k1.0_2182_2025-05-07T18:38:06.255644,2025-05-07,2025-05-07 18:38:06.255644,1,15.75,0,1,0,0,1,1,0,0
20250507_upper_k1.0_2183_2025-05-07T18:56:46.310277,2025-05-07,2025-05-07 18:56:46.310277,1,2.5,1,1,1,1,1,1,1,1
20250507_upper_k1.0_2184_2025-05-07T19:12:49.970742,2025-05-07,2025-05-07 19:12:49.970742,1,7.75,1,1,1,1,1,1,1,1
20250507_upper_k1.0_2185_2025-05-07T19:41:42.860595,2025-05-07,2025-05-07 19:41:42.860595,1,11.0,1,1,1,1,1,1,1,1
20250508_upper_k1.0_2186_2025-05-08T13:30:00.055215,2025-05-08,2025-05-08 13:30:00.055215,1,12.25,1,1,0,0,1,1,1,1
20250508_upper_k1.0_2187_2025-05-08T14:01:59.282566,2025-05-08,2025-05-08 14:01:59.282566,1,21.25,0,0,0,0,0,0,0,0
20250508_upper_k1.0_2188_2025-05-08T14:22:08.576930,2025-05-08,2025-05-08 14:22:08.576930,1,10.0,1,0,1,1,1,1,0,0
20250508_upper_k1.0_2189_2025-05-08T15:10:49.061035,2025-05-08,2025-05-08 15:10:49.061035,1,3.5,0,0,0,0,0,0,0,1
20250508_upper_k1.0_2190_2025-05-08T19:45:36.310071,2025-05-08,2025-05-08 19:45:36.310071,1,22.5,1,1,0,0,0,0,0,0
20250509_upper_k1.0_2191_2025-05-09T13:30:00.034753,2025-05-09,2025-05-09 13:30:00.034753,0,0.25,0,0,0,0,0,0,0,0
20250509_upper_k1.0_2192_2025-05-09T13:58:13.735393,2025-05-09,2025-05-09 13:58:13.735393,1,2.5,0,0,0,0,0,0,0,0
20250509_upper_k1.0_2193_2025-05-09T15:50:15.635698,2025-05-09,2025-05-09 15:50:15.635698,1,2.5,0,0,0,0,1,0,0,0
20250509_upper_k1.0_2194_2025-05-09T17:46:48.716924,2025-05-09,2025-05-09 17:46:48.716924,1,4.75,0,0,0,0,0,0,0,0
20250509_upper_k1.0_2195_2025-05-09T18:06:27.722393,2025-05-09,2025-05-09 18:06:27.722393,1,4.0,0,0,0,0,0,0,0,0
20250509_upper_k1.0_2196_2025-05-09T18:47:59.610686,2025-05-09,2025-05-09 18:47:59.610686,1,3.75,0,0,0,0,0,0,0,0
20250509_upper_k1.0_2197_2025-05-09T19:21:25.471071,2025-05-09,2025-05-09 19:21:25.471071,1,7.25,0,0,0,0,0,0,0,0
20250509_upper_k1.0_2198_2025-05-09T19:36:26.600137,2025-05-09,2025-05-09 19:36:26.600137,1,8.25,0,0,0,0,0,0,0,0
20250509_upper_k1.0_2199_2025-05-09T19:54:40.063657,2025-05-09,2025-05-09 19:54:40.063657,1,8.25,0,0,0,0,0,0,0,0
20250512_upper_k1.0_2200_2025-05-12T13:30:00.026513,2025-05-12,2025-05-12 13:30:00.026513,1,26.5,1,1,1,0,1,1,0,0
20250512_upper_k1.0_2201_2025-05-12T13:52:44.481910,2025-05-12,2025-05-12 13:52:44.481910,1,9.75,0,0,0,1,0,0,1,0
20250512_upper_k1.0_2202_2025-05-12T14:08:00.082404,2025-05-12,2025-05-12 14:08:00.082404,1,5.75,0,0,0,0,0,0,0,0
20250512_upper_k1.0_2203_2025-05-12T14:23:16.100392,2025-05-12,2025-05-12 14:23:16.100392,1,26.0,1,1,0,1,0,1,0,0
20250512_upper_k1.0_2204_2025-05-12T14:44:41.010054,2025-05-12,2025-05-12 14:44:41.010054,0,0.5,0,0,0,0,0,0,0,0
20250512_upper_k1.0_2205_2025-05-12T15:00:17.250007,2025-05-12,2025-05-12 15:00:17.250007,1,3.25,0,0,0,0,0,0,0,0
20250512_upper_k1.0_2206_2025-05-12T15:15:29.371706,2025-05-12,2025-05-12 15:15:29.371706,1,11.25,0,0,0,0,0,0,0,0
20250512_upper_k1.0_2207_2025-05-12T15:32:35.832287,2025-05-12,2025-05-12 15:32:35.832287,1,10.75,0,0,0,0,0,0,0,0
20250512_upper_k1.0_2208_2025-05-12T16:10:15.701658,2025-05-12,2025-05-12 16:10:15.701658,1,3.75,0,0,0,0,0,0,0,0
20250513_upper_k1.0_2209_2025-05-13T13:30:00.043918,2025-05-13,2025-05-13 13:30:00.043918,1,7.0,0,0,0,0,0,0,0,0
20250513_upper_k1.0_2210_2025-05-13T19:53:10.326632,2025-05-13,2025-05-13 19:53:10.326632,1,6.75,0,0,0,0,0,0,0,0
20250514_upper_k1.0_2211_2025-05-14T13:30:00.022647,2025-05-14,2025-05-14 13:30:00.022647,0,0.5,0,0,0,0,0,0,0,0
20250514_upper_k1.0_2212_2025-05-14T14:08:42.920148,2025-05-14,2025-05-14 14:08:42.920148,1,14.0,1,0,1,1,1,1,0,0
20250514_upper_k1.0_2213_2025-05-14T14:30:03.320303,2025-05-14,2025-05-14 14:30:03.320303,1,4.75,0,0,0,0,0,0,0,0
20250514_upper_k1.0_2214_2025-05-14T14:50:38.270622,2025-05-14,2025-05-14 14:50:38.270622,1,3.0,0,0,0,0,0,0,0,0
20250514_upper_k1.0_2215_2025-05-14T15:21:03.033939,2025-05-14,2025-05-14 15:21:03.033939,1,3.5,0,0,0,0,0,0,0,0
20250514_upper_k1.0_2216_2025-05-14T16:39:04.621635,2025-05-14,2025-05-14 16:39:04.621635,1,6.5,0,0,0,0,0,0,0,0
20250514_upper_k1.0_2217_2025-05-14T16:54:58.390187,2025-05-14,2025-05-14 16:54:58.390187,1,5.25,0,0,0,0,0,0,0,0
20250514_upper_k1.0_2218_2025-05-14T18:05:22.660479,2025-05-14,2025-05-14 18:05:22.660479,1,5.5,0,0,0,0,0,0,0,0
20250514_upper_k1.0_2219_2025-05-14T18:21:22.310470,2025-05-14,2025-05-14 18:21:22.310470,1,9.25,0,0,0,0,0,0,0,0
20250514_upper_k1.0_2220_2025-05-14T18:38:28.517557,2025-05-14,2025-05-14 18:38:28.517557,1,2.5,0,0,0,0,0,0,0,0
20250514_upper_k1.0_2221_2025-05-14T18:55:42.731139,2025-05-14,2025-05-14 18:55:42.731139,1,4.5,0,0,0,0,0,0,1,0
20250514_upper_k1.0_2222_2025-05-14T19:10:44.350233,2025-05-14,2025-05-14 19:10:44.350233,1,2.5,0,0,0,0,0,0,0,0
20250514_upper_k1.0_2223_2025-05-14T19:50:00.732908,2025-05-14,2025-05-14 19:50:00.732908,1,5.0,1,1,1,1,1,1,1,1
20250515_upper_k1.0_2224_2025-05-15T13:30:00.020750,2025-05-15,2025-05-15 13:30:00.020750,0,0.5,0,0,0,0,0,0,0,0
20250515_upper_k1.0_2225_2025-05-15T13:45:32.310456,2025-05-15,2025-05-15 13:45:32.310456,1,10.25,0,0,0,0,0,0,0,0
20250515_upper_k1.0_2226_2025-05-15T14:10:15.902300,2025-05-15,2025-05-15 14:10:15.902300,1,6.75,0,0,0,0,0,0,0,0
20250515_upper_k1.0_2227_2025-05-15T14:27:16.064360,2025-05-15,2025-05-15 14:27:16.064360,1,8.5,0,0,0,0,0,0,0,0
20250515_upper_k1.0_2228_2025-05-15T14:42:58.880481,2025-05-15,2025-05-15 14:42:58.880481,1,4.75,0,0,0,0,0,0,0,0
20250515_upper_k1.0_2229_2025-05-15T19:26:12.148188,2025-05-15,2025-05-15 19:26:12.148188,1,2.25,0,0,0,0,0,0,0,0
20250516_upper_k1.0_2230_2025-05-16T13:30:00.020808,2025-05-16,2025-05-16 13:30:00.020808,1,10.5,1,0,1,1,0,0,1,0
20250516_upper_k1.0_2231_2025-05-16T13:46:59.141312,2025-05-16,2025-05-16 13:46:59.141312,1,2.5,0,0,0,0,0,0,0,0
20250516_upper_k1.0_2232_2025-05-16T14:01:59.340510,2025-05-16,2025-05-16 14:01:59.340510,1,3.5,1,1,0,1,1,0,0,0
20250516_upper_k1.0_2233_2025-05-16T14:28:56.656917,2025-05-16,2025-05-16 14:28:56.656917,1,8.5,0,0,0,0,0,0,0,0
20250516_upper_k1.0_2234_2025-05-16T14:55:51.069033,2025-05-16,2025-05-16 14:55:51.069033,1,5.5,0,0,0,0,0,0,0,0
20250516_upper_k1.0_2235_2025-05-16T15:13:56.680107,2025-05-16,2025-05-16 15:13:56.680107,1,4.0,0,0,0,0,0,0,0,0
20250519_upper_k1.0_2236_2025-05-19T13:30:00.013694,2025-05-19,2025-05-19 13:30:00.013694,1,1.0,0,0,0,0,0,0,0,0
20250520_upper_k1.0_2237_2025-05-20T13:30:00.019937,2025-05-20,2025-05-20 13:30:00.019937,1,3.75,1,1,0,0,1,1,1,1
20250520_upper_k1.0_2238_2025-05-20T13:53:00.861126,2025-05-20,2025-05-20 13:53:00.861126,1,6.75,1,0,1,1,0,0,0,0
20250520_upper_k1.0_2239_2025-05-20T14:18:28.360421,2025-05-20,2025-05-20 14:18:28.360421,1,4.75,0,0,0,0,0,0,0,0
20250520_upper_k1.0_2240_2025-05-20T14:35:34.248806,2025-05-20,2025-05-20 14:35:34.248806,1,1.75,0,0,0,0,0,0,0,0
20250520_upper_k1.0_2241_2025-05-20T14:58:03.260574,2025-05-20,2025-05-20 14:58:03.260574,1,8.5,0,0,0,0,0,0,0,0
20250520_upper_k1.0_2242_2025-05-20T15:13:04.471521,2025-05-20,2025-05-20 15:13:04.471521,0,0.5,0,0,0,0,0,0,0,0
20250520_upper_k1.0_2243_2025-05-20T15:32:33.214961,2025-05-20,2025-05-20 15:32:33.214961,1,4.75,0,0,0,0,0,0,0,0
20250520_upper_k1.0_2244_2025-05-20T15:56:20.100071,2025-05-20,2025-05-20 15:56:20.100071,1,4.25,0,0,0,0,0,0,0,0
20250520_upper_k1.0_2245_2025-05-20T16:38:06.340365,2025-05-20,2025-05-20 16:38:06.340365,0,0.75,0,0,0,0,0,0,0,0
20250520_upper_k1.0_2246_2025-05-20T17:32:50.220717,2025-05-20,2025-05-20 17:32:50.220717,1,4.0,0,0,0,0,0,0,0,0
20250520_upper_k1.0_2247_2025-05-20T18:04:32.141499,2025-05-20,2025-05-20 18:04:32.141499,1,2.75,0,0,0,0,0,0,0,0
20250520_upper_k1.0_2248_2025-05-20T19:54:12.180793,2025-05-20,2025-05-20 19:54:12.180793,1,3.75,0,0,0,0,0,0,0,0
20250521_upper_k1.0_2249_2025-05-21T13:30:00.012036,2025-05-21,2025-05-21 13:30:00.012036,0,0.5,0,0,0,0,0,0,0,0
20250521_upper_k1.0_2250_2025-05-21T13:59:42.134541,2025-05-21,2025-05-21 13:59:42.134541,0,0.0,0,0,0,0,0,0,0,0
20250521_upper_k1.0_2251_2025-05-21T14:14:44.573474,2025-05-21,2025-05-21 14:14:44.573474,1,1.0,0,0,0,0,0,0,0,0
20250521_upper_k1.0_2252_2025-05-21T14:31:02.752153,2025-05-21,2025-05-21 14:31:02.752153,1,9.0,0,0,0,0,0,0,0,0
20250521_upper_k1.0_2253_2025-05-21T14:55:39.620571,2025-05-21,2025-05-21 14:55:39.620571,0,0.5,0,0,0,0,0,0,0,0
20250521_upper_k1.0_2254_2025-05-21T17:09:11.013467,2025-05-21,2025-05-21 17:09:11.013467,1,33.75,0,0,0,0,0,0,0,0
20250522_upper_k1.0_2255_2025-05-22T13:30:00.580105,2025-05-22,2025-05-22 13:30:00.580105,1,12.25,0,0,0,0,0,0,0,0
20250522_upper_k1.0_2256_2025-05-22T13:45:01.176136,2025-05-22,2025-05-22 13:45:01.176136,1,7.5,1,1,1,1,1,1,1,1
20250522_upper_k1.0_2257_2025-05-22T14:21:12.897093,2025-05-22,2025-05-22 14:21:12.897093,1,10.25,0,0,0,0,0,0,0,0
20250522_upper_k1.0_2258_2025-05-22T15:02:18.080353,2025-05-22,2025-05-22 15:02:18.080353,1,4.25,0,0,0,0,0,1,0,0
20250522_upper_k1.0_2259_2025-05-22T15:21:22.027451,2025-05-22,2025-05-22 15:21:22.027451,1,9.0,0,0,0,0,0,0,0,0
20250522_upper_k1.0_2260_2025-05-22T15:36:51.372807,2025-05-22,2025-05-22 15:36:51.372807,1,1.75,1,1,0,1,0,1,0,0
20250522_upper_k1.0_2261_2025-05-22T16:49:24.683243,2025-05-22,2025-05-22 16:49:24.683243,1,5.5,0,0,0,0,0,0,0,0
20250522_upper_k1.0_2262_2025-05-22T17:17:14.691204,2025-05-22,2025-05-22 17:17:14.691204,0,0.25,0,0,0,0,0,0,0,0
20250522_upper_k1.0_2263_2025-05-22T19:54:50.125649,2025-05-22,2025-05-22 19:54:50.125649,1,16.25,1,1,1,1,0,0,1,1
20250523_upper_k1.0_2264_2025-05-23T13:30:00.020545,2025-05-23,2025-05-23 13:30:00.020545,1,3.5,0,1,0,0,1,1,0,1
20250523_upper_k1.0_2265_2025-05-23T13:45:00.045314,2025-05-23,2025-05-23 13:45:00.045314,1,11.75,1,0,1,1,0,1,0,0
20250523_upper_k1.0_2266_2025-05-23T14:00:02.965967,2025-05-23,2025-05-23 14:00:02.965967,1,2.0,1,1,1,1,1,1,1,1
20250523_upper_k1.0_2267_2025-05-23T14:20:01.762470,2025-05-23,2025-05-23 14:20:01.762470,1,4.25,1,1,0,1,0,1,0,0
20250523_upper_k1.0_2268_2025-05-23T14:50:39.497694,2025-05-23,2025-05-23 14:50:39.497694,1,7.25,0,1,0,0,0,1,0,0
20250523_upper_k1.0_2269_2025-05-23T15:09:34.850454,2025-05-23,2025-05-23 15:09:34.850454,1,7.25,0,0,0,0,0,0,0,0
20250523_upper_k1.0_2270_2025-05-23T16:04:25.113790,2025-05-23,2025-05-23 16:04:25.113790,1,4.75,1,1,1,1,1,1,1,1
20250523_upper_k1.0_2271_2025-05-23T19:53:35.761365,2025-05-23,2025-05-23 19:53:35.761365,1,4.25,0,0,0,0,0,0,0,1
20250526_upper_k1.0_2272_2025-05-26T13:30:07.700772,2025-05-26,2025-05-26 13:30:07.700772,0,0.25,0,0,0,0,0,0,0,0
20250526_upper_k1.0_2273_2025-05-26T13:45:37.261668,2025-05-26,2025-05-26 13:45:37.261668,1,6.25,0,0,0,0,0,0,0,0
20250526_upper_k1.0_2274_2025-05-26T15:52:01.420084,2025-05-26,2025-05-26 15:52:01.420084,0,0.5,0,0,0,0,0,0,0,0
20250526_upper_k1.0_2275_2025-05-26T16:31:57.770407,2025-05-26,2025-05-26 16:31:57.770407,0,0.5,0,0,0,0,0,0,0,0
20250527_upper_k1.0_2276_2025-05-27T13:30:00.053061,2025-05-27,2025-05-27 13:30:00.053061,1,18.0,0,0,0,0,1,1,0,0
20250527_upper_k1.0_2277_2025-05-27T13:50:33.190866,2025-05-27,2025-05-27 13:50:33.190866,0,0.25,0,0,0,0,0,0,0,0
20250528_upper_k1.0_2278_2025-05-28T13:30:00.054605,2025-05-28,2025-05-28 13:30:00.054605,1,3.25,0,0,0,0,0,0,0,0
20250528_upper_k1.0_2279_2025-05-28T13:45:36.842421,2025-05-28,2025-05-28 13:45:36.842421,1,13.0,0,0,0,0,0,0,0,0
20250528_upper_k1.0_2280_2025-05-28T17:06:16.630584,2025-05-28,2025-05-28 17:06:16.630584,1,2.0,0,0,0,0,0,0,0,0
20250528_upper_k1.0_2281_2025-05-28T17:23:34.302018,2025-05-28,2025-05-28 17:23:34.302018,1,5.5,0,0,0,0,0,0,0,0
20250528_upper_k1.0_2282_2025-05-28T18:13:08.831587,2025-05-28,2025-05-28 18:13:08.831587,1,6.75,0,0,0,0,0,0,0,0
20250528_upper_k1.0_2283_2025-05-28T19:06:03.100530,2025-05-28,2025-05-28 19:06:03.100530,1,8.0,0,0,0,0,0,0,0,0
20250529_upper_k1.0_2284_2025-05-29T13:30:00.034522,2025-05-29,2025-05-29 13:30:00.034522,1,18.0,0,0,0,0,0,0,0,0
20250529_upper_k1.0_2285_2025-05-29T13:54:11.110140,2025-05-29,2025-05-29 13:54:11.110140,1,10.0,0,0,0,0,0,0,0,0
20250529_upper_k1.0_2286_2025-05-29T14:56:24.348419,2025-05-29,2025-05-29 14:56:24.348419,1,7.75,0,0,0,0,0,0,0,0
20250529_upper_k1.0_2287_2025-05-29T15:28:16.761176,2025-05-29,2025-05-29 15:28:16.761176,1,17.75,0,0,0,0,0,0,0,0
20250529_upper_k1.0_2288_2025-05-29T16:58:11.761231,2025-05-29,2025-05-29 16:58:11.761231,1,5.75,0,0,0,0,0,0,0,0
20250529_upper_k1.0_2289_2025-05-29T17:13:19.120713,2025-05-29,2025-05-29 17:13:19.120713,1,7.25,0,0,0,0,0,0,0,0
20250529_upper_k1.0_2290_2025-05-29T19:26:00.310482,2025-05-29,2025-05-29 19:26:00.310482,1,8.75,0,0,0,0,0,0,0,0
20250529_upper_k1.0_2291_2025-05-29T19:46:23.280934,2025-05-29,2025-05-29 19:46:23.280934,1,7.75,0,0,0,0,0,0,0,0
20250530_upper_k1.0_2292_2025-05-30T13:30:00.008984,2025-05-30,2025-05-30 13:30:00.008984,1,15.75,0,0,0,0,0,0,0,0
20250530_upper_k1.0_2293_2025-05-30T13:45:52.282608,2025-05-30,2025-05-30 13:45:52.282608,1,17.5,1,0,1,1,1,1,0,0
20250530_upper_k1.0_2294_2025-05-30T14:00:58.040162,2025-05-30,2025-05-30 14:00:58.040162,0,0.0,1,1,1,1,1,1,1,1
20250530_upper_k1.0_2295_2025-05-30T14:52:58.687451,2025-05-30,2025-05-30 14:52:58.687451,1,1.75,0,0,0,0,0,0,0,0
20250530_upper_k1.0_2296_2025-05-30T15:10:48.320196,2025-05-30,2025-05-30 15:10:48.320196,1,6.5,0,0,0,0,0,0,0,0
20250530_upper_k1.0_2297_2025-05-30T15:25:56.000251,2025-05-30,2025-05-30 15:25:56.000251,1,8.75,0,0,0,0,0,0,0,0
20250530_upper_k1.0_2298_2025-05-30T16:10:10.680094,2025-05-30,2025-05-30 16:10:10.680094,1,15.75,0,0,0,0,0,0,0,0
20250530_upper_k1.0_2299_2025-05-30T18:08:49.420286,2025-05-30,2025-05-30 18:08:49.420286,1,1.0,0,0,0,0,0,0,0,0
20250602_upper_k1.0_2300_2025-06-02T13:30:00.051631,2025-06-02,2025-06-02 13:30:00.051631,0,0.0,1,1,0,0,1,1,0,0
20250602_upper_k1.0_2301_2025-06-02T13:45:22.880832,2025-06-02,2025-06-02 13:45:22.880832,1,24.0,0,0,1,1,0,0,0,0
20250602_upper_k1.0_2302_2025-06-02T14:22:12.160011,2025-06-02,2025-06-02 14:22:12.160011,0,0.0,0,0,0,0,0,0,0,0
20250602_upper_k1.0_2303_2025-06-02T15:34:45.826361,2025-06-02,2025-06-02 15:34:45.826361,1,1.75,0,0,0,0,0,0,0,0
20250603_upper_k1.0_2304_2025-06-03T13:30:00.018164,2025-06-03,2025-06-03 13:30:00.018164,1,3.0,0,0,0,0,0,0,0,0
20250603_upper_k1.0_2305_2025-06-03T13:47:07.368884,2025-06-03,2025-06-03 13:47:07.368884,1,3.75,0,0,0,0,0,0,0,0
20250603_upper_k1.0_2306_2025-06-03T14:02:07.711212,2025-06-03,2025-06-03 14:02:07.711212,1,10.0,0,0,0,0,0,0,0,0
20250603_upper_k1.0_2307_2025-06-03T18:10:50.026390,2025-06-03,2025-06-03 18:10:50.026390,0,0.25,0,0,0,0,0,0,0,0
20250604_upper_k1.0_2308_2025-06-04T13:30:00.013830,2025-06-04,2025-06-04 13:30:00.013830,1,2.0,0,0,0,0,0,0,1,0
20250604_upper_k1.0_2309_2025-06-04T13:45:25.140135,2025-06-04,2025-06-04 13:45:25.140135,1,4.75,0,0,1,1,0,0,1,1
20250604_upper_k1.0_2310_2025-06-04T14:15:51.248223,2025-06-04,2025-06-04 14:15:51.248223,1,6.0,0,0,1,0,0,0,0,0
20250604_upper_k1.0_2311_2025-06-04T14:38:34.691014,2025-06-04,2025-06-04 14:38:34.691014,1,6.0,0,0,0,0,0,0,0,0
20250604_upper_k1.0_2312_2025-06-04T14:56:33.690045,2025-06-04,2025-06-04 14:56:33.690045,1,2.0,0,0,0,0,0,0,0,0
20250604_upper_k1.0_2313_2025-06-04T15:17:32.906026,2025-06-04,2025-06-04 15:17:32.906026,1,3.0,0,0,0,0,0,0,0,0
20250604_upper_k1.0_2314_2025-06-04T15:42:16.760438,2025-06-04,2025-06-04 15:42:16.760438,1,8.5,0,0,0,0,0,0,0,0
20250604_upper_k1.0_2315_2025-06-04T17:02:08.604950,2025-06-04,2025-06-04 17:02:08.604950,1,1.0,0,0,0,0,0,0,0,0
20250604_upper_k1.0_2316_2025-06-04T17:40:15.880348,2025-06-04,2025-06-04 17:40:15.880348,1,1.0,0,0,0,0,0,0,0,0
20250604_upper_k1.0_2317_2025-06-04T18:48:38.990229,2025-06-04,2025-06-04 18:48:38.990229,1,3.75,0,0,0,0,0,0,0,0
20250604_upper_k1.0_2318_2025-06-04T19:04:12.411006,2025-06-04,2025-06-04 19:04:12.411006,1,4.0,0,0,0,0,0,0,0,0
20250604_upper_k1.0_2319_2025-06-04T19:21:20.427498,2025-06-04,2025-06-04 19:21:20.427498,1,3.5,0,0,0,0,0,0,0,0
20250605_upper_k1.0_2320_2025-06-05T13:30:00.042648,2025-06-05,2025-06-05 13:30:00.042648,1,25.0,1,0,0,0,1,1,1,0
20250605_upper_k1.0_2321_2025-06-05T14:23:04.249102,2025-06-05,2025-06-05 14:23:04.249102,1,6.25,0,0,0,0,0,0,1,0
20250605_upper_k1.0_2322_2025-06-05T14:38:25.540155,2025-06-05,2025-06-05 14:38:25.540155,1,4.0,0,0,1,1,0,0,0,0
20250605_upper_k1.0_2323_2025-06-05T17:21:04.475574,2025-06-05,2025-06-05 17:21:04.475574,1,2.0,0,0,0,0,0,0,0,0
20250605_upper_k1.0_2324_2025-06-05T17:46:21.209773,2025-06-05,2025-06-05 17:46:21.209773,1,3.75,0,0,0,0,0,0,0,0
20250606_upper_k1.0_2325_2025-06-06T13:30:00.020229,2025-06-06,2025-06-06 13:30:00.020229,1,2.75,0,0,0,0,0,0,0,0
20250606_upper_k1.0_2326_2025-06-06T13:56:05.821340,2025-06-06,2025-06-06 13:56:05.821340,1,3.0,0,0,0,0,0,0,0,0
20250606_upper_k1.0_2327_2025-06-06T14:14:41.091267,2025-06-06,2025-06-06 14:14:41.091267,1,3.75,0,0,0,0,0,0,0,0
20250606_upper_k1.0_2328_2025-06-06T14:40:54.603847,2025-06-06,2025-06-06 14:40:54.603847,1,5.25,0,0,0,0,0,0,0,0
20250606_upper_k1.0_2329_2025-06-06T15:06:09.260220,2025-06-06,2025-06-06 15:06:09.260220,1,3.5,0,0,0,0,0,0,0,0
20250606_upper_k1.0_2330_2025-06-06T18:00:28.170360,2025-06-06,2025-06-06 18:00:28.170360,0,0.25,0,0,0,0,0,0,0,0
20250606_upper_k1.0_2331_2025-06-06T19:20:26.820514,2025-06-06,2025-06-06 19:20:26.820514,1,1.25,0,0,0,0,0,0,0,0
20250606_upper_k1.0_2332_2025-06-06T19:38:42.682185,2025-06-06,2025-06-06 19:38:42.682185,1,3.0,0,0,0,0,0,0,0,0
20250606_upper_k1.0_2333_2025-06-06T19:56:04.175027,2025-06-06,2025-06-06 19:56:04.175027,1,4.5,0,0,0,0,0,1,0,0
20250609_upper_k1.0_2334_2025-06-09T13:30:00.026136,2025-06-09,2025-06-09 13:30:00.026136,1,13.0,0,0,0,0,0,0,0,0
20250609_upper_k1.0_2335_2025-06-09T13:45:15.840636,2025-06-09,2025-06-09 13:45:15.840636,1,2.0,0,0,0,0,0,0,0,0
20250609_upper_k1.0_2336_2025-06-09T14:00:21.261339,2025-06-09,2025-06-09 14:00:21.261339,1,4.5,0,0,1,0,0,0,1,0
20250609_upper_k1.0_2337_2025-06-09T14:44:35.135200,2025-06-09,2025-06-09 14:44:35.135200,1,4.75,0,0,0,0,0,0,0,0
20250609_upper_k1.0_2338_2025-06-09T14:59:43.160752,2025-06-09,2025-06-09 14:59:43.160752,0,0.25,0,0,0,0,0,0,0,0
20250609_upper_k1.0_2339_2025-06-09T15:14:51.691753,2025-06-09,2025-06-09 15:14:51.691753,1,4.25,0,0,0,0,0,0,0,0
20250609_upper_k1.0_2340_2025-06-09T15:34:12.121172,2025-06-09,2025-06-09 15:34:12.121172,1,1.0,0,0,0,0,0,0,0,0
20250609_upper_k1.0_2341_2025-06-09T16:08:17.671524,2025-06-09,2025-06-09 16:08:17.671524,1,2.0,0,0,0,0,0,0,0,0
20250609_upper_k1.0_2342_2025-06-09T19:42:25.370168,2025-06-09,2025-06-09 19:42:25.370168,1,2.5,0,0,0,0,0,0,0,0
20250610_upper_k1.0_2343_2025-06-10T13:30:00.018939,2025-06-10,2025-06-10 13:30:00.018939,0,0.5,0,0,0,0,0,0,0,0
20250610_upper_k1.0_2344_2025-06-10T13:48:08.505201,2025-06-10,2025-06-10 13:48:08.505201,1,3.25,0,0,0,0,0,0,0,0
20250610_upper_k1.0_2345_2025-06-10T14:03:11.504936,2025-06-10,2025-06-10 14:03:11.504936,1,1.0,0,0,0,0,0,0,0,0
20250610_upper_k1.0_2346_2025-06-10T15:00:05.073152,2025-06-10,2025-06-10 15:00:05.073152,1,1.0,0,0,0,0,0,0,0,0
20250610_upper_k1.0_2347_2025-06-10T15:30:12.617213,2025-06-10,2025-06-10 15:30:12.617213,1,19.75,0,0,0,0,0,0,0,0
20250610_upper_k1.0_2348_2025-06-10T15:47:14.630942,2025-06-10,2025-06-10 15:47:14.630942,0,0.5,0,0,0,0,0,0,0,0
20250610_upper_k1.0_2349_2025-06-10T18:35:05.910077,2025-06-10,2025-06-10 18:35:05.910077,0,0.25,0,0,0,0,0,0,0,0
20250611_upper_k1.0_2350_2025-06-11T13:30:00.015324,2025-06-11,2025-06-11 13:30:00.015324,1,14.25,0,0,0,0,0,0,0,0
20250611_upper_k1.0_2351_2025-06-11T13:51:03.973805,2025-06-11,2025-06-11 13:51:03.973805,1,1.25,0,0,0,0,0,0,0,0
20250611_upper_k1.0_2352_2025-06-11T14:08:06.813697,2025-06-11,2025-06-11 14:08:06.813697,1,1.75,0,0,0,0,0,0,0,0
20250611_upper_k1.0_2353_2025-06-11T15:09:50.692621,2025-06-11,2025-06-11 15:09:50.692621,1,5.25,0,0,0,0,0,1,0,0
20250611_upper_k1.0_2354_2025-06-11T15:31:20.400526,2025-06-11,2025-06-11 15:31:20.400526,0,0.5,0,0,0,0,0,0,0,0
20250611_upper_k1.0_2355_2025-06-11T15:46:58.720820,2025-06-11,2025-06-11 15:46:58.720820,1,8.0,0,0,0,0,0,0,0,0
20250611_upper_k1.0_2356_2025-06-11T17:03:11.700446,2025-06-11,2025-06-11 17:03:11.700446,1,1.75,0,0,0,0,0,0,0,0
20250611_upper_k1.0_2357_2025-06-11T17:36:25.201363,2025-06-11,2025-06-11 17:36:25.201363,1,6.5,0,0,0,0,0,0,0,0
20250612_upper_k1.0_2358_2025-06-12T13:30:00.076225,2025-06-12,2025-06-12 13:30:00.076225,1,5.5,0,0,0,0,0,0,0,0
20250612_upper_k1.0_2359_2025-06-12T13:55:43.690767,2025-06-12,2025-06-12 13:55:43.690767,1,2.5,0,0,0,0,0,0,0,0
20250612_upper_k1.0_2360_2025-06-12T15:23:00.682763,2025-06-12,2025-06-12 15:23:00.682763,1,3.75,1,1,1,1,0,0,1,1
20250612_upper_k1.0_2361_2025-06-12T15:47:02.950696,2025-06-12,2025-06-12 15:47:02.950696,1,2.75,0,0,0,0,0,0,1,0
20250612_upper_k1.0_2362_2025-06-12T16:04:29.770148,2025-06-12,2025-06-12 16:04:29.770148,1,1.75,0,0,0,0,0,0,0,0
20250612_upper_k1.0_2363_2025-06-12T16:24:20.170868,2025-06-12,2025-06-12 16:24:20.170868,1,1.5,0,0,0,0,0,0,0,0
20250612_upper_k1.0_2364_2025-06-12T19:50:02.870121,2025-06-12,2025-06-12 19:50:02.870121,0,0.75,1,1,1,1,1,1,1,1
20250613_upper_k1.0_2365_2025-06-13T13:30:00.043119,2025-06-13,2025-06-13 13:30:00.043119,1,4.5,1,1,0,0,1,0,1,1
20250613_upper_k1.0_2366_2025-06-13T13:51:08.343559,2025-06-13,2025-06-13 13:51:08.343559,1,18.5,1,1,1,1,1,1,1,1
20250613_upper_k1.0_2367_2025-06-13T14:41:46.160015,2025-06-13,2025-06-13 14:41:46.160015,1,13.0,0,0,0,0,0,0,0,0
20250613_upper_k1.0_2368_2025-06-13T17:15:54.720593,2025-06-13,2025-06-13 17:15:54.720593,1,5.25,0,0,0,0,0,0,1,1
20250613_upper_k1.0_2369_2025-06-13T17:31:10.373187,2025-06-13,2025-06-13 17:31:10.373187,1,5.0,0,0,0,0,0,0,1,1
20250613_upper_k1.0_2370_2025-06-13T17:50:48.920048,2025-06-13,2025-06-13 17:50:48.920048,0,0.5,0,0,0,0,0,0,0,0
20250616_upper_k1.0_2371_2025-06-16T13:30:00.025754,2025-06-16,2025-06-16 13:30:00.025754,1,1.25,0,0,0,0,0,0,0,0
20250616_upper_k1.0_2372_2025-06-16T13:47:42.955441,2025-06-16,2025-06-16 13:47:42.955441,1,2.75,0,0,0,0,0,0,0,0
20250616_upper_k1.0_2373_2025-06-16T15:27:48.370469,2025-06-16,2025-06-16 15:27:48.370469,0,0.5,0,0,0,0,0,0,0,0
20250616_upper_k1.0_2374_2025-06-16T15:54:40.886114,2025-06-16,2025-06-16 15:54:40.886114,1,5.0,0,0,0,0,0,0,0,0
20250616_upper_k1.0_2375_2025-06-16T16:11:15.010902,2025-06-16,2025-06-16 16:11:15.010902,0,0.75,0,0,0,0,0,0,0,0
20250616_upper_k1.0_2376_2025-06-16T16:32:34.596103,2025-06-16,2025-06-16 16:32:34.596103,1,5.25,0,0,0,0,0,0,0,0
20250616_upper_k1.0_2377_2025-06-16T17:28:07.340594,2025-06-16,2025-06-16 17:28:07.340594,0,0.0,0,0,0,0,0,0,0,0
20250616_upper_k1.0_2378_2025-06-16T17:43:58.011003,2025-06-16,2025-06-16 17:43:58.011003,1,3.5,0,0,0,0,0,0,0,0
20250616_upper_k1.0_2379_2025-06-16T20:00:00.027333,2025-06-16,2025-06-16 20:00:00.027333,0,0.5,0,0,0,0,0,0,0,0
20250617_upper_k1.0_2380_2025-06-17T13:30:00.032632,2025-06-17,2025-06-17 13:30:00.032632,1,2.75,1,1,0,0,1,1,0,0
20250617_upper_k1.0_2381_2025-06-17T13:47:32.293009,2025-06-17,2025-06-17 13:47:32.293009,1,5.5,0,0,0,0,0,0,1,1
20250617_upper_k1.0_2382_2025-06-17T14:04:27.222774,2025-06-17,2025-06-17 14:04:27.222774,1,2.0,0,0,0,0,0,0,0,0
20250617_upper_k1.0_2383_2025-06-17T14:35:33.270040,2025-06-17,2025-06-17 14:35:33.270040,1,4.0,0,0,0,0,0,0,0,0
20250617_upper_k1.0_2384_2025-06-17T14:52:14.720137,2025-06-17,2025-06-17 14:52:14.720137,1,4.75,0,0,0,0,0,0,0,0
20250617_upper_k1.0_2385_2025-06-17T15:16:15.926137,2025-06-17,2025-06-17 15:16:15.926137,1,4.25,1,1,1,0,0,0,1,1
20250617_upper_k1.0_2386_2025-06-17T15:40:50.170184,2025-06-17,2025-06-17 15:40:50.170184,1,3.5,0,0,0,0,0,0,0,0
20250617_upper_k1.0_2387_2025-06-17T15:56:26.060900,2025-06-17,2025-06-17 15:56:26.060900,1,2.5,0,0,0,0,0,0,0,0
20250617_upper_k1.0_2388_2025-06-17T16:44:45.972003,2025-06-17,2025-06-17 16:44:45.972003,1,8.25,0,0,0,0,0,0,0,0
20250618_upper_k1.0_2389_2025-06-18T13:30:02.564730,2025-06-18,2025-06-18 13:30:02.564730,1,11.5,0,0,0,0,0,0,0,0
20250618_upper_k1.0_2390_2025-06-18T13:45:32.122371,2025-06-18,2025-06-18 13:45:32.122371,0,0.5,0,0,0,0,0,0,0,0
20250618_upper_k1.0_2391_2025-06-18T15:42:37.194731,2025-06-18,2025-06-18 15:42:37.194731,1,1.25,0,0,0,0,0,0,0,0
20250618_upper_k1.0_2392_2025-06-18T16:03:16.080005,2025-06-18,2025-06-18 16:03:16.080005,0,0.75,0,0,0,0,0,0,0,0
20250618_upper_k1.0_2393_2025-06-18T16:19:01.101908,2025-06-18,2025-06-18 16:19:01.101908,1,2.5,0,0,0,0,0,0,0,0
20250618_upper_k1.0_2394_2025-06-18T16:42:11.161170,2025-06-18,2025-06-18 16:42:11.161170,1,3.5,0,0,0,0,0,0,0,0
20250618_upper_k1.0_2395_2025-06-18T17:53:58.805386,2025-06-18,2025-06-18 17:53:58.805386,1,2.0,0,0,0,0,0,0,0,0
20250618_upper_k1.0_2396_2025-06-18T18:34:02.951567,2025-06-18,2025-06-18 18:34:02.951567,1,8.25,0,0,0,0,0,0,0,0
20250618_upper_k1.0_2397_2025-06-18T18:49:38.580511,2025-06-18,2025-06-18 18:49:38.580511,1,28.0,0,0,0,0,0,0,0,0
20250619_upper_k1.0_2398_2025-06-19T13:30:46.634268,2025-06-19,2025-06-19 13:30:46.634268,1,12.5,0,0,0,0,0,0,0,0
20250619_upper_k1.0_2399_2025-06-19T14:08:21.690073,2025-06-19,2025-06-19 14:08:21.690073,1,3.5,0,0,0,0,0,0,0,0
20250619_upper_k1.0_2400_2025-06-19T14:30:25.031312,2025-06-19,2025-06-19 14:30:25.031312,1,5.5,0,0,0,0,0,0,0,0
20250619_upper_k1.0_2401_2025-06-19T14:51:42.805011,2025-06-19,2025-06-19 14:51:42.805011,1,2.25,0,0,0,0,0,0,1,1
20250619_upper_k1.0_2402_2025-06-19T15:09:58.402989,2025-06-19,2025-06-19 15:09:58.402989,0,0.25,0,0,0,0,0,0,0,0
20250619_upper_k1.0_2403_2025-06-19T15:30:37.802075,2025-06-19,2025-06-19 15:30:37.802075,1,8.75,0,0,0,0,0,0,0,0
20250619_upper_k1.0_2404_2025-06-19T15:47:39.840287,2025-06-19,2025-06-19 15:47:39.840287,1,9.5,0,0,0,0,0,0,0,0
20250619_upper_k1.0_2405_2025-06-19T16:21:15.981862,2025-06-19,2025-06-19 16:21:15.981862,1,2.0,0,0,0,0,0,0,0,0
20250619_upper_k1.0_2406_2025-06-19T16:36:50.386615,2025-06-19,2025-06-19 16:36:50.386615,1,3.25,0,0,0,0,0,0,1,1
20250619_upper_k1.0_2407_2025-06-19T16:52:45.220175,2025-06-19,2025-06-19 16:52:45.220175,1,8.75,0,0,0,0,0,0,0,0
20250620_upper_k1.0_2408_2025-06-20T13:30:00.049179,2025-06-20,2025-06-20 13:30:00.049179,1,8.0,1,1,1,1,0,1,1,1
20250620_upper_k1.0_2409_2025-06-20T13:46:01.700609,2025-06-20,2025-06-20 13:46:01.700609,1,14.75,0,0,0,1,0,0,0,0
20250623_upper_k1.0_2410_2025-06-23T13:30:00.028103,2025-06-23,2025-06-23 13:30:00.028103,1,15.25,0,0,0,0,0,0,1,1
20250623_upper_k1.0_2411_2025-06-23T14:56:45.020510,2025-06-23,2025-06-23 14:56:45.020510,1,3.0,0,0,0,0,0,0,0,0
20250623_upper_k1.0_2412_2025-06-23T15:26:56.601523,2025-06-23,2025-06-23 15:26:56.601523,1,6.75,0,0,0,0,0,0,0,0
20250623_upper_k1.0_2413_2025-06-23T17:11:42.863742,2025-06-23,2025-06-23 17:11:42.863742,1,6.0,0,0,0,1,0,0,1,1
20250624_upper_k1.0_2414_2025-06-24T13:30:00.045857,2025-06-24,2025-06-24 13:30:00.045857,1,4.75,0,0,0,0,0,0,0,0
20250624_upper_k1.0_2415_2025-06-24T13:49:52.501221,2025-06-24,2025-06-24 13:49:52.501221,1,11.25,0,0,0,0,0,0,0,0
20250624_upper_k1.0_2416_2025-06-24T14:18:11.260081,2025-06-24,2025-06-24 14:18:11.260081,1,2.0,0,0,0,0,0,0,0,0
20250624_upper_k1.0_2417_2025-06-24T14:59:04.078463,2025-06-24,2025-06-24 14:59:04.078463,1,2.0,1,1,1,0,1,0,1,1
20250625_upper_k1.0_2418_2025-06-25T13:30:00.016994,2025-06-25,2025-06-25 13:30:00.016994,1,2.0,0,0,0,0,0,0,0,0
20250625_upper_k1.0_2419_2025-06-25T13:47:06.552755,2025-06-25,2025-06-25 13:47:06.552755,1,7.75,0,0,0,0,0,0,0,0
20250625_upper_k1.0_2420_2025-06-25T14:05:37.840165,2025-06-25,2025-06-25 14:05:37.840165,1,8.5,0,0,0,0,0,0,0,0
20250625_upper_k1.0_2421_2025-06-25T14:44:11.132625,2025-06-25,2025-06-25 14:44:11.132625,1,3.25,0,0,0,0,0,0,0,0
20250625_upper_k1.0_2422_2025-06-25T19:12:47.380076,2025-06-25,2025-06-25 19:12:47.380076,1,2.0,0,0,0,0,0,0,0,0
20250625_upper_k1.0_2423_2025-06-25T19:28:04.560109,2025-06-25,2025-06-25 19:28:04.560109,1,8.75,0,0,0,0,0,0,0,0
20250625_upper_k1.0_2424_2025-06-25T19:59:58.650926,2025-06-25,2025-06-25 19:59:58.650926,0,0.5,0,0,0,0,0,1,0,0
20250626_upper_k1.0_2425_2025-06-26T13:30:00.065165,2025-06-26,2025-06-26 13:30:00.065165,1,2.5,0,0,0,0,0,0,1,0
20250626_upper_k1.0_2426_2025-06-26T13:57:04.172425,2025-06-26,2025-06-26 13:57:04.172425,1,1.75,0,0,0,0,0,0,0,0
20250627_upper_k1.0_2427_2025-06-27T13:30:00.028686,2025-06-27,2025-06-27 13:30:00.028686,1,2.25,0,0,0,0,0,0,0,0
20250627_upper_k1.0_2428_2025-06-27T14:52:00.430365,2025-06-27,2025-06-27 14:52:00.430365,1,1.75,0,0,0,0,0,0,0,0
20250627_upper_k1.0_2429_2025-06-27T17:33:43.990305,2025-06-27,2025-06-27 17:33:43.990305,1,2.0,0,0,0,0,0,0,0,0
20250627_upper_k1.0_2430_2025-06-27T19:53:30.111764,2025-06-27,2025-06-27 19:53:30.111764,1,2.0,0,0,0,0,0,0,0,0
20250630_upper_k1.0_2431_2025-06-30T13:30:00.027359,2025-06-30,2025-06-30 13:30:00.027359,1,12.5,0,0,0,0,0,0,0,0
20250630_upper_k1.0_2432_2025-06-30T13:55:43.570037,2025-06-30,2025-06-30 13:55:43.570037,1,4.25,0,0,0,0,0,0,0,0
20250630_upper_k1.0_2433_2025-06-30T14:11:10.850811,2025-06-30,2025-06-30 14:11:10.850811,1,5.25,0,0,0,0,0,0,0,0
20250630_upper_k1.0_2434_2025-06-30T14:29:27.670337,2025-06-30,2025-06-30 14:29:27.670337,1,8.5,0,0,0,0,0,0,0,0
20250630_upper_k1.0_2435_2025-06-30T15:07:09.630865,2025-06-30,2025-06-30 15:07:09.630865,1,6.75,0,0,0,0,0,0,0,0
20250630_upper_k1.0_2436_2025-06-30T15:33:33.030863,2025-06-30,2025-06-30 15:33:33.030863,0,0.25,0,0,0,0,0,0,0,0
20250630_upper_k1.0_2437_2025-06-30T15:56:47.400881,2025-06-30,2025-06-30 15:56:47.400881,1,1.5,0,0,0,0,0,0,0,0
20250630_upper_k1.0_2438_2025-06-30T16:18:26.712488,2025-06-30,2025-06-30 16:18:26.712488,1,4.25,0,0,0,0,0,0,0,0
20250630_upper_k1.0_2439_2025-06-30T16:33:35.611223,2025-06-30,2025-06-30 16:33:35.611223,0,0.25,0,0,0,0,0,0,0,0
20250630_upper_k1.0_2440_2025-06-30T16:59:14.524334,2025-06-30,2025-06-30 16:59:14.524334,1,2.75,0,0,0,0,0,0,0,0
20250630_upper_k1.0_2441_2025-06-30T17:14:47.530734,2025-06-30,2025-06-30 17:14:47.530734,1,3.25,0,0,0,0,0,0,0,0
20250630_upper_k1.0_2442_2025-06-30T18:55:32.166182,2025-06-30,2025-06-30 18:55:32.166182,1,1.0,0,0,0,0,0,0,0,0
20250701_upper_k1.0_2443_2025-07-01T13:30:00.027422,2025-07-01,2025-07-01 13:30:00.027422,1,1.75,0,0,0,0,0,0,0,0
20250701_upper_k1.0_2444_2025-07-01T13:45:11.080869,2025-07-01,2025-07-01 13:45:11.080869,1,1.0,0,0,0,0,0,0,0,0
20250701_upper_k1.0_2445_2025-07-01T14:09:48.200033,2025-07-01,2025-07-01 14:09:48.200033,1,2.5,0,0,0,0,0,0,0,0
20250701_upper_k1.0_2446_2025-07-01T14:24:50.670221,2025-07-01,2025-07-01 14:24:50.670221,1,5.0,0,0,0,0,0,0,0,0
20250701_upper_k1.0_2447_2025-07-01T15:04:14.860027,2025-07-01,2025-07-01 15:04:14.860027,1,14.5,0,0,0,0,0,0,0,0
20250701_upper_k1.0_2448_2025-07-01T15:24:52.010149,2025-07-01,2025-07-01 15:24:52.010149,0,0.5,0,0,0,0,0,0,0,0
20250701_upper_k1.0_2449_2025-07-01T15:53:37.080297,2025-07-01,2025-07-01 15:53:37.080297,1,2.25,0,0,0,0,0,0,0,0
20250701_upper_k1.0_2450_2025-07-01T16:46:38.081643,2025-07-01,2025-07-01 16:46:38.081643,0,0.5,0,0,0,0,0,0,0,0
20250701_upper_k1.0_2451_2025-07-01T17:02:00.923874,2025-07-01,2025-07-01 17:02:00.923874,0,0.5,0,0,0,0,0,0,0,0
20250701_upper_k1.0_2452_2025-07-01T19:00:08.130319,2025-07-01,2025-07-01 19:00:08.130319,1,7.5,1,0,1,0,0,1,0,0
20250702_upper_k1.0_2453_2025-07-02T13:30:00.013192,2025-07-02,2025-07-02 13:30:00.013192,1,6.75,0,0,0,0,0,0,0,0
20250702_upper_k1.0_2454_2025-07-02T13:45:03.270059,2025-07-02,2025-07-02 13:45:03.270059,0,0.25,0,0,0,0,0,0,0,0
20250702_upper_k1.0_2455_2025-07-02T14:00:03.981841,2025-07-02,2025-07-02 14:00:03.981841,0,0.0,0,0,0,0,0,0,0,0
20250703_upper_k1.0_2456_2025-07-03T13:30:00.063013,2025-07-03,2025-07-03 13:30:00.063013,0,0.25,0,0,0,0,0,0,0,0
20250703_upper_k1.0_2457_2025-07-03T16:53:09.037052,2025-07-03,2025-07-03 16:53:09.037052,1,2.0,0,0,0,0,0,0,0,0
20250703_upper_k1.0_2458_2025-07-03T17:12:19.330304,2025-07-03,2025-07-03 17:12:19.330304,1,1.25,0,0,0,0,0,0,1,1
20250704_upper_k1.0_2459_2025-07-04T13:30:16.780614,2025-07-04,2025-07-04 13:30:16.780614,1,5.0,0,0,0,0,0,0,0,0
20250704_upper_k1.0_2460_2025-07-04T13:45:25.850413,2025-07-04,2025-07-04 13:45:25.850413,1,1.0,0,0,0,0,0,0,0,0
20250704_upper_k1.0_2461_2025-07-04T14:03:14.285043,2025-07-04,2025-07-04 14:03:14.285043,1,1.75,0,0,0,0,0,0,0,0
20250704_upper_k1.0_2462_2025-07-04T14:18:32.146819,2025-07-04,2025-07-04 14:18:32.146819,0,0.75,0,0,0,0,0,0,0,0
20250704_upper_k1.0_2463_2025-07-04T15:15:11.390991,2025-07-04,2025-07-04 15:15:11.390991,1,3.25,0,0,0,0,0,0,0,0
20250704_upper_k1.0_2464_2025-07-04T15:30:52.330040,2025-07-04,2025-07-04 15:30:52.330040,0,0.75,0,0,0,0,0,0,0,0
20250704_upper_k1.0_2465_2025-07-04T15:46:29.744877,2025-07-04,2025-07-04 15:46:29.744877,0,0.25,0,0,0,0,0,0,0,0
20250704_upper_k1.0_2466_2025-07-04T16:01:46.624951,2025-07-04,2025-07-04 16:01:46.624951,0,0.5,0,0,0,0,0,0,0,0
20250704_upper_k1.0_2467_2025-07-04T16:18:58.027027,2025-07-04,2025-07-04 16:18:58.027027,1,3.25,0,0,0,0,0,0,0,0
20250704_upper_k1.0_2468_2025-07-04T16:34:57.450084,2025-07-04,2025-07-04 16:34:57.450084,1,5.0,0,0,0,0,0,0,0,0
20250707_upper_k1.0_2469_2025-07-07T13:30:00.051767,2025-07-07,2025-07-07 13:30:00.051767,1,5.0,0,0,0,0,0,0,0,0
20250707_upper_k1.0_2470_2025-07-07T13:48:50.482516,2025-07-07,2025-07-07 13:48:50.482516,1,1.25,0,0,0,0,0,0,0,0
20250707_upper_k1.0_2471_2025-07-07T14:25:56.970067,2025-07-07,2025-07-07 14:25:56.970067,1,9.5,0,0,0,0,0,0,0,0
20250708_upper_k1.0_2472_2025-07-08T13:30:00.004055,2025-07-08,2025-07-08 13:30:00.004055,1,8.25,0,0,0,0,0,0,0,0
20250708_upper_k1.0_2473_2025-07-08T13:51:09.360095,2025-07-08,2025-07-08 13:51:09.360095,1,6.5,0,0,0,0,0,0,0,0
20250708_upper_k1.0_2474_2025-07-08T14:32:21.302486,2025-07-08,2025-07-08 14:32:21.302486,0,0.75,0,0,0,0,0,0,0,0
20250708_upper_k1.0_2475_2025-07-08T14:47:28.180066,2025-07-08,2025-07-08 14:47:28.180066,1,13.75,0,0,0,0,0,0,0,0
20250708_upper_k1.0_2476_2025-07-08T15:05:17.080215,2025-07-08,2025-07-08 15:05:17.080215,0,0.5,0,0,0,0,0,0,0,0
20250708_upper_k1.0_2477_2025-07-08T15:43:06.201735,2025-07-08,2025-07-08 15:43:06.201735,1,2.0,0,0,0,0,0,0,0,0
20250708_upper_k1.0_2478_2025-07-08T16:05:55.562882,2025-07-08,2025-07-08 16:05:55.562882,1,2.75,0,0,0,0,0,0,0,0
20250708_upper_k1.0_2479_2025-07-08T16:35:18.940402,2025-07-08,2025-07-08 16:35:18.940402,1,5.25,0,0,0,0,0,0,1,0
20250708_upper_k1.0_2480_2025-07-08T16:55:58.354711,2025-07-08,2025-07-08 16:55:58.354711,1,5.0,1,0,1,0,0,0,0,0
20250708_upper_k1.0_2481_2025-07-08T17:27:38.602273,2025-07-08,2025-07-08 17:27:38.602273,1,6.25,0,0,0,0,0,0,0,0
20250708_upper_k1.0_2482_2025-07-08T17:52:01.140249,2025-07-08,2025-07-08 17:52:01.140249,0,0.25,0,0,0,0,0,0,0,0
20250708_upper_k1.0_2483_2025-07-08T18:21:37.670561,2025-07-08,2025-07-08 18:21:37.670561,1,6.0,0,0,0,0,0,0,0,0
20250708_upper_k1.0_2484_2025-07-08T18:39:21.433368,2025-07-08,2025-07-08 18:39:21.433368,1,5.75,0,0,0,0,0,0,0,0
20250708_upper_k1.0_2485_2025-07-08T19:50:00.013705,2025-07-08,2025-07-08 19:50:00.013705,1,8.5,0,0,0,0,0,0,0,0
20250709_upper_k1.0_2486_2025-07-09T13:30:00.054345,2025-07-09,2025-07-09 13:30:00.054345,1,1.5,1,0,1,0,1,0,1,0
20250709_upper_k1.0_2487_2025-07-09T14:04:37.911174,2025-07-09,2025-07-09 14:04:37.911174,1,2.25,0,0,0,0,0,0,0,0
20250709_upper_k1.0_2488_2025-07-09T14:19:49.722733,2025-07-09,2025-07-09 14:19:49.722733,1,9.5,0,0,0,0,0,0,0,0
20250709_upper_k1.0_2489_2025-07-09T18:01:06.090700,2025-07-09,2025-07-09 18:01:06.090700,1,2.0,0,0,0,0,0,0,0,0
20250709_upper_k1.0_2490_2025-07-09T18:17:03.624845,2025-07-09,2025-07-09 18:17:03.624845,1,1.0,0,0,0,0,0,0,0,0
20250710_upper_k1.0_2491_2025-07-10T13:30:00.042413,2025-07-10,2025-07-10 13:30:00.042413,1,5.5,0,0,0,0,0,0,0,0
20250710_upper_k1.0_2492_2025-07-10T13:45:17.575683,2025-07-10,2025-07-10 13:45:17.575683,1,7.25,0,0,0,0,0,0,0,0
20250710_upper_k1.0_2493_2025-07-10T14:11:07.061059,2025-07-10,2025-07-10 14:11:07.061059,1,2.5,0,0,0,0,0,0,0,0
20250710_upper_k1.0_2494_2025-07-10T14:30:00.060088,2025-07-10,2025-07-10 14:30:00.060088,0,0.25,0,0,0,0,0,0,0,0
20250710_upper_k1.0_2495_2025-07-10T19:52:06.914952,2025-07-10,2025-07-10 19:52:06.914952,0,0.75,0,0,0,0,0,0,0,0
20250711_upper_k1.0_2496_2025-07-11T13:30:00.022187,2025-07-11,2025-07-11 13:30:00.022187,1,8.0,0,0,0,0,0,0,0,0
20250711_upper_k1.0_2497_2025-07-11T13:49:18.250093,2025-07-11,2025-07-11 13:49:18.250093,1,1.75,0,0,0,0,0,0,0,0
20250711_upper_k1.0_2498_2025-07-11T14:53:34.240333,2025-07-11,2025-07-11 14:53:34.240333,0,0.5,0,0,0,0,0,0,0,0
20250711_upper_k1.0_2499_2025-07-11T15:13:00.585450,2025-07-11,2025-07-11 15:13:00.585450,1,6.0,0,0,0,0,0,0,0,0
20250711_upper_k1.0_2500_2025-07-11T15:28:20.890050,2025-07-11,2025-07-11 15:28:20.890050,0,0.25,0,0,0,0,0,0,0,0
20250711_upper_k1.0_2501_2025-07-11T16:03:00.919171,2025-07-11,2025-07-11 16:03:00.919171,1,3.75,0,0,0,0,0,0,0,0
20250711_upper_k1.0_2502_2025-07-11T16:19:57.671264,2025-07-11,2025-07-11 16:19:57.671264,0,0.25,0,0,0,0,0,0,0,0
20250711_upper_k1.0_2503_2025-07-11T19:04:05.598130,2025-07-11,2025-07-11 19:04:05.598130,1,6.75,0,0,0,0,0,0,0,0
20250711_upper_k1.0_2504_2025-07-11T19:54:40.002433,2025-07-11,2025-07-11 19:54:40.002433,1,3.5,0,0,0,0,0,0,0,0
20250714_upper_k1.0_2505_2025-07-14T13:30:00.028980,2025-07-14,2025-07-14 13:30:00.028980,1,6.75,0,0,0,0,0,0,0,0
20250714_upper_k1.0_2506_2025-07-14T13:48:21.722679,2025-07-14,2025-07-14 13:48:21.722679,1,4.25,0,0,0,0,0,0,0,0
20250714_upper_k1.0_2507_2025-07-14T14:04:59.042859,2025-07-14,2025-07-14 14:04:59.042859,1,6.25,0,0,0,0,0,0,0,0
20250714_upper_k1.0_2508_2025-07-14T14:27:16.952314,2025-07-14,2025-07-14 14:27:16.952314,1,6.75,0,0,0,0,0,0,0,0
20250714_upper_k1.0_2509_2025-07-14T14:42:25.785879,2025-07-14,2025-07-14 14:42:25.785879,1,3.0,0,0,0,0,0,0,0,0
20250715_upper_k1.0_2510_2025-07-15T13:30:00.037922,2025-07-15,2025-07-15 13:30:00.037922,1,11.25,0,0,0,0,0,0,0,0
20250716_upper_k1.0_2511_2025-07-16T13:30:01.521208,2025-07-16,2025-07-16 13:30:01.521208,1,4.75,0,0,0,0,1,0,0,0
20250716_upper_k1.0_2512_2025-07-16T14:30:57.470144,2025-07-16,2025-07-16 14:30:57.470144,1,9.5,0,0,0,0,0,0,0,0
20250716_upper_k1.0_2513_2025-07-16T14:48:09.164966,2025-07-16,2025-07-16 14:48:09.164966,1,12.5,0,0,0,0,0,0,0,0
20250716_upper_k1.0_2514_2025-07-16T15:04:10.000781,2025-07-16,2025-07-16 15:04:10.000781,1,3.0,0,0,0,0,0,0,0,0
20250716_upper_k1.0_2515_2025-07-16T15:55:16.253506,2025-07-16,2025-07-16 15:55:16.253506,1,5.25,1,1,1,1,1,1,1,1
20250716_upper_k1.0_2516_2025-07-16T16:10:17.860228,2025-07-16,2025-07-16 16:10:17.860228,1,7.0,0,0,0,0,0,0,0,0
20250716_upper_k1.0_2517_2025-07-16T16:32:03.800335,2025-07-16,2025-07-16 16:32:03.800335,0,0.5,0,0,0,0,0,0,0,0
20250716_upper_k1.0_2518_2025-07-16T16:48:57.944510,2025-07-16,2025-07-16 16:48:57.944510,0,0.25,0,0,0,0,0,0,0,0
20250717_upper_k1.0_2519_2025-07-17T13:30:00.013703,2025-07-17,2025-07-17 13:30:00.013703,1,2.75,0,0,0,0,0,0,0,0
20250717_upper_k1.0_2520_2025-07-17T14:18:36.671354,2025-07-17,2025-07-17 14:18:36.671354,1,7.75,0,0,0,0,0,0,0,0
20250717_upper_k1.0_2521_2025-07-17T14:37:33.747815,2025-07-17,2025-07-17 14:37:33.747815,1,5.25,0,0,0,0,0,0,0,0
20250718_upper_k1.0_2522_2025-07-18T13:30:00.017709,2025-07-18,2025-07-18 13:30:00.017709,1,8.5,0,0,0,0,1,1,0,0
20250718_upper_k1.0_2523_2025-07-18T13:47:28.820026,2025-07-18,2025-07-18 13:47:28.820026,1,6.5,0,0,0,0,0,0,0,0
20250718_upper_k1.0_2524_2025-07-18T14:02:33.070511,2025-07-18,2025-07-18 14:02:33.070511,1,7.75,0,0,0,0,0,0,0,0
20250718_upper_k1.0_2525_2025-07-18T15:51:57.720562,2025-07-18,2025-07-18 15:51:57.720562,1,2.5,0,0,0,0,0,0,0,0
20250718_upper_k1.0_2526_2025-07-18T19:55:22.420009,2025-07-18,2025-07-18 19:55:22.420009,1,2.5,0,0,0,0,0,0,0,0
20250721_upper_k1.0_2527_2025-07-21T13:30:00.034203,2025-07-21,2025-07-21 13:30:00.034203,1,1.5,0,0,0,0,0,0,0,0
20250721_upper_k1.0_2528_2025-07-21T16:18:05.142977,2025-07-21,2025-07-21 16:18:05.142977,1,2.0,0,0,0,0,0,0,0,0
20250721_upper_k1.0_2529_2025-07-21T16:40:37.464741,2025-07-21,2025-07-21 16:40:37.464741,0,0.0,0,0,0,0,0,0,0,0
20250721_upper_k1.0_2530_2025-07-21T18:44:21.464893,2025-07-21,2025-07-21 18:44:21.464893,1,5.5,0,0,0,0,0,0,0,0
20250722_upper_k1.0_2531_2025-07-22T13:30:00.353512,2025-07-22,2025-07-22 13:30:00.353512,1,8.75,0,0,0,0,1,1,0,0
20250722_upper_k1.0_2532_2025-07-22T13:45:10.977199,2025-07-22,2025-07-22 13:45:10.977199,1,26.75,0,0,0,0,0,0,0,0
20250722_upper_k1.0_2533_2025-07-22T14:31:32.712566,2025-07-22,2025-07-22 14:31:32.712566,1,1.75,0,0,0,0,0,0,0,0
20250722_upper_k1.0_2534_2025-07-22T14:47:15.461531,2025-07-22,2025-07-22 14:47:15.461531,1,3.5,0,0,0,0,0,0,0,0
20250722_upper_k1.0_2535_2025-07-22T15:03:05.431007,2025-07-22,2025-07-22 15:03:05.431007,0,0.0,0,0,0,0,0,0,0,0
20250722_upper_k1.0_2536_2025-07-22T15:18:21.860154,2025-07-22,2025-07-22 15:18:21.860154,0,0.25,0,0,0,0,0,0,0,0
20250722_upper_k1.0_2537_2025-07-22T15:39:29.261365,2025-07-22,2025-07-22 15:39:29.261365,1,2.25,0,0,0,0,0,0,0,0
20250722_upper_k1.0_2538_2025-07-22T15:59:39.040629,2025-07-22,2025-07-22 15:59:39.040629,1,2.0,0,0,0,0,0,0,0,0
20250722_upper_k1.0_2539_2025-07-22T16:25:45.385857,2025-07-22,2025-07-22 16:25:45.385857,1,6.5,0,0,0,0,0,0,0,0
20250722_upper_k1.0_2540_2025-07-22T16:50:41.721553,2025-07-22,2025-07-22 16:50:41.721553,0,0.75,0,0,0,0,0,0,0,0
20250722_upper_k1.0_2541_2025-07-22T18:18:06.787410,2025-07-22,2025-07-22 18:18:06.787410,1,1.0,0,0,0,0,1,0,0,0
20250723_upper_k1.0_2542_2025-07-23T13:30:00.103619,2025-07-23,2025-07-23 13:30:00.103619,1,8.25,0,0,0,0,0,0,0,0
20250723_upper_k1.0_2543_2025-07-23T14:25:29.670091,2025-07-23,2025-07-23 14:25:29.670091,1,5.25,0,0,0,0,0,0,0,0
20250723_upper_k1.0_2544_2025-07-23T14:48:32.980037,2025-07-23,2025-07-23 14:48:32.980037,1,3.25,0,0,0,0,0,0,0,0
20250723_upper_k1.0_2545_2025-07-23T15:03:48.712100,2025-07-23,2025-07-23 15:03:48.712100,1,1.75,0,0,0,0,0,0,0,0
20250723_upper_k1.0_2546_2025-07-23T15:20:53.063471,2025-07-23,2025-07-23 15:20:53.063471,0,0.25,0,0,0,0,0,0,0,0
20250723_upper_k1.0_2547_2025-07-23T15:38:02.019250,2025-07-23,2025-07-23 15:38:02.019250,1,1.5,0,0,0,0,0,0,0,0
20250724_upper_k1.0_2548_2025-07-24T13:30:00.009228,2025-07-24,2025-07-24 13:30:00.009228,1,5.5,0,0,0,0,1,1,0,0
20250724_upper_k1.0_2549_2025-07-24T13:45:00.806811,2025-07-24,2025-07-24 13:45:00.806811,0,0.75,0,0,0,0,0,0,1,1
20250724_upper_k1.0_2550_2025-07-24T14:09:32.670652,2025-07-24,2025-07-24 14:09:32.670652,1,8.5,0,0,0,0,0,0,0,0
20250724_upper_k1.0_2551_2025-07-24T14:28:10.640006,2025-07-24,2025-07-24 14:28:10.640006,0,0.5,0,0,0,0,0,0,0,0
20250724_upper_k1.0_2552_2025-07-24T16:01:33.121295,2025-07-24,2025-07-24 16:01:33.121295,1,2.25,0,0,0,0,0,0,0,0
20250724_upper_k1.0_2553_2025-07-24T16:20:52.820444,2025-07-24,2025-07-24 16:20:52.820444,1,8.25,0,0,0,0,0,0,0,0
20250724_upper_k1.0_2554_2025-07-24T16:45:19.112723,2025-07-24,2025-07-24 16:45:19.112723,1,4.0,0,0,0,0,0,0,0,0
20250724_upper_k1.0_2555_2025-07-24T17:04:18.110190,2025-07-24,2025-07-24 17:04:18.110190,0,0.5,0,0,0,0,0,0,0,0
20250724_upper_k1.0_2556_2025-07-24T17:58:24.954501,2025-07-24,2025-07-24 17:58:24.954501,0,0.0,0,0,0,0,0,0,0,0
20250724_upper_k1.0_2557_2025-07-24T18:48:58.651158,2025-07-24,2025-07-24 18:48:58.651158,1,2.5,0,0,0,0,0,0,0,0
20250724_upper_k1.0_2558_2025-07-24T19:40:54.000442,2025-07-24,2025-07-24 19:40:54.000442,1,6.0,0,0,0,0,0,0,0,0
20250725_upper_k1.0_2559_2025-07-25T13:30:00.060526,2025-07-25,2025-07-25 13:30:00.060526,1,3.25,0,0,0,0,0,0,0,1
20250725_upper_k1.0_2560_2025-07-25T13:45:45.364686,2025-07-25,2025-07-25 13:45:45.364686,1,1.5,0,0,0,0,0,0,0,0
20250725_upper_k1.0_2561_2025-07-25T14:01:18.222913,2025-07-25,2025-07-25 14:01:18.222913,1,4.75,0,0,0,0,0,0,0,0
20250725_upper_k1.0_2562_2025-07-25T14:16:19.145311,2025-07-25,2025-07-25 14:16:19.145311,1,2.0,0,0,0,0,0,0,0,0
20250725_upper_k1.0_2563_2025-07-25T14:32:02.971550,2025-07-25,2025-07-25 14:32:02.971550,0,0.75,0,0,0,0,0,0,0,0
20250728_upper_k1.0_2564_2025-07-28T13:30:00.051375,2025-07-28,2025-07-28 13:30:00.051375,1,2.25,0,0,0,0,1,1,0,0
20250728_upper_k1.0_2565_2025-07-28T13:45:31.000262,2025-07-28,2025-07-28 13:45:31.000262,1,4.75,0,0,0,0,0,0,0,0
20250728_upper_k1.0_2566_2025-07-28T14:00:46.020304,2025-07-28,2025-07-28 14:00:46.020304,1,1.25,0,0,0,0,0,0,0,0
20250728_upper_k1.0_2567_2025-07-28T14:21:41.840248,2025-07-28,2025-07-28 14:21:41.840248,1,3.25,0,0,0,0,0,0,0,0
20250728_upper_k1.0_2568_2025-07-28T14:37:15.580096,2025-07-28,2025-07-28 14:37:15.580096,1,1.0,0,0,0,0,0,0,0,0
20250728_upper_k1.0_2569_2025-07-28T15:51:23.090514,2025-07-28,2025-07-28 15:51:23.090514,1,3.25,0,0,0,0,0,0,0,0
20250728_upper_k1.0_2570_2025-07-28T16:17:45.480316,2025-07-28,2025-07-28 16:17:45.480316,1,2.0,0,0,0,0,0,0,0,0
20250728_upper_k1.0_2571_2025-07-28T19:59:52.576490,2025-07-28,2025-07-28 19:59:52.576490,1,1.0,0,0,0,0,0,0,0,0
20250729_upper_k1.0_2572_2025-07-29T13:30:00.085226,2025-07-29,2025-07-29 13:30:00.085226,1,4.0,0,0,0,0,0,0,0,0
20250729_upper_k1.0_2573_2025-07-29T14:00:05.971714,2025-07-29,2025-07-29 14:00:05.971714,1,5.25,1,1,1,0,1,1,1,1
20250730_upper_k1.0_2574_2025-07-30T13:30:00.013880,2025-07-30,2025-07-30 13:30:00.013880,1,7.75,0,0,0,0,0,0,0,0
20250730_upper_k1.0_2575_2025-07-30T13:47:50.542960,2025-07-30,2025-07-30 13:47:50.542960,1,7.25,0,0,0,0,0,0,0,1
20250730_upper_k1.0_2576_2025-07-30T14:07:11.140776,2025-07-30,2025-07-30 14:07:11.140776,1,3.0,0,0,0,0,0,0,0,0
20250730_upper_k1.0_2577_2025-07-30T15:56:11.302044,2025-07-30,2025-07-30 15:56:11.302044,0,0.25,0,0,0,0,0,0,0,0
20250730_upper_k1.0_2578_2025-07-30T18:02:08.641130,2025-07-30,2025-07-30 18:02:08.641130,1,2.5,1,1,0,0,0,1,1,1
20250730_upper_k1.0_2579_2025-07-30T18:38:56.401968,2025-07-30,2025-07-30 18:38:56.401968,1,8.25,1,0,1,1,0,1,0,0
20250731_upper_k1.0_2580_2025-07-31T13:30:00.005042,2025-07-31,2025-07-31 13:30:00.005042,1,12.0,0,0,0,0,0,0,0,0
20250731_upper_k1.0_2581_2025-07-31T13:49:11.423442,2025-07-31,2025-07-31 13:49:11.423442,1,3.0,0,0,0,0,0,0,0,0
20250731_upper_k1.0_2582_2025-07-31T14:11:57.030598,2025-07-31,2025-07-31 14:11:57.030598,1,3.75,0,0,0,0,0,0,0,0
20250731_upper_k1.0_2583_2025-07-31T14:31:05.142410,2025-07-31,2025-07-31 14:31:05.142410,1,7.75,0,0,0,0,0,0,0,0
20250731_upper_k1.0_2584_2025-07-31T16:24:07.940162,2025-07-31,2025-07-31 16:24:07.940162,0,0.75,0,0,0,0,0,0,0,0
20250731_upper_k1.0_2585_2025-07-31T16:39:26.550711,2025-07-31,2025-07-31 16:39:26.550711,1,5.75,0,0,0,0,0,0,0,0
20250801_upper_k1.0_2586_2025-08-01T13:30:00.003323,2025-08-01,2025-08-01 13:30:00.003323,1,27.0,0,0,1,1,0,0,1,1
20250801_upper_k1.0_2587_2025-08-01T14:12:40.450334,2025-08-01,2025-08-01 14:12:40.450334,1,8.5,0,0,1,1,0,0,1,0
20250801_upper_k1.0_2588_2025-08-01T14:42:43.900081,2025-08-01,2025-08-01 14:42:43.900081,1,9.25,1,1,1,1,0,0,0,0
20250801_upper_k1.0_2589_2025-08-01T15:11:40.201633,2025-08-01,2025-08-01 15:11:40.201633,1,8.0,0,0,0,0,0,1,0,0
20250801_upper_k1.0_2590_2025-08-01T15:39:50.731275,2025-08-01,2025-08-01 15:39:50.731275,1,1.5,0,0,0,0,1,0,0,0
20250801_upper_k1.0_2591_2025-08-01T16:42:37.285119,2025-08-01,2025-08-01 16:42:37.285119,1,3.5,0,0,0,0,0,0,0,0
20250801_upper_k1.0_2592_2025-08-01T18:38:42.175013,2025-08-01,2025-08-01 18:38:42.175013,1,1.75,0,0,0,0,0,0,0,0
20250801_upper_k1.0_2593_2025-08-01T19:47:21.614181,2025-08-01,2025-08-01 19:47:21.614181,1,12.0,0,0,0,0,0,0,0,0
20250804_upper_k1.0_2594_2025-08-04T13:30:00.018013,2025-08-04,2025-08-04 13:30:00.018013,1,1.5,0,0,0,0,0,0,0,0
20250804_upper_k1.0_2595_2025-08-04T15:42:43.021039,2025-08-04,2025-08-04 15:42:43.021039,0,0.5,0,0,0,0,0,0,0,0
20250805_upper_k1.0_2596_2025-08-05T13:30:00.030512,2025-08-05,2025-08-05 13:30:00.030512,1,6.5,0,0,0,0,0,0,0,0
20250805_upper_k1.0_2597_2025-08-05T13:50:47.661838,2025-08-05,2025-08-05 13:50:47.661838,1,14.25,0,0,0,0,0,0,0,0
20250805_upper_k1.0_2598_2025-08-05T16:30:41.243294,2025-08-05,2025-08-05 16:30:41.243294,1,8.0,0,0,0,0,0,0,0,0
20250805_upper_k1.0_2599_2025-08-05T17:10:50.893159,2025-08-05,2025-08-05 17:10:50.893159,1,4.25,0,0,0,0,0,0,0,0
20250805_upper_k1.0_2600_2025-08-05T18:15:06.491967,2025-08-05,2025-08-05 18:15:06.491967,1,6.25,0,0,0,0,0,0,0,0
20250806_upper_k1.0_2601_2025-08-06T13:30:00.368881,2025-08-06,2025-08-06 13:30:00.368881,1,8.0,1,0,0,0,0,1,0,0
20250806_upper_k1.0_2602_2025-08-06T13:45:51.446785,2025-08-06,2025-08-06 13:45:51.446785,1,5.25,0,0,0,0,0,1,0,0
20250806_upper_k1.0_2603_2025-08-06T14:00:58.441727,2025-08-06,2025-08-06 14:00:58.441727,0,0.0,0,0,0,1,0,0,0,0
20250806_upper_k1.0_2604_2025-08-06T14:16:29.400041,2025-08-06,2025-08-06 14:16:29.400041,1,13.0,0,0,0,0,0,0,0,0
20250806_upper_k1.0_2605_2025-08-06T14:36:32.950668,2025-08-06,2025-08-06 14:36:32.950668,0,0.5,0,0,0,0,0,0,0,0
20250807_upper_k1.0_2606_2025-08-07T13:30:00.014574,2025-08-07,2025-08-07 13:30:00.014574,1,5.75,0,0,0,0,0,0,0,0
20250807_upper_k1.0_2607_2025-08-07T13:55:44.097200,2025-08-07,2025-08-07 13:55:44.097200,1,6.0,0,0,1,1,0,0,1,0
20250808_upper_k1.0_2608_2025-08-08T13:30:00.039679,2025-08-08,2025-08-08 13:30:00.039679,1,3.5,0,0,0,0,0,0,1,0
20250808_upper_k1.0_2609_2025-08-08T14:55:30.190219,2025-08-08,2025-08-08 14:55:30.190219,1,3.0,0,0,0,0,0,0,0,0
20250808_upper_k1.0_2610_2025-08-08T15:11:33.751603,2025-08-08,2025-08-08 15:11:33.751603,1,1.0,0,0,0,0,0,0,0,0
20250808_upper_k1.0_2611_2025-08-08T15:53:34.560889,2025-08-08,2025-08-08 15:53:34.560889,0,0.25,0,0,0,0,0,0,0,0
20250808_upper_k1.0_2612_2025-08-08T19:44:40.171583,2025-08-08,2025-08-08 19:44:40.171583,1,3.25,0,0,0,0,1,0,0,0
20250811_upper_k1.0_2613_2025-08-11T13:30:00.052330,2025-08-11,2025-08-11 13:30:00.052330,1,6.5,0,0,0,0,0,0,0,0
20250811_upper_k1.0_2614_2025-08-11T13:45:25.502304,2025-08-11,2025-08-11 13:45:25.502304,1,5.5,0,0,0,0,0,0,0,0
20250811_upper_k1.0_2615_2025-08-11T14:04:45.012224,2025-08-11,2025-08-11 14:04:45.012224,1,1.25,0,0,0,0,0,0,0,0
20250811_upper_k1.0_2616_2025-08-11T14:24:48.620125,2025-08-11,2025-08-11 14:24:48.620125,1,3.75,0,0,0,0,0,0,0,0
20250811_upper_k1.0_2617_2025-08-11T15:48:36.432006,2025-08-11,2025-08-11 15:48:36.432006,1,1.0,0,0,0,0,0,0,0,0
20250811_upper_k1.0_2618_2025-08-11T16:41:01.640046,2025-08-11,2025-08-11 16:41:01.640046,1,3.5,0,0,0,0,0,0,0,0
20250811_upper_k1.0_2619_2025-08-11T17:06:13.540233,2025-08-11,2025-08-11 17:06:13.540233,1,6.75,0,0,0,0,0,0,0,0
20250812_upper_k1.0_2620_2025-08-12T13:30:00.026866,2025-08-12,2025-08-12 13:30:00.026866,1,4.0,0,0,0,0,0,0,0,0
20250812_upper_k1.0_2621_2025-08-12T14:07:14.112771,2025-08-12,2025-08-12 14:07:14.112771,1,4.0,0,0,0,0,1,1,0,0
20250813_upper_k1.0_2622_2025-08-13T13:30:00.019624,2025-08-13,2025-08-13 13:30:00.019624,1,4.5,0,0,0,0,0,0,0,0
20250813_upper_k1.0_2623_2025-08-13T13:55:42.610761,2025-08-13,2025-08-13 13:55:42.610761,1,4.75,0,0,0,0,0,0,0,0
20250813_upper_k1.0_2624_2025-08-13T18:31:46.923977,2025-08-13,2025-08-13 18:31:46.923977,1,9.5,0,0,0,0,0,0,0,0
20250813_upper_k1.0_2625_2025-08-13T18:56:48.340536,2025-08-13,2025-08-13 18:56:48.340536,1,3.5,0,0,0,0,0,0,0,0
20250813_upper_k1.0_2626_2025-08-13T19:12:52.141623,2025-08-13,2025-08-13 19:12:52.141623,0,0.25,0,0,0,0,0,0,0,0
20250813_upper_k1.0_2627_2025-08-13T19:32:40.150903,2025-08-13,2025-08-13 19:32:40.150903,1,2.5,0,0,0,0,0,0,0,0
20250814_upper_k1.0_2628_2025-08-14T13:30:00.023455,2025-08-14,2025-08-14 13:30:00.023455,1,5.75,0,0,0,0,0,0,0,0
20250814_upper_k1.0_2629_2025-08-14T13:46:22.620760,2025-08-14,2025-08-14 13:46:22.620760,0,0.25,0,0,0,0,0,0,0,0
20250814_upper_k1.0_2630_2025-08-14T15:20:15.412542,2025-08-14,2025-08-14 15:20:15.412542,1,11.75,0,0,0,0,0,0,0,0
20250814_upper_k1.0_2631_2025-08-14T15:49:00.530397,2025-08-14,2025-08-14 15:49:00.530397,1,3.0,0,0,0,0,0,0,0,0
20250814_upper_k1.0_2632_2025-08-14T16:52:15.910362,2025-08-14,2025-08-14 16:52:15.910362,1,1.25,0,0,0,0,0,0,0,0
20250814_upper_k1.0_2633_2025-08-14T18:15:17.550633,2025-08-14,2025-08-14 18:15:17.550633,1,1.75,0,0,0,0,0,0,0,0
20250814_upper_k1.0_2634_2025-08-14T18:34:36.530369,2025-08-14,2025-08-14 18:34:36.530369,0,0.25,0,0,0,0,0,0,0,0
20250815_upper_k1.0_2635_2025-08-15T13:30:00.040519,2025-08-15,2025-08-15 13:30:00.040519,1,10.0,0,0,0,0,1,0,0,0
20250815_upper_k1.0_2636_2025-08-15T16:50:29.502818,2025-08-15,2025-08-15 16:50:29.502818,1,3.5,0,0,0,0,0,0,0,0
20250815_upper_k1.0_2637_2025-08-15T17:06:26.390887,2025-08-15,2025-08-15 17:06:26.390887,1,2.25,0,0,0,0,0,0,0,0
20250815_upper_k1.0_2638_2025-08-15T17:26:19.823288,2025-08-15,2025-08-15 17:26:19.823288,0,0.75,0,0,0,0,0,0,0,0
20250815_upper_k1.0_2639_2025-08-15T18:03:15.762486,2025-08-15,2025-08-15 18:03:15.762486,0,0.75,0,0,0,0,0,0,0,0
20250815_upper_k1.0_2640_2025-08-15T18:18:26.270283,2025-08-15,2025-08-15 18:18:26.270283,1,1.75,0,0,0,0,0,0,0,0
20250815_upper_k1.0_2641_2025-08-15T18:36:53.981952,2025-08-15,2025-08-15 18:36:53.981952,0,0.75,0,0,0,0,0,0,0,0
20250815_upper_k1.0_2642_2025-08-15T18:57:25.788956,2025-08-15,2025-08-15 18:57:25.788956,1,9.5,0,0,0,0,0,0,0,0
20250815_upper_k1.0_2643_2025-08-15T19:50:00.020361,2025-08-15,2025-08-15 19:50:00.020361,1,10.0,0,0,0,0,0,0,0,1
20250818_upper_k1.0_2644_2025-08-18T13:30:00.059068,2025-08-18,2025-08-18 13:30:00.059068,1,1.0,0,0,0,0,0,0,0,0
20250818_upper_k1.0_2645_2025-08-18T13:45:13.580320,2025-08-18,2025-08-18 13:45:13.580320,1,5.25,0,0,0,0,0,0,0,0
20250818_upper_k1.0_2646_2025-08-18T14:03:38.103224,2025-08-18,2025-08-18 14:03:38.103224,1,3.25,0,0,0,0,0,0,0,0
20250818_upper_k1.0_2647_2025-08-18T14:19:30.321810,2025-08-18,2025-08-18 14:19:30.321810,1,2.25,0,0,0,0,0,0,0,0
20250818_upper_k1.0_2648_2025-08-18T14:34:31.260411,2025-08-18,2025-08-18 14:34:31.260411,1,2.0,0,0,0,0,0,0,0,0
20250818_upper_k1.0_2649_2025-08-18T14:53:00.400927,2025-08-18,2025-08-18 14:53:00.400927,1,3.75,0,0,0,0,0,0,0,0
20250818_upper_k1.0_2650_2025-08-18T15:09:34.561475,2025-08-18,2025-08-18 15:09:34.561475,1,5.25,0,0,0,0,0,0,0,0
20250818_upper_k1.0_2651_2025-08-18T16:12:12.320558,2025-08-18,2025-08-18 16:12:12.320558,1,5.0,0,0,0,0,0,0,0,0
20250818_upper_k1.0_2652_2025-08-18T16:28:21.692139,2025-08-18,2025-08-18 16:28:21.692139,1,8.0,0,0,0,0,0,0,0,0
20250818_upper_k1.0_2653_2025-08-18T17:17:14.840085,2025-08-18,2025-08-18 17:17:14.840085,1,2.5,0,0,0,0,0,0,0,0
20250818_upper_k1.0_2654_2025-08-18T17:35:59.411611,2025-08-18,2025-08-18 17:35:59.411611,1,5.0,0,0,0,0,0,0,0,0
20250818_upper_k1.0_2655_2025-08-18T18:44:00.860102,2025-08-18,2025-08-18 18:44:00.860102,1,1.0,0,0,0,0,0,0,0,0
20250818_upper_k1.0_2656_2025-08-18T19:14:31.930120,2025-08-18,2025-08-18 19:14:31.930120,1,1.0,0,0,0,0,0,0,0,0
20250819_upper_k1.0_2657_2025-08-19T13:30:00.016063,2025-08-19,2025-08-19 13:30:00.016063,1,12.25,0,0,0,0,0,0,0,0
20250819_upper_k1.0_2658_2025-08-19T13:50:16.210313,2025-08-19,2025-08-19 13:50:16.210313,1,3.75,0,0,0,0,0,0,0,0
20250819_upper_k1.0_2659_2025-08-19T14:27:54.560302,2025-08-19,2025-08-19 14:27:54.560302,1,5.5,0,0,0,0,0,0,0,0
20250820_upper_k1.0_2660_2025-08-20T13:30:00.061348,2025-08-20,2025-08-20 13:30:00.061348,1,10.5,1,0,0,0,1,0,1,0
20250820_upper_k1.0_2661_2025-08-20T15:18:01.620038,2025-08-20,2025-08-20 15:18:01.620038,1,1.0,0,0,0,0,0,0,0,0
20250820_upper_k1.0_2662_2025-08-20T15:51:47.122798,2025-08-20,2025-08-20 15:51:47.122798,1,9.0,0,0,0,0,0,0,0,0
20250820_upper_k1.0_2663_2025-08-20T16:07:44.592921,2025-08-20,2025-08-20 16:07:44.592921,1,2.25,0,0,0,0,0,0,0,0
20250820_upper_k1.0_2664_2025-08-20T18:02:55.710649,2025-08-20,2025-08-20 18:02:55.710649,1,3.75,0,0,1,1,0,0,1,1
20250820_upper_k1.0_2665_2025-08-20T18:18:02.040085,2025-08-20,2025-08-20 18:18:02.040085,1,7.5,0,0,0,0,0,0,0,0
20250820_upper_k1.0_2666_2025-08-20T18:33:24.870416,2025-08-20,2025-08-20 18:33:24.870416,0,0.25,0,0,0,0,0,0,0,0
20250821_upper_k1.0_2667_2025-08-21T13:30:00.022130,2025-08-21,2025-08-21 13:30:00.022130,1,10.75,0,0,0,0,0,0,0,0
20250821_upper_k1.0_2668_2025-08-21T13:45:00.240123,2025-08-21,2025-08-21 13:45:00.240123,1,18.0,0,0,1,1,0,0,1,1
20250821_upper_k1.0_2669_2025-08-21T14:01:30.285420,2025-08-21,2025-08-21 14:01:30.285420,0,0.5,0,1,0,0,1,1,0,0
20250821_upper_k1.0_2670_2025-08-21T14:39:19.411237,2025-08-21,2025-08-21 14:39:19.411237,1,4.5,0,0,0,0,0,0,0,0
20250821_upper_k1.0_2671_2025-08-21T15:23:18.200079,2025-08-21,2025-08-21 15:23:18.200079,0,0.5,0,0,0,0,0,0,0,0
20250821_upper_k1.0_2672_2025-08-21T15:50:55.440398,2025-08-21,2025-08-21 15:50:55.440398,1,13.0,0,0,0,0,0,0,0,0
20250821_upper_k1.0_2673_2025-08-21T17:48:40.650647,2025-08-21,2025-08-21 17:48:40.650647,1,7.5,0,0,0,0,0,0,0,0
20250821_upper_k1.0_2674_2025-08-21T18:17:52.120152,2025-08-21,2025-08-21 18:17:52.120152,1,4.5,0,0,0,0,0,0,0,0
20250821_upper_k1.0_2675_2025-08-21T18:56:46.976119,2025-08-21,2025-08-21 18:56:46.976119,1,1.5,0,0,0,0,0,0,0,0
20250821_upper_k1.0_2676_2025-08-21T19:16:06.540237,2025-08-21,2025-08-21 19:16:06.540237,1,1.5,0,0,0,0,0,0,0,0
20250822_upper_k1.0_2677_2025-08-22T13:30:00.020578,2025-08-22,2025-08-22 13:30:00.020578,1,5.5,0,0,0,0,0,0,0,0
20250822_upper_k1.0_2678_2025-08-22T13:57:17.300010,2025-08-22,2025-08-22 13:57:17.300010,1,7.0,0,0,0,0,0,0,0,0
20250825_upper_k1.0_2679_2025-08-25T13:30:00.010966,2025-08-25,2025-08-25 13:30:00.010966,1,6.25,0,0,0,0,0,0,0,0
20250825_upper_k1.0_2680_2025-08-25T13:45:01.760827,2025-08-25,2025-08-25 13:45:01.760827,1,4.75,0,0,0,0,0,0,0,0
20250825_upper_k1.0_2681_2025-08-25T14:01:00.493061,2025-08-25,2025-08-25 14:01:00.493061,1,1.75,0,0,0,0,0,0,0,0
20250825_upper_k1.0_2682_2025-08-25T14:16:47.000656,2025-08-25,2025-08-25 14:16:47.000656,1,3.5,0,0,0,0,0,0,0,0
20250825_upper_k1.0_2683_2025-08-25T14:31:47.350225,2025-08-25,2025-08-25 14:31:47.350225,1,2.25,0,0,0,0,0,0,0,0
20250825_upper_k1.0_2684_2025-08-25T14:48:49.634304,2025-08-25,2025-08-25 14:48:49.634304,1,2.0,0,0,0,0,0,0,0,0
20250825_upper_k1.0_2685_2025-08-25T17:04:56.030053,2025-08-25,2025-08-25 17:04:56.030053,0,0.25,0,0,0,0,0,0,0,0
20250825_upper_k1.0_2686_2025-08-25T17:27:22.403640,2025-08-25,2025-08-25 17:27:22.403640,0,0.75,0,0,0,0,0,0,0,0
20250825_upper_k1.0_2687_2025-08-25T17:45:40.740840,2025-08-25,2025-08-25 17:45:40.740840,0,0.75,0,0,0,0,0,0,0,0
20250825_upper_k1.0_2688_2025-08-25T18:06:15.440431,2025-08-25,2025-08-25 18:06:15.440431,1,2.25,0,0,0,0,0,0,0,0
20250826_upper_k1.0_2689_2025-08-26T13:30:00.044894,2025-08-26,2025-08-26 13:30:00.044894,1,3.0,0,0,0,0,0,0,0,0
20250826_upper_k1.0_2690_2025-08-26T13:45:35.316712,2025-08-26,2025-08-26 13:45:35.316712,1,10.25,0,0,0,0,0,0,0,0
20250826_upper_k1.0_2691_2025-08-26T14:11:46.560547,2025-08-26,2025-08-26 14:11:46.560547,1,1.5,0,0,0,0,0,0,0,0
20250826_upper_k1.0_2692_2025-08-26T14:39:25.383042,2025-08-26,2025-08-26 14:39:25.383042,1,2.0,0,0,0,0,0,0,0,0
20250826_upper_k1.0_2693_2025-08-26T14:59:37.642448,2025-08-26,2025-08-26 14:59:37.642448,1,2.0,0,0,0,0,0,0,0,0
20250826_upper_k1.0_2694_2025-08-26T15:14:56.508049,2025-08-26,2025-08-26 15:14:56.508049,1,4.25,0,0,0,0,0,0,0,0
20250826_upper_k1.0_2695_2025-08-26T15:39:02.293378,2025-08-26,2025-08-26 15:39:02.293378,1,2.25,0,0,0,0,0,0,0,0
20250826_upper_k1.0_2696_2025-08-26T15:54:16.195530,2025-08-26,2025-08-26 15:54:16.195530,0,0.25,0,0,0,0,0,0,0,0
20250826_upper_k1.0_2697_2025-08-26T17:52:59.588162,2025-08-26,2025-08-26 17:52:59.588162,1,4.0,0,0,0,0,0,0,0,0
20250827_upper_k1.0_2698_2025-08-27T13:30:00.043534,2025-08-27,2025-08-27 13:30:00.043534,1,1.25,0,0,0,0,0,0,0,0
20250827_upper_k1.0_2699_2025-08-27T13:45:18.550402,2025-08-27,2025-08-27 13:45:18.550402,1,3.75,0,0,0,0,1,0,0,0
20250827_upper_k1.0_2700_2025-08-27T15:40:42.514200,2025-08-27,2025-08-27 15:40:42.514200,0,0.0,0,0,0,0,0,0,0,0
20250827_upper_k1.0_2701_2025-08-27T16:22:52.390602,2025-08-27,2025-08-27 16:22:52.390602,1,4.75,0,0,0,0,0,0,0,0
20250827_upper_k1.0_2702_2025-08-27T16:41:57.485679,2025-08-27,2025-08-27 16:41:57.485679,1,2.25,0,0,0,0,0,0,0,0
20250827_upper_k1.0_2703_2025-08-27T19:12:30.813864,2025-08-27,2025-08-27 19:12:30.813864,1,5.0,0,0,0,0,0,0,0,0
20250828_upper_k1.0_2704_2025-08-28T13:30:00.009452,2025-08-28,2025-08-28 13:30:00.009452,1,4.0,0,0,0,0,0,0,0,0
20250828_upper_k1.0_2705_2025-08-28T14:42:10.983925,2025-08-28,2025-08-28 14:42:10.983925,1,2.0,0,0,0,0,0,0,0,0
20250828_upper_k1.0_2706_2025-08-28T15:05:49.790017,2025-08-28,2025-08-28 15:05:49.790017,0,0.5,0,0,0,0,0,0,0,0
20250828_upper_k1.0_2707_2025-08-28T15:22:01.371265,2025-08-28,2025-08-28 15:22:01.371265,1,7.5,0,0,0,0,0,0,0,0
20250828_upper_k1.0_2708_2025-08-28T15:41:02.718416,2025-08-28,2025-08-28 15:41:02.718416,1,1.5,0,0,0,0,0,0,0,0
20250829_upper_k1.0_2709_2025-08-29T13:30:00.028686,2025-08-29,2025-08-29 13:30:00.028686,1,6.5,0,0,0,0,0,0,0,0
20250829_upper_k1.0_2710_2025-08-29T16:45:08.033743,2025-08-29,2025-08-29 16:45:08.033743,1,4.0,0,0,0,0,0,0,0,0
20250829_upper_k1.0_2711_2025-08-29T17:52:16.590352,2025-08-29,2025-08-29 17:52:16.590352,1,7.0,0,0,0,0,0,0,0,0
20250829_upper_k1.0_2712_2025-08-29T19:19:57.440100,2025-08-29,2025-08-29 19:19:57.440100,1,5.0,0,0,0,0,0,0,0,0
20250829_upper_k1.0_2713_2025-08-29T19:44:00.770405,2025-08-29,2025-08-29 19:44:00.770405,1,9.5,0,0,0,0,0,0,0,0
20250829_upper_k1.0_2714_2025-08-29T19:59:00.814547,2025-08-29,2025-08-29 19:59:00.814547,1,7.25,0,0,0,0,0,0,0,0
20250901_upper_k1.0_2715_2025-09-01T13:30:12.011214,2025-09-01,2025-09-01 13:30:12.011214,1,6.25,0,0,0,0,0,0,0,0
20250901_upper_k1.0_2716_2025-09-01T15:10:40.142864,2025-09-01,2025-09-01 15:10:40.142864,0,0.25,0,0,0,0,0,0,0,0
20250901_upper_k1.0_2717_2025-09-01T16:17:57.146360,2025-09-01,2025-09-01 16:17:57.146360,0,0.75,0,0,0,0,0,0,0,0
20250902_upper_k1.0_2718_2025-09-02T13:30:00.012070,2025-09-02,2025-09-02 13:30:00.012070,1,15.5,1,1,0,0,1,0,1,1
20250902_upper_k1.0_2719_2025-09-02T13:45:01.526748,2025-09-02,2025-09-02 13:45:01.526748,1,4.75,1,1,0,0,1,1,1,1
20250902_upper_k1.0_2720_2025-09-02T14:42:37.742069,2025-09-02,2025-09-02 14:42:37.742069,1,11.0,0,0,0,0,0,0,0,0
20250902_upper_k1.0_2721_2025-09-02T17:24:24.415720,2025-09-02,2025-09-02 17:24:24.415720,0,0.25,0,0,0,0,0,0,0,0
20250902_upper_k1.0_2722_2025-09-02T18:36:32.006221,2025-09-02,2025-09-02 18:36:32.006221,1,2.25,0,0,0,0,0,0,0,0
20250903_upper_k1.0_2723_2025-09-03T13:30:00.029174,2025-09-03,2025-09-03 13:30:00.029174,1,3.25,0,0,0,0,0,0,0,0
20250903_upper_k1.0_2724_2025-09-03T13:45:04.627429,2025-09-03,2025-09-03 13:45:04.627429,1,8.5,0,0,0,0,0,0,0,0
20250903_upper_k1.0_2725_2025-09-03T14:03:51.209681,2025-09-03,2025-09-03 14:03:51.209681,1,10.75,0,0,0,0,0,0,0,0
20250903_upper_k1.0_2726_2025-09-03T14:19:10.323976,2025-09-03,2025-09-03 14:19:10.323976,1,1.25,0,0,0,0,0,0,0,0
20250903_upper_k1.0_2727_2025-09-03T15:23:18.260326,2025-09-03,2025-09-03 15:23:18.260326,1,9.5,0,0,0,0,0,0,0,0
20250903_upper_k1.0_2728_2025-09-03T16:21:13.484292,2025-09-03,2025-09-03 16:21:13.484292,1,8.0,0,0,0,0,0,0,0,0
20250903_upper_k1.0_2729_2025-09-03T17:17:37.300105,2025-09-03,2025-09-03 17:17:37.300105,1,8.75,0,0,0,0,0,0,0,0
20250903_upper_k1.0_2730_2025-09-03T19:47:06.001522,2025-09-03,2025-09-03 19:47:06.001522,0,0.5,0,0,0,0,0,0,0,0
20250904_upper_k1.0_2731_2025-09-04T13:30:00.033877,2025-09-04,2025-09-04 13:30:00.033877,1,3.0,0,0,0,0,0,0,0,0
20250904_upper_k1.0_2732_2025-09-04T13:46:07.040708,2025-09-04,2025-09-04 13:46:07.040708,1,4.25,0,0,0,0,1,0,0,0
20250904_upper_k1.0_2733_2025-09-04T14:01:10.110116,2025-09-04,2025-09-04 14:01:10.110116,1,11.5,0,0,0,0,0,0,0,0
20250904_upper_k1.0_2734_2025-09-04T14:23:44.939615,2025-09-04,2025-09-04 14:23:44.939615,1,1.25,0,0,0,0,0,0,0,0
20250905_upper_k1.0_2735_2025-09-05T13:30:00.054440,2025-09-05,2025-09-05 13:30:00.054440,1,1.25,0,0,0,0,1,1,0,0
20250905_upper_k1.0_2736_2025-09-05T13:49:21.781795,2025-09-05,2025-09-05 13:49:21.781795,1,13.75,0,0,0,0,0,0,0,0
20250905_upper_k1.0_2737_2025-09-05T19:16:50.846251,2025-09-05,2025-09-05 19:16:50.846251,1,1.5,0,0,0,0,0,0,0,0
20250905_upper_k1.0_2738_2025-09-05T19:36:26.570481,2025-09-05,2025-09-05 19:36:26.570481,1,6.25,0,0,0,0,0,0,0,0
20250905_upper_k1.0_2739_2025-09-05T19:59:45.063858,2025-09-05,2025-09-05 19:59:45.063858,0,0.5,0,0,0,0,0,0,0,0
20250908_upper_k1.0_2740_2025-09-08T13:30:00.025143,2025-09-08,2025-09-08 13:30:00.025143,1,6.25,0,0,0,0,0,0,0,0
20250908_upper_k1.0_2741_2025-09-08T13:45:00.031941,2025-09-08,2025-09-08 13:45:00.031941,1,6.25,0,0,0,0,0,0,0,0
20250908_upper_k1.0_2742_2025-09-08T14:07:40.561313,2025-09-08,2025-09-08 14:07:40.561313,1,5.5,0,0,0,0,0,0,0,0
20250908_upper_k1.0_2743_2025-09-08T14:27:21.402240,2025-09-08,2025-09-08 14:27:21.402240,0,0.25,0,0,0,0,0,0,0,0
20250908_upper_k1.0_2744_2025-09-08T15:45:54.332011,2025-09-08,2025-09-08 15:45:54.332011,1,4.75,0,0,0,0,0,0,0,0
20250908_upper_k1.0_2745_2025-09-08T16:01:55.482737,2025-09-08,2025-09-08 16:01:55.482737,1,2.75,0,0,0,0,0,0,0,0
20250908_upper_k1.0_2746_2025-09-08T19:55:06.022181,2025-09-08,2025-09-08 19:55:06.022181,1,2.5,0,0,0,0,0,0,0,0
20250909_upper_k1.0_2747_2025-09-09T13:30:00.023690,2025-09-09,2025-09-09 13:30:00.023690,1,2.25,0,0,0,0,0,0,0,0
20250909_upper_k1.0_2748_2025-09-09T13:45:02.795668,2025-09-09,2025-09-09 13:45:02.795668,1,7.25,0,0,0,0,0,0,0,0
20250909_upper_k1.0_2749_2025-09-09T14:00:08.100204,2025-09-09,2025-09-09 14:00:08.100204,1,8.0,0,0,0,0,0,0,0,0
20250909_upper_k1.0_2750_2025-09-09T14:15:47.670565,2025-09-09,2025-09-09 14:15:47.670565,1,4.25,0,0,0,0,0,0,0,0
20250909_upper_k1.0_2751_2025-09-09T15:25:57.990219,2025-09-09,2025-09-09 15:25:57.990219,1,1.5,0,0,0,0,0,0,0,0
20250909_upper_k1.0_2752_2025-09-09T15:54:46.491595,2025-09-09,2025-09-09 15:54:46.491595,1,5.5,0,0,0,0,0,0,0,0
20250909_upper_k1.0_2753_2025-09-09T16:10:05.685452,2025-09-09,2025-09-09 16:10:05.685452,0,0.5,0,0,0,0,0,0,0,0
20250909_upper_k1.0_2754_2025-09-09T16:25:25.170057,2025-09-09,2025-09-09 16:25:25.170057,0,0.0,0,0,0,0,0,0,0,0
20250910_upper_k1.0_2755_2025-09-10T13:30:00.062410,2025-09-10,2025-09-10 13:30:00.062410,1,9.75,0,0,0,0,0,0,0,0
20250910_upper_k1.0_2756_2025-09-10T13:45:09.346140,2025-09-10,2025-09-10 13:45:09.346140,1,5.5,0,0,0,0,0,0,0,0
20250910_upper_k1.0_2757_2025-09-10T14:33:26.722874,2025-09-10,2025-09-10 14:33:26.722874,1,3.25,0,0,0,0,0,0,0,0
20250910_upper_k1.0_2758_2025-09-10T14:48:30.780931,2025-09-10,2025-09-10 14:48:30.780931,1,4.75,0,0,0,0,0,0,0,0
20250910_upper_k1.0_2759_2025-09-10T15:50:19.040047,2025-09-10,2025-09-10 15:50:19.040047,1,2.75,0,0,0,0,0,0,0,0
20250910_upper_k1.0_2760_2025-09-10T17:04:12.353766,2025-09-10,2025-09-10 17:04:12.353766,1,3.25,0,0,0,0,0,0,0,0
20250911_upper_k1.0_2761_2025-09-11T13:30:00.034686,2025-09-11,2025-09-11 13:30:00.034686,1,4.25,0,0,0,0,0,0,0,0
20250911_upper_k1.0_2762_2025-09-11T13:46:58.000411,2025-09-11,2025-09-11 13:46:58.000411,1,2.0,0,0,0,0,0,0,0,0
20250912_upper_k1.0_2763_2025-09-12T13:30:00.120653,2025-09-12,2025-09-12 13:30:00.120653,1,4.75,0,0,0,0,0,0,0,0
20250912_upper_k1.0_2764_2025-09-12T13:48:32.600535,2025-09-12,2025-09-12 13:48:32.600535,1,2.25,0,0,0,0,0,0,0,0
20250912_upper_k1.0_2765_2025-09-12T14:12:07.042398,2025-09-12,2025-09-12 14:12:07.042398,1,4.75,0,0,0,0,0,0,0,0
20250912_upper_k1.0_2766_2025-09-12T14:31:37.711414,2025-09-12,2025-09-12 14:31:37.711414,0,0.25,0,0,0,0,0,0,0,0
20250912_upper_k1.0_2767_2025-09-12T15:11:56.970795,2025-09-12,2025-09-12 15:11:56.970795,1,1.75,0,0,0,0,0,0,0,0
20250912_upper_k1.0_2768_2025-09-12T15:26:59.032116,2025-09-12,2025-09-12 15:26:59.032116,1,5.0,0,0,0,0,0,0,0,0
20250912_upper_k1.0_2769_2025-09-12T16:13:26.661100,2025-09-12,2025-09-12 16:13:26.661100,1,2.0,0,0,0,0,0,0,0,0
20250912_upper_k1.0_2770_2025-09-12T16:37:49.490330,2025-09-12,2025-09-12 16:37:49.490330,1,2.25,0,0,0,0,0,0,0,0
20250912_upper_k1.0_2771_2025-09-12T17:03:53.153235,2025-09-12,2025-09-12 17:03:53.153235,0,0.75,0,0,0,0,0,0,0,0
20250912_upper_k1.0_2772_2025-09-12T19:28:42.223431,2025-09-12,2025-09-12 19:28:42.223431,1,6.75,0,0,0,0,0,0,0,0
20250912_upper_k1.0_2773_2025-09-12T19:50:00.020705,2025-09-12,2025-09-12 19:50:00.020705,1,7.0,0,0,0,0,0,0,0,0
20250915_upper_k1.0_2774_2025-09-15T13:30:00.050705,2025-09-15,2025-09-15 13:30:00.050705,1,1.75,0,0,0,0,0,0,0,0
20250915_upper_k1.0_2775_2025-09-15T13:47:24.951480,2025-09-15,2025-09-15 13:47:24.951480,0,0.25,0,0,0,0,0,0,0,0
20250915_upper_k1.0_2776_2025-09-15T14:04:48.871431,2025-09-15,2025-09-15 14:04:48.871431,1,2.25,0,0,0,0,0,0,0,0
20250915_upper_k1.0_2777_2025-09-15T14:20:53.810489,2025-09-15,2025-09-15 14:20:53.810489,0,0.75,0,0,0,0,0,0,0,0
20250915_upper_k1.0_2778_2025-09-15T15:21:39.799567,2025-09-15,2025-09-15 15:21:39.799567,1,3.0,0,0,0,0,0,0,0,0
20250915_upper_k1.0_2779_2025-09-15T15:37:03.130154,2025-09-15,2025-09-15 15:37:03.130154,1,1.75,0,0,0,0,0,0,0,0
20250915_upper_k1.0_2780_2025-09-15T15:52:55.411159,2025-09-15,2025-09-15 15:52:55.411159,0,0.25,0,0,0,0,0,0,0,0
20250915_upper_k1.0_2781_2025-09-15T16:29:51.695583,2025-09-15,2025-09-15 16:29:51.695583,0,0.0,0,0,0,0,0,0,0,0
20250915_upper_k1.0_2782_2025-09-15T16:45:13.101122,2025-09-15,2025-09-15 16:45:13.101122,1,1.75,0,0,0,0,0,0,0,0
20250915_upper_k1.0_2783_2025-09-15T17:49:16.310100,2025-09-15,2025-09-15 17:49:16.310100,1,1.0,0,0,0,0,0,0,0,0
20250915_upper_k1.0_2784_2025-09-15T18:04:49.818763,2025-09-15,2025-09-15 18:04:49.818763,1,5.0,0,0,0,0,0,0,0,0
20250915_upper_k1.0_2785_2025-09-15T19:48:00.615859,2025-09-15,2025-09-15 19:48:00.615859,1,6.75,0,0,0,0,0,0,0,0
20250916_upper_k1.0_2786_2025-09-16T13:30:00.028353,2025-09-16,2025-09-16 13:30:00.028353,1,6.25,0,0,0,0,0,0,0,0
20250916_upper_k1.0_2787_2025-09-16T17:02:24.320053,2025-09-16,2025-09-16 17:02:24.320053,1,2.25,0,0,0,0,0,0,0,0
20250916_upper_k1.0_2788_2025-09-16T17:19:28.460066,2025-09-16,2025-09-16 17:19:28.460066,0,0.25,0,0,0,0,0,0,0,0
20250916_upper_k1.0_2789_2025-09-16T17:35:48.140832,2025-09-16,2025-09-16 17:35:48.140832,1,2.25,0,0,0,0,0,0,0,0
20250916_upper_k1.0_2790_2025-09-16T17:57:34.740266,2025-09-16,2025-09-16 17:57:34.740266,1,2.75,0,0,0,0,0,0,0,0
20250916_upper_k1.0_2791_2025-09-16T18:16:47.000696,2025-09-16,2025-09-16 18:16:47.000696,1,2.5,0,0,0,0,0,0,0,0
20250916_upper_k1.0_2792_2025-09-16T18:31:59.500234,2025-09-16,2025-09-16 18:31:59.500234,1,1.0,0,0,0,0,0,0,0,0
20250916_upper_k1.0_2793_2025-09-16T19:25:44.990751,2025-09-16,2025-09-16 19:25:44.990751,1,4.75,0,0,0,0,0,0,0,0
20250916_upper_k1.0_2794_2025-09-16T19:45:49.370150,2025-09-16,2025-09-16 19:45:49.370150,0,0.5,0,0,0,0,0,0,0,0
20250917_upper_k1.0_2795_2025-09-17T13:30:00.022809,2025-09-17,2025-09-17 13:30:00.022809,1,1.0,0,0,0,0,0,0,0,0
20250917_upper_k1.0_2796_2025-09-17T13:48:40.796811,2025-09-17,2025-09-17 13:48:40.796811,1,3.75,0,0,0,0,0,0,0,0
20250917_upper_k1.0_2797_2025-09-17T17:59:09.088944,2025-09-17,2025-09-17 17:59:09.088944,1,2.5,0,0,0,0,0,0,0,0
20250917_upper_k1.0_2798_2025-09-17T18:23:40.080887,2025-09-17,2025-09-17 18:23:40.080887,1,16.5,0,0,0,0,0,0,0,0
20250917_upper_k1.0_2799_2025-09-17T19:02:11.391898,2025-09-17,2025-09-17 19:02:11.391898,1,7.5,1,1,1,1,1,1,1,1
20250917_upper_k1.0_2800_2025-09-17T19:18:55.521481,2025-09-17,2025-09-17 19:18:55.521481,1,6.25,1,1,1,1,1,0,0,0
20250917_upper_k1.0_2801_2025-09-17T19:34:25.470144,2025-09-17,2025-09-17 19:34:25.470144,0,0.75,1,1,0,1,0,1,1,1
20250917_upper_k1.0_2802_2025-09-17T19:50:10.817291,2025-09-17,2025-09-17 19:50:10.817291,1,7.0,1,1,1,1,1,1,1,1
20250918_upper_k1.0_2803_2025-09-18T13:30:00.039168,2025-09-18,2025-09-18 13:30:00.039168,1,6.0,0,0,0,0,0,0,0,0
20250918_upper_k1.0_2804_2025-09-18T13:50:02.133023,2025-09-18,2025-09-18 13:50:02.133023,1,6.5,0,0,0,0,0,0,0,0
20250918_upper_k1.0_2805_2025-09-18T14:57:54.740162,2025-09-18,2025-09-18 14:57:54.740162,1,2.25,0,0,0,0,0,0,0,0
20250918_upper_k1.0_2806_2025-09-18T15:13:42.230057,2025-09-18,2025-09-18 15:13:42.230057,1,2.5,0,0,0,0,0,0,0,0
20250918_upper_k1.0_2807_2025-09-18T15:51:10.583486,2025-09-18,2025-09-18 15:51:10.583486,1,8.0,0,0,0,0,0,0,0,0
20250918_upper_k1.0_2808_2025-09-18T16:06:27.980152,2025-09-18,2025-09-18 16:06:27.980152,1,6.0,0,0,0,0,0,0,0,0
20250918_upper_k1.0_2809_2025-09-18T17:35:01.561114,2025-09-18,2025-09-18 17:35:01.561114,1,4.0,0,0,0,0,0,0,0,0
20250918_upper_k1.0_2810_2025-09-18T17:52:08.272686,2025-09-18,2025-09-18 17:52:08.272686,1,5.25,0,0,0,0,0,0,0,0
20250918_upper_k1.0_2811_2025-09-18T18:10:01.321276,2025-09-18,2025-09-18 18:10:01.321276,1,4.0,0,0,0,0,0,0,0,0
20250918_upper_k1.0_2812_2025-09-18T18:28:17.010886,2025-09-18,2025-09-18 18:28:17.010886,1,2.5,0,0,0,0,0,0,0,0
20250918_upper_k1.0_2813_2025-09-18T18:49:02.401130,2025-09-18,2025-09-18 18:49:02.401130,1,2.0,0,0,0,0,0,0,0,0
20250918_upper_k1.0_2814_2025-09-18T19:15:48.380780,2025-09-18,2025-09-18 19:15:48.380780,1,2.75,0,0,0,0,0,0,0,0
20250918_upper_k1.0_2815_2025-09-18T19:54:22.537211,2025-09-18,2025-09-18 19:54:22.537211,1,6.75,0,0,0,0,0,0,0,0
20250919_upper_k1.0_2816_2025-09-19T13:30:00.014762,2025-09-19,2025-09-19 13:30:00.014762,1,10.75,0,0,0,0,1,0,0,0
20250919_upper_k1.0_2817_2025-09-19T13:47:38.680509,2025-09-19,2025-09-19 13:47:38.680509,1,1.0,0,0,0,0,0,0,0,0
20250919_upper_k1.0_2818_2025-09-19T14:02:46.641192,2025-09-19,2025-09-19 14:02:46.641192,1,1.5,0,0,0,0,0,0,0,0
20250919_upper_k1.0_2819_2025-09-19T14:22:36.030186,2025-09-19,2025-09-19 14:22:36.030186,1,2.75,0,0,0,0,0,0,0,0
20250919_upper_k1.0_2820_2025-09-19T16:00:20.640029,2025-09-19,2025-09-19 16:00:20.640029,1,1.0,0,0,0,0,0,0,0,0
20250922_upper_k1.0_2821_2025-09-22T13:30:00.033733,2025-09-22,2025-09-22 13:30:00.033733,0,0.5,0,0,0,0,0,0,0,0
20250922_upper_k1.0_2822_2025-09-22T13:45:38.682354,2025-09-22,2025-09-22 13:45:38.682354,1,1.25,0,0,0,0,0,0,0,0
20250923_upper_k1.0_2823_2025-09-23T13:30:00.070181,2025-09-23,2025-09-23 13:30:00.070181,1,1.5,0,0,0,0,0,0,0,0
20250923_upper_k1.0_2824_2025-09-23T13:46:09.920787,2025-09-23,2025-09-23 13:46:09.920787,1,2.0,0,0,0,0,0,0,0,0
20250923_upper_k1.0_2825_2025-09-23T14:01:20.210540,2025-09-23,2025-09-23 14:01:20.210540,1,5.5,0,0,0,0,0,0,0,0
20250924_upper_k1.0_2826_2025-09-24T13:30:00.006669,2025-09-24,2025-09-24 13:30:00.006669,1,10.0,0,0,0,0,0,0,0,0
20250924_upper_k1.0_2827_2025-09-24T14:17:43.243637,2025-09-24,2025-09-24 14:17:43.243637,1,5.5,0,0,0,0,0,0,0,0
20250924_upper_k1.0_2828_2025-09-24T14:46:35.591423,2025-09-24,2025-09-24 14:46:35.591423,1,5.25,0,0,0,0,0,0,0,0
20250925_upper_k1.0_2829_2025-09-25T13:30:00.038875,2025-09-25,2025-09-25 13:30:00.038875,1,18.75,0,0,0,0,0,0,0,0
20250925_upper_k1.0_2830_2025-09-25T13:50:11.040035,2025-09-25,2025-09-25 13:50:11.040035,1,13.0,0,0,0,0,1,0,0,0
20250925_upper_k1.0_2831_2025-09-25T15:07:49.655477,2025-09-25,2025-09-25 15:07:49.655477,1,1.75,0,0,0,0,0,0,0,0
20250925_upper_k1.0_2832_2025-09-25T15:25:46.069138,2025-09-25,2025-09-25 15:25:46.069138,1,3.5,0,0,0,0,0,0,0,0
20250925_upper_k1.0_2833_2025-09-25T16:40:53.590967,2025-09-25,2025-09-25 16:40:53.590967,1,1.25,0,0,0,0,0,0,0,0
20250925_upper_k1.0_2834_2025-09-25T16:56:15.660117,2025-09-25,2025-09-25 16:56:15.660117,1,3.25,0,0,0,0,0,0,0,0
20250925_upper_k1.0_2835_2025-09-25T17:15:19.220115,2025-09-25,2025-09-25 17:15:19.220115,1,13.0,0,0,0,0,0,0,0,0
20250925_upper_k1.0_2836_2025-09-25T18:40:09.081653,2025-09-25,2025-09-25 18:40:09.081653,1,2.75,0,0,0,0,0,0,0,0
20250925_upper_k1.0_2837_2025-09-25T19:08:20.474246,2025-09-25,2025-09-25 19:08:20.474246,0,0.75,0,0,0,0,0,0,0,0
20250925_upper_k1.0_2838_2025-09-25T19:25:48.610044,2025-09-25,2025-09-25 19:25:48.610044,1,2.75,0,0,0,0,0,0,0,0
20250925_upper_k1.0_2839_2025-09-25T19:43:46.384127,2025-09-25,2025-09-25 19:43:46.384127,1,3.5,0,0,0,0,0,0,0,0
20250926_upper_k1.0_2840_2025-09-26T13:30:00.016103,2025-09-26,2025-09-26 13:30:00.016103,1,6.75,0,0,0,0,0,0,0,0
20250926_upper_k1.0_2841_2025-09-26T13:45:11.165995,2025-09-26,2025-09-26 13:45:11.165995,1,2.5,1,0,1,1,1,0,0,0
20250926_upper_k1.0_2842_2025-09-26T14:03:34.860779,2025-09-26,2025-09-26 14:03:34.860779,1,19.25,0,0,0,0,0,0,0,0
20250926_upper_k1.0_2843_2025-09-26T15:29:23.130212,2025-09-26,2025-09-26 15:29:23.130212,1,8.5,0,0,0,0,0,0,0,0
20250926_upper_k1.0_2844_2025-09-26T16:21:00.053281,2025-09-26,2025-09-26 16:21:00.053281,0,0.5,0,0,0,0,0,0,0,0
20250929_upper_k1.0_2845_2025-09-29T13:30:00.043771,2025-09-29,2025-09-29 13:30:00.043771,1,4.75,0,0,0,0,0,0,0,0
20250929_upper_k1.0_2846_2025-09-29T13:45:12.804880,2025-09-29,2025-09-29 13:45:12.804880,1,3.0,0,0,0,0,1,0,0,0
20250929_upper_k1.0_2847_2025-09-29T14:01:11.732791,2025-09-29,2025-09-29 14:01:11.732791,1,4.5,0,0,0,0,0,0,0,0
20250929_upper_k1.0_2848_2025-09-29T14:16:22.981368,2025-09-29,2025-09-29 14:16:22.981368,1,5.25,0,0,0,0,0,0,0,0
20250929_upper_k1.0_2849_2025-09-29T14:37:42.836507,2025-09-29,2025-09-29 14:37:42.836507,0,0.75,0,0,0,0,0,0,0,0
20250929_upper_k1.0_2850_2025-09-29T14:54:26.190374,2025-09-29,2025-09-29 14:54:26.190374,1,3.5,0,0,0,0,0,0,0,0
20250929_upper_k1.0_2851_2025-09-29T19:50:00.059149,2025-09-29,2025-09-29 19:50:00.059149,1,7.5,0,0,0,0,0,0,0,0
20250930_upper_k1.0_2852_2025-09-30T13:30:00.012480,2025-09-30,2025-09-30 13:30:00.012480,1,7.0,0,0,0,0,0,0,0,0
20250930_upper_k1.0_2853_2025-09-30T13:47:23.883220,2025-09-30,2025-09-30 13:47:23.883220,1,9.25,0,0,0,0,0,0,0,0
20250930_upper_k1.0_2854_2025-09-30T14:05:13.566258,2025-09-30,2025-09-30 14:05:13.566258,1,7.25,0,0,0,0,0,1,0,0
20250930_upper_k1.0_2855_2025-09-30T14:24:23.621032,2025-09-30,2025-09-30 14:24:23.621032,1,3.75,0,0,0,0,0,0,0,0
20250930_upper_k1.0_2856_2025-09-30T14:47:00.302712,2025-09-30,2025-09-30 14:47:00.302712,1,1.0,0,0,0,0,0,0,0,0
20250930_upper_k1.0_2857_2025-09-30T15:14:41.961844,2025-09-30,2025-09-30 15:14:41.961844,1,8.25,0,0,0,0,0,0,0,0
20250930_upper_k1.0_2858_2025-09-30T15:51:36.490838,2025-09-30,2025-09-30 15:51:36.490838,1,3.25,0,0,0,0,0,0,0,0
20250930_upper_k1.0_2859_2025-09-30T16:08:35.080461,2025-09-30,2025-09-30 16:08:35.080461,1,2.5,0,0,0,0,0,0,0,0
20250930_upper_k1.0_2860_2025-09-30T16:58:15.645206,2025-09-30,2025-09-30 16:58:15.645206,1,4.5,0,0,0,0,0,0,0,0
20250930_upper_k1.0_2861_2025-09-30T17:51:21.920327,2025-09-30,2025-09-30 17:51:21.920327,1,5.25,0,0,0,0,0,0,0,0
20250930_upper_k1.0_2862_2025-09-30T18:06:40.236459,2025-09-30,2025-09-30 18:06:40.236459,1,1.0,0,0,0,0,0,0,0,0
20251001_upper_k1.0_2863_2025-10-01T13:30:00.006640,2025-10-01,2025-10-01 13:30:00.006640,1,1.0,0,0,0,0,0,0,0,0
20251001_upper_k1.0_2864_2025-10-01T13:47:21.440978,2025-10-01,2025-10-01 13:47:21.440978,1,14.75,0,0,0,0,0,0,0,0
20251001_upper_k1.0_2865_2025-10-01T14:02:26.450080,2025-10-01,2025-10-01 14:02:26.450080,1,2.5,0,0,0,0,0,0,0,0
20251002_upper_k1.0_2866_2025-10-02T13:30:00.024209,2025-10-02,2025-10-02 13:30:00.024209,1,7.75,0,0,0,0,0,0,0,0
20251002_upper_k1.0_2867_2025-10-02T16:53:26.590723,2025-10-02,2025-10-02 16:53:26.590723,1,6.25,0,0,0,0,0,0,0,0
20251002_upper_k1.0_2868_2025-10-02T17:16:57.871397,2025-10-02,2025-10-02 17:16:57.871397,1,2.75,0,0,0,0,0,0,0,0
20251002_upper_k1.0_2869_2025-10-02T17:32:11.768233,2025-10-02,2025-10-02 17:32:11.768233,1,1.25,0,0,0,0,0,0,0,0
20251003_upper_k1.0_2870_2025-10-03T13:30:00.084416,2025-10-03,2025-10-03 13:30:00.084416,0,0.75,0,0,0,0,0,0,0,0
20251003_upper_k1.0_2871_2025-10-03T13:45:00.110554,2025-10-03,2025-10-03 13:45:00.110554,0,0.5,0,0,0,0,0,0,1,1
20251003_upper_k1.0_2872_2025-10-03T14:13:12.160580,2025-10-03,2025-10-03 14:13:12.160580,1,3.0,0,0,0,0,0,0,0,0
20251003_upper_k1.0_2873_2025-10-03T15:40:22.266267,2025-10-03,2025-10-03 15:40:22.266267,0,0.5,0,0,0,0,0,0,0,0
20251003_upper_k1.0_2874_2025-10-03T17:02:41.247091,2025-10-03,2025-10-03 17:02:41.247091,1,11.5,0,0,0,0,0,0,0,0
20251006_upper_k1.0_2875_2025-10-06T13:30:00.015383,2025-10-06,2025-10-06 13:30:00.015383,1,11.0,0,0,0,0,0,0,0,0
20251006_upper_k1.0_2876_2025-10-06T14:21:26.760135,2025-10-06,2025-10-06 14:21:26.760135,1,2.25,0,0,0,0,0,0,0,0
20251006_upper_k1.0_2877_2025-10-06T14:36:28.071200,2025-10-06,2025-10-06 14:36:28.071200,1,3.75,0,0,0,0,0,0,0,0
20251006_upper_k1.0_2878_2025-10-06T14:51:58.760169,2025-10-06,2025-10-06 14:51:58.760169,1,1.0,0,0,0,0,0,0,0,0
20251007_upper_k1.0_2879_2025-10-07T13:30:00.027275,2025-10-07,2025-10-07 13:30:00.027275,1,3.75,0,0,0,0,0,0,0,0
20251007_upper_k1.0_2880_2025-10-07T13:55:46.521143,2025-10-07,2025-10-07 13:55:46.521143,1,9.5,0,0,0,0,0,0,0,0
20251008_upper_k1.0_2881_2025-10-08T13:30:00.004482,2025-10-08,2025-10-08 13:30:00.004482,1,8.0,0,0,0,0,0,0,0,0
20251008_upper_k1.0_2882_2025-10-08T13:46:52.110177,2025-10-08,2025-10-08 13:46:52.110177,1,1.5,0,0,0,0,0,0,0,0
20251009_upper_k1.0_2883_2025-10-09T13:30:00.021886,2025-10-09,2025-10-09 13:30:00.021886,1,3.5,0,0,0,0,0,0,0,0
20251009_upper_k1.0_2884_2025-10-09T19:38:51.491340,2025-10-09,2025-10-09 19:38:51.491340,1,3.25,0,0,0,0,0,0,0,0
20251009_upper_k1.0_2885_2025-10-09T19:55:40.826890,2025-10-09,2025-10-09 19:55:40.826890,1,4.5,0,0,0,0,0,0,0,0
20251010_upper_k1.0_2886_2025-10-10T13:30:00.711236,2025-10-10,2025-10-10 13:30:00.711236,1,3.25,0,1,0,0,1,0,0,1
20251010_upper_k1.0_2887_2025-10-10T13:49:44.004417,2025-10-10,2025-10-10 13:49:44.004417,1,8.0,0,0,0,0,1,0,0,0
20251010_upper_k1.0_2888_2025-10-10T14:07:46.200798,2025-10-10,2025-10-10 14:07:46.200798,1,13.5,0,0,0,0,1,0,0,0
20251010_upper_k1.0_2889_2025-10-10T14:25:28.261412,2025-10-10,2025-10-10 14:25:28.261412,1,5.0,0,0,0,0,0,0,0,0
20251010_upper_k1.0_2890_2025-10-10T14:47:38.767576,2025-10-10,2025-10-10 14:47:38.767576,1,2.5,0,0,0,0,0,0,0,0
20251013_upper_k1.0_2891_2025-10-13T13:30:00.021341,2025-10-13,2025-10-13 13:30:00.021341,1,9.0,0,0,0,0,0,0,0,0
20251013_upper_k1.0_2892_2025-10-13T13:45:15.261504,2025-10-13,2025-10-13 13:45:15.261504,1,5.75,1,1,1,1,1,0,1,1
20251013_upper_k1.0_2893_2025-10-13T14:20:41.960223,2025-10-13,2025-10-13 14:20:41.960223,1,17.25,1,1,1,1,1,0,1,1
20251013_upper_k1.0_2894_2025-10-13T14:41:45.590004,2025-10-13,2025-10-13 14:41:45.590004,1,10.5,1,0,0,0,1,0,0,0
20251013_upper_k1.0_2895_2025-10-13T15:12:33.250231,2025-10-13,2025-10-13 15:12:33.250231,0,0.5,0,0,0,0,0,0,0,0
20251013_upper_k1.0_2896_2025-10-13T18:53:00.893043,2025-10-13,2025-10-13 18:53:00.893043,1,7.0,0,0,0,0,0,0,0,0
20251013_upper_k1.0_2897_2025-10-13T19:13:28.863337,2025-10-13,2025-10-13 19:13:28.863337,1,3.0,0,0,0,0,0,0,0,0
20251014_upper_k1.0_2898_2025-10-14T13:30:00.027723,2025-10-14,2025-10-14 13:30:00.027723,1,28.75,0,0,0,0,0,0,1,1
20251014_upper_k1.0_2899_2025-10-14T13:52:26.293736,2025-10-14,2025-10-14 13:52:26.293736,1,3.5,0,1,0,0,1,1,0,1
20251014_upper_k1.0_2900_2025-10-14T19:43:39.782659,2025-10-14,2025-10-14 19:43:39.782659,1,10.25,1,1,1,1,0,0,0,0
20251015_upper_k1.0_2901_2025-10-15T13:30:00.019257,2025-10-15,2025-10-15 13:30:00.019257,1,6.5,0,0,0,0,0,0,0,0
20251015_upper_k1.0_2902_2025-10-15T13:46:40.481086,2025-10-15,2025-10-15 13:46:40.481086,1,12.25,0,0,1,1,0,0,1,1
20251015_upper_k1.0_2903_2025-10-15T15:03:53.984411,2025-10-15,2025-10-15 15:03:53.984411,1,6.75,0,0,0,0,1,1,0,0
20251015_upper_k1.0_2904_2025-10-15T18:56:37.491318,2025-10-15,2025-10-15 18:56:37.491318,1,4.75,0,0,0,0,0,0,0,0
20251015_upper_k1.0_2905_2025-10-15T19:18:40.600054,2025-10-15,2025-10-15 19:18:40.600054,1,3.75,0,0,0,0,0,0,0,0
20251016_upper_k1.0_2906_2025-10-16T13:30:00.020725,2025-10-16,2025-10-16 13:30:00.020725,1,3.5,0,0,0,0,0,0,0,0
20251016_upper_k1.0_2907_2025-10-16T13:47:30.490696,2025-10-16,2025-10-16 13:47:30.490696,1,11.0,1,1,0,1,1,1,0,0
20251016_upper_k1.0_2908_2025-10-16T14:02:58.960038,2025-10-16,2025-10-16 14:02:58.960038,1,15.25,1,1,0,0,1,1,0,0
20251016_upper_k1.0_2909_2025-10-16T14:18:12.667418,2025-10-16,2025-10-16 14:18:12.667418,1,5.25,0,0,0,0,0,0,0,0
20251016_upper_k1.0_2910_2025-10-16T14:51:05.910069,2025-10-16,2025-10-16 14:51:05.910069,1,2.0,0,0,1,1,0,0,0,0
20251016_upper_k1.0_2911_2025-10-16T15:06:55.932155,2025-10-16,2025-10-16 15:06:55.932155,0,0.25,0,0,0,1,0,0,1,1
20251016_upper_k1.0_2912_2025-10-16T15:24:05.032836,2025-10-16,2025-10-16 15:24:05.032836,1,23.25,0,0,0,0,0,0,0,0
20251017_upper_k1.0_2913_2025-10-17T13:30:00.022160,2025-10-17,2025-10-17 13:30:00.022160,1,8.25,1,1,1,1,1,1,0,0
20251017_upper_k1.0_2914_2025-10-17T13:48:14.880789,2025-10-17,2025-10-17 13:48:14.880789,1,2.25,1,0,1,1,1,1,0,0
20251017_upper_k1.0_2915_2025-10-17T14:34:57.980185,2025-10-17,2025-10-17 14:34:57.980185,1,10.5,1,1,1,1,1,0,1,1
20251017_upper_k1.0_2916_2025-10-17T14:50:02.212863,2025-10-17,2025-10-17 14:50:02.212863,1,18.0,1,1,0,0,1,1,0,0
20251017_upper_k1.0_2917_2025-10-17T15:05:02.282631,2025-10-17,2025-10-17 15:05:02.282631,1,19.75,1,1,0,0,0,1,1,1
20251017_upper_k1.0_2918_2025-10-17T15:46:22.741733,2025-10-17,2025-10-17 15:46:22.741733,1,3.0,0,0,0,0,0,0,0,0
20251017_upper_k1.0_2919_2025-10-17T17:09:29.187165,2025-10-17,2025-10-17 17:09:29.187165,1,6.0,0,0,0,0,0,0,1,1
20251017_upper_k1.0_2920_2025-10-17T17:24:47.594394,2025-10-17,2025-10-17 17:24:47.594394,1,1.75,0,0,0,0,0,0,1,1
20251017_upper_k1.0_2921_2025-10-17T17:43:00.183711,2025-10-17,2025-10-17 17:43:00.183711,1,5.5,0,0,0,0,0,0,0,0
20251020_upper_k1.0_2922_2025-10-20T13:30:00.075043,2025-10-20,2025-10-20 13:30:00.075043,0,0.75,0,0,0,0,0,0,0,0
20251020_upper_k1.0_2923_2025-10-20T13:45:10.391811,2025-10-20,2025-10-20 13:45:10.391811,0,0.5,1,0,0,0,1,1,0,0
20251020_upper_k1.0_2924_2025-10-20T14:03:07.360861,2025-10-20,2025-10-20 14:03:07.360861,0,0.0,0,0,0,0,0,0,0,0
20251020_upper_k1.0_2925_2025-10-20T14:18:10.392505,2025-10-20,2025-10-20 14:18:10.392505,0,0.5,0,0,0,0,0,0,0,0
20251021_upper_k1.0_2926_2025-10-21T13:30:00.005321,2025-10-21,2025-10-21 13:30:00.005321,1,4.75,0,0,0,0,0,0,0,0
20251021_upper_k1.0_2927_2025-10-21T14:14:36.930580,2025-10-21,2025-10-21 14:14:36.930580,1,2.0,0,0,0,0,0,0,0,0
20251021_upper_k1.0_2928_2025-10-21T14:35:25.740040,2025-10-21,2025-10-21 14:35:25.740040,1,2.0,0,0,0,0,0,0,0,0
20251021_upper_k1.0_2929_2025-10-21T15:37:47.305846,2025-10-21,2025-10-21 15:37:47.305846,1,1.0,0,0,0,0,0,0,0,0
20251021_upper_k1.0_2930_2025-10-21T16:53:20.600116,2025-10-21,2025-10-21 16:53:20.600116,1,9.75,0,0,0,0,0,0,0,0
20251021_upper_k1.0_2931_2025-10-21T17:08:21.879461,2025-10-21,2025-10-21 17:08:21.879461,1,2.25,0,0,0,0,0,0,0,0
20251021_upper_k1.0_2932_2025-10-21T17:30:05.770450,2025-10-21,2025-10-21 17:30:05.770450,1,4.5,0,0,0,0,0,0,0,0
20251021_upper_k1.0_2933_2025-10-21T17:45:32.764090,2025-10-21,2025-10-21 17:45:32.764090,0,0.5,0,0,0,0,0,0,0,0
20251021_upper_k1.0_2934_2025-10-21T19:02:59.052924,2025-10-21,2025-10-21 19:02:59.052924,1,1.0,0,0,0,0,0,0,0,0
20251021_upper_k1.0_2935_2025-10-21T19:32:03.481708,2025-10-21,2025-10-21 19:32:03.481708,1,1.0,0,0,0,0,0,0,0,0
20251021_upper_k1.0_2936_2025-10-21T19:59:11.862164,2025-10-21,2025-10-21 19:59:11.862164,1,6.25,0,0,0,0,0,0,0,0
20251022_upper_k1.0_2937_2025-10-22T13:30:00.028682,2025-10-22,2025-10-22 13:30:00.028682,1,15.75,0,0,0,0,0,0,0,0
20251022_upper_k1.0_2938_2025-10-22T13:46:28.580182,2025-10-22,2025-10-22 13:46:28.580182,1,3.5,0,0,0,0,0,0,0,0
20251022_upper_k1.0_2939_2025-10-22T14:02:43.492083,2025-10-22,2025-10-22 14:02:43.492083,1,4.75,0,0,0,0,0,0,0,0
20251022_upper_k1.0_2940_2025-10-22T14:18:13.672521,2025-10-22,2025-10-22 14:18:13.672521,1,16.75,0,0,0,0,0,0,0,0
20251022_upper_k1.0_2941_2025-10-22T15:01:16.164798,2025-10-22,2025-10-22 15:01:16.164798,1,5.75,0,0,0,0,0,0,0,0
20251022_upper_k1.0_2942_2025-10-22T19:37:52.361619,2025-10-22,2025-10-22 19:37:52.361619,1,5.75,0,0,0,0,0,0,0,0
20251022_upper_k1.0_2943_2025-10-22T19:54:07.880377,2025-10-22,2025-10-22 19:54:07.880377,1,6.5,0,0,0,0,0,0,0,0
20251023_upper_k1.0_2944_2025-10-23T13:30:00.271568,2025-10-23,2025-10-23 13:30:00.271568,1,3.25,0,0,0,0,1,0,0,0
20251023_upper_k1.0_2945_2025-10-23T14:05:29.380287,2025-10-23,2025-10-23 14:05:29.380287,1,8.25,1,0,0,0,0,0,0,0
20251023_upper_k1.0_2946_2025-10-23T14:24:57.032224,2025-10-23,2025-10-23 14:24:57.032224,1,5.0,0,0,1,1,0,0,0,0
20251023_upper_k1.0_2947_2025-10-23T14:45:16.865698,2025-10-23,2025-10-23 14:45:16.865698,1,1.75,1,1,1,0,1,1,1,1
20251023_upper_k1.0_2948_2025-10-23T15:12:27.785343,2025-10-23,2025-10-23 15:12:27.785343,1,5.5,0,0,0,0,0,0,0,0
20251023_upper_k1.0_2949_2025-10-23T15:38:13.804462,2025-10-23,2025-10-23 15:38:13.804462,1,9.25,0,0,0,0,0,0,0,0
20251024_upper_k1.0_2950_2025-10-24T13:30:00.029623,2025-10-24,2025-10-24 13:30:00.029623,1,8.25,0,0,0,0,0,0,0,0
20251024_upper_k1.0_2951_2025-10-24T13:48:16.660085,2025-10-24,2025-10-24 13:48:16.660085,1,6.25,0,0,0,0,0,0,0,0
20251024_upper_k1.0_2952_2025-10-24T14:04:40.302610,2025-10-24,2025-10-24 14:04:40.302610,0,0.25,1,1,1,0,1,0,1,1
20251024_upper_k1.0_2953_2025-10-24T14:20:31.291633,2025-10-24,2025-10-24 14:20:31.291633,1,5.75,0,0,0,0,0,0,0,0
20251024_upper_k1.0_2954_2025-10-24T14:39:44.720177,2025-10-24,2025-10-24 14:39:44.720177,1,1.0,0,0,0,0,0,0,0,0
20251024_upper_k1.0_2955_2025-10-24T15:09:38.082291,2025-10-24,2025-10-24 15:09:38.082291,1,3.25,0,0,0,0,0,0,0,0
20251024_upper_k1.0_2956_2025-10-24T16:41:49.760349,2025-10-24,2025-10-24 16:41:49.760349,1,2.75,0,0,0,0,0,0,0,0
20251024_upper_k1.0_2957_2025-10-24T19:48:45.090089,2025-10-24,2025-10-24 19:48:45.090089,1,6.0,0,0,0,0,0,0,0,0
20251027_upper_k1.0_2958_2025-10-27T13:30:00.047883,2025-10-27,2025-10-27 13:30:00.047883,1,6.25,0,0,0,0,0,0,0,0
20251027_upper_k1.0_2959_2025-10-27T13:45:13.352936,2025-10-27,2025-10-27 13:45:13.352936,1,4.5,0,0,0,0,0,0,0,0
20251027_upper_k1.0_2960_2025-10-27T14:16:54.331895,2025-10-27,2025-10-27 14:16:54.331895,1,6.0,0,0,0,0,0,0,0,0
20251027_upper_k1.0_2961_2025-10-27T14:33:06.072389,2025-10-27,2025-10-27 14:33:06.072389,0,0.5,0,0,0,0,0,0,0,0
20251027_upper_k1.0_2962_2025-10-27T14:48:59.691368,2025-10-27,2025-10-27 14:48:59.691368,1,4.5,0,0,0,0,0,0,0,0
20251027_upper_k1.0_2963_2025-10-27T15:14:22.971695,2025-10-27,2025-10-27 15:14:22.971695,1,1.25,0,0,0,0,0,0,0,0
20251028_upper_k1.0_2964_2025-10-28T13:30:00.172623,2025-10-28,2025-10-28 13:30:00.172623,1,9.5,0,0,0,0,0,0,0,0
20251028_upper_k1.0_2965_2025-10-28T13:56:05.967259,2025-10-28,2025-10-28 13:56:05.967259,1,10.5,0,0,0,0,1,0,0,0
20251028_upper_k1.0_2966_2025-10-28T14:22:37.151852,2025-10-28,2025-10-28 14:22:37.151852,1,4.25,0,0,0,0,0,0,0,0
20251028_upper_k1.0_2967_2025-10-28T14:39:17.850366,2025-10-28,2025-10-28 14:39:17.850366,1,5.0,0,0,0,0,0,0,0,0
20251028_upper_k1.0_2968_2025-10-28T14:54:29.122144,2025-10-28,2025-10-28 14:54:29.122144,1,3.75,0,0,0,0,0,0,0,0
20251028_upper_k1.0_2969_2025-10-28T15:09:30.012681,2025-10-28,2025-10-28 15:09:30.012681,1,4.75,0,0,0,0,0,0,0,0
20251028_upper_k1.0_2970_2025-10-28T16:07:43.410046,2025-10-28,2025-10-28 16:07:43.410046,1,2.5,0,0,0,0,0,0,0,0
20251028_upper_k1.0_2971_2025-10-28T16:26:45.303634,2025-10-28,2025-10-28 16:26:45.303634,0,0.75,0,0,0,0,0,0,0,0
20251029_upper_k1.0_2972_2025-10-29T13:30:00.027399,2025-10-29,2025-10-29 13:30:00.027399,1,6.0,0,0,0,0,0,0,0,0
20251029_upper_k1.0_2973_2025-10-29T13:48:08.184952,2025-10-29,2025-10-29 13:48:08.184952,1,2.0,1,0,0,0,1,0,1,0
20251029_upper_k1.0_2974_2025-10-29T14:03:30.006895,2025-10-29,2025-10-29 14:03:30.006895,1,8.0,0,0,0,0,0,0,0,0
20251029_upper_k1.0_2975_2025-10-29T14:30:15.342469,2025-10-29,2025-10-29 14:30:15.342469,1,4.25,0,0,0,0,0,0,0,0
20251029_upper_k1.0_2976_2025-10-29T16:45:14.820020,2025-10-29,2025-10-29 16:45:14.820020,1,3.0,0,0,0,0,0,0,0,0
20251029_upper_k1.0_2977_2025-10-29T17:16:12.884522,2025-10-29,2025-10-29 17:16:12.884522,1,8.75,0,0,0,0,0,0,0,0
20251029_upper_k1.0_2978_2025-10-29T18:00:21.567226,2025-10-29,2025-10-29 18:00:21.567226,1,13.75,1,1,1,1,1,1,1,1
20251029_upper_k1.0_2979_2025-10-29T18:33:55.240405,2025-10-29,2025-10-29 18:33:55.240405,1,58.25,0,0,0,0,0,0,0,0
20251029_upper_k1.0_2980_2025-10-29T19:50:45.684179,2025-10-29,2025-10-29 19:50:45.684179,1,10.0,0,0,0,0,1,1,0,0
20251030_upper_k1.0_2981_2025-10-30T13:30:00.028032,2025-10-30,2025-10-30 13:30:00.028032,1,25.5,1,1,0,0,1,1,0,0
20251030_upper_k1.0_2982_2025-10-30T13:45:17.040756,2025-10-30,2025-10-30 13:45:17.040756,1,1.5,1,0,1,1,1,1,0,0
20251030_upper_k1.0_2983_2025-10-30T14:13:19.780246,2025-10-30,2025-10-30 14:13:19.780246,1,4.75,1,1,1,1,1,0,1,1
20251030_upper_k1.0_2984_2025-10-30T14:30:04.628978,2025-10-30,2025-10-30 14:30:04.628978,1,2.5,1,1,0,0,1,1,0,0
20251030_upper_k1.0_2985_2025-10-30T14:51:50.905520,2025-10-30,2025-10-30 14:51:50.905520,1,5.5,1,1,0,0,0,0,0,0
20251030_upper_k1.0_2986_2025-10-30T15:34:07.162507,2025-10-30,2025-10-30 15:34:07.162507,1,11.5,1,1,0,0,1,0,0,0
20251030_upper_k1.0_2987_2025-10-30T16:05:49.810014,2025-10-30,2025-10-30 16:05:49.810014,1,1.5,0,0,0,0,0,0,0,0
20251030_upper_k1.0_2988_2025-10-30T16:34:01.631241,2025-10-30,2025-10-30 16:34:01.631241,1,6.75,0,0,0,0,0,0,0,0
20251030_upper_k1.0_2989_2025-10-30T16:49:14.250954,2025-10-30,2025-10-30 16:49:14.250954,1,2.5,0,0,0,0,0,0,0,0
20251030_upper_k1.0_2990_2025-10-30T17:25:13.210055,2025-10-30,2025-10-30 17:25:13.210055,1,4.25,0,0,0,0,0,0,0,0
20251030_upper_k1.0_2991_2025-10-30T17:46:36.120786,2025-10-30,2025-10-30 17:46:36.120786,1,1.0,0,0,0,0,0,0,0,0
20251030_upper_k1.0_2992_2025-10-30T18:02:44.271319,2025-10-30,2025-10-30 18:02:44.271319,1,10.25,0,0,0,0,0,0,0,0
20251031_upper_k1.0_2993_2025-10-31T13:30:00.050030,2025-10-31,2025-10-31 13:30:00.050030,1,11.0,0,0,0,0,0,0,0,0
20251031_upper_k1.0_2994_2025-10-31T13:52:20.302179,2025-10-31,2025-10-31 13:52:20.302179,1,10.25,0,0,0,0,0,0,0,0
20251031_upper_k1.0_2995_2025-10-31T14:31:37.366887,2025-10-31,2025-10-31 14:31:37.366887,1,2.75,0,0,0,0,0,0,0,0
20251031_upper_k1.0_2996_2025-10-31T15:28:07.630069,2025-10-31,2025-10-31 15:28:07.630069,1,7.75,0,0,0,0,0,0,0,0
20251031_upper_k1.0_2997_2025-10-31T15:45:20.684768,2025-10-31,2025-10-31 15:45:20.684768,1,16.25,1,1,1,1,1,1,1,1
20251031_upper_k1.0_2998_2025-10-31T18:42:29.833313,2025-10-31,2025-10-31 18:42:29.833313,1,6.5,0,0,0,0,0,0,0,0
20251031_upper_k1.0_2999_2025-10-31T18:59:02.590369,2025-10-31,2025-10-31 18:59:02.590369,1,3.5,0,0,0,0,0,0,0,0
20251031_upper_k1.0_3000_2025-10-31T19:56:32.411111,2025-10-31,2025-10-31 19:56:32.411111,1,8.5,0,0,0,0,0,0,0,0
20251103_upper_k1.0_3001_2025-11-03T14:30:00.018821,2025-11-03,2025-11-03 14:30:00.018821,1,21.25,0,0,0,0,0,0,0,0
20251103_upper_k1.0_3002_2025-11-03T15:58:02.650194,2025-11-03,2025-11-03 15:58:02.650194,1,4.5,0,0,0,0,0,0,0,0
20251103_upper_k1.0_3003_2025-11-03T16:14:32.040717,2025-11-03,2025-11-03 16:14:32.040717,1,4.0,0,0,0,0,0,0,0,0
20251103_upper_k1.0_3004_2025-11-03T16:31:44.331051,2025-11-03,2025-11-03 16:31:44.331051,1,1.25,0,0,0,0,0,0,0,0
20251103_upper_k1.0_3005_2025-11-03T16:48:23.046488,2025-11-03,2025-11-03 16:48:23.046488,1,3.25,0,0,0,0,0,0,0,0
20251103_upper_k1.0_3006_2025-11-03T17:26:36.759498,2025-11-03,2025-11-03 17:26:36.759498,0,0.75,0,0,0,0,0,0,0,0
20251103_upper_k1.0_3007_2025-11-03T19:42:07.100146,2025-11-03,2025-11-03 19:42:07.100146,1,3.25,0,0,0,0,0,0,0,0
20251103_upper_k1.0_3008_2025-11-03T20:33:43.444334,2025-11-03,2025-11-03 20:33:43.444334,1,4.0,0,0,0,0,0,0,0,0
20251103_upper_k1.0_3009_2025-11-03T20:53:55.841499,2025-11-03,2025-11-03 20:53:55.841499,1,1.5,0,0,0,0,0,0,0,0
20251104_upper_k1.0_3010_2025-11-04T14:30:00.016996,2025-11-04,2025-11-04 14:30:00.016996,1,14.25,0,1,0,0,1,0,0,1
20251104_upper_k1.0_3011_2025-11-04T15:56:08.794006,2025-11-04,2025-11-04 15:56:08.794006,1,3.0,0,0,0,0,0,0,0,0
20251104_upper_k1.0_3012_2025-11-04T16:11:23.500500,2025-11-04,2025-11-04 16:11:23.500500,1,3.0,0,0,0,0,0,0,0,0
20251104_upper_k1.0_3013_2025-11-04T16:27:43.861990,2025-11-04,2025-11-04 16:27:43.861990,1,1.5,0,0,0,0,0,0,0,0
20251104_upper_k1.0_3014_2025-11-04T16:45:54.840352,2025-11-04,2025-11-04 16:45:54.840352,1,6.0,0,0,0,0,0,0,0,0
20251104_upper_k1.0_3015_2025-11-04T17:03:29.160611,2025-11-04,2025-11-04 17:03:29.160611,1,10.25,0,0,0,0,0,0,0,0
20251105_upper_k1.0_3016_2025-11-05T14:30:00.016169,2025-11-05,2025-11-05 14:30:00.016169,1,9.0,0,0,0,0,0,0,1,1
20251105_upper_k1.0_3017_2025-11-05T14:45:43.531610,2025-11-05,2025-11-05 14:45:43.531610,1,1.25,0,0,0,1,0,0,0,0
20251105_upper_k1.0_3018_2025-11-05T15:21:25.101441,2025-11-05,2025-11-05 15:21:25.101441,1,3.25,1,1,0,0,1,1,0,0
20251105_upper_k1.0_3019_2025-11-05T16:14:33.401584,2025-11-05,2025-11-05 16:14:33.401584,1,1.25,0,0,0,0,0,0,0,0
20251105_upper_k1.0_3020_2025-11-05T20:56:06.440525,2025-11-05,2025-11-05 20:56:06.440525,1,10.0,0,0,0,0,0,0,0,0
20251106_upper_k1.0_3021_2025-11-06T14:30:00.005416,2025-11-06,2025-11-06 14:30:00.005416,1,2.25,0,0,0,0,0,0,0,0
20251106_upper_k1.0_3022_2025-11-06T14:47:09.514844,2025-11-06,2025-11-06 14:47:09.514844,1,19.25,1,0,0,0,0,1,0,0
20251106_upper_k1.0_3023_2025-11-06T15:22:06.180617,2025-11-06,2025-11-06 15:22:06.180617,1,8.75,0,0,0,0,0,0,0,0
20251106_upper_k1.0_3024_2025-11-06T19:05:11.950030,2025-11-06,2025-11-06 19:05:11.950030,1,3.25,0,0,0,0,0,0,0,0
20251106_upper_k1.0_3025_2025-11-06T19:42:05.855433,2025-11-06,2025-11-06 19:42:05.855433,1,2.75,0,0,0,0,0,0,0,0
20251106_upper_k1.0_3026_2025-11-06T20:16:19.734905,2025-11-06,2025-11-06 20:16:19.734905,0,0.5,1,1,0,0,0,0,0,0
20251106_upper_k1.0_3027_2025-11-06T20:34:30.130278,2025-11-06,2025-11-06 20:34:30.130278,1,10.25,0,0,0,0,0,0,0,0
20251107_upper_k1.0_3028_2025-11-07T14:30:00.016070,2025-11-07,2025-11-07 14:30:00.016070,1,36.0,1,1,0,0,1,1,0,0
20251107_upper_k1.0_3029_2025-11-07T14:45:18.842041,2025-11-07,2025-11-07 14:45:18.842041,1,11.0,0,0,0,0,0,1,0,0
20251107_upper_k1.0_3030_2025-11-07T15:00:19.880124,2025-11-07,2025-11-07 15:00:19.880124,1,20.0,1,1,1,1,1,1,1,1
20251107_upper_k1.0_3031_2025-11-07T15:23:36.170735,2025-11-07,2025-11-07 15:23:36.170735,1,6.25,1,1,1,1,0,0,1,1
20251107_upper_k1.0_3032_2025-11-07T18:08:59.717724,2025-11-07,2025-11-07 18:08:59.717724,1,5.25,0,0,0,0,0,0,0,0
20251107_upper_k1.0_3033_2025-11-07T18:50:34.710001,2025-11-07,2025-11-07 18:50:34.710001,1,4.0,0,0,0,0,0,0,0,0
20251110_upper_k1.0_3034_2025-11-10T14:30:00.043065,2025-11-10,2025-11-10 14:30:00.043065,1,2.75,0,0,0,0,0,0,0,0
20251110_upper_k1.0_3035_2025-11-10T14:51:13.630158,2025-11-10,2025-11-10 14:51:13.630158,1,3.5,0,0,0,0,0,0,0,0
20251110_upper_k1.0_3036_2025-11-10T15:09:26.934374,2025-11-10,2025-11-10 15:09:26.934374,1,2.25,0,0,0,0,0,0,0,0
20251110_upper_k1.0_3037_2025-11-10T15:30:33.467078,2025-11-10,2025-11-10 15:30:33.467078,1,7.0,0,0,0,0,0,0,0,0
20251110_upper_k1.0_3038_2025-11-10T17:05:45.251708,2025-11-10,2025-11-10 17:05:45.251708,1,9.75,0,0,0,0,0,0,0,0
20251110_upper_k1.0_3039_2025-11-10T17:27:24.650047,2025-11-10,2025-11-10 17:27:24.650047,1,1.25,0,0,0,0,0,0,0,0
20251111_upper_k1.0_3040_2025-11-11T14:30:00.040866,2025-11-11,2025-11-11 14:30:00.040866,0,0.5,0,0,0,0,0,0,0,0
20251111_upper_k1.0_3041_2025-11-11T14:45:35.250949,2025-11-11,2025-11-11 14:45:35.250949,1,8.75,0,0,0,0,0,0,0,0
20251111_upper_k1.0_3042_2025-11-11T15:03:40.981780,2025-11-11,2025-11-11 15:03:40.981780,1,12.0,0,0,0,0,0,0,0,0
20251111_upper_k1.0_3043_2025-11-11T16:11:09.824233,2025-11-11,2025-11-11 16:11:09.824233,1,3.25,0,0,0,0,0,0,0,0
20251111_upper_k1.0_3044_2025-11-11T16:27:12.522485,2025-11-11,2025-11-11 16:27:12.522485,1,11.0,0,0,0,0,0,0,0,0
20251111_upper_k1.0_3045_2025-11-11T16:42:30.840777,2025-11-11,2025-11-11 16:42:30.840777,1,2.0,0,0,0,0,0,0,0,0
20251111_upper_k1.0_3046_2025-11-11T16:57:41.920450,2025-11-11,2025-11-11 16:57:41.920450,1,1.75,0,0,0,0,0,0,0,0
20251112_upper_k1.0_3047_2025-11-12T14:30:00.150666,2025-11-12,2025-11-12 14:30:00.150666,1,9.5,0,0,0,0,0,0,0,0
20251112_upper_k1.0_3048_2025-11-12T15:04:09.181481,2025-11-12,2025-11-12 15:04:09.181481,1,11.0,0,0,0,0,0,0,0,0
20251112_upper_k1.0_3049_2025-11-12T17:35:58.470161,2025-11-12,2025-11-12 17:35:58.470161,1,1.25,0,0,0,0,0,0,0,0
20251112_upper_k1.0_3050_2025-11-12T17:51:01.470140,2025-11-12,2025-11-12 17:51:01.470140,1,2.75,0,0,0,0,0,0,0,0
20251112_upper_k1.0_3051_2025-11-12T19:14:21.402199,2025-11-12,2025-11-12 19:14:21.402199,1,3.5,0,0,0,0,0,0,0,0
20251112_upper_k1.0_3052_2025-11-12T19:39:10.791857,2025-11-12,2025-11-12 19:39:10.791857,1,3.0,0,0,0,0,0,0,0,0
20251112_upper_k1.0_3053_2025-11-12T19:54:36.313718,2025-11-12,2025-11-12 19:54:36.313718,1,7.5,0,0,0,0,0,0,0,0
20251112_upper_k1.0_3054_2025-11-12T20:19:59.421465,2025-11-12,2025-11-12 20:19:59.421465,1,2.75,0,0,0,0,0,0,0,0
20251112_upper_k1.0_3055_2025-11-12T20:56:37.482515,2025-11-12,2025-11-12 20:56:37.482515,1,4.25,0,0,0,0,0,0,0,0
20251113_upper_k1.0_3056_2025-11-13T14:30:00.053462,2025-11-13,2025-11-13 14:30:00.053462,1,18.25,0,0,0,0,0,0,0,0
20251113_upper_k1.0_3057_2025-11-13T14:52:46.990236,2025-11-13,2025-11-13 14:52:46.990236,1,8.25,1,1,0,1,1,1,0,0
20251113_upper_k1.0_3058_2025-11-13T15:23:12.211060,2025-11-13,2025-11-13 15:23:12.211060,1,8.0,1,1,0,0,1,0,0,0
20251114_upper_k1.0_3059_2025-11-14T14:30:00.027171,2025-11-14,2025-11-14 14:30:00.027171,1,22.0,1,1,1,1,1,1,1,1
20251114_upper_k1.0_3060_2025-11-14T15:13:46.464170,2025-11-14,2025-11-14 15:13:46.464170,0,0.25,1,1,1,1,1,0,0,0
20251114_upper_k1.0_3061_2025-11-14T20:49:09.260853,2025-11-14,2025-11-14 20:49:09.260853,1,3.25,0,0,0,0,0,0,0,0
20251117_upper_k1.0_3062_2025-11-17T14:30:00.051550,2025-11-17,2025-11-17 14:30:00.051550,1,7.75,0,0,0,0,0,0,0,0
20251117_upper_k1.0_3063_2025-11-17T15:03:31.790962,2025-11-17,2025-11-17 15:03:31.790962,1,16.75,1,1,1,1,1,1,1,1
20251117_upper_k1.0_3064_2025-11-17T15:24:30.710001,2025-11-17,2025-11-17 15:24:30.710001,1,14.5,0,0,0,0,0,0,0,0
20251117_upper_k1.0_3065_2025-11-17T15:46:11.093211,2025-11-17,2025-11-17 15:46:11.093211,1,11.25,0,0,0,0,0,1,0,0
20251117_upper_k1.0_3066_2025-11-17T16:32:27.057523,2025-11-17,2025-11-17 16:32:27.057523,1,5.75,0,0,0,0,0,0,0,0
20251117_upper_k1.0_3067_2025-11-17T17:42:20.270166,2025-11-17,2025-11-17 17:42:20.270166,1,15.0,0,0,0,0,0,0,0,0
20251118_upper_k1.0_3068_2025-11-18T14:30:00.037780,2025-11-18,2025-11-18 14:30:00.037780,1,11.5,1,1,0,0,1,1,1,1
20251118_upper_k1.0_3069_2025-11-18T14:45:33.436761,2025-11-18,2025-11-18 14:45:33.436761,1,40.5,1,1,1,1,1,1,0,0
20251118_upper_k1.0_3070_2025-11-18T15:23:38.220702,2025-11-18,2025-11-18 15:23:38.220702,1,15.0,0,1,0,0,1,1,0,0
20251118_upper_k1.0_3071_2025-11-18T16:14:06.711847,2025-11-18,2025-11-18 16:14:06.711847,1,14.25,1,0,1,1,1,1,1,0
20251118_upper_k1.0_3072_2025-11-18T17:14:48.490837,2025-11-18,2025-11-18 17:14:48.490837,1,4.75,1,1,0,0,0,0,0,0
20251118_upper_k1.0_3073_2025-11-18T17:38:01.063484,2025-11-18,2025-11-18 17:38:01.063484,1,2.0,0,0,0,0,0,0,0,0
20251118_upper_k1.0_3074_2025-11-18T20:46:42.721330,2025-11-18,2025-11-18 20:46:42.721330,1,3.25,1,1,0,0,0,0,1,1
20251119_upper_k1.0_3075_2025-11-19T14:30:00.184771,2025-11-19,2025-11-19 14:30:00.184771,1,7.0,1,0,0,0,1,0,0,0
20251119_upper_k1.0_3076_2025-11-19T15:50:00.587868,2025-11-19,2025-11-19 15:50:00.587868,1,20.75,0,0,0,0,0,0,0,0
20251119_upper_k1.0_3077_2025-11-19T18:38:14.163790,2025-11-19,2025-11-19 18:38:14.163790,1,19.75,1,0,1,1,0,1,1,0
20251119_upper_k1.0_3078_2025-11-19T20:15:31.425131,2025-11-19,2025-11-19 20:15:31.425131,1,1.0,0,0,0,0,0,0,0,0
20251119_upper_k1.0_3079_2025-11-19T20:46:00.011981,2025-11-19,2025-11-19 20:46:00.011981,1,11.25,1,1,0,0,0,0,0,0
20251120_upper_k1.0_3080_2025-11-20T14:30:00.066391,2025-11-20,2025-11-20 14:30:00.066391,1,4.75,0,0,0,0,1,0,0,0
20251120_upper_k1.0_3081_2025-11-20T14:45:20.816536,2025-11-20,2025-11-20 14:45:20.816536,1,5.75,1,1,1,1,1,1,0,0
20251120_upper_k1.0_3082_2025-11-20T15:06:23.314894,2025-11-20,2025-11-20 15:06:23.314894,1,13.25,1,1,0,1,1,1,0,0
20251120_upper_k1.0_3083_2025-11-20T15:21:33.502863,2025-11-20,2025-11-20 15:21:33.502863,1,4.25,1,1,0,1,1,0,0,0
20251120_upper_k1.0_3084_2025-11-20T15:48:26.910894,2025-11-20,2025-11-20 15:48:26.910894,1,14.0,1,1,0,0,0,1,1,1
20251121_upper_k1.0_3085_2025-11-21T14:30:00.023557,2025-11-21,2025-11-21 14:30:00.023557,1,6.75,1,1,1,1,1,0,1,1
20251121_upper_k1.0_3086_2025-11-21T14:48:48.361370,2025-11-21,2025-11-21 14:48:48.361370,1,8.5,1,1,1,1,1,1,0,0
20251121_upper_k1.0_3087_2025-11-21T15:06:05.628567,2025-11-21,2025-11-21 15:06:05.628567,1,17.25,1,1,1,1,1,1,0,0
20251121_upper_k1.0_3088_2025-11-21T15:24:44.560736,2025-11-21,2025-11-21 15:24:44.560736,1,22.25,1,1,1,1,1,1,1,1
20251121_upper_k1.0_3089_2025-11-21T15:47:51.859612,2025-11-21,2025-11-21 15:47:51.859612,1,14.5,0,1,0,0,1,1,0,1
20251121_upper_k1.0_3090_2025-11-21T16:17:05.353168,2025-11-21,2025-11-21 16:17:05.353168,1,19.75,1,0,1,1,1,1,1,0
20251124_upper_k1.0_3091_2025-11-24T14:30:00.107971,2025-11-24,2025-11-24 14:30:00.107971,1,3.0,0,0,0,0,0,0,0,0
20251124_upper_k1.0_3092_2025-11-24T14:58:16.770631,2025-11-24,2025-11-24 14:58:16.770631,1,4.75,1,0,1,1,1,1,0,0
20251125_upper_k1.0_3093_2025-11-25T14:30:00.025865,2025-11-25,2025-11-25 14:30:00.025865,1,4.75,0,0,0,0,0,0,0,0
20251125_upper_k1.0_3094_2025-11-25T14:55:00.410624,2025-11-25,2025-11-25 14:55:00.410624,1,17.0,0,1,0,0,1,1,0,1
20251125_upper_k1.0_3095_2025-11-25T15:11:15.035689,2025-11-25,2025-11-25 15:11:15.035689,1,6.5,1,1,1,1,1,0,0,0
20251125_upper_k1.0_3096_2025-11-25T15:26:49.326040,2025-11-25,2025-11-25 15:26:49.326040,1,6.5,1,1,1,1,1,1,0,0
20251126_upper_k1.0_3097_2025-11-26T14:30:00.013647,2025-11-26,2025-11-26 14:30:00.013647,1,2.0,0,0,0,0,0,0,0,0
20251126_upper_k1.0_3098_2025-11-26T14:52:07.467238,2025-11-26,2025-11-26 14:52:07.467238,1,20.25,0,0,0,0,1,1,0,0
20251126_upper_k1.0_3099_2025-11-26T15:08:56.394814,2025-11-26,2025-11-26 15:08:56.394814,1,10.5,0,0,0,0,0,0,0,0
20251126_upper_k1.0_3100_2025-11-26T15:27:04.010982,2025-11-26,2025-11-26 15:27:04.010982,1,3.75,0,0,0,0,1,0,0,0
20251126_upper_k1.0_3101_2025-11-26T15:45:02.515247,2025-11-26,2025-11-26 15:45:02.515247,1,2.75,0,0,0,0,0,0,0,0
20251126_upper_k1.0_3102_2025-11-26T18:44:39.353012,2025-11-26,2025-11-26 18:44:39.353012,1,2.0,0,0,0,0,0,0,0,0
20251126_upper_k1.0_3103_2025-11-26T20:59:34.263747,2025-11-26,2025-11-26 20:59:34.263747,1,4.25,0,0,0,0,0,0,0,0
20251127_upper_k1.0_3104_2025-11-27T14:30:05.034839,2025-11-27,2025-11-27 14:30:05.034839,1,3.0,0,0,0,0,0,0,0,0
20251127_upper_k1.0_3105_2025-11-27T16:25:32.980264,2025-11-27,2025-11-27 16:25:32.980264,0,0.75,0,0,0,0,0,0,0,0
20251127_upper_k1.0_3106_2025-11-27T16:43:17.480566,2025-11-27,2025-11-27 16:43:17.480566,1,3.5,0,0,0,0,0,0,0,0
20251127_upper_k1.0_3107_2025-11-27T17:45:02.310194,2025-11-27,2025-11-27 17:45:02.310194,1,1.25,0,0,0,0,0,0,0,0
20251128_upper_k1.0_3108_2025-11-28T14:30:00.032054,2025-11-28,2025-11-28 14:30:00.032054,1,1.25,0,0,0,0,0,0,1,1
20251128_upper_k1.0_3109_2025-11-28T14:49:04.351625,2025-11-28,2025-11-28 14:49:04.351625,1,3.5,0,0,0,0,0,0,1,1
20251128_upper_k1.0_3110_2025-11-28T15:06:28.421540,2025-11-28,2025-11-28 15:06:28.421540,1,3.0,0,0,0,0,0,0,1,1
20251128_upper_k1.0_3111_2025-11-28T15:27:08.606933,2025-11-28,2025-11-28 15:27:08.606933,1,1.25,0,0,0,0,0,0,0,0
20251128_upper_k1.0_3112_2025-11-28T16:26:46.774868,2025-11-28,2025-11-28 16:26:46.774868,1,4.25,0,0,0,0,0,0,1,1
20251128_upper_k1.0_3113_2025-11-28T17:30:01.660383,2025-11-28,2025-11-28 17:30:01.660383,1,2.25,0,0,0,0,0,0,0,0
20251128_upper_k1.0_3114_2025-11-28T17:50:00.091904,2025-11-28,2025-11-28 17:50:00.091904,0,0.5,0,0,0,0,0,0,0,0
20251201_upper_k1.0_3115_2025-12-01T14:30:00.100021,2025-12-01,2025-12-01 14:30:00.100021,1,1.5,0,0,0,0,1,1,0,0
20251201_upper_k1.0_3116_2025-12-01T14:45:45.290780,2025-12-01,2025-12-01 14:45:45.290780,0,0.0,0,0,0,0,0,0,0,0
20251201_upper_k1.0_3117_2025-12-01T15:20:36.190212,2025-12-01,2025-12-01 15:20:36.190212,1,9.0,1,0,0,0,0,1,0,0
20251201_upper_k1.0_3118_2025-12-01T15:40:08.441844,2025-12-01,2025-12-01 15:40:08.441844,1,5.5,0,0,0,0,0,0,0,0
20251201_upper_k1.0_3119_2025-12-01T16:09:06.700367,2025-12-01,2025-12-01 16:09:06.700367,1,3.5,0,0,0,0,0,0,0,0
20251201_upper_k1.0_3120_2025-12-01T19:21:44.720381,2025-12-01,2025-12-01 19:21:44.720381,1,8.25,0,0,0,0,0,0,0,0
20251201_upper_k1.0_3121_2025-12-01T20:45:01.070133,2025-12-01,2025-12-01 20:45:01.070133,1,12.25,0,0,0,0,0,0,0,0
20251202_upper_k1.0_3122_2025-12-02T14:30:00.460314,2025-12-02,2025-12-02 14:30:00.460314,1,2.75,0,0,0,0,1,0,0,0
20251202_upper_k1.0_3123_2025-12-02T14:45:07.330167,2025-12-02,2025-12-02 14:45:07.330167,1,9.5,0,0,0,0,0,0,0,0
20251202_upper_k1.0_3124_2025-12-02T15:00:28.480214,2025-12-02,2025-12-02 15:00:28.480214,0,0.0,0,0,0,0,0,0,0,0
20251202_upper_k1.0_3125_2025-12-02T15:21:16.131148,2025-12-02,2025-12-02 15:21:16.131148,1,15.75,0,0,0,0,0,0,0,0
20251202_upper_k1.0_3126_2025-12-02T15:41:57.050473,2025-12-02,2025-12-02 15:41:57.050473,0,0.25,0,0,0,0,0,0,0,0
20251202_upper_k1.0_3127_2025-12-02T16:09:46.301212,2025-12-02,2025-12-02 16:09:46.301212,1,17.0,0,0,0,0,0,0,0,0
20251202_upper_k1.0_3128_2025-12-02T17:19:03.500236,2025-12-02,2025-12-02 17:19:03.500236,0,0.5,0,0,0,0,0,0,0,0
20251202_upper_k1.0_3129_2025-12-02T17:36:22.690340,2025-12-02,2025-12-02 17:36:22.690340,1,1.25,0,0,0,0,0,0,0,0
20251202_upper_k1.0_3130_2025-12-02T17:51:27.920496,2025-12-02,2025-12-02 17:51:27.920496,1,20.25,0,0,0,0,0,0,0,0
20251202_upper_k1.0_3131_2025-12-02T19:05:30.460012,2025-12-02,2025-12-02 19:05:30.460012,1,4.5,0,0,0,0,0,0,0,0
20251202_upper_k1.0_3132_2025-12-02T19:34:48.241388,2025-12-02,2025-12-02 19:34:48.241388,1,4.5,0,0,0,0,0,0,0,0
20251202_upper_k1.0_3133_2025-12-02T19:50:00.210799,2025-12-02,2025-12-02 19:50:00.210799,1,1.5,0,0,0,0,0,0,0,0
20251202_upper_k1.0_3134_2025-12-02T20:53:34.768522,2025-12-02,2025-12-02 20:53:34.768522,1,5.5,0,0,0,0,0,0,0,0
20251203_upper_k1.0_3135_2025-12-03T14:30:00.146935,2025-12-03,2025-12-03 14:30:00.146935,1,6.5,0,0,0,0,0,0,0,0
20251203_upper_k1.0_3136_2025-12-03T14:45:08.981324,2025-12-03,2025-12-03 14:45:08.981324,1,13.75,1,1,1,0,0,1,0,0
20251203_upper_k1.0_3137_2025-12-03T15:10:01.310230,2025-12-03,2025-12-03 15:10:01.310230,1,3.25,0,0,0,0,0,1,0,0
20251203_upper_k1.0_3138_2025-12-03T16:12:16.360835,2025-12-03,2025-12-03 16:12:16.360835,0,0.25,0,0,0,0,0,0,0,0
20251203_upper_k1.0_3139_2025-12-03T16:56:05.360004,2025-12-03,2025-12-03 16:56:05.360004,1,3.5,0,0,0,0,0,0,0,0
20251204_upper_k1.0_3140_2025-12-04T14:30:00.025898,2025-12-04,2025-12-04 14:30:00.025898,1,17.0,0,0,0,0,0,0,0,0
20251204_upper_k1.0_3141_2025-12-04T15:34:03.080028,2025-12-04,2025-12-04 15:34:03.080028,0,0.75,0,0,0,0,0,0,0,0
20251204_upper_k1.0_3142_2025-12-04T16:24:21.343952,2025-12-04,2025-12-04 16:24:21.343952,1,7.75,0,0,0,0,0,0,0,0
20251204_upper_k1.0_3143_2025-12-04T16:47:40.683445,2025-12-04,2025-12-04 16:47:40.683445,1,1.75,0,0,0,0,0,0,0,0
20251204_upper_k1.0_3144_2025-12-04T17:08:56.140305,2025-12-04,2025-12-04 17:08:56.140305,1,4.0,0,0,0,0,0,0,0,0
20251204_upper_k1.0_3145_2025-12-04T17:31:43.360339,2025-12-04,2025-12-04 17:31:43.360339,1,2.0,0,0,0,0,0,0,0,0
20251204_upper_k1.0_3146_2025-12-04T18:06:00.039704,2025-12-04,2025-12-04 18:06:00.039704,1,3.75,0,0,0,0,0,0,0,0
20251204_upper_k1.0_3147_2025-12-04T18:41:42.012053,2025-12-04,2025-12-04 18:41:42.012053,0,0.5,0,0,0,0,0,0,0,0
20251204_upper_k1.0_3148_2025-12-04T19:07:42.233025,2025-12-04,2025-12-04 19:07:42.233025,1,7.25,0,0,0,0,0,0,0,0
20251204_upper_k1.0_3149_2025-12-04T19:36:40.944800,2025-12-04,2025-12-04 19:36:40.944800,1,6.5,0,0,0,0,0,0,0,0
20251204_upper_k1.0_3150_2025-12-04T20:50:30.022993,2025-12-04,2025-12-04 20:50:30.022993,0,0.75,0,0,0,0,0,0,0,0
20251205_upper_k1.0_3151_2025-12-05T14:30:00.055175,2025-12-05,2025-12-05 14:30:00.055175,0,0.75,0,0,0,0,0,0,0,0
20251205_upper_k1.0_3152_2025-12-05T14:45:13.700455,2025-12-05,2025-12-05 14:45:13.700455,1,1.25,0,0,0,0,1,0,0,0
20251205_upper_k1.0_3153_2025-12-05T15:52:41.392477,2025-12-05,2025-12-05 15:52:41.392477,1,9.75,0,0,0,0,0,0,0,0
20251205_upper_k1.0_3154_2025-12-05T18:05:19.131131,2025-12-05,2025-12-05 18:05:19.131131,1,3.75,0,0,0,0,0,0,0,0
20251205_upper_k1.0_3155_2025-12-05T18:29:05.352953,2025-12-05,2025-12-05 18:29:05.352953,1,1.0,0,0,0,0,0,0,0,0
20251205_upper_k1.0_3156_2025-12-05T18:49:05.332518,2025-12-05,2025-12-05 18:49:05.332518,1,4.0,0,0,0,0,0,0,0,0
20251208_upper_k1.0_3157_2025-12-08T14:30:00.037467,2025-12-08,2025-12-08 14:30:00.037467,1,8.75,0,0,0,0,0,0,0,0
20251208_upper_k1.0_3158_2025-12-08T18:00:31.265635,2025-12-08,2025-12-08 18:00:31.265635,1,8.0,0,0,0,0,0,0,0,0
20251208_upper_k1.0_3159_2025-12-08T20:59:53.466941,2025-12-08,2025-12-08 20:59:53.466941,1,1.5,0,0,0,0,0,0,0,0
20251209_upper_k1.0_3160_2025-12-09T14:30:00.173607,2025-12-09,2025-12-09 14:30:00.173607,1,3.25,0,0,0,0,0,0,0,0
20251209_upper_k1.0_3161_2025-12-09T14:45:51.572320,2025-12-09,2025-12-09 14:45:51.572320,0,0.5,0,0,0,0,0,0,0,0
20251209_upper_k1.0_3162_2025-12-09T15:08:48.383693,2025-12-09,2025-12-09 15:08:48.383693,0,0.5,0,0,0,0,0,0,0,0
20251209_upper_k1.0_3163_2025-12-09T15:23:59.320639,2025-12-09,2025-12-09 15:23:59.320639,1,3.25,0,0,0,0,0,0,0,0
20251209_upper_k1.0_3164_2025-12-09T15:39:15.490386,2025-12-09,2025-12-09 15:39:15.490386,1,4.75,0,0,0,0,0,0,0,0
20251209_upper_k1.0_3165_2025-12-09T17:23:14.180142,2025-12-09,2025-12-09 17:23:14.180142,1,1.25,0,0,0,0,0,0,0,0
20251209_upper_k1.0_3166_2025-12-09T18:03:40.090986,2025-12-09,2025-12-09 18:03:40.090986,1,5.0,0,0,0,0,0,0,0,0
20251209_upper_k1.0_3167_2025-12-09T18:18:46.422874,2025-12-09,2025-12-09 18:18:46.422874,1,3.25,0,0,0,0,0,0,0,0
20251209_upper_k1.0_3168_2025-12-09T18:56:54.965080,2025-12-09,2025-12-09 18:56:54.965080,1,5.0,0,0,0,0,0,0,0,0
20251210_upper_k1.0_3169_2025-12-10T14:30:00.068327,2025-12-10,2025-12-10 14:30:00.068327,1,12.75,0,0,0,0,0,0,0,0
20251210_upper_k1.0_3170_2025-12-10T14:53:02.490661,2025-12-10,2025-12-10 14:53:02.490661,1,3.75,0,0,0,0,1,0,0,0
20251210_upper_k1.0_3171_2025-12-10T15:27:55.679021,2025-12-10,2025-12-10 15:27:55.679021,1,11.0,0,0,0,0,0,0,0,0
20251210_upper_k1.0_3172_2025-12-10T15:48:09.265699,2025-12-10,2025-12-10 15:48:09.265699,1,7.25,0,0,0,0,0,0,0,0
20251210_upper_k1.0_3173_2025-12-10T16:11:08.511544,2025-12-10,2025-12-10 16:11:08.511544,0,0.25,0,0,0,0,0,0,0,0
20251210_upper_k1.0_3174_2025-12-10T17:42:59.960097,2025-12-10,2025-12-10 17:42:59.960097,0,0.75,0,0,0,0,0,0,0,0
20251210_upper_k1.0_3175_2025-12-10T18:25:48.700496,2025-12-10,2025-12-10 18:25:48.700496,1,4.0,0,0,0,0,0,0,0,0
20251210_upper_k1.0_3176_2025-12-10T18:40:50.521481,2025-12-10,2025-12-10 18:40:50.521481,1,4.5,0,0,0,0,0,0,0,0
20251210_upper_k1.0_3177_2025-12-10T19:00:09.711400,2025-12-10,2025-12-10 19:00:09.711400,0,0.0,0,0,1,1,0,0,1,1
20251210_upper_k1.0_3178_2025-12-10T19:28:39.330152,2025-12-10,2025-12-10 19:28:39.330152,1,1.25,0,0,0,0,1,0,0,0
20251210_upper_k1.0_3179_2025-12-10T19:44:03.881261,2025-12-10,2025-12-10 19:44:03.881261,1,1.75,1,1,1,1,1,1,1,1
20251211_upper_k1.0_3180_2025-12-11T14:30:00.034153,2025-12-11,2025-12-11 14:30:00.034153,1,7.0,0,0,0,0,0,0,0,0
20251211_upper_k1.0_3181_2025-12-11T14:45:31.460940,2025-12-11,2025-12-11 14:45:31.460940,1,28.5,1,1,1,0,1,1,0,0
20251211_upper_k1.0_3182_2025-12-11T15:07:46.971270,2025-12-11,2025-12-11 15:07:46.971270,0,0.75,0,0,0,0,0,0,0,0
20251211_upper_k1.0_3183_2025-12-11T15:49:27.791463,2025-12-11,2025-12-11 15:49:27.791463,1,7.5,0,0,0,0,0,0,0,0
20251211_upper_k1.0_3184_2025-12-11T16:09:54.746531,2025-12-11,2025-12-11 16:09:54.746531,1,1.75,0,0,0,0,0,0,0,0
20251211_upper_k1.0_3185_2025-12-11T16:25:58.981891,2025-12-11,2025-12-11 16:25:58.981891,1,6.5,0,0,0,0,0,0,0,0
20251211_upper_k1.0_3186_2025-12-11T16:55:52.305679,2025-12-11,2025-12-11 16:55:52.305679,1,1.75,0,0,0,0,0,0,0,0
20251212_upper_k1.0_3187_2025-12-12T14:30:00.058566,2025-12-12,2025-12-12 14:30:00.058566,1,5.75,0,0,0,0,1,0,0,0
20251212_upper_k1.0_3188_2025-12-12T18:12:01.863761,2025-12-12,2025-12-12 18:12:01.863761,1,3.0,1,0,1,1,1,1,1,0
20251212_upper_k1.0_3189_2025-12-12T18:27:18.201562,2025-12-12,2025-12-12 18:27:18.201562,1,3.0,0,0,0,0,0,0,0,0
20251212_upper_k1.0_3190_2025-12-12T18:43:06.710413,2025-12-12,2025-12-12 18:43:06.710413,1,7.25,0,0,0,0,0,0,0,0
20251215_upper_k1.0_3191_2025-12-15T14:30:00.016886,2025-12-15,2025-12-15 14:30:00.016886,1,22.5,0,0,0,0,0,0,0,0
20251215_upper_k1.0_3192_2025-12-15T16:17:36.981168,2025-12-15,2025-12-15 16:17:36.981168,0,0.75,0,0,0,0,0,0,0,0
20251215_upper_k1.0_3193_2025-12-15T19:59:02.560032,2025-12-15,2025-12-15 19:59:02.560032,1,6.5,0,0,0,0,0,0,0,0
20251216_upper_k1.0_3194_2025-12-16T14:30:00.020837,2025-12-16,2025-12-16 14:30:00.020837,1,4.0,0,0,0,0,0,0,0,0
20251216_upper_k1.0_3195_2025-12-16T14:47:30.314798,2025-12-16,2025-12-16 14:47:30.314798,1,1.75,1,1,1,1,1,1,0,0
20251216_upper_k1.0_3196_2025-12-16T15:04:42.702872,2025-12-16,2025-12-16 15:04:42.702872,1,10.5,1,1,1,1,0,1,0,0
20251216_upper_k1.0_3197_2025-12-16T15:55:21.680211,2025-12-16,2025-12-16 15:55:21.680211,1,7.0,0,0,0,0,0,0,0,0
20251216_upper_k1.0_3198_2025-12-16T17:05:04.822798,2025-12-16,2025-12-16 17:05:04.822798,1,12.5,0,0,0,0,0,0,0,0
20251216_upper_k1.0_3199_2025-12-16T18:46:28.620630,2025-12-16,2025-12-16 18:46:28.620630,1,7.0,0,0,0,0,0,0,0,0
20251216_upper_k1.0_3200_2025-12-16T19:51:30.070464,2025-12-16,2025-12-16 19:51:30.070464,1,4.75,0,0,0,0,0,0,0,0
20251217_upper_k1.0_3201_2025-12-17T14:30:00.224327,2025-12-17,2025-12-17 14:30:00.224327,1,12.5,1,0,0,0,1,0,0,0
20251217_upper_k1.0_3202_2025-12-17T14:57:22.857326,2025-12-17,2025-12-17 14:57:22.857326,1,7.0,0,0,0,0,0,1,0,0
20251217_upper_k1.0_3203_2025-12-17T15:23:11.615609,2025-12-17,2025-12-17 15:23:11.615609,1,10.0,0,0,0,0,0,0,0,0
20251218_upper_k1.0_3204_2025-12-18T14:30:00.674007,2025-12-18,2025-12-18 14:30:00.674007,1,10.25,0,0,0,0,1,0,0,0
20251218_upper_k1.0_3205_2025-12-18T14:53:00.020193,2025-12-18,2025-12-18 14:53:00.020193,1,2.25,0,0,0,0,0,1,0,0
20251218_upper_k1.0_3206_2025-12-18T15:09:04.060019,2025-12-18,2025-12-18 15:09:04.060019,1,15.0,0,0,0,0,0,0,0,0
20251218_upper_k1.0_3207_2025-12-18T17:05:04.413078,2025-12-18,2025-12-18 17:05:04.413078,1,28.75,0,0,0,0,0,0,0,0
20251218_upper_k1.0_3208_2025-12-18T17:44:25.963960,2025-12-18,2025-12-18 17:44:25.963960,1,8.75,0,0,0,0,0,0,0,0
20251218_upper_k1.0_3209_2025-12-18T17:59:28.785636,2025-12-18,2025-12-18 17:59:28.785636,1,6.25,0,0,0,0,0,0,0,0
20251218_upper_k1.0_3210_2025-12-18T18:50:18.997273,2025-12-18,2025-12-18 18:50:18.997273,1,2.25,0,0,0,0,0,0,0,0
20251218_upper_k1.0_3211_2025-12-18T20:33:09.841024,2025-12-18,2025-12-18 20:33:09.841024,1,3.75,0,0,0,0,0,0,0,0
20251218_upper_k1.0_3212_2025-12-18T20:48:42.916849,2025-12-18,2025-12-18 20:48:42.916849,1,15.5,0,0,0,0,0,0,0,0
20251219_upper_k1.0_3213_2025-12-19T14:30:00.024327,2025-12-19,2025-12-19 14:30:00.024327,1,1.75,0,1,0,0,1,0,0,1
20251219_upper_k1.0_3214_2025-12-19T15:26:04.060740,2025-12-19,2025-12-19 15:26:04.060740,1,4.75,0,0,0,0,0,0,0,0
20251219_upper_k1.0_3215_2025-12-19T15:47:26.132919,2025-12-19,2025-12-19 15:47:26.132919,1,3.75,0,0,0,0,0,0,0,0
20251219_upper_k1.0_3216_2025-12-19T16:02:34.289810,2025-12-19,2025-12-19 16:02:34.289810,0,0.5,0,0,0,0,0,0,0,0
20251219_upper_k1.0_3217_2025-12-19T20:44:29.160475,2025-12-19,2025-12-19 20:44:29.160475,1,1.75,0,0,0,0,0,0,0,0
20251222_upper_k1.0_3218_2025-12-22T14:30:00.041434,2025-12-22,2025-12-22 14:30:00.041434,1,8.0,0,0,0,0,0,0,0,0
20251222_upper_k1.0_3219_2025-12-22T14:48:32.547096,2025-12-22,2025-12-22 14:48:32.547096,1,4.75,0,0,0,0,0,0,0,0
20251222_upper_k1.0_3220_2025-12-22T15:03:34.920028,2025-12-22,2025-12-22 15:03:34.920028,1,9.0,0,0,0,0,0,0,0,0
20251222_upper_k1.0_3221_2025-12-22T15:20:14.090135,2025-12-22,2025-12-22 15:20:14.090135,1,3.25,0,0,0,0,0,0,0,0
20251222_upper_k1.0_3222_2025-12-22T15:44:08.791196,2025-12-22,2025-12-22 15:44:08.791196,1,1.5,0,0,0,0,0,0,0,0
20251222_upper_k1.0_3223_2025-12-22T15:59:13.814870,2025-12-22,2025-12-22 15:59:13.814870,0,0.5,0,0,0,0,0,0,0,0
20251223_upper_k1.0_3224_2025-12-23T14:30:00.220215,2025-12-23,2025-12-23 14:30:00.220215,0,0.5,0,0,0,0,0,0,0,0
20251223_upper_k1.0_3225_2025-12-23T14:55:03.130108,2025-12-23,2025-12-23 14:55:03.130108,1,10.75,0,0,0,0,0,0,0,0
20251223_upper_k1.0_3226_2025-12-23T15:17:05.890998,2025-12-23,2025-12-23 15:17:05.890998,1,2.5,0,0,0,0,0,0,0,0
20251224_upper_k1.0_3227_2025-12-24T14:30:00.025617,2025-12-24,2025-12-24 14:30:00.025617,1,1.75,0,0,0,0,0,0,0,0
20251224_upper_k1.0_3228_2025-12-24T14:45:00.123571,2025-12-24,2025-12-24 14:45:00.123571,1,1.0,0,0,0,0,0,0,0,0
20251224_upper_k1.0_3229_2025-12-24T18:07:46.029082,2025-12-24,2025-12-24 18:07:46.029082,1,1.0,0,0,0,0,0,0,0,0
20251226_upper_k1.0_3230_2025-12-26T14:30:00.033406,2025-12-26,2025-12-26 14:30:00.033406,1,4.25,0,0,0,0,0,0,0,0
20251226_upper_k1.0_3231_2025-12-26T14:49:29.274975,2025-12-26,2025-12-26 14:49:29.274975,1,7.5,0,0,0,0,0,0,0,0
20251226_upper_k1.0_3232_2025-12-26T15:31:06.040799,2025-12-26,2025-12-26 15:31:06.040799,1,3.75,0,0,0,0,0,0,0,0
20251226_upper_k1.0_3233_2025-12-26T15:46:52.020740,2025-12-26,2025-12-26 15:46:52.020740,1,4.0,0,0,0,0,0,0,0,0
20251226_upper_k1.0_3234_2025-12-26T16:01:56.618172,2025-12-26,2025-12-26 16:01:56.618172,1,4.5,0,0,0,0,0,0,0,0
20251226_upper_k1.0_3235_2025-12-26T19:04:59.460723,2025-12-26,2025-12-26 19:04:59.460723,1,2.0,0,0,0,0,0,0,0,0
20251226_upper_k1.0_3236_2025-12-26T20:38:40.541774,2025-12-26,2025-12-26 20:38:40.541774,0,0.75,0,0,0,0,0,0,0,0
20251226_upper_k1.0_3237_2025-12-26T20:57:26.220096,2025-12-26,2025-12-26 20:57:26.220096,1,3.0,0,0,0,0,0,0,0,0
20251229_upper_k1.0_3238_2025-12-29T14:30:00.745490,2025-12-29,2025-12-29 14:30:00.745490,1,3.75,0,0,0,0,1,0,0,0
20251229_upper_k1.0_3239_2025-12-29T15:25:58.780873,2025-12-29,2025-12-29 15:25:58.780873,1,2.75,0,0,0,0,0,0,0,0
20251229_upper_k1.0_3240_2025-12-29T15:41:02.796193,2025-12-29,2025-12-29 15:41:02.796193,1,9.0,0,0,0,0,0,0,0,0
20251229_upper_k1.0_3241_2025-12-29T18:33:08.480909,2025-12-29,2025-12-29 18:33:08.480909,1,1.0,0,0,0,0,0,0,0,0
20251229_upper_k1.0_3242_2025-12-29T19:30:06.664926,2025-12-29,2025-12-29 19:30:06.664926,0,0.5,0,0,0,0,0,0,0,0
20251229_upper_k1.0_3243_2025-12-29T20:59:31.029024,2025-12-29,2025-12-29 20:59:31.029024,0,0.5,0,0,0,0,0,0,0,0
20251230_upper_k1.0_3244_2025-12-30T14:30:00.820969,2025-12-30,2025-12-30 14:30:00.820969,1,2.25,0,0,0,0,0,0,0,0
20251230_upper_k1.0_3245_2025-12-30T14:48:13.370081,2025-12-30,2025-12-30 14:48:13.370081,0,0.0,0,0,0,0,0,0,0,0
20251230_upper_k1.0_3246_2025-12-30T15:03:40.086633,2025-12-30,2025-12-30 15:03:40.086633,1,10.0,0,0,0,0,0,0,0,0
20251230_upper_k1.0_3247_2025-12-30T15:53:39.190695,2025-12-30,2025-12-30 15:53:39.190695,1,1.5,0,0,0,0,0,0,0,0
20251230_upper_k1.0_3248_2025-12-30T16:37:40.083348,2025-12-30,2025-12-30 16:37:40.083348,1,2.75,0,0,0,0,0,0,0,0
20251230_upper_k1.0_3249_2025-12-30T17:34:21.574967,2025-12-30,2025-12-30 17:34:21.574967,1,3.0,0,0,0,0,0,0,0,0
20251230_upper_k1.0_3250_2025-12-30T17:56:48.400053,2025-12-30,2025-12-30 17:56:48.400053,1,4.5,0,0,0,0,0,0,0,0
20251230_upper_k1.0_3251_2025-12-30T18:20:49.306894,2025-12-30,2025-12-30 18:20:49.306894,0,0.75,0,0,0,0,0,0,0,0
20251230_upper_k1.0_3252_2025-12-30T18:39:16.104743,2025-12-30,2025-12-30 18:39:16.104743,1,1.75,0,0,0,0,0,0,0,0
20251230_upper_k1.0_3253_2025-12-30T19:07:49.242018,2025-12-30,2025-12-30 19:07:49.242018,1,1.5,0,0,0,0,0,0,0,0
20251230_upper_k1.0_3254_2025-12-30T19:36:48.310118,2025-12-30,2025-12-30 19:36:48.310118,0,0.25,0,0,0,0,0,0,0,0
20251230_upper_k1.0_3255_2025-12-30T20:21:17.290048,2025-12-30,2025-12-30 20:21:17.290048,1,2.0,0,0,0,0,0,0,0,0
20251230_upper_k1.0_3256_2025-12-30T20:37:35.011579,2025-12-30,2025-12-30 20:37:35.011579,1,1.0,0,0,0,0,0,0,0,0
20251231_upper_k1.0_3257_2025-12-31T14:30:02.890027,2025-12-31,2025-12-31 14:30:02.890027,1,13.25,0,0,0,0,1,0,0,0
20251231_upper_k1.0_3258_2025-12-31T14:54:44.082863,2025-12-31,2025-12-31 14:54:44.082863,1,7.5,0,0,0,0,0,0,0,0
20251231_upper_k1.0_3259_2025-12-31T18:32:05.351631,2025-12-31,2025-12-31 18:32:05.351631,1,2.0,0,0,0,0,0,0,0,0
20251231_upper_k1.0_3260_2025-12-31T19:18:35.320825,2025-12-31,2025-12-31 19:18:35.320825,1,4.75,0,0,0,0,0,0,0,0
20260102_upper_k1.0_3261_2026-01-02T14:30:00.058645,2026-01-02,2026-01-02 14:30:00.058645,1,14.75,0,0,0,0,0,0,0,0
20260102_upper_k1.0_3262_2026-01-02T14:45:07.203775,2026-01-02,2026-01-02 14:45:07.203775,1,3.25,0,0,0,0,0,0,0,0
20260102_upper_k1.0_3263_2026-01-02T15:08:09.764481,2026-01-02,2026-01-02 15:08:09.764481,1,24.5,0,0,0,0,0,0,0,0
20260102_upper_k1.0_3264_2026-01-02T19:25:05.320710,2026-01-02,2026-01-02 19:25:05.320710,1,4.0,0,0,0,0,0,0,0,0
20260102_upper_k1.0_3265_2026-01-02T19:58:29.570287,2026-01-02,2026-01-02 19:58:29.570287,1,1.75,0,0,0,0,0,0,0,0
20260102_upper_k1.0_3266_2026-01-02T20:26:22.440166,2026-01-02,2026-01-02 20:26:22.440166,0,0.75,0,0,0,0,0,0,0,0
20260102_upper_k1.0_3267_2026-01-02T20:41:36.670717,2026-01-02,2026-01-02 20:41:36.670717,1,9.5,0,0,0,0,0,0,0,0
20260102_upper_k1.0_3268_2026-01-02T20:59:07.125472,2026-01-02,2026-01-02 20:59:07.125472,1,1.5,0,0,0,0,0,0,0,0
20260105_upper_k1.0_3269_2026-01-05T14:30:00.021697,2026-01-05,2026-01-05 14:30:00.021697,1,2.0,0,0,0,0,0,0,0,0
20260105_upper_k1.0_3270_2026-01-05T14:48:01.541188,2026-01-05,2026-01-05 14:48:01.541188,1,8.5,0,0,0,0,1,0,0,0
20260105_upper_k1.0_3271_2026-01-05T15:06:46.820123,2026-01-05,2026-01-05 15:06:46.820123,1,2.0,0,0,0,0,0,0,0,0
20260105_upper_k1.0_3272_2026-01-05T18:08:23.167610,2026-01-05,2026-01-05 18:08:23.167610,1,2.75,0,0,0,0,0,0,0,0
20260105_upper_k1.0_3273_2026-01-05T18:23:30.040321,2026-01-05,2026-01-05 18:23:30.040321,0,0.75,0,0,0,0,0,0,0,0
20260105_upper_k1.0_3274_2026-01-05T19:35:47.160178,2026-01-05,2026-01-05 19:35:47.160178,1,8.25,0,0,0,0,0,0,0,0
20260105_upper_k1.0_3275_2026-01-05T20:11:35.271460,2026-01-05,2026-01-05 20:11:35.271460,1,3.25,0,0,0,0,0,0,0,0
20260105_upper_k1.0_3276_2026-01-05T20:30:59.623896,2026-01-05,2026-01-05 20:30:59.623896,1,2.75,0,0,0,0,0,0,0,0
20260106_upper_k1.0_3277_2026-01-06T14:30:00.208785,2026-01-06,2026-01-06 14:30:00.208785,0,0.5,0,0,0,0,0,0,0,0
20260106_upper_k1.0_3278_2026-01-06T15:45:27.721996,2026-01-06,2026-01-06 15:45:27.721996,1,8.0,0,0,0,0,0,0,0,0
20260106_upper_k1.0_3279_2026-01-06T16:54:02.460075,2026-01-06,2026-01-06 16:54:02.460075,1,5.0,0,0,0,0,0,0,0,0
20260107_upper_k1.0_3280_2026-01-07T14:30:00.024807,2026-01-07,2026-01-07 14:30:00.024807,1,5.0,0,0,0,0,0,0,0,0
20260107_upper_k1.0_3281_2026-01-07T14:51:09.581304,2026-01-07,2026-01-07 14:51:09.581304,1,5.5,0,0,0,0,0,0,0,0
20260107_upper_k1.0_3282_2026-01-07T15:34:53.871624,2026-01-07,2026-01-07 15:34:53.871624,1,12.0,0,0,0,0,0,0,0,0
20260107_upper_k1.0_3283_2026-01-07T16:26:07.650935,2026-01-07,2026-01-07 16:26:07.650935,1,3.0,0,0,0,0,0,0,0,0
20260107_upper_k1.0_3284_2026-01-07T18:12:09.630275,2026-01-07,2026-01-07 18:12:09.630275,1,3.75,0,0,0,0,0,0,0,0
20260107_upper_k1.0_3285_2026-01-07T18:34:52.423253,2026-01-07,2026-01-07 18:34:52.423253,1,2.25,0,0,0,0,0,0,0,0
20260107_upper_k1.0_3286_2026-01-07T18:56:51.510958,2026-01-07,2026-01-07 18:56:51.510958,0,0.75,0,0,0,0,0,0,0,0
20260108_upper_k1.0_3287_2026-01-08T14:30:00.086098,2026-01-08,2026-01-08 14:30:00.086098,1,4.75,0,0,0,0,0,0,0,0
20260108_upper_k1.0_3288_2026-01-08T14:47:04.970057,2026-01-08,2026-01-08 14:47:04.970057,1,4.25,0,0,0,0,0,1,0,0
20260108_upper_k1.0_3289_2026-01-08T15:05:26.680201,2026-01-08,2026-01-08 15:05:26.680201,0,0.0,0,0,0,0,0,0,0,0
20260108_upper_k1.0_3290_2026-01-08T15:36:16.350297,2026-01-08,2026-01-08 15:36:16.350297,1,3.75,0,0,0,0,0,0,0,0
20260108_upper_k1.0_3291_2026-01-08T15:51:27.253506,2026-01-08,2026-01-08 15:51:27.253506,1,5.25,0,0,0,0,0,0,0,0
20260108_upper_k1.0_3292_2026-01-08T16:08:39.478130,2026-01-08,2026-01-08 16:08:39.478130,1,5.75,0,0,0,0,0,0,0,0
20260108_upper_k1.0_3293_2026-01-08T16:24:37.401210,2026-01-08,2026-01-08 16:24:37.401210,1,2.75,0,0,0,0,0,0,0,0
20260108_upper_k1.0_3294_2026-01-08T16:39:37.490711,2026-01-08,2026-01-08 16:39:37.490711,1,1.0,0,0,0,0,0,0,0,0
20260108_upper_k1.0_3295_2026-01-08T17:26:12.963879,2026-01-08,2026-01-08 17:26:12.963879,1,1.0,0,0,0,0,0,0,0,0
20260108_upper_k1.0_3296_2026-01-08T18:11:06.581558,2026-01-08,2026-01-08 18:11:06.581558,1,5.0,0,0,0,0,0,0,0,0
20260108_upper_k1.0_3297_2026-01-08T18:26:07.140526,2026-01-08,2026-01-08 18:26:07.140526,0,0.25,0,0,0,0,0,0,0,0
20260108_upper_k1.0_3298_2026-01-08T18:41:23.341772,2026-01-08,2026-01-08 18:41:23.341772,0,0.5,0,0,0,0,0,0,0,0
20260108_upper_k1.0_3299_2026-01-08T19:05:25.130006,2026-01-08,2026-01-08 19:05:25.130006,1,8.75,0,0,0,0,0,0,0,0
20260108_upper_k1.0_3300_2026-01-08T19:21:02.110154,2026-01-08,2026-01-08 19:21:02.110154,1,6.25,0,0,0,0,0,0,0,0
20260108_upper_k1.0_3301_2026-01-08T20:10:48.320675,2026-01-08,2026-01-08 20:10:48.320675,1,3.5,0,0,0,0,0,0,0,0
20260108_upper_k1.0_3302_2026-01-08T20:25:49.260205,2026-01-08,2026-01-08 20:25:49.260205,0,0.5,0,0,0,0,0,0,0,0
20260109_upper_k1.0_3303_2026-01-09T14:30:00.172083,2026-01-09,2026-01-09 14:30:00.172083,1,1.75,0,0,0,0,1,0,0,0
20260109_upper_k1.0_3304_2026-01-09T14:46:29.580852,2026-01-09,2026-01-09 14:46:29.580852,1,10.25,0,1,0,0,1,1,0,0
20260109_upper_k1.0_3305_2026-01-09T15:02:28.770392,2026-01-09,2026-01-09 15:02:28.770392,1,22.75,0,0,0,1,0,0,1,1
20260109_upper_k1.0_3306_2026-01-09T15:17:54.081079,2026-01-09,2026-01-09 15:17:54.081079,0,0.75,0,0,0,0,0,0,0,0
20260109_upper_k1.0_3307_2026-01-09T15:45:00.089971,2026-01-09,2026-01-09 15:45:00.089971,1,3.25,0,0,0,0,0,0,0,0
20260112_upper_k1.0_3308_2026-01-12T14:30:00.045467,2026-01-12,2026-01-12 14:30:00.045467,0,0.75,0,0,0,0,0,0,0,0
20260112_upper_k1.0_3309_2026-01-12T15:33:49.986586,2026-01-12,2026-01-12 15:33:49.986586,1,1.0,0,0,0,0,0,0,0,0
20260113_upper_k1.0_3310_2026-01-13T14:30:00.060663,2026-01-13,2026-01-13 14:30:00.060663,1,2.0,0,0,0,0,0,0,0,0
20260113_upper_k1.0_3311_2026-01-13T16:15:34.620681,2026-01-13,2026-01-13 16:15:34.620681,1,5.0,0,0,0,0,0,0,0,0
20260113_upper_k1.0_3312_2026-01-13T16:34:22.328871,2026-01-13,2026-01-13 16:34:22.328871,1,2.25,0,0,0,0,0,0,0,0
20260113_upper_k1.0_3313_2026-01-13T17:17:05.484397,2026-01-13,2026-01-13 17:17:05.484397,1,3.0,0,0,0,0,0,0,0,0
20260113_upper_k1.0_3314_2026-01-13T17:32:05.702333,2026-01-13,2026-01-13 17:32:05.702333,1,1.75,0,0,0,0,0,0,0,0
20260113_upper_k1.0_3315_2026-01-13T20:55:28.628623,2026-01-13,2026-01-13 20:55:28.628623,1,3.25,0,0,0,0,0,0,0,0
20260114_upper_k1.0_3316_2026-01-14T14:30:01.750036,2026-01-14,2026-01-14 14:30:01.750036,1,10.75,0,0,0,0,1,0,0,0
20260114_upper_k1.0_3317_2026-01-14T15:12:22.973465,2026-01-14,2026-01-14 15:12:22.973465,1,2.25,1,1,1,1,1,1,1,1
20260114_upper_k1.0_3318_2026-01-14T16:27:18.190583,2026-01-14,2026-01-14 16:27:18.190583,1,10.75,0,0,0,0,0,0,0,0
20260114_upper_k1.0_3319_2026-01-14T19:30:03.152451,2026-01-14,2026-01-14 19:30:03.152451,1,5.5,0,0,0,0,0,0,0,0
20260114_upper_k1.0_3320_2026-01-14T19:47:51.042786,2026-01-14,2026-01-14 19:47:51.042786,1,3.75,0,0,0,0,0,0,0,0
20260114_upper_k1.0_3321_2026-01-14T20:02:52.440118,2026-01-14,2026-01-14 20:02:52.440118,1,2.25,1,1,1,1,1,1,0,0
20260115_upper_k1.0_3322_2026-01-15T14:30:00.049575,2026-01-15,2026-01-15 14:30:00.049575,1,8.5,0,0,0,0,1,0,0,0
20260115_upper_k1.0_3323_2026-01-15T14:45:04.543571,2026-01-15,2026-01-15 14:45:04.543571,1,11.0,0,0,0,0,1,0,0,0
20260115_upper_k1.0_3324_2026-01-15T15:14:09.241599,2026-01-15,2026-01-15 15:14:09.241599,1,4.25,0,0,0,0,0,0,0,0
20260115_upper_k1.0_3325_2026-01-15T15:30:33.750054,2026-01-15,2026-01-15 15:30:33.750054,0,0.75,0,0,0,0,0,0,0,0
20260115_upper_k1.0_3326_2026-01-15T15:57:36.768398,2026-01-15,2026-01-15 15:57:36.768398,1,2.5,0,0,0,0,0,0,0,0
20260115_upper_k1.0_3327_2026-01-15T17:31:28.520427,2026-01-15,2026-01-15 17:31:28.520427,1,1.75,0,0,0,0,0,0,0,0
20260115_upper_k1.0_3328_2026-01-15T17:55:11.090335,2026-01-15,2026-01-15 17:55:11.090335,1,5.25,0,0,0,0,0,0,0,0
20260115_upper_k1.0_3329_2026-01-15T18:15:47.316207,2026-01-15,2026-01-15 18:15:47.316207,0,0.25,0,0,0,0,0,0,0,0
20260115_upper_k1.0_3330_2026-01-15T19:02:40.039644,2026-01-15,2026-01-15 19:02:40.039644,1,6.5,0,0,0,0,0,0,0,0
20260115_upper_k1.0_3331_2026-01-15T19:17:41.190434,2026-01-15,2026-01-15 19:17:41.190434,1,8.5,0,0,0,0,0,0,0,0
20260116_upper_k1.0_3332_2026-01-16T14:30:00.407623,2026-01-16,2026-01-16 14:30:00.407623,1,3.75,0,0,0,0,1,0,0,0
20260116_upper_k1.0_3333_2026-01-16T14:46:38.070110,2026-01-16,2026-01-16 14:46:38.070110,1,13.5,0,0,0,0,0,0,0,0
20260116_upper_k1.0_3334_2026-01-16T16:08:52.300119,2026-01-16,2026-01-16 16:08:52.300119,1,1.75,0,0,0,0,0,0,0,0
20260116_upper_k1.0_3335_2026-01-16T16:25:31.663379,2026-01-16,2026-01-16 16:25:31.663379,0,0.25,0,0,0,0,0,0,0,0
20260116_upper_k1.0_3336_2026-01-16T16:56:19.607238,2026-01-16,2026-01-16 16:56:19.607238,1,3.25,0,0,0,0,0,0,0,0
20260116_upper_k1.0_3337_2026-01-16T17:25:47.700597,2026-01-16,2026-01-16 17:25:47.700597,1,2.25,0,0,0,0,0,0,0,0
20260116_upper_k1.0_3338_2026-01-16T17:47:52.821726,2026-01-16,2026-01-16 17:47:52.821726,1,4.25,0,0,0,0,0,0,0,0
20260116_upper_k1.0_3339_2026-01-16T18:04:29.250927,2026-01-16,2026-01-16 18:04:29.250927,1,1.5,0,0,0,0,0,0,0,0
20260116_upper_k1.0_3340_2026-01-16T19:14:39.381298,2026-01-16,2026-01-16 19:14:39.381298,1,4.75,0,0,0,0,0,0,0,0
20260116_upper_k1.0_3341_2026-01-16T19:33:43.081532,2026-01-16,2026-01-16 19:33:43.081532,1,1.5,0,0,0,0,0,0,0,0
20260116_upper_k1.0_3342_2026-01-16T20:00:37.402713,2026-01-16,2026-01-16 20:00:37.402713,0,0.25,0,0,0,0,0,0,0,0
20260116_upper_k1.0_3343_2026-01-16T20:18:07.633302,2026-01-16,2026-01-16 20:18:07.633302,1,2.25,0,0,0,0,0,0,0,0
20260116_upper_k1.0_3344_2026-01-16T20:51:51.603845,2026-01-16,2026-01-16 20:51:51.603845,1,10.0,0,0,0,0,0,0,0,0
20260119_upper_k1.0_3345_2026-01-19T14:30:04.120534,2026-01-19,2026-01-19 14:30:04.120534,1,7.0,0,0,0,0,0,0,0,0
20260119_upper_k1.0_3346_2026-01-19T14:50:12.480152,2026-01-19,2026-01-19 14:50:12.480152,0,0.25,0,0,0,0,0,0,0,0
20260119_upper_k1.0_3347_2026-01-19T15:20:55.001194,2026-01-19,2026-01-19 15:20:55.001194,1,2.25,0,0,0,0,0,0,0,0
20260119_upper_k1.0_3348_2026-01-19T15:37:19.532403,2026-01-19,2026-01-19 15:37:19.532403,1,2.0,1,1,0,0,1,1,1,1
20260119_upper_k1.0_3349_2026-01-19T15:55:01.658082,2026-01-19,2026-01-19 15:55:01.658082,1,1.25,0,0,0,0,0,0,1,1
20260119_upper_k1.0_3350_2026-01-19T16:28:29.840015,2026-01-19,2026-01-19 16:28:29.840015,1,2.5,0,0,0,0,0,0,0,0
20260120_upper_k1.0_3351_2026-01-20T14:30:00.065274,2026-01-20,2026-01-20 14:30:00.065274,1,1.5,1,1,0,0,1,0,0,0
20260120_upper_k1.0_3352_2026-01-20T14:46:18.664880,2026-01-20,2026-01-20 14:46:18.664880,1,6.0,1,1,1,1,1,1,0,0
20260120_upper_k1.0_3353_2026-01-20T15:21:41.303859,2026-01-20,2026-01-20 15:21:41.303859,0,0.25,1,1,1,0,1,1,0,0
20260120_upper_k1.0_3354_2026-01-20T16:24:41.383152,2026-01-20,2026-01-20 16:24:41.383152,1,5.0,0,0,0,0,0,0,0,0
20260120_upper_k1.0_3355_2026-01-20T16:43:35.889419,2026-01-20,2026-01-20 16:43:35.889419,1,4.5,0,0,0,0,0,0,0,0
20260120_upper_k1.0_3356_2026-01-20T17:09:01.552775,2026-01-20,2026-01-20 17:09:01.552775,1,5.0,0,0,0,0,0,0,0,0
20260121_upper_k1.0_3357_2026-01-21T14:30:00.024823,2026-01-21,2026-01-21 14:30:00.024823,1,5.75,1,1,0,0,1,1,0,0
20260121_upper_k1.0_3358_2026-01-21T16:37:16.196462,2026-01-21,2026-01-21 16:37:16.196462,1,18.75,0,0,0,0,1,0,0,0
20260121_upper_k1.0_3359_2026-01-21T19:27:39.341706,2026-01-21,2026-01-21 19:27:39.341706,1,1.0,1,1,1,1,1,1,1,1
20260122_upper_k1.0_3360_2026-01-22T14:30:00.022727,2026-01-22,2026-01-22 14:30:00.022727,1,5.25,0,0,0,0,0,0,1,0
20260122_upper_k1.0_3361_2026-01-22T15:29:31.960158,2026-01-22,2026-01-22 15:29:31.960158,1,5.75,0,0,0,0,0,0,0,0
20260122_upper_k1.0_3362_2026-01-22T15:50:15.251873,2026-01-22,2026-01-22 15:50:15.251873,1,2.0,0,0,0,0,1,0,0,0
20260122_upper_k1.0_3363_2026-01-22T19:54:32.819277,2026-01-22,2026-01-22 19:54:32.819277,1,8.75,0,0,0,0,0,0,0,0
20260122_upper_k1.0_3364_2026-01-22T20:15:11.531385,2026-01-22,2026-01-22 20:15:11.531385,1,7.25,0,0,0,0,0,0,0,0
20260123_upper_k1.0_3365_2026-01-23T14:30:00.021840,2026-01-23,2026-01-23 14:30:00.021840,1,9.25,0,0,0,0,0,0,0,1
20260123_upper_k1.0_3366_2026-01-23T14:45:00.075946,2026-01-23,2026-01-23 14:45:00.075946,1,7.5,0,0,0,0,0,0,1,1
20260123_upper_k1.0_3367_2026-01-23T15:17:02.845583,2026-01-23,2026-01-23 15:17:02.845583,1,1.5,0,0,0,0,0,0,0,0
20260123_upper_k1.0_3368_2026-01-23T17:00:28.303916,2026-01-23,2026-01-23 17:00:28.303916,0,0.75,0,0,0,0,0,0,0,0
20260123_upper_k1.0_3369_2026-01-23T17:40:35.820688,2026-01-23,2026-01-23 17:40:35.820688,1,11.0,0,0,0,0,0,0,0,0
20260123_upper_k1.0_3370_2026-01-23T19:00:30.383218,2026-01-23,2026-01-23 19:00:30.383218,1,2.25,0,0,0,0,0,0,0,0
20260123_upper_k1.0_3371_2026-01-23T19:38:04.270703,2026-01-23,2026-01-23 19:38:04.270703,1,4.0,0,0,0,0,0,0,0,0
20260123_upper_k1.0_3372_2026-01-23T19:54:51.241074,2026-01-23,2026-01-23 19:54:51.241074,1,1.0,0,0,0,0,0,0,0,0
20260123_upper_k1.0_3373_2026-01-23T20:15:41.480003,2026-01-23,2026-01-23 20:15:41.480003,1,4.25,0,0,0,0,0,0,0,0
20260123_upper_k1.0_3374_2026-01-23T20:44:56.944985,2026-01-23,2026-01-23 20:44:56.944985,1,4.5,0,0,0,0,0,0,0,0
20260123_upper_k1.0_3375_2026-01-23T20:59:59.218962,2026-01-23,2026-01-23 20:59:59.218962,1,2.5,0,0,0,0,0,0,0,0
20260126_upper_k1.0_3376_2026-01-26T14:30:00.026259,2026-01-26,2026-01-26 14:30:00.026259,1,6.0,0,0,0,0,1,1,0,0
20260126_upper_k1.0_3377_2026-01-26T15:10:23.460021,2026-01-26,2026-01-26 15:10:23.460021,1,2.0,0,0,0,0,0,0,0,0
20260126_upper_k1.0_3378_2026-01-26T15:43:40.102130,2026-01-26,2026-01-26 15:43:40.102130,0,0.5,0,0,0,0,0,0,0,0
20260126_upper_k1.0_3379_2026-01-26T16:19:15.690103,2026-01-26,2026-01-26 16:19:15.690103,1,2.5,0,0,0,0,0,0,0,0
20260126_upper_k1.0_3380_2026-01-26T20:54:53.150012,2026-01-26,2026-01-26 20:54:53.150012,1,4.25,0,0,0,0,0,0,0,0
20260127_upper_k1.0_3381_2026-01-27T14:30:00.048267,2026-01-27,2026-01-27 14:30:00.048267,1,6.0,0,0,0,0,0,0,0,0
20260127_upper_k1.0_3382_2026-01-27T14:45:00.100589,2026-01-27,2026-01-27 14:45:00.100589,0,0.0,0,0,0,0,0,0,0,0
20260127_upper_k1.0_3383_2026-01-27T15:05:28.607693,2026-01-27,2026-01-27 15:05:28.607693,1,2.25,0,0,0,0,0,0,0,0
20260127_upper_k1.0_3384_2026-01-27T15:29:16.826047,2026-01-27,2026-01-27 15:29:16.826047,1,1.0,0,0,0,0,0,0,0,0
20260127_upper_k1.0_3385_2026-01-27T17:17:01.650000,2026-01-27,2026-01-27 17:17:01.650000,1,1.0,0,0,0,0,0,0,0,0
20260127_upper_k1.0_3386_2026-01-27T17:56:59.076651,2026-01-27,2026-01-27 17:56:59.076651,1,6.0,0,0,0,0,0,0,0,0
20260127_upper_k1.0_3387_2026-01-27T18:15:10.230896,2026-01-27,2026-01-27 18:15:10.230896,0,0.75,0,0,0,0,0,0,0,0
20260127_upper_k1.0_3388_2026-01-27T20:55:03.202172,2026-01-27,2026-01-27 20:55:03.202172,1,2.0,0,0,0,0,1,0,0,0
20260128_upper_k1.0_3389_2026-01-28T14:30:00.142363,2026-01-28,2026-01-28 14:30:00.142363,1,1.25,0,0,0,0,1,0,0,0
20260128_upper_k1.0_3390_2026-01-28T14:47:02.431458,2026-01-28,2026-01-28 14:47:02.431458,1,5.75,0,0,0,0,0,0,0,0
20260128_upper_k1.0_3391_2026-01-28T20:09:35.900456,2026-01-28,2026-01-28 20:09:35.900456,1,3.5,0,0,0,0,0,0,0,0
20260128_upper_k1.0_3392_2026-01-28T20:53:24.267398,2026-01-28,2026-01-28 20:53:24.267398,1,7.75,0,0,0,0,0,0,0,0
20260129_upper_k1.0_3393_2026-01-29T14:30:00.094032,2026-01-29,2026-01-29 14:30:00.094032,1,15.25,0,0,0,0,1,0,0,0
20260129_upper_k1.0_3394_2026-01-29T17:03:08.197392,2026-01-29,2026-01-29 17:03:08.197392,1,3.5,0,0,0,0,0,0,0,0
20260129_upper_k1.0_3395_2026-01-29T17:47:58.960097,2026-01-29,2026-01-29 17:47:58.960097,1,10.5,0,0,0,0,0,0,0,0
20260129_upper_k1.0_3396_2026-01-29T18:04:14.860426,2026-01-29,2026-01-29 18:04:14.860426,1,3.0,0,0,0,0,0,0,0,0
20260130_upper_k1.0_3397_2026-01-30T14:30:00.054201,2026-01-30,2026-01-30 14:30:00.054201,1,5.5,1,1,0,0,1,1,1,1
20260130_upper_k1.0_3398_2026-01-30T14:49:16.761452,2026-01-30,2026-01-30 14:49:16.761452,1,13.25,1,1,0,0,1,1,0,0
20260130_upper_k1.0_3399_2026-01-30T15:06:11.005051,2026-01-30,2026-01-30 15:06:11.005051,1,1.5,1,1,0,1,1,0,0,0
20260130_upper_k1.0_3400_2026-01-30T15:21:36.240200,2026-01-30,2026-01-30 15:21:36.240200,1,20.75,1,1,0,0,1,0,0,0
20260130_upper_k1.0_3401_2026-01-30T15:36:37.105721,2026-01-30,2026-01-30 15:36:37.105721,1,7.5,1,1,1,1,1,1,0,0
20260130_upper_k1.0_3402_2026-01-30T15:52:14.503354,2026-01-30,2026-01-30 15:52:14.503354,1,11.25,1,1,0,0,1,1,0,0
20260130_upper_k1.0_3403_2026-01-30T18:56:31.675669,2026-01-30,2026-01-30 18:56:31.675669,1,4.0,0,0,0,0,0,0,0,0
20260130_upper_k1.0_3404_2026-01-30T19:13:37.310351,2026-01-30,2026-01-30 19:13:37.310351,0,0.5,0,0,0,0,0,0,0,0
20260130_upper_k1.0_3405_2026-01-30T19:30:06.220949,2026-01-30,2026-01-30 19:30:06.220949,1,10.75,1,1,1,1,0,1,0,0
20260130_upper_k1.0_3406_2026-01-30T19:52:49.013598,2026-01-30,2026-01-30 19:52:49.013598,1,10.5,0,0,0,0,0,0,0,0
20260130_upper_k1.0_3407_2026-01-30T20:45:09.201690,2026-01-30,2026-01-30 20:45:09.201690,1,5.5,0,0,0,0,0,0,0,0
