run_id,heat_id,tender_id,execution_id,slice_no,order_role,observed_at_utc,ticker,action,requested_qty,predicted_slice_vwap,predicted_slice_worst,predicted_slice_covered,order_id,submit_start_relative_ms,submit_response_relative_ms,submit_latency_ms,pacing_sleep_ms,quantity_filled,actual_vwap,actual_price,signed_price_improvement,adverse_slippage_per_share,status,response_json,detail_json,error
20260922T043702Z-2c8c3de9,20260922T043702Z-2c8c3de9-H0002,2572,20260922T043702Z-2c8c3de9-20260922T043702Z-2c8c3de9-H0002-T2572-075728,1,PIPELINE,2026-09-22T04:44:02.959+00:00,CRZY,SELL,25000,10.22636,10.2,True,1382,1010.1682999998047,1052.4403999997958,42.23259999975562,0.0,25000,10.22636,,0.0,-0.0,TRANSACTED,"{""action"":""SELL"",""order_id"":1382,""period"":1,""price"":null,""quantity"":25000.0,""quantity_filled"":25000.0,""status"":""TRANSACTED"",""tick"":198,""ticker"":""CRZY"",""trader_id"":""Adderall.exe"",""type"":""MARKET"",""vwap"":10.22636}","{""action"":""SELL"",""order_id"":1382,""period"":1,""price"":null,""quantity"":25000.0,""quantity_filled"":25000.0,""status"":""TRANSACTED"",""tick"":198,""ticker"":""CRZY"",""trader_id"":""Adderall.exe"",""type"":""MARKET"",""vwap"":10.22636}",
20260922T043702Z-2c8c3de9,20260922T043702Z-2c8c3de9-H0002,2572,20260922T043702Z-2c8c3de9-20260922T043702Z-2c8c3de9-H0002-T2572-075728,2,PIPELINE,2026-09-22T04:44:02.998+00:00,CRZY,SELL,25000,10.18668,10.17,True,1383,1052.503599999909,1090.939299999718,38.291299999691546,0.0,25000,10.18668,,0.0,-0.0,TRANSACTED,"{""action"":""SELL"",""order_id"":1383,""period"":1,""price"":null,""quantity"":25000.0,""quantity_filled"":25000.0,""status"":""TRANSACTED"",""tick"":198,""ticker"":""CRZY"",""trader_id"":""Adderall.exe"",""type"":""MARKET"",""vwap"":10.18668}","{""action"":""SELL"",""order_id"":1383,""period"":1,""price"":null,""quantity"":25000.0,""quantity_filled"":25000.0,""status"":""TRANSACTED"",""tick"":198,""ticker"":""CRZY"",""trader_id"":""Adderall.exe"",""type"":""MARKET"",""vwap"":10.18668}",
20260922T043702Z-2c8c3de9,20260922T043702Z-2c8c3de9-H0002,2572,20260922T043702Z-2c8c3de9-20260922T043702Z-2c8c3de9-H0002-T2572-075728,3,PIPELINE,2026-09-22T04:44:03.030+00:00,CRZY,SELL,22000,10.144409090909091,10.12,True,1384,1091.0083999997369,1123.5649000000194,32.51620000042021,0.0,22000,10.144409090909091,,0.0,-0.0,TRANSACTED,"{""action"":""SELL"",""order_id"":1384,""period"":1,""price"":null,""quantity"":22000.0,""quantity_filled"":22000.0,""status"":""TRANSACTED"",""tick"":198,""ticker"":""CRZY"",""trader_id"":""Adderall.exe"",""type"":""MARKET"",""vwap"":10.144409090909091}","{""action"":""SELL"",""order_id"":1384,""period"":1,""price"":null,""quantity"":22000.0,""quantity_filled"":22000.0,""status"":""TRANSACTED"",""tick"":198,""ticker"":""CRZY"",""trader_id"":""Adderall.exe"",""type"":""MARKET"",""vwap"":10.144409090909091}",
20260922T043702Z-2c8c3de9,20260922T043702Z-2c8c3de9-H0003,172,20260922T043702Z-2c8c3de9-20260922T043702Z-2c8c3de9-H0003-T172-4962f8,1,PIPELINE,2026-09-22T04:47:15.284+00:00,TAME,BUY,10000,25.11,25.12,True,191,1016.5529000000788,1068.5748000000785,51.98400000017136,0.0,10000,25.11,,0.0,-0.0,TRANSACTED,"{""action"":""BUY"",""order_id"":191,""period"":1,""price"":null,""quantity"":10000.0,""quantity_filled"":10000.0,""status"":""TRANSACTED"",""tick"":29,""ticker"":""TAME"",""trader_id"":""Adderall.exe"",""type"":""MARKET"",""vwap"":25.11}","{""action"":""BUY"",""order_id"":191,""period"":1,""price"":null,""quantity"":10000.0,""quantity_filled"":10000.0,""status"":""TRANSACTED"",""tick"":29,""ticker"":""TAME"",""trader_id"":""Adderall.exe"",""type"":""MARKET"",""vwap"":25.11}",
20260922T043702Z-2c8c3de9,20260922T043702Z-2c8c3de9-H0003,172,20260922T043702Z-2c8c3de9-20260922T043702Z-2c8c3de9-H0003-T172-4962f8,2,PIPELINE,2026-09-22T04:47:15.314+00:00,TAME,BUY,10000,25.1497,25.15,True,192,1068.6484000002565,1102.7655000002596,34.064799999818206,0.0,10000,25.1497,,0.0,-0.0,TRANSACTED,"{""action"":""BUY"",""order_id"":192,""period"":1,""price"":null,""quantity"":10000.0,""quantity_filled"":10000.0,""status"":""TRANSACTED"",""tick"":29,""ticker"":""TAME"",""trader_id"":""Adderall.exe"",""type"":""MARKET"",""vwap"":25.1497}","{""action"":""BUY"",""order_id"":192,""period"":1,""price"":null,""quantity"":10000.0,""quantity_filled"":10000.0,""status"":""TRANSACTED"",""tick"":29,""ticker"":""TAME"",""trader_id"":""Adderall.exe"",""type"":""MARKET"",""vwap"":25.1497}",
20260922T043702Z-2c8c3de9,20260922T043702Z-2c8c3de9-H0003,172,20260922T043702Z-2c8c3de9-20260922T043702Z-2c8c3de9-H0003-T172-4962f8,3,PIPELINE,2026-09-22T04:47:15.354+00:00,TAME,BUY,10000,25.1724,25.18,True,193,1102.8620000001865,1137.9507000001468,34.98069999972358,0.0,10000,25.1724,,0.0,-0.0,TRANSACTED,"{""action"":""BUY"",""order_id"":193,""period"":1,""price"":null,""quantity"":10000.0,""quantity_filled"":10000.0,""status"":""TRANSACTED"",""tick"":29,""ticker"":""TAME"",""trader_id"":""Adderall.exe"",""type"":""MARKET"",""vwap"":25.1724}","{""action"":""BUY"",""order_id"":193,""period"":1,""price"":null,""quantity"":10000.0,""quantity_filled"":10000.0,""status"":""TRANSACTED"",""tick"":29,""ticker"":""TAME"",""trader_id"":""Adderall.exe"",""type"":""MARKET"",""vwap"":25.1724}",
20260922T043702Z-2c8c3de9,20260922T043702Z-2c8c3de9-H0003,172,20260922T043702Z-2c8c3de9-20260922T043702Z-2c8c3de9-H0003-T172-4962f8,4,PIPELINE,2026-09-22T04:47:15.387+00:00,TAME,BUY,10000,25.2215,25.23,True,194,1138.0615000002763,1171.215000000302,33.111500000115484,0.0,10000,25.2215,,0.0,-0.0,TRANSACTED,"{""action"":""BUY"",""order_id"":194,""period"":1,""price"":null,""quantity"":10000.0,""quantity_filled"":10000.0,""status"":""TRANSACTED"",""tick"":29,""ticker"":""TAME"",""trader_id"":""Adderall.exe"",""type"":""MARKET"",""vwap"":25.2215}","{""action"":""BUY"",""order_id"":194,""period"":1,""price"":null,""quantity"":10000.0,""quantity_filled"":10000.0,""status"":""TRANSACTED"",""tick"":29,""ticker"":""TAME"",""trader_id"":""Adderall.exe"",""type"":""MARKET"",""vwap"":25.2215}",
20260922T043702Z-2c8c3de9,20260922T043702Z-2c8c3de9-H0003,172,20260922T043702Z-2c8c3de9-20260922T043702Z-2c8c3de9-H0003-T172-4962f8,5,PIPELINE,2026-09-22T04:47:15.424+00:00,TAME,BUY,10000,25.2474,25.25,True,195,1171.2901000000784,1207.443400000102,36.10679999971762,0.0,10000,25.2474,,0.0,-0.0,TRANSACTED,"{""action"":""BUY"",""order_id"":195,""period"":1,""price"":null,""quantity"":10000.0,""quantity_filled"":10000.0,""status"":""TRANSACTED"",""tick"":29,""ticker"":""TAME"",""trader_id"":""Adderall.exe"",""type"":""MARKET"",""vwap"":25.2474}","{""action"":""BUY"",""order_id"":195,""period"":1,""price"":null,""quantity"":10000.0,""quantity_filled"":10000.0,""status"":""TRANSACTED"",""tick"":29,""ticker"":""TAME"",""trader_id"":""Adderall.exe"",""type"":""MARKET"",""vwap"":25.2474}",
20260922T043702Z-2c8c3de9,20260922T043702Z-2c8c3de9-H0003,172,20260922T043702Z-2c8c3de9-20260922T043702Z-2c8c3de9-H0003-T172-4962f8,6,PIPELINE,2026-09-22T04:47:15.454+00:00,TAME,BUY,10000,25.2778,25.36,True,196,1207.5371000000814,1243.3350000001155,35.639599999878556,0.0,10000,25.2778,,0.0,-0.0,TRANSACTED,"{""action"":""BUY"",""order_id"":196,""period"":1,""price"":null,""quantity"":10000.0,""quantity_filled"":10000.0,""status"":""TRANSACTED"",""tick"":29,""ticker"":""TAME"",""trader_id"":""Adderall.exe"",""type"":""MARKET"",""vwap"":25.2778}","{""action"":""BUY"",""order_id"":196,""period"":1,""price"":null,""quantity"":10000.0,""quantity_filled"":10000.0,""status"":""TRANSACTED"",""tick"":29,""ticker"":""TAME"",""trader_id"":""Adderall.exe"",""type"":""MARKET"",""vwap"":25.2778}",
20260922T043702Z-2c8c3de9,20260922T043702Z-2c8c3de9-H0003,172,20260922T043702Z-2c8c3de9-20260922T043702Z-2c8c3de9-H0003-T172-4962f8,7,PIPELINE,2026-09-22T04:47:15.499+00:00,TAME,BUY,8000,25.3805,25.4,True,197,1243.4124000001248,1282.5416999999106,39.088400000240654,0.0,8000,25.3805,,0.0,-0.0,TRANSACTED,"{""action"":""BUY"",""order_id"":197,""period"":1,""price"":null,""quantity"":8000.0,""quantity_filled"":8000.0,""status"":""TRANSACTED"",""tick"":29,""ticker"":""TAME"",""trader_id"":""Adderall.exe"",""type"":""MARKET"",""vwap"":25.3805}","{""action"":""BUY"",""order_id"":197,""period"":1,""price"":null,""quantity"":8000.0,""quantity_filled"":8000.0,""status"":""TRANSACTED"",""tick"":29,""ticker"":""TAME"",""trader_id"":""Adderall.exe"",""type"":""MARKET"",""vwap"":25.3805}",
20260922T043702Z-2c8c3de9,20260922T043702Z-2c8c3de9-H0003,3372,20260922T043702Z-2c8c3de9-20260922T043702Z-2c8c3de9-H0003-T3372-5543f2,1,PIPELINE,2026-09-22T04:51:15.711+00:00,CRZY,BUY,25000,9.02412,9.04,True,1857,968.0989000003137,1023.6939999999777,55.56230000033975,0.0,25000,9.02412,,0.0,-0.0,TRANSACTED,"{""action"":""BUY"",""order_id"":1857,""period"":1,""price"":null,""quantity"":25000.0,""quantity_filled"":25000.0,""status"":""TRANSACTED"",""tick"":268,""ticker"":""CRZY"",""trader_id"":""Adderall.exe"",""type"":""MARKET"",""vwap"":9.02412}","{""action"":""BUY"",""order_id"":1857,""period"":1,""price"":null,""quantity"":25000.0,""quantity_filled"":25000.0,""status"":""TRANSACTED"",""tick"":268,""ticker"":""CRZY"",""trader_id"":""Adderall.exe"",""type"":""MARKET"",""vwap"":9.02412}",
20260922T043702Z-2c8c3de9,20260922T043702Z-2c8c3de9-H0003,3372,20260922T043702Z-2c8c3de9-20260922T043702Z-2c8c3de9-H0003-T3372-5543f2,2,PIPELINE,2026-09-22T04:51:15.750+00:00,CRZY,BUY,25000,9.06792,9.09,True,1858,1023.7557000000379,1060.3439000001345,36.55269999988377,0.0,25000,9.06792,,0.0,-0.0,TRANSACTED,"{""action"":""BUY"",""order_id"":1858,""period"":1,""price"":null,""quantity"":25000.0,""quantity_filled"":25000.0,""status"":""TRANSACTED"",""tick"":268,""ticker"":""CRZY"",""trader_id"":""Adderall.exe"",""type"":""MARKET"",""vwap"":9.06792}","{""action"":""BUY"",""order_id"":1858,""period"":1,""price"":null,""quantity"":25000.0,""quantity_filled"":25000.0,""status"":""TRANSACTED"",""tick"":268,""ticker"":""CRZY"",""trader_id"":""Adderall.exe"",""type"":""MARKET"",""vwap"":9.06792}",
20260922T043702Z-2c8c3de9,20260922T043702Z-2c8c3de9-H0003,3372,20260922T043702Z-2c8c3de9-20260922T043702Z-2c8c3de9-H0003-T3372-5543f2,3,PIPELINE,2026-09-22T04:51:15.789+00:00,CRZY,BUY,16000,9.10075,9.11,True,1860,1060.4170999999951,1096.5805999999247,36.125,0.0,16000,9.10075,,0.0,-0.0,TRANSACTED,"{""action"":""BUY"",""order_id"":1860,""period"":1,""price"":null,""quantity"":16000.0,""quantity_filled"":16000.0,""status"":""TRANSACTED"",""tick"":268,""ticker"":""CRZY"",""trader_id"":""Adderall.exe"",""type"":""MARKET"",""vwap"":9.10075}","{""action"":""BUY"",""order_id"":1860,""period"":1,""price"":null,""quantity"":16000.0,""quantity_filled"":16000.0,""status"":""TRANSACTED"",""tick"":268,""ticker"":""CRZY"",""trader_id"":""Adderall.exe"",""type"":""MARKET"",""vwap"":9.10075}",
20260922T043702Z-2c8c3de9,20260922T043702Z-2c8c3de9-H0004,172,20260922T043702Z-2c8c3de9-20260922T043702Z-2c8c3de9-H0004-T172-3782b5,1,PIPELINE,2026-09-22T04:53:04.545+00:00,CRZY,BUY,25000,10.05868,10.09,True,134,1000.8992999996735,1038.6994000000414,37.769700000528246,0.0,25000,10.05868,,0.0,-0.0,TRANSACTED,"{""action"":""BUY"",""order_id"":134,""period"":1,""price"":null,""quantity"":25000.0,""quantity_filled"":25000.0,""status"":""TRANSACTED"",""tick"":16,""ticker"":""CRZY"",""trader_id"":""Adderall.exe"",""type"":""MARKET"",""vwap"":10.05868}","{""action"":""BUY"",""order_id"":134,""period"":1,""price"":null,""quantity"":25000.0,""quantity_filled"":25000.0,""status"":""TRANSACTED"",""tick"":16,""ticker"":""CRZY"",""trader_id"":""Adderall.exe"",""type"":""MARKET"",""vwap"":10.05868}",
20260922T043702Z-2c8c3de9,20260922T043702Z-2c8c3de9-H0004,172,20260922T043702Z-2c8c3de9-20260922T043702Z-2c8c3de9-H0004-T172-3782b5,2,PIPELINE,2026-09-22T04:53:04.577+00:00,CRZY,BUY,25000,10.11864,10.13,True,135,1038.7502999997196,1075.521999999637,36.73660000041127,0.0,25000,10.11864,,0.0,-0.0,TRANSACTED,"{""action"":""BUY"",""order_id"":135,""period"":1,""price"":null,""quantity"":25000.0,""quantity_filled"":25000.0,""status"":""TRANSACTED"",""tick"":16,""ticker"":""CRZY"",""trader_id"":""Adderall.exe"",""type"":""MARKET"",""vwap"":10.11864}","{""action"":""BUY"",""order_id"":135,""period"":1,""price"":null,""quantity"":25000.0,""quantity_filled"":25000.0,""status"":""TRANSACTED"",""tick"":16,""ticker"":""CRZY"",""trader_id"":""Adderall.exe"",""type"":""MARKET"",""vwap"":10.11864}",
20260922T043702Z-2c8c3de9,20260922T043702Z-2c8c3de9-H0004,172,20260922T043702Z-2c8c3de9-20260922T043702Z-2c8c3de9-H0004-T172-3782b5,3,PIPELINE,2026-09-22T04:53:04.608+00:00,CRZY,BUY,22000,10.168681818181819,10.22,True,136,1075.6030999996256,1109.8747999999432,34.24340000003576,0.0,22000,10.168681818181819,,0.0,-0.0,TRANSACTED,"{""action"":""BUY"",""order_id"":136,""period"":1,""price"":null,""quantity"":22000.0,""quantity_filled"":22000.0,""status"":""TRANSACTED"",""tick"":16,""ticker"":""CRZY"",""trader_id"":""Adderall.exe"",""type"":""MARKET"",""vwap"":10.168681818181819}","{""action"":""BUY"",""order_id"":136,""period"":1,""price"":null,""quantity"":22000.0,""quantity_filled"":22000.0,""status"":""TRANSACTED"",""tick"":16,""ticker"":""CRZY"",""trader_id"":""Adderall.exe"",""type"":""MARKET"",""vwap"":10.168681818181819}",
20260922T043702Z-2c8c3de9,20260922T043702Z-2c8c3de9-H0004,2572,20260922T043702Z-2c8c3de9-20260922T043702Z-2c8c3de9-H0004-T2572-15a3b6,1,PIPELINE,2026-09-22T04:56:16.614+00:00,CRZY,BUY,25000,10.32872,10.35,True,1431,995.2627000002394,1029.18660000023,33.89590000035241,0.0,25000,10.32872,,0.0,-0.0,TRANSACTED,"{""action"":""BUY"",""order_id"":1431,""period"":1,""price"":null,""quantity"":25000.0,""quantity_filled"":25000.0,""status"":""TRANSACTED"",""tick"":207,""ticker"":""CRZY"",""trader_id"":""Adderall.exe"",""type"":""MARKET"",""vwap"":10.32872}","{""action"":""BUY"",""order_id"":1431,""period"":1,""price"":null,""quantity"":25000.0,""quantity_filled"":25000.0,""status"":""TRANSACTED"",""tick"":207,""ticker"":""CRZY"",""trader_id"":""Adderall.exe"",""type"":""MARKET"",""vwap"":10.32872}",
20260922T043702Z-2c8c3de9,20260922T043702Z-2c8c3de9-H0004,2572,20260922T043702Z-2c8c3de9-20260922T043702Z-2c8c3de9-H0004-T2572-15a3b6,2,PIPELINE,2026-09-22T04:56:16.649+00:00,CRZY,BUY,25000,10.35632,10.36,True,1432,1029.2340999999396,1063.93479999997,34.66329999966547,0.0,25000,10.35632,,0.0,-0.0,TRANSACTED,"{""action"":""BUY"",""order_id"":1432,""period"":1,""price"":null,""quantity"":25000.0,""quantity_filled"":25000.0,""status"":""TRANSACTED"",""tick"":207,""ticker"":""CRZY"",""trader_id"":""Adderall.exe"",""type"":""MARKET"",""vwap"":10.35632}","{""action"":""BUY"",""order_id"":1432,""period"":1,""price"":null,""quantity"":25000.0,""quantity_filled"":25000.0,""status"":""TRANSACTED"",""tick"":207,""ticker"":""CRZY"",""trader_id"":""Adderall.exe"",""type"":""MARKET"",""vwap"":10.35632}",
20260922T043702Z-2c8c3de9,20260922T043702Z-2c8c3de9-H0004,2572,20260922T043702Z-2c8c3de9-20260922T043702Z-2c8c3de9-H0004-T2572-15a3b6,3,PIPELINE,2026-09-22T04:56:16.684+00:00,CRZY,BUY,22000,10.370181818181818,10.38,True,1433,1064.020199999959,1099.5514000001094,35.48050000006333,0.0,22000,10.370181818181818,,0.0,-0.0,TRANSACTED,"{""action"":""BUY"",""order_id"":1433,""period"":1,""price"":null,""quantity"":22000.0,""quantity_filled"":22000.0,""status"":""TRANSACTED"",""tick"":207,""ticker"":""CRZY"",""trader_id"":""Adderall.exe"",""type"":""MARKET"",""vwap"":10.370181818181818}","{""action"":""BUY"",""order_id"":1433,""period"":1,""price"":null,""quantity"":22000.0,""quantity_filled"":22000.0,""status"":""TRANSACTED"",""tick"":207,""ticker"":""CRZY"",""trader_id"":""Adderall.exe"",""type"":""MARKET"",""vwap"":10.370181818181818}",
20260922T043702Z-2c8c3de9,20260922T043702Z-2c8c3de9-H0004,3372,20260922T043702Z-2c8c3de9-20260922T043702Z-2c8c3de9-H0004-T3372-f7b4bd,1,PIPELINE,2026-09-22T04:57:09.883+00:00,TAME,SELL,10000,24.9653,24.96,True,1819,973.165699999754,1026.3012999998864,53.10250000003725,0.0,10000,24.9653,,0.0,-0.0,TRANSACTED,"{""action"":""SELL"",""order_id"":1819,""period"":1,""price"":null,""quantity"":10000.0,""quantity_filled"":10000.0,""status"":""TRANSACTED"",""tick"":260,""ticker"":""TAME"",""trader_id"":""Adderall.exe"",""type"":""MARKET"",""vwap"":24.9653}","{""action"":""SELL"",""order_id"":1819,""period"":1,""price"":null,""quantity"":10000.0,""quantity_filled"":10000.0,""status"":""TRANSACTED"",""tick"":260,""ticker"":""TAME"",""trader_id"":""Adderall.exe"",""type"":""MARKET"",""vwap"":24.9653}",
20260922T043702Z-2c8c3de9,20260922T043702Z-2c8c3de9-H0004,3372,20260922T043702Z-2c8c3de9-20260922T043702Z-2c8c3de9-H0004-T3372-f7b4bd,2,PIPELINE,2026-09-22T04:57:09.918+00:00,TAME,SELL,10000,24.96,24.96,True,1820,1026.358000000073,1061.5277000001697,35.08889999985695,0.0,10000,24.96,,0.0,-0.0,TRANSACTED,"{""action"":""SELL"",""order_id"":1820,""period"":1,""price"":null,""quantity"":10000.0,""quantity_filled"":10000.0,""status"":""TRANSACTED"",""tick"":260,""ticker"":""TAME"",""trader_id"":""Adderall.exe"",""type"":""MARKET"",""vwap"":24.96}","{""action"":""SELL"",""order_id"":1820,""period"":1,""price"":null,""quantity"":10000.0,""quantity_filled"":10000.0,""status"":""TRANSACTED"",""tick"":260,""ticker"":""TAME"",""trader_id"":""Adderall.exe"",""type"":""MARKET"",""vwap"":24.96}",
20260922T043702Z-2c8c3de9,20260922T043702Z-2c8c3de9-H0004,3372,20260922T043702Z-2c8c3de9-20260922T043702Z-2c8c3de9-H0004-T3372-f7b4bd,3,PIPELINE,2026-09-22T04:57:09.953+00:00,TAME,SELL,10000,24.95,24.94,True,1821,1061.618499999895,1099.3023000000903,37.646799999754876,0.0,10000,24.95,,0.0,-0.0,TRANSACTED,"{""action"":""SELL"",""order_id"":1821,""period"":1,""price"":null,""quantity"":10000.0,""quantity_filled"":10000.0,""status"":""TRANSACTED"",""tick"":260,""ticker"":""TAME"",""trader_id"":""Adderall.exe"",""type"":""MARKET"",""vwap"":24.95}","{""action"":""SELL"",""order_id"":1821,""period"":1,""price"":null,""quantity"":10000.0,""quantity_filled"":10000.0,""status"":""TRANSACTED"",""tick"":260,""ticker"":""TAME"",""trader_id"":""Adderall.exe"",""type"":""MARKET"",""vwap"":24.95}",
20260922T043702Z-2c8c3de9,20260922T043702Z-2c8c3de9-H0004,3372,20260922T043702Z-2c8c3de9-20260922T043702Z-2c8c3de9-H0004-T3372-f7b4bd,4,PIPELINE,2026-09-22T04:57:09.985+00:00,TAME,SELL,10000,24.9361,24.93,True,1823,1099.3803999999727,1134.113999999954,34.70200000004843,0.0,10000,24.9361,,0.0,-0.0,TRANSACTED,"{""action"":""SELL"",""order_id"":1823,""period"":1,""price"":null,""quantity"":10000.0,""quantity_filled"":10000.0,""status"":""TRANSACTED"",""tick"":260,""ticker"":""TAME"",""trader_id"":""Adderall.exe"",""type"":""MARKET"",""vwap"":24.9361}","{""action"":""SELL"",""order_id"":1823,""period"":1,""price"":null,""quantity"":10000.0,""quantity_filled"":10000.0,""status"":""TRANSACTED"",""tick"":260,""ticker"":""TAME"",""trader_id"":""Adderall.exe"",""type"":""MARKET"",""vwap"":24.9361}",
20260922T043702Z-2c8c3de9,20260922T043702Z-2c8c3de9-H0004,3372,20260922T043702Z-2c8c3de9-20260922T043702Z-2c8c3de9-H0004-T3372-f7b4bd,5,PIPELINE,2026-09-22T04:57:10.023+00:00,TAME,SELL,10000,24.9255,24.92,True,1824,1134.24649999979,1167.6770999997643,33.40499999932945,0.0,10000,24.9255,,0.0,-0.0,TRANSACTED,"{""action"":""SELL"",""order_id"":1824,""period"":1,""price"":null,""quantity"":10000.0,""quantity_filled"":10000.0,""status"":""TRANSACTED"",""tick"":260,""ticker"":""TAME"",""trader_id"":""Adderall.exe"",""type"":""MARKET"",""vwap"":24.9255}","{""action"":""SELL"",""order_id"":1824,""period"":1,""price"":null,""quantity"":10000.0,""quantity_filled"":10000.0,""status"":""TRANSACTED"",""tick"":260,""ticker"":""TAME"",""trader_id"":""Adderall.exe"",""type"":""MARKET"",""vwap"":24.9255}",
20260922T043702Z-2c8c3de9,20260922T043702Z-2c8c3de9-H0004,3372,20260922T043702Z-2c8c3de9-20260922T043702Z-2c8c3de9-H0004-T3372-f7b4bd,6,PIPELINE,2026-09-22T04:57:10.053+00:00,TAME,SELL,10000,24.9151,24.91,True,1825,1167.7237999997487,1202.1568000000116,34.40139999985695,0.0,10000,24.9151,,0.0,-0.0,TRANSACTED,"{""action"":""SELL"",""order_id"":1825,""period"":1,""price"":null,""quantity"":10000.0,""quantity_filled"":10000.0,""status"":""TRANSACTED"",""tick"":260,""ticker"":""TAME"",""trader_id"":""Adderall.exe"",""type"":""MARKET"",""vwap"":24.9151}","{""action"":""SELL"",""order_id"":1825,""period"":1,""price"":null,""quantity"":10000.0,""quantity_filled"":10000.0,""status"":""TRANSACTED"",""tick"":260,""ticker"":""TAME"",""trader_id"":""Adderall.exe"",""type"":""MARKET"",""vwap"":24.9151}",
20260922T043702Z-2c8c3de9,20260922T043702Z-2c8c3de9-H0004,3372,20260922T043702Z-2c8c3de9-20260922T043702Z-2c8c3de9-H0004-T3372-f7b4bd,7,PIPELINE,2026-09-22T04:57:10.093+00:00,TAME,SELL,8000,24.892,24.89,True,1826,1202.2216999998818,1235.8002999999371,33.54469999996945,0.0,8000,24.892,,0.0,-0.0,TRANSACTED,"{""action"":""SELL"",""order_id"":1826,""period"":1,""price"":null,""quantity"":8000.0,""quantity_filled"":8000.0,""status"":""TRANSACTED"",""tick"":260,""ticker"":""TAME"",""trader_id"":""Adderall.exe"",""type"":""MARKET"",""vwap"":24.892}","{""action"":""SELL"",""order_id"":1826,""period"":1,""price"":null,""quantity"":8000.0,""quantity_filled"":8000.0,""status"":""TRANSACTED"",""tick"":260,""ticker"":""TAME"",""trader_id"":""Adderall.exe"",""type"":""MARKET"",""vwap"":24.892}",
20260922T043702Z-2c8c3de9,20260922T043702Z-2c8c3de9-H0005,172,20260922T043702Z-2c8c3de9-20260922T043702Z-2c8c3de9-H0005-T172-923af6,1,PIPELINE,2026-09-22T04:59:06.731+00:00,CRZY,BUY,25000,9.94192,9.97,True,135,973.3169999999518,1006.253900000047,32.88740000035614,0.0,25000,9.94192,,0.0,-0.0,TRANSACTED,"{""action"":""BUY"",""order_id"":135,""period"":1,""price"":null,""quantity"":25000.0,""quantity_filled"":25000.0,""status"":""TRANSACTED"",""tick"":16,""ticker"":""CRZY"",""trader_id"":""Adderall.exe"",""type"":""MARKET"",""vwap"":9.94192}","{""action"":""BUY"",""order_id"":135,""period"":1,""price"":null,""quantity"":25000.0,""quantity_filled"":25000.0,""status"":""TRANSACTED"",""tick"":16,""ticker"":""CRZY"",""trader_id"":""Adderall.exe"",""type"":""MARKET"",""vwap"":9.94192}",
20260922T043702Z-2c8c3de9,20260922T043702Z-2c8c3de9-H0005,172,20260922T043702Z-2c8c3de9-20260922T043702Z-2c8c3de9-H0005-T172-923af6,2,PIPELINE,2026-09-22T04:59:06.761+00:00,CRZY,BUY,25000,9.98756,10.0,True,136,1006.3735999997334,1040.97210000009,34.54380000010133,0.0,25000,9.98756,,0.0,-0.0,TRANSACTED,"{""action"":""BUY"",""order_id"":136,""period"":1,""price"":null,""quantity"":25000.0,""quantity_filled"":25000.0,""status"":""TRANSACTED"",""tick"":16,""ticker"":""CRZY"",""trader_id"":""Adderall.exe"",""type"":""MARKET"",""vwap"":9.98756}","{""action"":""BUY"",""order_id"":136,""period"":1,""price"":null,""quantity"":25000.0,""quantity_filled"":25000.0,""status"":""TRANSACTED"",""tick"":16,""ticker"":""CRZY"",""trader_id"":""Adderall.exe"",""type"":""MARKET"",""vwap"":9.98756}",
20260922T043702Z-2c8c3de9,20260922T043702Z-2c8c3de9-H0005,172,20260922T043702Z-2c8c3de9-20260922T043702Z-2c8c3de9-H0005-T172-923af6,3,PIPELINE,2026-09-22T04:59:06.805+00:00,CRZY,BUY,16000,10.0243125,10.04,True,137,1041.0547000001316,1079.7810999997637,38.69910000031814,0.0,16000,10.0243125,,0.0,-0.0,TRANSACTED,"{""action"":""BUY"",""order_id"":137,""period"":1,""price"":null,""quantity"":16000.0,""quantity_filled"":16000.0,""status"":""TRANSACTED"",""tick"":16,""ticker"":""CRZY"",""trader_id"":""Adderall.exe"",""type"":""MARKET"",""vwap"":10.0243125}","{""action"":""BUY"",""order_id"":137,""period"":1,""price"":null,""quantity"":16000.0,""quantity_filled"":16000.0,""status"":""TRANSACTED"",""tick"":16,""ticker"":""CRZY"",""trader_id"":""Adderall.exe"",""type"":""MARKET"",""vwap"":10.0243125}",
20260922T043702Z-2c8c3de9,20260922T043702Z-2c8c3de9-H0005,972,20260922T043702Z-2c8c3de9-20260922T043702Z-2c8c3de9-H0005-T972-581cd2,1,PIPELINE,2026-09-22T05:00:07.090+00:00,TAME,SELL,10000,25.4396,25.42,True,557,1027.070999999978,1062.3441000002458,35.23230000026524,0.0,10000,25.4396,,0.0,-0.0,TRANSACTED,"{""action"":""SELL"",""order_id"":557,""period"":1,""price"":null,""quantity"":10000.0,""quantity_filled"":10000.0,""status"":""TRANSACTED"",""tick"":76,""ticker"":""TAME"",""trader_id"":""Adderall.exe"",""type"":""MARKET"",""vwap"":25.4396}","{""action"":""SELL"",""order_id"":557,""period"":1,""price"":null,""quantity"":10000.0,""quantity_filled"":10000.0,""status"":""TRANSACTED"",""tick"":76,""ticker"":""TAME"",""trader_id"":""Adderall.exe"",""type"":""MARKET"",""vwap"":25.4396}",
20260922T043702Z-2c8c3de9,20260922T043702Z-2c8c3de9-H0005,972,20260922T043702Z-2c8c3de9-20260922T043702Z-2c8c3de9-H0005-T972-581cd2,2,PIPELINE,2026-09-22T05:00:07.127+00:00,TAME,SELL,10000,25.42,25.42,True,558,1062.4308000001292,1098.612900000262,36.132100000046194,0.0,10000,25.42,,0.0,-0.0,TRANSACTED,"{""action"":""SELL"",""order_id"":558,""period"":1,""price"":null,""quantity"":10000.0,""quantity_filled"":10000.0,""status"":""TRANSACTED"",""tick"":76,""ticker"":""TAME"",""trader_id"":""Adderall.exe"",""type"":""MARKET"",""vwap"":25.42}","{""action"":""SELL"",""order_id"":558,""period"":1,""price"":null,""quantity"":10000.0,""quantity_filled"":10000.0,""status"":""TRANSACTED"",""tick"":76,""ticker"":""TAME"",""trader_id"":""Adderall.exe"",""type"":""MARKET"",""vwap"":25.42}",
20260922T043702Z-2c8c3de9,20260922T043702Z-2c8c3de9-H0005,972,20260922T043702Z-2c8c3de9-20260922T043702Z-2c8c3de9-H0005-T972-581cd2,3,PIPELINE,2026-09-22T05:00:07.160+00:00,TAME,SELL,10000,25.372,25.36,True,559,1098.715600000105,1132.0427000000564,33.28370000002906,0.0,10000,25.372,,0.0,-0.0,TRANSACTED,"{""action"":""SELL"",""order_id"":559,""period"":1,""price"":null,""quantity"":10000.0,""quantity_filled"":10000.0,""status"":""TRANSACTED"",""tick"":76,""ticker"":""TAME"",""trader_id"":""Adderall.exe"",""type"":""MARKET"",""vwap"":25.372}","{""action"":""SELL"",""order_id"":559,""period"":1,""price"":null,""quantity"":10000.0,""quantity_filled"":10000.0,""status"":""TRANSACTED"",""tick"":76,""ticker"":""TAME"",""trader_id"":""Adderall.exe"",""type"":""MARKET"",""vwap"":25.372}",
20260922T043702Z-2c8c3de9,20260922T043702Z-2c8c3de9-H0005,972,20260922T043702Z-2c8c3de9-20260922T043702Z-2c8c3de9-H0005-T972-581cd2,4,PIPELINE,2026-09-22T05:00:07.190+00:00,TAME,SELL,10000,25.3457,25.34,True,560,1132.11739999997,1166.5232000000287,34.36739999940619,0.0,10000,25.3457,,0.0,-0.0,TRANSACTED,"{""action"":""SELL"",""order_id"":560,""period"":1,""price"":null,""quantity"":10000.0,""quantity_filled"":10000.0,""status"":""TRANSACTED"",""tick"":76,""ticker"":""TAME"",""trader_id"":""Adderall.exe"",""type"":""MARKET"",""vwap"":25.3457}","{""action"":""SELL"",""order_id"":560,""period"":1,""price"":null,""quantity"":10000.0,""quantity_filled"":10000.0,""status"":""TRANSACTED"",""tick"":76,""ticker"":""TAME"",""trader_id"":""Adderall.exe"",""type"":""MARKET"",""vwap"":25.3457}",
20260922T043702Z-2c8c3de9,20260922T043702Z-2c8c3de9-H0005,972,20260922T043702Z-2c8c3de9-20260922T043702Z-2c8c3de9-H0005-T972-581cd2,5,PIPELINE,2026-09-22T05:00:07.220+00:00,TAME,SELL,10000,25.3354,25.33,True,561,1166.600500000186,1199.1840999999113,32.542799999471754,0.0,10000,25.3354,,0.0,-0.0,TRANSACTED,"{""action"":""SELL"",""order_id"":561,""period"":1,""price"":null,""quantity"":10000.0,""quantity_filled"":10000.0,""status"":""TRANSACTED"",""tick"":76,""ticker"":""TAME"",""trader_id"":""Adderall.exe"",""type"":""MARKET"",""vwap"":25.3354}","{""action"":""SELL"",""order_id"":561,""period"":1,""price"":null,""quantity"":10000.0,""quantity_filled"":10000.0,""status"":""TRANSACTED"",""tick"":76,""ticker"":""TAME"",""trader_id"":""Adderall.exe"",""type"":""MARKET"",""vwap"":25.3354}",
20260922T043702Z-2c8c3de9,20260922T043702Z-2c8c3de9-H0005,972,20260922T043702Z-2c8c3de9-20260922T043702Z-2c8c3de9-H0005-T972-581cd2,6,PIPELINE,2026-09-22T05:00:07.262+00:00,TAME,SELL,10000,25.322,25.31,True,562,1199.257900000248,1233.9657000002262,34.666800000239164,0.0,10000,25.322,,0.0,-0.0,TRANSACTED,"{""action"":""SELL"",""order_id"":562,""period"":1,""price"":null,""quantity"":10000.0,""quantity_filled"":10000.0,""status"":""TRANSACTED"",""tick"":76,""ticker"":""TAME"",""trader_id"":""Adderall.exe"",""type"":""MARKET"",""vwap"":25.322}","{""action"":""SELL"",""order_id"":562,""period"":1,""price"":null,""quantity"":10000.0,""quantity_filled"":10000.0,""status"":""TRANSACTED"",""tick"":76,""ticker"":""TAME"",""trader_id"":""Adderall.exe"",""type"":""MARKET"",""vwap"":25.322}",
20260922T043702Z-2c8c3de9,20260922T043702Z-2c8c3de9-H0005,972,20260922T043702Z-2c8c3de9-20260922T043702Z-2c8c3de9-H0005-T972-581cd2,7,PIPELINE,2026-09-22T05:00:07.290+00:00,TAME,SELL,10000,25.2914,25.27,True,563,1234.0455000003203,1266.2350999999035,32.15219999989495,0.0,10000,25.2914,,0.0,-0.0,TRANSACTED,"{""action"":""SELL"",""order_id"":563,""period"":1,""price"":null,""quantity"":10000.0,""quantity_filled"":10000.0,""status"":""TRANSACTED"",""tick"":76,""ticker"":""TAME"",""trader_id"":""Adderall.exe"",""type"":""MARKET"",""vwap"":25.2914}","{""action"":""SELL"",""order_id"":563,""period"":1,""price"":null,""quantity"":10000.0,""quantity_filled"":10000.0,""status"":""TRANSACTED"",""tick"":76,""ticker"":""TAME"",""trader_id"":""Adderall.exe"",""type"":""MARKET"",""vwap"":25.2914}",
20260922T043702Z-2c8c3de9,20260922T043702Z-2c8c3de9-H0005,972,20260922T043702Z-2c8c3de9-20260922T043702Z-2c8c3de9-H0005-T972-581cd2,8,PIPELINE,2026-09-22T05:00:07.327+00:00,TAME,SELL,1000,25.27,25.27,True,564,1266.3056999999753,1300.1091000000997,33.728200000245124,0.0,1000,25.27,,0.0,-0.0,TRANSACTED,"{""action"":""SELL"",""order_id"":564,""period"":1,""price"":null,""quantity"":1000.0,""quantity_filled"":1000.0,""status"":""TRANSACTED"",""tick"":76,""ticker"":""TAME"",""trader_id"":""Adderall.exe"",""type"":""MARKET"",""vwap"":25.27}","{""action"":""SELL"",""order_id"":564,""period"":1,""price"":null,""quantity"":1000.0,""quantity_filled"":1000.0,""status"":""TRANSACTED"",""tick"":76,""ticker"":""TAME"",""trader_id"":""Adderall.exe"",""type"":""MARKET"",""vwap"":25.27}",
20260922T043702Z-2c8c3de9,20260922T043702Z-2c8c3de9-H0005,3372,20260922T043702Z-2c8c3de9-20260922T043702Z-2c8c3de9-H0005-T3372-3ec751,1,PIPELINE,2026-09-22T05:03:10.936+00:00,CRZY,BUY,25000,10.07316,10.1,True,1818,1025.3241000000344,1062.2789999997622,36.92659999988973,0.0,25000,10.07316,,0.0,-0.0,TRANSACTED,"{""action"":""BUY"",""order_id"":1818,""period"":1,""price"":null,""quantity"":25000.0,""quantity_filled"":25000.0,""status"":""TRANSACTED"",""tick"":259,""ticker"":""CRZY"",""trader_id"":""Adderall.exe"",""type"":""MARKET"",""vwap"":10.07316}","{""action"":""BUY"",""order_id"":1818,""period"":1,""price"":null,""quantity"":25000.0,""quantity_filled"":25000.0,""status"":""TRANSACTED"",""tick"":259,""ticker"":""CRZY"",""trader_id"":""Adderall.exe"",""type"":""MARKET"",""vwap"":10.07316}",
20260922T043702Z-2c8c3de9,20260922T043702Z-2c8c3de9-H0005,3372,20260922T043702Z-2c8c3de9-20260922T043702Z-2c8c3de9-H0005-T3372-3ec751,2,PIPELINE,2026-09-22T05:03:10.976+00:00,CRZY,BUY,25000,10.1312,10.14,True,1819,1062.330099999599,1098.2202999994115,35.84910000022501,0.0,25000,10.1312,,0.0,-0.0,TRANSACTED,"{""action"":""BUY"",""order_id"":1819,""period"":1,""price"":null,""quantity"":25000.0,""quantity_filled"":25000.0,""status"":""TRANSACTED"",""tick"":259,""ticker"":""CRZY"",""trader_id"":""Adderall.exe"",""type"":""MARKET"",""vwap"":10.1312}","{""action"":""BUY"",""order_id"":1819,""period"":1,""price"":null,""quantity"":25000.0,""quantity_filled"":25000.0,""status"":""TRANSACTED"",""tick"":259,""ticker"":""CRZY"",""trader_id"":""Adderall.exe"",""type"":""MARKET"",""vwap"":10.1312}",
20260922T043702Z-2c8c3de9,20260922T043702Z-2c8c3de9-H0005,3372,20260922T043702Z-2c8c3de9-20260922T043702Z-2c8c3de9-H0005-T3372-3ec751,3,PIPELINE,2026-09-22T05:03:11.006+00:00,CRZY,BUY,24000,10.158375,10.19,True,1820,1098.310099999253,1136.4765999996962,38.135199999436736,0.0,24000,10.158375,,0.0,-0.0,TRANSACTED,"{""action"":""BUY"",""order_id"":1820,""period"":1,""price"":null,""quantity"":24000.0,""quantity_filled"":24000.0,""status"":""TRANSACTED"",""tick"":259,""ticker"":""CRZY"",""trader_id"":""Adderall.exe"",""type"":""MARKET"",""vwap"":10.158375}","{""action"":""BUY"",""order_id"":1820,""period"":1,""price"":null,""quantity"":24000.0,""quantity_filled"":24000.0,""status"":""TRANSACTED"",""tick"":259,""ticker"":""CRZY"",""trader_id"":""Adderall.exe"",""type"":""MARKET"",""vwap"":10.158375}",
20260922T043702Z-2c8c3de9,20260922T043702Z-2c8c3de9-H0006,972,20260922T043702Z-2c8c3de9-20260922T043702Z-2c8c3de9-H0006-T972-25e9d5,1,PIPELINE,2026-09-22T05:06:20.263+00:00,CRZY,BUY,25000,10.06964,10.09,True,595,980.324300000575,1032.5702000000092,52.2105000000447,0.0,25000,10.06964,,0.0,-0.0,TRANSACTED,"{""action"":""BUY"",""order_id"":595,""period"":1,""price"":null,""quantity"":25000.0,""quantity_filled"":25000.0,""status"":""TRANSACTED"",""tick"":87,""ticker"":""CRZY"",""trader_id"":""Adderall.exe"",""type"":""MARKET"",""vwap"":10.06964}","{""action"":""BUY"",""order_id"":595,""period"":1,""price"":null,""quantity"":25000.0,""quantity_filled"":25000.0,""status"":""TRANSACTED"",""tick"":87,""ticker"":""CRZY"",""trader_id"":""Adderall.exe"",""type"":""MARKET"",""vwap"":10.06964}",
20260922T043702Z-2c8c3de9,20260922T043702Z-2c8c3de9-H0006,972,20260922T043702Z-2c8c3de9-20260922T043702Z-2c8c3de9-H0006-T972-25e9d5,2,PIPELINE,2026-09-22T05:06:20.303+00:00,CRZY,BUY,25000,10.10376,10.12,True,596,1032.6783000000432,1073.372300000301,40.66430000029504,0.0,25000,10.10376,,0.0,-0.0,TRANSACTED,"{""action"":""BUY"",""order_id"":596,""period"":1,""price"":null,""quantity"":25000.0,""quantity_filled"":25000.0,""status"":""TRANSACTED"",""tick"":87,""ticker"":""CRZY"",""trader_id"":""Adderall.exe"",""type"":""MARKET"",""vwap"":10.10376}","{""action"":""BUY"",""order_id"":596,""period"":1,""price"":null,""quantity"":25000.0,""quantity_filled"":25000.0,""status"":""TRANSACTED"",""tick"":87,""ticker"":""CRZY"",""trader_id"":""Adderall.exe"",""type"":""MARKET"",""vwap"":10.10376}",
20260922T043702Z-2c8c3de9,20260922T043702Z-2c8c3de9-H0006,972,20260922T043702Z-2c8c3de9-20260922T043702Z-2c8c3de9-H0006-T972-25e9d5,3,PIPELINE,2026-09-22T05:06:20.333+00:00,CRZY,BUY,17000,10.126,10.13,True,597,1073.4204000000318,1106.5982999998596,33.14619999937713,0.0,17000,10.126,,0.0,-0.0,TRANSACTED,"{""action"":""BUY"",""order_id"":597,""period"":1,""price"":null,""quantity"":17000.0,""quantity_filled"":17000.0,""status"":""TRANSACTED"",""tick"":87,""ticker"":""CRZY"",""trader_id"":""Adderall.exe"",""type"":""MARKET"",""vwap"":10.126}","{""action"":""BUY"",""order_id"":597,""period"":1,""price"":null,""quantity"":17000.0,""quantity_filled"":17000.0,""status"":""TRANSACTED"",""tick"":87,""ticker"":""CRZY"",""trader_id"":""Adderall.exe"",""type"":""MARKET"",""vwap"":10.126}",
20260922T043702Z-2c8c3de9,20260922T043702Z-2c8c3de9-H0006,2572,20260922T043702Z-2c8c3de9-20260922T043702Z-2c8c3de9-H0006-T2572-7b7dcb,1,PIPELINE,2026-09-22T05:08:10.891+00:00,CRZY,BUY,25000,10.09668,10.11,True,1379,978.6349999994854,1031.995299999835,53.29909999947995,0.0,25000,10.09668,,0.0,-0.0,TRANSACTED,"{""action"":""BUY"",""order_id"":1379,""period"":1,""price"":null,""quantity"":25000.0,""quantity_filled"":25000.0,""status"":""TRANSACTED"",""tick"":197,""ticker"":""CRZY"",""trader_id"":""Adderall.exe"",""type"":""MARKET"",""vwap"":10.09668}","{""action"":""BUY"",""order_id"":1379,""period"":1,""price"":null,""quantity"":25000.0,""quantity_filled"":25000.0,""status"":""TRANSACTED"",""tick"":197,""ticker"":""CRZY"",""trader_id"":""Adderall.exe"",""type"":""MARKET"",""vwap"":10.09668}",
20260922T043702Z-2c8c3de9,20260922T043702Z-2c8c3de9-H0006,2572,20260922T043702Z-2c8c3de9-20260922T043702Z-2c8c3de9-H0006-T2572-7b7dcb,2,PIPELINE,2026-09-22T05:08:10.925+00:00,CRZY,BUY,25000,10.129,10.14,True,1381,1032.068999999865,1067.4937999992835,35.39819999970496,0.0,25000,10.129,,0.0,-0.0,TRANSACTED,"{""action"":""BUY"",""order_id"":1381,""period"":1,""price"":null,""quantity"":25000.0,""quantity_filled"":25000.0,""status"":""TRANSACTED"",""tick"":197,""ticker"":""CRZY"",""trader_id"":""Adderall.exe"",""type"":""MARKET"",""vwap"":10.129}","{""action"":""BUY"",""order_id"":1381,""period"":1,""price"":null,""quantity"":25000.0,""quantity_filled"":25000.0,""status"":""TRANSACTED"",""tick"":197,""ticker"":""CRZY"",""trader_id"":""Adderall.exe"",""type"":""MARKET"",""vwap"":10.129}",
20260922T043702Z-2c8c3de9,20260922T043702Z-2c8c3de9-H0006,2572,20260922T043702Z-2c8c3de9-20260922T043702Z-2c8c3de9-H0006-T2572-7b7dcb,3,PIPELINE,2026-09-22T05:08:10.966+00:00,CRZY,BUY,23000,10.142304347826087,10.15,True,1382,1067.5377999996272,1106.0145999999804,38.44700000062585,0.0,23000,10.142304347826087,,0.0,-0.0,TRANSACTED,"{""action"":""BUY"",""order_id"":1382,""period"":1,""price"":null,""quantity"":23000.0,""quantity_filled"":23000.0,""status"":""TRANSACTED"",""tick"":197,""ticker"":""CRZY"",""trader_id"":""Adderall.exe"",""type"":""MARKET"",""vwap"":10.142304347826087}","{""action"":""BUY"",""order_id"":1382,""period"":1,""price"":null,""quantity"":23000.0,""quantity_filled"":23000.0,""status"":""TRANSACTED"",""tick"":197,""ticker"":""CRZY"",""trader_id"":""Adderall.exe"",""type"":""MARKET"",""vwap"":10.142304347826087}",
20260922T043702Z-2c8c3de9,20260922T043702Z-2c8c3de9-H0006,3372,20260922T043702Z-2c8c3de9-20260922T043702Z-2c8c3de9-H0006-T3372-fd9f05,1,PIPELINE,2026-09-22T05:09:25.379+00:00,TAME,SELL,10000,24.9,24.9,True,1854,1000.9058999994522,1038.6327999995046,37.68539999984205,0.0,10000,24.9,,0.0,-0.0,TRANSACTED,"{""action"":""SELL"",""order_id"":1854,""period"":1,""price"":null,""quantity"":10000.0,""quantity_filled"":10000.0,""status"":""TRANSACTED"",""tick"":271,""ticker"":""TAME"",""trader_id"":""Adderall.exe"",""type"":""MARKET"",""vwap"":24.9}","{""action"":""SELL"",""order_id"":1854,""period"":1,""price"":null,""quantity"":10000.0,""quantity_filled"":10000.0,""status"":""TRANSACTED"",""tick"":271,""ticker"":""TAME"",""trader_id"":""Adderall.exe"",""type"":""MARKET"",""vwap"":24.9}",
20260922T043702Z-2c8c3de9,20260922T043702Z-2c8c3de9-H0006,3372,20260922T043702Z-2c8c3de9-20260922T043702Z-2c8c3de9-H0006-T3372-fd9f05,2,PIPELINE,2026-09-22T05:09:25.424+00:00,TAME,SELL,10000,24.8989,24.89,True,1855,1038.7176999993244,1074.146599999949,35.39390000049025,0.0,10000,24.8989,,0.0,-0.0,TRANSACTED,"{""action"":""SELL"",""order_id"":1855,""period"":1,""price"":null,""quantity"":10000.0,""quantity_filled"":10000.0,""status"":""TRANSACTED"",""tick"":271,""ticker"":""TAME"",""trader_id"":""Adderall.exe"",""type"":""MARKET"",""vwap"":24.8989}","{""action"":""SELL"",""order_id"":1855,""period"":1,""price"":null,""quantity"":10000.0,""quantity_filled"":10000.0,""status"":""TRANSACTED"",""tick"":271,""ticker"":""TAME"",""trader_id"":""Adderall.exe"",""type"":""MARKET"",""vwap"":24.8989}",
20260922T043702Z-2c8c3de9,20260922T043702Z-2c8c3de9-H0006,3372,20260922T043702Z-2c8c3de9-20260922T043702Z-2c8c3de9-H0006-T3372-fd9f05,3,PIPELINE,2026-09-22T05:09:25.459+00:00,TAME,SELL,10000,24.8618,24.83,True,1856,1074.1916999995738,1110.8964999993987,36.68060000054538,0.0,10000,24.8618,,0.0,-0.0,TRANSACTED,"{""action"":""SELL"",""order_id"":1856,""period"":1,""price"":null,""quantity"":10000.0,""quantity_filled"":10000.0,""status"":""TRANSACTED"",""tick"":271,""ticker"":""TAME"",""trader_id"":""Adderall.exe"",""type"":""MARKET"",""vwap"":24.8618}","{""action"":""SELL"",""order_id"":1856,""period"":1,""price"":null,""quantity"":10000.0,""quantity_filled"":10000.0,""status"":""TRANSACTED"",""tick"":271,""ticker"":""TAME"",""trader_id"":""Adderall.exe"",""type"":""MARKET"",""vwap"":24.8618}",
20260922T043702Z-2c8c3de9,20260922T043702Z-2c8c3de9-H0006,3372,20260922T043702Z-2c8c3de9-20260922T043702Z-2c8c3de9-H0006-T3372-fd9f05,4,PIPELINE,2026-09-22T05:09:25.495+00:00,TAME,SELL,10000,24.8231,24.82,True,1857,1110.9430999995311,1145.2635999994527,34.29739999957383,0.0,10000,24.8231,,0.0,-0.0,TRANSACTED,"{""action"":""SELL"",""order_id"":1857,""period"":1,""price"":null,""quantity"":10000.0,""quantity_filled"":10000.0,""status"":""TRANSACTED"",""tick"":271,""ticker"":""TAME"",""trader_id"":""Adderall.exe"",""type"":""MARKET"",""vwap"":24.8231}","{""action"":""SELL"",""order_id"":1857,""period"":1,""price"":null,""quantity"":10000.0,""quantity_filled"":10000.0,""status"":""TRANSACTED"",""tick"":271,""ticker"":""TAME"",""trader_id"":""Adderall.exe"",""type"":""MARKET"",""vwap"":24.8231}",
20260922T043702Z-2c8c3de9,20260922T043702Z-2c8c3de9-H0006,3372,20260922T043702Z-2c8c3de9-20260922T043702Z-2c8c3de9-H0006-T3372-fd9f05,5,PIPELINE,2026-09-22T05:09:25.530+00:00,TAME,SELL,10000,24.8125,24.81,True,1858,1145.3068999999232,1180.4959999999483,35.16540000028908,0.0,10000,24.8125,,0.0,-0.0,TRANSACTED,"{""action"":""SELL"",""order_id"":1858,""period"":1,""price"":null,""quantity"":10000.0,""quantity_filled"":10000.0,""status"":""TRANSACTED"",""tick"":271,""ticker"":""TAME"",""trader_id"":""Adderall.exe"",""type"":""MARKET"",""vwap"":24.8125}","{""action"":""SELL"",""order_id"":1858,""period"":1,""price"":null,""quantity"":10000.0,""quantity_filled"":10000.0,""status"":""TRANSACTED"",""tick"":271,""ticker"":""TAME"",""trader_id"":""Adderall.exe"",""type"":""MARKET"",""vwap"":24.8125}",
20260922T043702Z-2c8c3de9,20260922T043702Z-2c8c3de9-H0006,3372,20260922T043702Z-2c8c3de9-20260922T043702Z-2c8c3de9-H0006-T3372-fd9f05,6,PIPELINE,2026-09-22T05:09:25.560+00:00,TAME,SELL,10000,24.8079,24.8,True,1859,1180.5422999996154,1218.11389999948,37.540400001220405,0.0,10000,24.8079,,0.0,-0.0,TRANSACTED,"{""action"":""SELL"",""order_id"":1859,""period"":1,""price"":null,""quantity"":10000.0,""quantity_filled"":10000.0,""status"":""TRANSACTED"",""tick"":271,""ticker"":""TAME"",""trader_id"":""Adderall.exe"",""type"":""MARKET"",""vwap"":24.8079}","{""action"":""SELL"",""order_id"":1859,""period"":1,""price"":null,""quantity"":10000.0,""quantity_filled"":10000.0,""status"":""TRANSACTED"",""tick"":271,""ticker"":""TAME"",""trader_id"":""Adderall.exe"",""type"":""MARKET"",""vwap"":24.8079}",
20260922T043702Z-2c8c3de9,20260922T043702Z-2c8c3de9-H0006,3372,20260922T043702Z-2c8c3de9-20260922T043702Z-2c8c3de9-H0006-T3372-fd9f05,7,PIPELINE,2026-09-22T05:09:25.602+00:00,TAME,SELL,10000,24.794,24.78,True,1860,1218.2076999997662,1257.1889999999257,38.902999999932945,0.0,10000,24.794,,0.0,-0.0,TRANSACTED,"{""action"":""SELL"",""order_id"":1860,""period"":1,""price"":null,""quantity"":10000.0,""quantity_filled"":10000.0,""status"":""TRANSACTED"",""tick"":271,""ticker"":""TAME"",""trader_id"":""Adderall.exe"",""type"":""MARKET"",""vwap"":24.794}","{""action"":""SELL"",""order_id"":1860,""period"":1,""price"":null,""quantity"":10000.0,""quantity_filled"":10000.0,""status"":""TRANSACTED"",""tick"":271,""ticker"":""TAME"",""trader_id"":""Adderall.exe"",""type"":""MARKET"",""vwap"":24.794}",
20260922T043702Z-2c8c3de9,20260922T043702Z-2c8c3de9-H0006,3372,20260922T043702Z-2c8c3de9-20260922T043702Z-2c8c3de9-H0006-T3372-fd9f05,8,PIPELINE,2026-09-22T05:09:25.639+00:00,TAME,SELL,2000,24.78,24.78,True,1861,1257.2721999995338,1290.4692999991312,33.1480000000447,0.0,2000,24.78,,0.0,-0.0,TRANSACTED,"{""action"":""SELL"",""order_id"":1861,""period"":1,""price"":null,""quantity"":2000.0,""quantity_filled"":2000.0,""status"":""TRANSACTED"",""tick"":271,""ticker"":""TAME"",""trader_id"":""Adderall.exe"",""type"":""MARKET"",""vwap"":24.78}","{""action"":""SELL"",""order_id"":1861,""period"":1,""price"":null,""quantity"":2000.0,""quantity_filled"":2000.0,""status"":""TRANSACTED"",""tick"":271,""ticker"":""TAME"",""trader_id"":""Adderall.exe"",""type"":""MARKET"",""vwap"":24.78}",
20260922T043702Z-2c8c3de9,20260922T043702Z-2c8c3de9-H0007,3372,20260922T043702Z-2c8c3de9-20260922T043702Z-2c8c3de9-H0007-T3372-5fe317,1,PIPELINE,2026-09-22T05:15:16.723+00:00,CRZY,BUY,25000,9.19764,9.22,True,1820,999.6002999996563,1050.467999999455,50.82929999940097,0.0,25000,9.19764,,0.0,-0.0,TRANSACTED,"{""action"":""BUY"",""order_id"":1820,""period"":1,""price"":null,""quantity"":25000.0,""quantity_filled"":25000.0,""status"":""TRANSACTED"",""tick"":260,""ticker"":""CRZY"",""trader_id"":""Adderall.exe"",""type"":""MARKET"",""vwap"":9.19764}","{""action"":""BUY"",""order_id"":1820,""period"":1,""price"":null,""quantity"":25000.0,""quantity_filled"":25000.0,""status"":""TRANSACTED"",""tick"":260,""ticker"":""CRZY"",""trader_id"":""Adderall.exe"",""type"":""MARKET"",""vwap"":9.19764}",
20260922T043702Z-2c8c3de9,20260922T043702Z-2c8c3de9-H0007,3372,20260922T043702Z-2c8c3de9-20260922T043702Z-2c8c3de9-H0007-T3372-5fe317,2,PIPELINE,2026-09-22T05:15:16.755+00:00,CRZY,BUY,25000,9.24348,9.25,True,1821,1050.5432999998447,1085.7395000002725,35.146099999547005,0.0,25000,9.24348,,0.0,-0.0,TRANSACTED,"{""action"":""BUY"",""order_id"":1821,""period"":1,""price"":null,""quantity"":25000.0,""quantity_filled"":25000.0,""status"":""TRANSACTED"",""tick"":260,""ticker"":""CRZY"",""trader_id"":""Adderall.exe"",""type"":""MARKET"",""vwap"":9.24348}","{""action"":""BUY"",""order_id"":1821,""period"":1,""price"":null,""quantity"":25000.0,""quantity_filled"":25000.0,""status"":""TRANSACTED"",""tick"":260,""ticker"":""CRZY"",""trader_id"":""Adderall.exe"",""type"":""MARKET"",""vwap"":9.24348}",
20260922T043702Z-2c8c3de9,20260922T043702Z-2c8c3de9-H0007,3372,20260922T043702Z-2c8c3de9-20260922T043702Z-2c8c3de9-H0007-T3372-5fe317,3,PIPELINE,2026-09-22T05:15:16.796+00:00,CRZY,BUY,17000,9.273470588235295,9.33,True,1822,1085.8461999996507,1120.10250000003,34.211799999699,0.0,17000,9.273470588235295,,0.0,-0.0,TRANSACTED,"{""action"":""BUY"",""order_id"":1822,""period"":1,""price"":null,""quantity"":17000.0,""quantity_filled"":17000.0,""status"":""TRANSACTED"",""tick"":260,""ticker"":""CRZY"",""trader_id"":""Adderall.exe"",""type"":""MARKET"",""vwap"":9.273470588235295}","{""action"":""BUY"",""order_id"":1822,""period"":1,""price"":null,""quantity"":17000.0,""quantity_filled"":17000.0,""status"":""TRANSACTED"",""tick"":260,""ticker"":""CRZY"",""trader_id"":""Adderall.exe"",""type"":""MARKET"",""vwap"":9.273470588235295}",
20260922T043702Z-2c8c3de9,20260922T043702Z-2c8c3de9-H0008,172,20260922T043702Z-2c8c3de9-20260922T043702Z-2c8c3de9-H0008-T172-f958cf,1,PIPELINE,2026-09-22T05:17:17.661+00:00,TAME,BUY,10000,24.9692,24.98,True,150,1006.2307999996847,1040.9202000000732,34.64810000080615,0.0,10000,24.9692,,0.0,-0.0,TRANSACTED,"{""action"":""BUY"",""order_id"":150,""period"":1,""price"":null,""quantity"":10000.0,""quantity_filled"":10000.0,""status"":""TRANSACTED"",""tick"":20,""ticker"":""TAME"",""trader_id"":""Adderall.exe"",""type"":""MARKET"",""vwap"":24.9692}","{""action"":""BUY"",""order_id"":150,""period"":1,""price"":null,""quantity"":10000.0,""quantity_filled"":10000.0,""status"":""TRANSACTED"",""tick"":20,""ticker"":""TAME"",""trader_id"":""Adderall.exe"",""type"":""MARKET"",""vwap"":24.9692}",
20260922T043702Z-2c8c3de9,20260922T043702Z-2c8c3de9-H0008,172,20260922T043702Z-2c8c3de9-20260922T043702Z-2c8c3de9-H0008-T172-f958cf,2,PIPELINE,2026-09-22T05:17:17.715+00:00,TAME,BUY,10000,24.98,24.98,True,152,1041.0001000000193,1095.5110000004424,54.47129999939352,0.0,10000,24.98,,0.0,-0.0,TRANSACTED,"{""action"":""BUY"",""order_id"":152,""period"":1,""price"":null,""quantity"":10000.0,""quantity_filled"":10000.0,""status"":""TRANSACTED"",""tick"":20,""ticker"":""TAME"",""trader_id"":""Adderall.exe"",""type"":""MARKET"",""vwap"":24.98}","{""action"":""BUY"",""order_id"":152,""period"":1,""price"":null,""quantity"":10000.0,""quantity_filled"":10000.0,""status"":""TRANSACTED"",""tick"":20,""ticker"":""TAME"",""trader_id"":""Adderall.exe"",""type"":""MARKET"",""vwap"":24.98}",
20260922T043702Z-2c8c3de9,20260922T043702Z-2c8c3de9-H0008,172,20260922T043702Z-2c8c3de9-20260922T043702Z-2c8c3de9-H0008-T172-f958cf,3,PIPELINE,2026-09-22T05:17:17.751+00:00,TAME,BUY,10000,24.989699999999996,24.99,True,153,1095.5912999997963,1131.853200000478,36.22290000040084,0.0,10000,24.9897,,-3.552713678800501e-15,3.552713678800501e-15,TRANSACTED,"{""action"":""BUY"",""order_id"":153,""period"":1,""price"":null,""quantity"":10000.0,""quantity_filled"":10000.0,""status"":""TRANSACTED"",""tick"":20,""ticker"":""TAME"",""trader_id"":""Adderall.exe"",""type"":""MARKET"",""vwap"":24.9897}","{""action"":""BUY"",""order_id"":153,""period"":1,""price"":null,""quantity"":10000.0,""quantity_filled"":10000.0,""status"":""TRANSACTED"",""tick"":20,""ticker"":""TAME"",""trader_id"":""Adderall.exe"",""type"":""MARKET"",""vwap"":24.9897}",
20260922T043702Z-2c8c3de9,20260922T043702Z-2c8c3de9-H0008,172,20260922T043702Z-2c8c3de9-20260922T043702Z-2c8c3de9-H0008-T172-f958cf,4,PIPELINE,2026-09-22T05:17:17.791+00:00,TAME,BUY,10000,25.0164,25.02,True,154,1131.923199999619,1170.313999999962,38.35020000021905,0.0,10000,25.0164,,0.0,-0.0,TRANSACTED,"{""action"":""BUY"",""order_id"":154,""period"":1,""price"":null,""quantity"":10000.0,""quantity_filled"":10000.0,""status"":""TRANSACTED"",""tick"":20,""ticker"":""TAME"",""trader_id"":""Adderall.exe"",""type"":""MARKET"",""vwap"":25.0164}","{""action"":""BUY"",""order_id"":154,""period"":1,""price"":null,""quantity"":10000.0,""quantity_filled"":10000.0,""status"":""TRANSACTED"",""tick"":20,""ticker"":""TAME"",""trader_id"":""Adderall.exe"",""type"":""MARKET"",""vwap"":25.0164}",
20260922T043702Z-2c8c3de9,20260922T043702Z-2c8c3de9-H0008,172,20260922T043702Z-2c8c3de9-20260922T043702Z-2c8c3de9-H0008-T172-f958cf,5,PIPELINE,2026-09-22T05:17:17.821+00:00,TAME,BUY,10000,25.032,25.05,True,155,1170.3975999998875,1203.7884999999733,33.350899999029934,0.0,10000,25.032,,0.0,-0.0,TRANSACTED,"{""action"":""BUY"",""order_id"":155,""period"":1,""price"":null,""quantity"":10000.0,""quantity_filled"":10000.0,""status"":""TRANSACTED"",""tick"":20,""ticker"":""TAME"",""trader_id"":""Adderall.exe"",""type"":""MARKET"",""vwap"":25.032}","{""action"":""BUY"",""order_id"":155,""period"":1,""price"":null,""quantity"":10000.0,""quantity_filled"":10000.0,""status"":""TRANSACTED"",""tick"":20,""ticker"":""TAME"",""trader_id"":""Adderall.exe"",""type"":""MARKET"",""vwap"":25.032}",
20260922T043702Z-2c8c3de9,20260922T043702Z-2c8c3de9-H0008,172,20260922T043702Z-2c8c3de9-20260922T043702Z-2c8c3de9-H0008-T172-f958cf,6,PIPELINE,2026-09-22T05:17:17.861+00:00,TAME,BUY,10000,25.0527,25.06,True,156,1203.8683999999193,1239.8420999998052,35.928299999795854,0.0,10000,25.0527,,0.0,-0.0,TRANSACTED,"{""action"":""BUY"",""order_id"":156,""period"":1,""price"":null,""quantity"":10000.0,""quantity_filled"":10000.0,""status"":""TRANSACTED"",""tick"":20,""ticker"":""TAME"",""trader_id"":""Adderall.exe"",""type"":""MARKET"",""vwap"":25.0527}","{""action"":""BUY"",""order_id"":156,""period"":1,""price"":null,""quantity"":10000.0,""quantity_filled"":10000.0,""status"":""TRANSACTED"",""tick"":20,""ticker"":""TAME"",""trader_id"":""Adderall.exe"",""type"":""MARKET"",""vwap"":25.0527}",
20260922T043702Z-2c8c3de9,20260922T043702Z-2c8c3de9-H0008,172,20260922T043702Z-2c8c3de9-20260922T043702Z-2c8c3de9-H0008-T172-f958cf,7,PIPELINE,2026-09-22T05:17:17.891+00:00,TAME,BUY,7000,25.066,25.08,True,157,1239.9310999999216,1273.7144000002445,33.74710000026971,0.0,7000,25.066,,0.0,-0.0,TRANSACTED,"{""action"":""BUY"",""order_id"":157,""period"":1,""price"":null,""quantity"":7000.0,""quantity_filled"":7000.0,""status"":""TRANSACTED"",""tick"":20,""ticker"":""TAME"",""trader_id"":""Adderall.exe"",""type"":""MARKET"",""vwap"":25.066}","{""action"":""BUY"",""order_id"":157,""period"":1,""price"":null,""quantity"":7000.0,""quantity_filled"":7000.0,""status"":""TRANSACTED"",""tick"":20,""ticker"":""TAME"",""trader_id"":""Adderall.exe"",""type"":""MARKET"",""vwap"":25.066}",
20260922T043702Z-2c8c3de9,20260922T043702Z-2c8c3de9-H0008,2572,20260922T043702Z-2c8c3de9-20260922T043702Z-2c8c3de9-H0008-T2572-e8379e,1,PIPELINE,2026-09-22T05:20:28.678+00:00,TAME,BUY,10000,23.92,23.92,True,1449,970.3538000003391,1023.6875000000509,53.26539999991655,0.0,10000,23.92,,0.0,-0.0,TRANSACTED,"{""action"":""BUY"",""order_id"":1449,""period"":1,""price"":null,""quantity"":10000.0,""quantity_filled"":10000.0,""status"":""TRANSACTED"",""tick"":210,""ticker"":""TAME"",""trader_id"":""Adderall.exe"",""type"":""MARKET"",""vwap"":23.92}","{""action"":""BUY"",""order_id"":1449,""period"":1,""price"":null,""quantity"":10000.0,""quantity_filled"":10000.0,""status"":""TRANSACTED"",""tick"":210,""ticker"":""TAME"",""trader_id"":""Adderall.exe"",""type"":""MARKET"",""vwap"":23.92}",
20260922T043702Z-2c8c3de9,20260922T043702Z-2c8c3de9-H0008,2572,20260922T043702Z-2c8c3de9-20260922T043702Z-2c8c3de9-H0008-T2572-e8379e,2,PIPELINE,2026-09-22T05:20:28.713+00:00,TAME,BUY,10000,23.9348,23.95,True,1450,1023.7752000002729,1059.7606000001178,35.95370000042021,0.0,10000,23.9348,,0.0,-0.0,TRANSACTED,"{""action"":""BUY"",""order_id"":1450,""period"":1,""price"":null,""quantity"":10000.0,""quantity_filled"":10000.0,""status"":""TRANSACTED"",""tick"":210,""ticker"":""TAME"",""trader_id"":""Adderall.exe"",""type"":""MARKET"",""vwap"":23.9348}","{""action"":""BUY"",""order_id"":1450,""period"":1,""price"":null,""quantity"":10000.0,""quantity_filled"":10000.0,""status"":""TRANSACTED"",""tick"":210,""ticker"":""TAME"",""trader_id"":""Adderall.exe"",""type"":""MARKET"",""vwap"":23.9348}",
20260922T043702Z-2c8c3de9,20260922T043702Z-2c8c3de9-H0008,2572,20260922T043702Z-2c8c3de9-20260922T043702Z-2c8c3de9-H0008-T2572-e8379e,3,PIPELINE,2026-09-22T05:20:28.747+00:00,TAME,BUY,10000,23.95,23.95,True,1451,1059.8125999995318,1093.2981999994809,33.450000000186265,0.0,10000,23.95,,0.0,-0.0,TRANSACTED,"{""action"":""BUY"",""order_id"":1451,""period"":1,""price"":null,""quantity"":10000.0,""quantity_filled"":10000.0,""status"":""TRANSACTED"",""tick"":210,""ticker"":""TAME"",""trader_id"":""Adderall.exe"",""type"":""MARKET"",""vwap"":23.95}","{""action"":""BUY"",""order_id"":1451,""period"":1,""price"":null,""quantity"":10000.0,""quantity_filled"":10000.0,""status"":""TRANSACTED"",""tick"":210,""ticker"":""TAME"",""trader_id"":""Adderall.exe"",""type"":""MARKET"",""vwap"":23.95}",
20260922T043702Z-2c8c3de9,20260922T043702Z-2c8c3de9-H0008,2572,20260922T043702Z-2c8c3de9-20260922T043702Z-2c8c3de9-H0008-T2572-e8379e,4,PIPELINE,2026-09-22T05:20:28.777+00:00,TAME,BUY,10000,23.9604,23.97,True,1452,1093.374799999765,1127.181400000154,33.76809999998659,0.0,10000,23.9604,,0.0,-0.0,TRANSACTED,"{""action"":""BUY"",""order_id"":1452,""period"":1,""price"":null,""quantity"":10000.0,""quantity_filled"":10000.0,""status"":""TRANSACTED"",""tick"":210,""ticker"":""TAME"",""trader_id"":""Adderall.exe"",""type"":""MARKET"",""vwap"":23.9604}","{""action"":""BUY"",""order_id"":1452,""period"":1,""price"":null,""quantity"":10000.0,""quantity_filled"":10000.0,""status"":""TRANSACTED"",""tick"":210,""ticker"":""TAME"",""trader_id"":""Adderall.exe"",""type"":""MARKET"",""vwap"":23.9604}",
20260922T043702Z-2c8c3de9,20260922T043702Z-2c8c3de9-H0008,2572,20260922T043702Z-2c8c3de9-20260922T043702Z-2c8c3de9-H0008-T2572-e8379e,5,PIPELINE,2026-09-22T05:20:28.807+00:00,TAME,BUY,10000,23.9788,23.99,True,1454,1127.255200000036,1159.378000000288,32.08529999945313,0.0,10000,23.9373,,0.041499999999999204,-0.041499999999999204,TRANSACTED,"{""action"":""BUY"",""order_id"":1454,""period"":1,""price"":null,""quantity"":10000.0,""quantity_filled"":10000.0,""status"":""TRANSACTED"",""tick"":210,""ticker"":""TAME"",""trader_id"":""Adderall.exe"",""type"":""MARKET"",""vwap"":23.9373}","{""action"":""BUY"",""order_id"":1454,""period"":1,""price"":null,""quantity"":10000.0,""quantity_filled"":10000.0,""status"":""TRANSACTED"",""tick"":210,""ticker"":""TAME"",""trader_id"":""Adderall.exe"",""type"":""MARKET"",""vwap"":23.9373}",
20260922T043702Z-2c8c3de9,20260922T043702Z-2c8c3de9-H0008,2572,20260922T043702Z-2c8c3de9-20260922T043702Z-2c8c3de9-H0008-T2572-e8379e,6,PIPELINE,2026-09-22T05:20:28.857+00:00,TAME,BUY,10000,23.9967,24.0,True,1455,1159.4531000000643,1206.3031999996383,46.82119999919087,0.0,10000,23.9892,,0.007500000000000284,-0.007500000000000284,TRANSACTED,"{""action"":""BUY"",""order_id"":1455,""period"":1,""price"":null,""quantity"":10000.0,""quantity_filled"":10000.0,""status"":""TRANSACTED"",""tick"":210,""ticker"":""TAME"",""trader_id"":""Adderall.exe"",""type"":""MARKET"",""vwap"":23.9892}","{""action"":""BUY"",""order_id"":1455,""period"":1,""price"":null,""quantity"":10000.0,""quantity_filled"":10000.0,""status"":""TRANSACTED"",""tick"":210,""ticker"":""TAME"",""trader_id"":""Adderall.exe"",""type"":""MARKET"",""vwap"":23.9892}",
20260922T043702Z-2c8c3de9,20260922T043702Z-2c8c3de9-H0008,2572,20260922T043702Z-2c8c3de9-20260922T043702Z-2c8c3de9-H0008-T2572-e8379e,7,PIPELINE,2026-09-22T05:20:28.887+00:00,TAME,BUY,9000,24.00422222222222,24.01,True,1456,1206.3519000002998,1239.2079000001104,32.82519999984652,0.0,9000,24.0,,0.004222222222221461,-0.004222222222221461,TRANSACTED,"{""action"":""BUY"",""order_id"":1456,""period"":1,""price"":null,""quantity"":9000.0,""quantity_filled"":9000.0,""status"":""TRANSACTED"",""tick"":210,""ticker"":""TAME"",""trader_id"":""Adderall.exe"",""type"":""MARKET"",""vwap"":24.0}","{""action"":""BUY"",""order_id"":1456,""period"":1,""price"":null,""quantity"":9000.0,""quantity_filled"":9000.0,""status"":""TRANSACTED"",""tick"":210,""ticker"":""TAME"",""trader_id"":""Adderall.exe"",""type"":""MARKET"",""vwap"":24.0}",
20260922T043702Z-2c8c3de9,20260922T043702Z-2c8c3de9-H0009,972,20260922T043702Z-2c8c3de9-20260922T043702Z-2c8c3de9-H0009-T972-513687,1,PIPELINE,2026-09-22T05:24:30.213+00:00,CRZY,BUY,25000,9.82756,9.86,True,600,1000.8019000006243,1034.1060000000653,33.27280000038445,0.0,25000,9.82756,,0.0,-0.0,TRANSACTED,"{""action"":""BUY"",""order_id"":600,""period"":1,""price"":null,""quantity"":25000.0,""quantity_filled"":25000.0,""status"":""TRANSACTED"",""tick"":90,""ticker"":""CRZY"",""trader_id"":""Adderall.exe"",""type"":""MARKET"",""vwap"":9.82756}","{""action"":""BUY"",""order_id"":600,""period"":1,""price"":null,""quantity"":25000.0,""quantity_filled"":25000.0,""status"":""TRANSACTED"",""tick"":90,""ticker"":""CRZY"",""trader_id"":""Adderall.exe"",""type"":""MARKET"",""vwap"":9.82756}",
20260922T043702Z-2c8c3de9,20260922T043702Z-2c8c3de9-H0009,972,20260922T043702Z-2c8c3de9-20260922T043702Z-2c8c3de9-H0009-T972-513687,2,PIPELINE,2026-09-22T05:24:30.273+00:00,CRZY,BUY,25000,9.87428,9.9,True,601,1034.1668000000936,1090.0906000006216,55.88119999971241,0.0,25000,9.87428,,0.0,-0.0,TRANSACTED,"{""action"":""BUY"",""order_id"":601,""period"":1,""price"":null,""quantity"":25000.0,""quantity_filled"":25000.0,""status"":""TRANSACTED"",""tick"":90,""ticker"":""CRZY"",""trader_id"":""Adderall.exe"",""type"":""MARKET"",""vwap"":9.87428}","{""action"":""BUY"",""order_id"":601,""period"":1,""price"":null,""quantity"":25000.0,""quantity_filled"":25000.0,""status"":""TRANSACTED"",""tick"":90,""ticker"":""CRZY"",""trader_id"":""Adderall.exe"",""type"":""MARKET"",""vwap"":9.87428}",
20260922T043702Z-2c8c3de9,20260922T043702Z-2c8c3de9-H0009,972,20260922T043702Z-2c8c3de9-20260922T043702Z-2c8c3de9-H0009-T972-513687,3,PIPELINE,2026-09-22T05:24:30.318+00:00,CRZY,BUY,19000,9.911263157894737,9.92,True,602,1090.1897000003373,1134.9064000005455,44.67489999998361,0.0,19000,9.911263157894737,,0.0,-0.0,TRANSACTED,"{""action"":""BUY"",""order_id"":602,""period"":1,""price"":null,""quantity"":19000.0,""quantity_filled"":19000.0,""status"":""TRANSACTED"",""tick"":90,""ticker"":""CRZY"",""trader_id"":""Adderall.exe"",""type"":""MARKET"",""vwap"":9.911263157894737}","{""action"":""BUY"",""order_id"":602,""period"":1,""price"":null,""quantity"":19000.0,""quantity_filled"":19000.0,""status"":""TRANSACTED"",""tick"":90,""ticker"":""CRZY"",""trader_id"":""Adderall.exe"",""type"":""MARKET"",""vwap"":9.911263157894737}",
20260922T043702Z-2c8c3de9,20260922T043702Z-2c8c3de9-H0009,1772,20260922T043702Z-2c8c3de9-20260922T043702Z-2c8c3de9-H0009-T1772-eb7ab5,1,PIPELINE,2026-09-22T05:25:21.512+00:00,TAME,BUY,10000,24.920900000000003,24.93,True,979,982.2991000000911,1039.0816999997696,56.726699999533594,0.0,10000,24.9209,,3.552713678800501e-15,-3.552713678800501e-15,TRANSACTED,"{""action"":""BUY"",""order_id"":979,""period"":1,""price"":null,""quantity"":10000.0,""quantity_filled"":10000.0,""status"":""TRANSACTED"",""tick"":141,""ticker"":""TAME"",""trader_id"":""Adderall.exe"",""type"":""MARKET"",""vwap"":24.9209}","{""action"":""BUY"",""order_id"":979,""period"":1,""price"":null,""quantity"":10000.0,""quantity_filled"":10000.0,""status"":""TRANSACTED"",""tick"":141,""ticker"":""TAME"",""trader_id"":""Adderall.exe"",""type"":""MARKET"",""vwap"":24.9209}",
20260922T043702Z-2c8c3de9,20260922T043702Z-2c8c3de9-H0009,1772,20260922T043702Z-2c8c3de9-20260922T043702Z-2c8c3de9-H0009-T1772-eb7ab5,2,PIPELINE,2026-09-22T05:25:21.554+00:00,TAME,BUY,10000,24.93,24.93,True,980,1039.1540000000532,1073.0150999997932,33.82019999995828,0.0,10000,24.93,,0.0,-0.0,TRANSACTED,"{""action"":""BUY"",""order_id"":980,""period"":1,""price"":null,""quantity"":10000.0,""quantity_filled"":10000.0,""status"":""TRANSACTED"",""tick"":141,""ticker"":""TAME"",""trader_id"":""Adderall.exe"",""type"":""MARKET"",""vwap"":24.93}","{""action"":""BUY"",""order_id"":980,""period"":1,""price"":null,""quantity"":10000.0,""quantity_filled"":10000.0,""status"":""TRANSACTED"",""tick"":141,""ticker"":""TAME"",""trader_id"":""Adderall.exe"",""type"":""MARKET"",""vwap"":24.93}",
20260922T043702Z-2c8c3de9,20260922T043702Z-2c8c3de9-H0009,1772,20260922T043702Z-2c8c3de9-20260922T043702Z-2c8c3de9-H0009-T1772-eb7ab5,3,PIPELINE,2026-09-22T05:25:21.585+00:00,TAME,BUY,10000,24.9395,24.94,True,981,1073.1008000002475,1105.7442000001174,32.60520000010729,0.0,10000,24.9395,,0.0,-0.0,TRANSACTED,"{""action"":""BUY"",""order_id"":981,""period"":1,""price"":null,""quantity"":10000.0,""quantity_filled"":10000.0,""status"":""TRANSACTED"",""tick"":141,""ticker"":""TAME"",""trader_id"":""Adderall.exe"",""type"":""MARKET"",""vwap"":24.9395}","{""action"":""BUY"",""order_id"":981,""period"":1,""price"":null,""quantity"":10000.0,""quantity_filled"":10000.0,""status"":""TRANSACTED"",""tick"":141,""ticker"":""TAME"",""trader_id"":""Adderall.exe"",""type"":""MARKET"",""vwap"":24.9395}",
20260922T043702Z-2c8c3de9,20260922T043702Z-2c8c3de9-H0009,1772,20260922T043702Z-2c8c3de9-20260922T043702Z-2c8c3de9-H0009-T1772-eb7ab5,4,PIPELINE,2026-09-22T05:25:21.622+00:00,TAME,BUY,10000,24.9483,24.95,True,982,1105.8135000002949,1141.2440000003699,35.395500000566244,0.0,10000,24.9483,,0.0,-0.0,TRANSACTED,"{""action"":""BUY"",""order_id"":982,""period"":1,""price"":null,""quantity"":10000.0,""quantity_filled"":10000.0,""status"":""TRANSACTED"",""tick"":141,""ticker"":""TAME"",""trader_id"":""Adderall.exe"",""type"":""MARKET"",""vwap"":24.9483}","{""action"":""BUY"",""order_id"":982,""period"":1,""price"":null,""quantity"":10000.0,""quantity_filled"":10000.0,""status"":""TRANSACTED"",""tick"":141,""ticker"":""TAME"",""trader_id"":""Adderall.exe"",""type"":""MARKET"",""vwap"":24.9483}",
20260922T043702Z-2c8c3de9,20260922T043702Z-2c8c3de9-H0009,1772,20260922T043702Z-2c8c3de9-20260922T043702Z-2c8c3de9-H0009-T1772-eb7ab5,5,PIPELINE,2026-09-22T05:25:21.652+00:00,TAME,BUY,10000,24.9595,24.96,True,983,1141.3100999998278,1177.5056999995286,36.16000000014901,0.0,10000,24.9595,,0.0,-0.0,TRANSACTED,"{""action"":""BUY"",""order_id"":983,""period"":1,""price"":null,""quantity"":10000.0,""quantity_filled"":10000.0,""status"":""TRANSACTED"",""tick"":141,""ticker"":""TAME"",""trader_id"":""Adderall.exe"",""type"":""MARKET"",""vwap"":24.9595}","{""action"":""BUY"",""order_id"":983,""period"":1,""price"":null,""quantity"":10000.0,""quantity_filled"":10000.0,""status"":""TRANSACTED"",""tick"":141,""ticker"":""TAME"",""trader_id"":""Adderall.exe"",""type"":""MARKET"",""vwap"":24.9595}",
20260922T043702Z-2c8c3de9,20260922T043702Z-2c8c3de9-H0009,1772,20260922T043702Z-2c8c3de9-20260922T043702Z-2c8c3de9-H0009-T1772-eb7ab5,6,PIPELINE,2026-09-22T05:25:21.702+00:00,TAME,BUY,10000,24.9696,24.97,True,984,1177.5767999997697,1219.8675999998159,42.23629999998957,0.0,10000,24.9696,,0.0,-0.0,TRANSACTED,"{""action"":""BUY"",""order_id"":984,""period"":1,""price"":null,""quantity"":10000.0,""quantity_filled"":10000.0,""status"":""TRANSACTED"",""tick"":141,""ticker"":""TAME"",""trader_id"":""Adderall.exe"",""type"":""MARKET"",""vwap"":24.9696}","{""action"":""BUY"",""order_id"":984,""period"":1,""price"":null,""quantity"":10000.0,""quantity_filled"":10000.0,""status"":""TRANSACTED"",""tick"":141,""ticker"":""TAME"",""trader_id"":""Adderall.exe"",""type"":""MARKET"",""vwap"":24.9696}",
20260922T043702Z-2c8c3de9,20260922T043702Z-2c8c3de9-H0009,1772,20260922T043702Z-2c8c3de9-20260922T043702Z-2c8c3de9-H0009-T1772-eb7ab5,7,PIPELINE,2026-09-22T05:25:21.732+00:00,TAME,BUY,10000,24.9726,24.98,True,986,1219.9480999997832,1257.832999999664,37.838299999944866,0.0,10000,24.9781,,-0.005500000000001393,0.005500000000001393,TRANSACTED,"{""action"":""BUY"",""order_id"":986,""period"":1,""price"":null,""quantity"":10000.0,""quantity_filled"":10000.0,""status"":""TRANSACTED"",""tick"":141,""ticker"":""TAME"",""trader_id"":""Adderall.exe"",""type"":""MARKET"",""vwap"":24.9781}","{""action"":""BUY"",""order_id"":986,""period"":1,""price"":null,""quantity"":10000.0,""quantity_filled"":10000.0,""status"":""TRANSACTED"",""tick"":141,""ticker"":""TAME"",""trader_id"":""Adderall.exe"",""type"":""MARKET"",""vwap"":24.9781}",
20260922T043702Z-2c8c3de9,20260922T043702Z-2c8c3de9-H0009,1772,20260922T043702Z-2c8c3de9-20260922T043702Z-2c8c3de9-H0009-T1772-eb7ab5,8,PIPELINE,2026-09-22T05:25:21.772+00:00,TAME,BUY,5000,24.98,24.98,True,987,1257.923799999844,1291.8399000000136,33.80850000027567,0.0,5000,24.98,,0.0,-0.0,TRANSACTED,"{""action"":""BUY"",""order_id"":987,""period"":1,""price"":null,""quantity"":5000.0,""quantity_filled"":5000.0,""status"":""TRANSACTED"",""tick"":141,""ticker"":""TAME"",""trader_id"":""Adderall.exe"",""type"":""MARKET"",""vwap"":24.98}","{""action"":""BUY"",""order_id"":987,""period"":1,""price"":null,""quantity"":5000.0,""quantity_filled"":5000.0,""status"":""TRANSACTED"",""tick"":141,""ticker"":""TAME"",""trader_id"":""Adderall.exe"",""type"":""MARKET"",""vwap"":24.98}",
20260922T043702Z-2c8c3de9,20260922T043702Z-2c8c3de9-H0009,2572,20260922T043702Z-2c8c3de9-20260922T043702Z-2c8c3de9-H0009-T2572-22adc2,1,PIPELINE,2026-09-22T05:26:19.861+00:00,CRZY,SELL,25000,8.99092,8.95,True,1397,1001.4641999996456,1054.9477999993542,53.4546999996528,0.0,25000,8.99092,,0.0,-0.0,TRANSACTED,"{""action"":""SELL"",""order_id"":1397,""period"":1,""price"":null,""quantity"":25000.0,""quantity_filled"":25000.0,""status"":""TRANSACTED"",""tick"":199,""ticker"":""CRZY"",""trader_id"":""Adderall.exe"",""type"":""MARKET"",""vwap"":8.99092}","{""action"":""SELL"",""order_id"":1397,""period"":1,""price"":null,""quantity"":25000.0,""quantity_filled"":25000.0,""status"":""TRANSACTED"",""tick"":199,""ticker"":""CRZY"",""trader_id"":""Adderall.exe"",""type"":""MARKET"",""vwap"":8.99092}",
20260922T043702Z-2c8c3de9,20260922T043702Z-2c8c3de9-H0009,2572,20260922T043702Z-2c8c3de9-20260922T043702Z-2c8c3de9-H0009-T2572-22adc2,2,PIPELINE,2026-09-22T05:26:19.891+00:00,CRZY,SELL,25000,8.8824,8.74,True,1398,1054.9992999995084,1089.959799999633,34.93069999944419,0.0,25000,8.8824,,0.0,-0.0,TRANSACTED,"{""action"":""SELL"",""order_id"":1398,""period"":1,""price"":null,""quantity"":25000.0,""quantity_filled"":25000.0,""status"":""TRANSACTED"",""tick"":199,""ticker"":""CRZY"",""trader_id"":""Adderall.exe"",""type"":""MARKET"",""vwap"":8.8824}","{""action"":""SELL"",""order_id"":1398,""period"":1,""price"":null,""quantity"":25000.0,""quantity_filled"":25000.0,""status"":""TRANSACTED"",""tick"":199,""ticker"":""CRZY"",""trader_id"":""Adderall.exe"",""type"":""MARKET"",""vwap"":8.8824}",
20260922T043702Z-2c8c3de9,20260922T043702Z-2c8c3de9-H0009,2572,20260922T043702Z-2c8c3de9-20260922T043702Z-2c8c3de9-H0009-T2572-22adc2,3,PIPELINE,2026-09-22T05:26:19.921+00:00,CRZY,SELL,17000,8.683764705882353,8.62,True,1399,1090.0244999993447,1122.534899999664,32.47429999895394,0.0,17000,8.683764705882353,,0.0,-0.0,TRANSACTED,"{""action"":""SELL"",""order_id"":1399,""period"":1,""price"":null,""quantity"":17000.0,""quantity_filled"":17000.0,""status"":""TRANSACTED"",""tick"":199,""ticker"":""CRZY"",""trader_id"":""Adderall.exe"",""type"":""MARKET"",""vwap"":8.683764705882353}","{""action"":""SELL"",""order_id"":1399,""period"":1,""price"":null,""quantity"":17000.0,""quantity_filled"":17000.0,""status"":""TRANSACTED"",""tick"":199,""ticker"":""CRZY"",""trader_id"":""Adderall.exe"",""type"":""MARKET"",""vwap"":8.683764705882353}",
20260922T043702Z-2c8c3de9,20260922T043702Z-2c8c3de9-H0010,972,20260922T043702Z-2c8c3de9-20260922T043702Z-2c8c3de9-H0010-T972-63006d,1,PIPELINE,2026-09-22T05:30:32.539+00:00,CRZY,SELL,25000,9.83148,9.81,True,621,969.8060999999143,1023.5234000001583,53.68829999957234,0.0,25000,9.83148,,0.0,-0.0,TRANSACTED,"{""action"":""SELL"",""order_id"":621,""period"":1,""price"":null,""quantity"":25000.0,""quantity_filled"":25000.0,""status"":""TRANSACTED"",""tick"":90,""ticker"":""CRZY"",""trader_id"":""Adderall.exe"",""type"":""MARKET"",""vwap"":9.83148}","{""action"":""SELL"",""order_id"":621,""period"":1,""price"":null,""quantity"":25000.0,""quantity_filled"":25000.0,""status"":""TRANSACTED"",""tick"":90,""ticker"":""CRZY"",""trader_id"":""Adderall.exe"",""type"":""MARKET"",""vwap"":9.83148}",
20260922T043702Z-2c8c3de9,20260922T043702Z-2c8c3de9-H0010,972,20260922T043702Z-2c8c3de9-20260922T043702Z-2c8c3de9-H0010-T972-63006d,2,PIPELINE,2026-09-22T05:30:32.571+00:00,CRZY,SELL,25000,9.80112,9.8,True,622,1023.5720999999103,1056.4187999998467,32.821999999694526,0.0,25000,9.80112,,0.0,-0.0,TRANSACTED,"{""action"":""SELL"",""order_id"":622,""period"":1,""price"":null,""quantity"":25000.0,""quantity_filled"":25000.0,""status"":""TRANSACTED"",""tick"":90,""ticker"":""CRZY"",""trader_id"":""Adderall.exe"",""type"":""MARKET"",""vwap"":9.80112}","{""action"":""SELL"",""order_id"":622,""period"":1,""price"":null,""quantity"":25000.0,""quantity_filled"":25000.0,""status"":""TRANSACTED"",""tick"":90,""ticker"":""CRZY"",""trader_id"":""Adderall.exe"",""type"":""MARKET"",""vwap"":9.80112}",
20260922T043702Z-2c8c3de9,20260922T043702Z-2c8c3de9-H0010,972,20260922T043702Z-2c8c3de9-20260922T043702Z-2c8c3de9-H0010-T972-63006d,3,PIPELINE,2026-09-22T05:30:32.606+00:00,CRZY,SELL,25000,9.75716,9.73,True,623,1056.465599999683,1091.1891999994623,34.700000000186265,0.0,25000,9.75716,,0.0,-0.0,TRANSACTED,"{""action"":""SELL"",""order_id"":623,""period"":1,""price"":null,""quantity"":25000.0,""quantity_filled"":25000.0,""status"":""TRANSACTED"",""tick"":90,""ticker"":""CRZY"",""trader_id"":""Adderall.exe"",""type"":""MARKET"",""vwap"":9.75716}","{""action"":""SELL"",""order_id"":623,""period"":1,""price"":null,""quantity"":25000.0,""quantity_filled"":25000.0,""status"":""TRANSACTED"",""tick"":90,""ticker"":""CRZY"",""trader_id"":""Adderall.exe"",""type"":""MARKET"",""vwap"":9.75716}",
20260922T043702Z-2c8c3de9,20260922T043702Z-2c8c3de9-H0010,3372,20260922T043702Z-2c8c3de9-20260922T043702Z-2c8c3de9-H0010-T3372-ec86be,1,PIPELINE,2026-09-22T05:33:22.373+00:00,TAME,BUY,10000,25.541,25.57,True,1836,1003.5327999994479,1039.2671999998129,35.699599999934435,0.0,10000,25.541,,0.0,-0.0,TRANSACTED,"{""action"":""BUY"",""order_id"":1836,""period"":1,""price"":null,""quantity"":10000.0,""quantity_filled"":10000.0,""status"":""TRANSACTED"",""tick"":259,""ticker"":""TAME"",""trader_id"":""Adderall.exe"",""type"":""MARKET"",""vwap"":25.541}","{""action"":""BUY"",""order_id"":1836,""period"":1,""price"":null,""quantity"":10000.0,""quantity_filled"":10000.0,""status"":""TRANSACTED"",""tick"":259,""ticker"":""TAME"",""trader_id"":""Adderall.exe"",""type"":""MARKET"",""vwap"":25.541}",
20260922T043702Z-2c8c3de9,20260922T043702Z-2c8c3de9-H0010,3372,20260922T043702Z-2c8c3de9-20260922T043702Z-2c8c3de9-H0010-T3372-ec86be,2,PIPELINE,2026-09-22T05:33:22.413+00:00,TAME,BUY,10000,25.59,25.61,True,1837,1039.336299999377,1072.966899999301,33.57919999957085,0.0,10000,25.59,,0.0,-0.0,TRANSACTED,"{""action"":""BUY"",""order_id"":1837,""period"":1,""price"":null,""quantity"":10000.0,""quantity_filled"":10000.0,""status"":""TRANSACTED"",""tick"":259,""ticker"":""TAME"",""trader_id"":""Adderall.exe"",""type"":""MARKET"",""vwap"":25.59}","{""action"":""BUY"",""order_id"":1837,""period"":1,""price"":null,""quantity"":10000.0,""quantity_filled"":10000.0,""status"":""TRANSACTED"",""tick"":259,""ticker"":""TAME"",""trader_id"":""Adderall.exe"",""type"":""MARKET"",""vwap"":25.59}",
20260922T043702Z-2c8c3de9,20260922T043702Z-2c8c3de9-H0010,3372,20260922T043702Z-2c8c3de9-20260922T043702Z-2c8c3de9-H0010-T3372-ec86be,3,PIPELINE,2026-09-22T05:33:22.443+00:00,TAME,BUY,10000,25.6394,25.65,True,1839,1073.0800999999701,1106.4496999997573,33.318500000052154,0.0,10000,25.6394,,0.0,-0.0,TRANSACTED,"{""action"":""BUY"",""order_id"":1839,""period"":1,""price"":null,""quantity"":10000.0,""quantity_filled"":10000.0,""status"":""TRANSACTED"",""tick"":259,""ticker"":""TAME"",""trader_id"":""Adderall.exe"",""type"":""MARKET"",""vwap"":25.6394}","{""action"":""BUY"",""order_id"":1839,""period"":1,""price"":null,""quantity"":10000.0,""quantity_filled"":10000.0,""status"":""TRANSACTED"",""tick"":259,""ticker"":""TAME"",""trader_id"":""Adderall.exe"",""type"":""MARKET"",""vwap"":25.6394}",
20260922T043702Z-2c8c3de9,20260922T043702Z-2c8c3de9-H0010,3372,20260922T043702Z-2c8c3de9-20260922T043702Z-2c8c3de9-H0010-T3372-ec86be,4,PIPELINE,2026-09-22T05:33:22.483+00:00,TAME,BUY,10000,25.6524,25.67,True,1840,1106.5310999993017,1144.354499999281,37.77949999924749,0.0,10000,25.6524,,0.0,-0.0,TRANSACTED,"{""action"":""BUY"",""order_id"":1840,""period"":1,""price"":null,""quantity"":10000.0,""quantity_filled"":10000.0,""status"":""TRANSACTED"",""tick"":259,""ticker"":""TAME"",""trader_id"":""Adderall.exe"",""type"":""MARKET"",""vwap"":25.6524}","{""action"":""BUY"",""order_id"":1840,""period"":1,""price"":null,""quantity"":10000.0,""quantity_filled"":10000.0,""status"":""TRANSACTED"",""tick"":259,""ticker"":""TAME"",""trader_id"":""Adderall.exe"",""type"":""MARKET"",""vwap"":25.6524}",
20260922T043702Z-2c8c3de9,20260922T043702Z-2c8c3de9-H0010,3372,20260922T043702Z-2c8c3de9-20260922T043702Z-2c8c3de9-H0010-T3372-ec86be,5,PIPELINE,2026-09-22T05:33:22.513+00:00,TAME,BUY,10000,25.6775,25.69,True,1841,1144.4320999999036,1181.8828999994366,37.41800000052899,0.0,10000,25.6775,,0.0,-0.0,TRANSACTED,"{""action"":""BUY"",""order_id"":1841,""period"":1,""price"":null,""quantity"":10000.0,""quantity_filled"":10000.0,""status"":""TRANSACTED"",""tick"":259,""ticker"":""TAME"",""trader_id"":""Adderall.exe"",""type"":""MARKET"",""vwap"":25.6775}","{""action"":""BUY"",""order_id"":1841,""period"":1,""price"":null,""quantity"":10000.0,""quantity_filled"":10000.0,""status"":""TRANSACTED"",""tick"":259,""ticker"":""TAME"",""trader_id"":""Adderall.exe"",""type"":""MARKET"",""vwap"":25.6775}",
20260922T043702Z-2c8c3de9,20260922T043702Z-2c8c3de9-H0010,3372,20260922T043702Z-2c8c3de9-20260922T043702Z-2c8c3de9-H0010-T3372-ec86be,6,PIPELINE,2026-09-22T05:33:22.563+00:00,TAME,BUY,10000,25.7047,25.72,True,1842,1181.940399999803,1228.9793999998437,47.012900000438094,0.0,10000,25.7047,,0.0,-0.0,TRANSACTED,"{""action"":""BUY"",""order_id"":1842,""period"":1,""price"":null,""quantity"":10000.0,""quantity_filled"":10000.0,""status"":""TRANSACTED"",""tick"":259,""ticker"":""TAME"",""trader_id"":""Adderall.exe"",""type"":""MARKET"",""vwap"":25.7047}","{""action"":""BUY"",""order_id"":1842,""period"":1,""price"":null,""quantity"":10000.0,""quantity_filled"":10000.0,""status"":""TRANSACTED"",""tick"":259,""ticker"":""TAME"",""trader_id"":""Adderall.exe"",""type"":""MARKET"",""vwap"":25.7047}",
20260922T043702Z-2c8c3de9,20260922T043702Z-2c8c3de9-H0010,3372,20260922T043702Z-2c8c3de9-20260922T043702Z-2c8c3de9-H0010-T3372-ec86be,7,PIPELINE,2026-09-22T05:33:22.607+00:00,TAME,BUY,10000,25.7366,25.75,True,1843,1229.023099999722,1270.347099999526,41.29000000003725,0.0,10000,25.7366,,0.0,-0.0,TRANSACTED,"{""action"":""BUY"",""order_id"":1843,""period"":1,""price"":null,""quantity"":10000.0,""quantity_filled"":10000.0,""status"":""TRANSACTED"",""tick"":259,""ticker"":""TAME"",""trader_id"":""Adderall.exe"",""type"":""MARKET"",""vwap"":25.7366}","{""action"":""BUY"",""order_id"":1843,""period"":1,""price"":null,""quantity"":10000.0,""quantity_filled"":10000.0,""status"":""TRANSACTED"",""tick"":259,""ticker"":""TAME"",""trader_id"":""Adderall.exe"",""type"":""MARKET"",""vwap"":25.7366}",
20260922T043702Z-2c8c3de9,20260922T043702Z-2c8c3de9-H0010,3372,20260922T043702Z-2c8c3de9-20260922T043702Z-2c8c3de9-H0010-T3372-ec86be,8,PIPELINE,2026-09-22T05:33:22.643+00:00,TAME,BUY,4000,25.75525,25.76,True,1844,1270.4248000000007,1303.2925999996223,32.826799999922514,0.0,4000,25.75525,,0.0,-0.0,TRANSACTED,"{""action"":""BUY"",""order_id"":1844,""period"":1,""price"":null,""quantity"":4000.0,""quantity_filled"":4000.0,""status"":""TRANSACTED"",""tick"":259,""ticker"":""TAME"",""trader_id"":""Adderall.exe"",""type"":""MARKET"",""vwap"":25.75525}","{""action"":""BUY"",""order_id"":1844,""period"":1,""price"":null,""quantity"":4000.0,""quantity_filled"":4000.0,""status"":""TRANSACTED"",""tick"":259,""ticker"":""TAME"",""trader_id"":""Adderall.exe"",""type"":""MARKET"",""vwap"":25.75525}",
20260922T043702Z-2c8c3de9,20260922T043702Z-2c8c3de9-H0011,172,20260922T043702Z-2c8c3de9-20260922T043702Z-2c8c3de9-H0011-T172-71860a,1,PIPELINE,2026-09-22T05:35:27.375+00:00,TAME,BUY,10000,24.995,25.01,True,161,1000.8637999999337,1051.5537999999651,50.65130000002682,0.0,10000,24.995,,0.0,-0.0,TRANSACTED,"{""action"":""BUY"",""order_id"":161,""period"":1,""price"":null,""quantity"":10000.0,""quantity_filled"":10000.0,""status"":""TRANSACTED"",""tick"":23,""ticker"":""TAME"",""trader_id"":""Adderall.exe"",""type"":""MARKET"",""vwap"":24.995}","{""action"":""BUY"",""order_id"":161,""period"":1,""price"":null,""quantity"":10000.0,""quantity_filled"":10000.0,""status"":""TRANSACTED"",""tick"":23,""ticker"":""TAME"",""trader_id"":""Adderall.exe"",""type"":""MARKET"",""vwap"":24.995}",
20260922T043702Z-2c8c3de9,20260922T043702Z-2c8c3de9-H0011,172,20260922T043702Z-2c8c3de9-20260922T043702Z-2c8c3de9-H0011-T172-71860a,2,PIPELINE,2026-09-22T05:35:27.411+00:00,TAME,BUY,10000,25.01,25.01,True,163,1051.6375999995944,1086.25419999953,34.56579999998212,0.0,10000,24.9929,,0.01710000000000278,-0.01710000000000278,TRANSACTED,"{""action"":""BUY"",""order_id"":163,""period"":1,""price"":null,""quantity"":10000.0,""quantity_filled"":10000.0,""status"":""TRANSACTED"",""tick"":23,""ticker"":""TAME"",""trader_id"":""Adderall.exe"",""type"":""MARKET"",""vwap"":24.9929}","{""action"":""BUY"",""order_id"":163,""period"":1,""price"":null,""quantity"":10000.0,""quantity_filled"":10000.0,""status"":""TRANSACTED"",""tick"":23,""ticker"":""TAME"",""trader_id"":""Adderall.exe"",""type"":""MARKET"",""vwap"":24.9929}",
20260922T043702Z-2c8c3de9,20260922T043702Z-2c8c3de9-H0011,172,20260922T043702Z-2c8c3de9-20260922T043702Z-2c8c3de9-H0011-T172-71860a,3,PIPELINE,2026-09-22T05:35:27.444+00:00,TAME,BUY,10000,25.0144,25.02,True,164,1086.3501999992877,1120.9054000000833,34.51659999974072,0.0,10000,25.01,,0.004399999999996851,-0.004399999999996851,TRANSACTED,"{""action"":""BUY"",""order_id"":164,""period"":1,""price"":null,""quantity"":10000.0,""quantity_filled"":10000.0,""status"":""TRANSACTED"",""tick"":23,""ticker"":""TAME"",""trader_id"":""Adderall.exe"",""type"":""MARKET"",""vwap"":25.01}","{""action"":""BUY"",""order_id"":164,""period"":1,""price"":null,""quantity"":10000.0,""quantity_filled"":10000.0,""status"":""TRANSACTED"",""tick"":23,""ticker"":""TAME"",""trader_id"":""Adderall.exe"",""type"":""MARKET"",""vwap"":25.01}",
20260922T043702Z-2c8c3de9,20260922T043702Z-2c8c3de9-H0011,172,20260922T043702Z-2c8c3de9-20260922T043702Z-2c8c3de9-H0011-T172-71860a,4,PIPELINE,2026-09-22T05:35:27.471+00:00,TAME,BUY,10000,25.042,25.06,True,165,1120.9564999999202,1153.3040999993318,32.3222000002861,0.0,10000,25.0215,,0.02050000000000196,-0.02050000000000196,TRANSACTED,"{""action"":""BUY"",""order_id"":165,""period"":1,""price"":null,""quantity"":10000.0,""quantity_filled"":10000.0,""status"":""TRANSACTED"",""tick"":23,""ticker"":""TAME"",""trader_id"":""Adderall.exe"",""type"":""MARKET"",""vwap"":25.0215}","{""action"":""BUY"",""order_id"":165,""period"":1,""price"":null,""quantity"":10000.0,""quantity_filled"":10000.0,""status"":""TRANSACTED"",""tick"":23,""ticker"":""TAME"",""trader_id"":""Adderall.exe"",""type"":""MARKET"",""vwap"":25.0215}",
20260922T043702Z-2c8c3de9,20260922T043702Z-2c8c3de9-H0011,172,20260922T043702Z-2c8c3de9-20260922T043702Z-2c8c3de9-H0011-T172-71860a,5,PIPELINE,2026-09-22T05:35:27.511+00:00,TAME,BUY,10000,25.0734,25.08,True,166,1153.3562999993592,1189.0925999996398,35.711099999025464,0.0,10000,25.0598,,0.013600000000000279,-0.013600000000000279,TRANSACTED,"{""action"":""BUY"",""order_id"":166,""period"":1,""price"":null,""quantity"":10000.0,""quantity_filled"":10000.0,""status"":""TRANSACTED"",""tick"":23,""ticker"":""TAME"",""trader_id"":""Adderall.exe"",""type"":""MARKET"",""vwap"":25.0598}","{""action"":""BUY"",""order_id"":166,""period"":1,""price"":null,""quantity"":10000.0,""quantity_filled"":10000.0,""status"":""TRANSACTED"",""tick"":23,""ticker"":""TAME"",""trader_id"":""Adderall.exe"",""type"":""MARKET"",""vwap"":25.0598}",
20260922T043702Z-2c8c3de9,20260922T043702Z-2c8c3de9-H0011,172,20260922T043702Z-2c8c3de9-20260922T043702Z-2c8c3de9-H0011-T172-71860a,6,PIPELINE,2026-09-22T05:35:27.542+00:00,TAME,BUY,10000,25.0952,25.1,True,167,1189.1424999994342,1224.8024000000441,35.63329999987036,0.0,10000,25.0828,,0.012399999999999523,-0.012399999999999523,TRANSACTED,"{""action"":""BUY"",""order_id"":167,""period"":1,""price"":null,""quantity"":10000.0,""quantity_filled"":10000.0,""status"":""TRANSACTED"",""tick"":23,""ticker"":""TAME"",""trader_id"":""Adderall.exe"",""type"":""MARKET"",""vwap"":25.0828}","{""action"":""BUY"",""order_id"":167,""period"":1,""price"":null,""quantity"":10000.0,""quantity_filled"":10000.0,""status"":""TRANSACTED"",""tick"":23,""ticker"":""TAME"",""trader_id"":""Adderall.exe"",""type"":""MARKET"",""vwap"":25.0828}",
20260922T043702Z-2c8c3de9,20260922T043702Z-2c8c3de9-H0011,172,20260922T043702Z-2c8c3de9-20260922T043702Z-2c8c3de9-H0011-T172-71860a,7,PIPELINE,2026-09-22T05:35:27.591+00:00,TAME,BUY,7000,25.11,25.12,True,168,1224.8561999995218,1272.479299999759,47.59250000026077,0.0,7000,25.100571428571428,,0.009428571428571786,-0.009428571428571786,TRANSACTED,"{""action"":""BUY"",""order_id"":168,""period"":1,""price"":null,""quantity"":7000.0,""quantity_filled"":7000.0,""status"":""TRANSACTED"",""tick"":23,""ticker"":""TAME"",""trader_id"":""Adderall.exe"",""type"":""MARKET"",""vwap"":25.100571428571428}","{""action"":""BUY"",""order_id"":168,""period"":1,""price"":null,""quantity"":7000.0,""quantity_filled"":7000.0,""status"":""TRANSACTED"",""tick"":23,""ticker"":""TAME"",""trader_id"":""Adderall.exe"",""type"":""MARKET"",""vwap"":25.100571428571428}",
20260922T043702Z-2c8c3de9,20260922T043702Z-2c8c3de9-H0011,972,20260922T043702Z-2c8c3de9-20260922T043702Z-2c8c3de9-H0011-T972-18002c,1,PIPELINE,2026-09-22T05:36:30.685+00:00,TAME,BUY,10000,25.2052,25.21,True,598,997.4723000004815,1032.0417000002635,34.53280000016093,0.0,10000,25.2052,,0.0,-0.0,TRANSACTED,"{""action"":""BUY"",""order_id"":598,""period"":1,""price"":null,""quantity"":10000.0,""quantity_filled"":10000.0,""status"":""TRANSACTED"",""tick"":86,""ticker"":""TAME"",""trader_id"":""Adderall.exe"",""type"":""MARKET"",""vwap"":25.2052}","{""action"":""BUY"",""order_id"":598,""period"":1,""price"":null,""quantity"":10000.0,""quantity_filled"":10000.0,""status"":""TRANSACTED"",""tick"":86,""ticker"":""TAME"",""trader_id"":""Adderall.exe"",""type"":""MARKET"",""vwap"":25.2052}",
20260922T043702Z-2c8c3de9,20260922T043702Z-2c8c3de9-H0011,972,20260922T043702Z-2c8c3de9-20260922T043702Z-2c8c3de9-H0011-T972-18002c,2,PIPELINE,2026-09-22T05:36:30.720+00:00,TAME,BUY,10000,25.21,25.21,True,599,1032.1185000002515,1066.6538000004948,34.467400000430644,0.0,10000,25.21,,0.0,-0.0,TRANSACTED,"{""action"":""BUY"",""order_id"":599,""period"":1,""price"":null,""quantity"":10000.0,""quantity_filled"":10000.0,""status"":""TRANSACTED"",""tick"":86,""ticker"":""TAME"",""trader_id"":""Adderall.exe"",""type"":""MARKET"",""vwap"":25.21}","{""action"":""BUY"",""order_id"":599,""period"":1,""price"":null,""quantity"":10000.0,""quantity_filled"":10000.0,""status"":""TRANSACTED"",""tick"":86,""ticker"":""TAME"",""trader_id"":""Adderall.exe"",""type"":""MARKET"",""vwap"":25.21}",
20260922T043702Z-2c8c3de9,20260922T043702Z-2c8c3de9-H0011,972,20260922T043702Z-2c8c3de9-20260922T043702Z-2c8c3de9-H0011-T972-18002c,3,PIPELINE,2026-09-22T05:36:30.760+00:00,TAME,BUY,10000,25.2234,25.23,True,600,1066.7488999997659,1109.1653000003134,42.3714000005275,0.0,10000,25.2234,,0.0,-0.0,TRANSACTED,"{""action"":""BUY"",""order_id"":600,""period"":1,""price"":null,""quantity"":10000.0,""quantity_filled"":10000.0,""status"":""TRANSACTED"",""tick"":86,""ticker"":""TAME"",""trader_id"":""Adderall.exe"",""type"":""MARKET"",""vwap"":25.2234}","{""action"":""BUY"",""order_id"":600,""period"":1,""price"":null,""quantity"":10000.0,""quantity_filled"":10000.0,""status"":""TRANSACTED"",""tick"":86,""ticker"":""TAME"",""trader_id"":""Adderall.exe"",""type"":""MARKET"",""vwap"":25.2234}",
20260922T043702Z-2c8c3de9,20260922T043702Z-2c8c3de9-H0011,972,20260922T043702Z-2c8c3de9-20260922T043702Z-2c8c3de9-H0011-T972-18002c,4,PIPELINE,2026-09-22T05:36:30.799+00:00,TAME,BUY,10000,25.2357,25.25,True,602,1109.2459000001327,1148.0240000000776,38.74489999935031,0.0,10000,25.2357,,0.0,-0.0,TRANSACTED,"{""action"":""BUY"",""order_id"":602,""period"":1,""price"":null,""quantity"":10000.0,""quantity_filled"":10000.0,""status"":""TRANSACTED"",""tick"":86,""ticker"":""TAME"",""trader_id"":""Adderall.exe"",""type"":""MARKET"",""vwap"":25.2357}","{""action"":""BUY"",""order_id"":602,""period"":1,""price"":null,""quantity"":10000.0,""quantity_filled"":10000.0,""status"":""TRANSACTED"",""tick"":86,""ticker"":""TAME"",""trader_id"":""Adderall.exe"",""type"":""MARKET"",""vwap"":25.2357}",
20260922T043702Z-2c8c3de9,20260922T043702Z-2c8c3de9-H0011,972,20260922T043702Z-2c8c3de9-20260922T043702Z-2c8c3de9-H0011-T972-18002c,5,PIPELINE,2026-09-22T05:36:30.830+00:00,TAME,BUY,10000,25.25,25.25,True,603,1148.079300000063,1180.893499999911,32.778699999675155,0.0,10000,25.25,,0.0,-0.0,TRANSACTED,"{""action"":""BUY"",""order_id"":603,""period"":1,""price"":null,""quantity"":10000.0,""quantity_filled"":10000.0,""status"":""TRANSACTED"",""tick"":86,""ticker"":""TAME"",""trader_id"":""Adderall.exe"",""type"":""MARKET"",""vwap"":25.25}","{""action"":""BUY"",""order_id"":603,""period"":1,""price"":null,""quantity"":10000.0,""quantity_filled"":10000.0,""status"":""TRANSACTED"",""tick"":86,""ticker"":""TAME"",""trader_id"":""Adderall.exe"",""type"":""MARKET"",""vwap"":25.25}",
20260922T043702Z-2c8c3de9,20260922T043702Z-2c8c3de9-H0011,972,20260922T043702Z-2c8c3de9-20260922T043702Z-2c8c3de9-H0011-T972-18002c,6,PIPELINE,2026-09-22T05:36:30.860+00:00,TAME,BUY,10000,25.25,25.25,True,604,1180.970200000047,1214.9541999997382,33.93460000026971,0.0,10000,25.25,,0.0,-0.0,TRANSACTED,"{""action"":""BUY"",""order_id"":604,""period"":1,""price"":null,""quantity"":10000.0,""quantity_filled"":10000.0,""status"":""TRANSACTED"",""tick"":86,""ticker"":""TAME"",""trader_id"":""Adderall.exe"",""type"":""MARKET"",""vwap"":25.25}","{""action"":""BUY"",""order_id"":604,""period"":1,""price"":null,""quantity"":10000.0,""quantity_filled"":10000.0,""status"":""TRANSACTED"",""tick"":86,""ticker"":""TAME"",""trader_id"":""Adderall.exe"",""type"":""MARKET"",""vwap"":25.25}",
20260922T043702Z-2c8c3de9,20260922T043702Z-2c8c3de9-H0011,972,20260922T043702Z-2c8c3de9-20260922T043702Z-2c8c3de9-H0011-T972-18002c,7,PIPELINE,2026-09-22T05:36:30.900+00:00,TAME,BUY,6000,25.258,25.26,True,605,1215.0635999996666,1249.113099999704,34.00429999921471,0.0,6000,25.258,,0.0,-0.0,TRANSACTED,"{""action"":""BUY"",""order_id"":605,""period"":1,""price"":null,""quantity"":6000.0,""quantity_filled"":6000.0,""status"":""TRANSACTED"",""tick"":86,""ticker"":""TAME"",""trader_id"":""Adderall.exe"",""type"":""MARKET"",""vwap"":25.258}","{""action"":""BUY"",""order_id"":605,""period"":1,""price"":null,""quantity"":6000.0,""quantity_filled"":6000.0,""status"":""TRANSACTED"",""tick"":86,""ticker"":""TAME"",""trader_id"":""Adderall.exe"",""type"":""MARKET"",""vwap"":25.258}",
20260922T043702Z-2c8c3de9,20260922T043702Z-2c8c3de9-H0011,1772,20260922T043702Z-2c8c3de9-20260922T043702Z-2c8c3de9-H0011-T1772-3c3063,1,PIPELINE,2026-09-22T05:37:29.078+00:00,CRZY,BUY,25000,9.95276,9.97,True,1008,978.7121999997908,1036.5300000003117,57.77900000009686,0.0,25000,9.95276,,0.0,-0.0,TRANSACTED,"{""action"":""BUY"",""order_id"":1008,""period"":1,""price"":null,""quantity"":25000.0,""quantity_filled"":25000.0,""status"":""TRANSACTED"",""tick"":144,""ticker"":""CRZY"",""trader_id"":""Adderall.exe"",""type"":""MARKET"",""vwap"":9.95276}","{""action"":""BUY"",""order_id"":1008,""period"":1,""price"":null,""quantity"":25000.0,""quantity_filled"":25000.0,""status"":""TRANSACTED"",""tick"":144,""ticker"":""CRZY"",""trader_id"":""Adderall.exe"",""type"":""MARKET"",""vwap"":9.95276}",
20260922T043702Z-2c8c3de9,20260922T043702Z-2c8c3de9-H0011,1772,20260922T043702Z-2c8c3de9-20260922T043702Z-2c8c3de9-H0011-T1772-3c3063,2,PIPELINE,2026-09-22T05:37:29.109+00:00,CRZY,BUY,25000,9.97856,9.98,True,1009,1036.6130000002158,1070.402500000455,33.760700000450015,0.0,25000,9.97856,,0.0,-0.0,TRANSACTED,"{""action"":""BUY"",""order_id"":1009,""period"":1,""price"":null,""quantity"":25000.0,""quantity_filled"":25000.0,""status"":""TRANSACTED"",""tick"":144,""ticker"":""CRZY"",""trader_id"":""Adderall.exe"",""type"":""MARKET"",""vwap"":9.97856}","{""action"":""BUY"",""order_id"":1009,""period"":1,""price"":null,""quantity"":25000.0,""quantity_filled"":25000.0,""status"":""TRANSACTED"",""tick"":144,""ticker"":""CRZY"",""trader_id"":""Adderall.exe"",""type"":""MARKET"",""vwap"":9.97856}",
20260922T043702Z-2c8c3de9,20260922T043702Z-2c8c3de9-H0011,1772,20260922T043702Z-2c8c3de9-20260922T043702Z-2c8c3de9-H0011-T1772-3c3063,3,PIPELINE,2026-09-22T05:37:29.148+00:00,CRZY,BUY,18000,9.989666666666666,10.0,True,1011,1070.4485000005661,1104.8312000002625,34.35069999936968,0.0,18000,9.978444444444444,,0.01122222222222291,-0.01122222222222291,TRANSACTED,"{""action"":""BUY"",""order_id"":1011,""period"":1,""price"":null,""quantity"":18000.0,""quantity_filled"":18000.0,""status"":""TRANSACTED"",""tick"":144,""ticker"":""CRZY"",""trader_id"":""Adderall.exe"",""type"":""MARKET"",""vwap"":9.978444444444444}","{""action"":""BUY"",""order_id"":1011,""period"":1,""price"":null,""quantity"":18000.0,""quantity_filled"":18000.0,""status"":""TRANSACTED"",""tick"":144,""ticker"":""CRZY"",""trader_id"":""Adderall.exe"",""type"":""MARKET"",""vwap"":9.978444444444444}",
20260922T043702Z-2c8c3de9,20260922T043702Z-2c8c3de9-H0011,2572,20260922T043702Z-2c8c3de9-20260922T043702Z-2c8c3de9-H0011-T2572-733bd0,1,PIPELINE,2026-09-22T05:38:32.457+00:00,TAME,SELL,10000,25.2073,25.2,True,1433,1003.5797999998977,1040.8907000000909,37.25290000066161,0.0,10000,25.2073,,0.0,-0.0,TRANSACTED,"{""action"":""SELL"",""order_id"":1433,""period"":1,""price"":null,""quantity"":10000.0,""quantity_filled"":10000.0,""status"":""TRANSACTED"",""tick"":207,""ticker"":""TAME"",""trader_id"":""Adderall.exe"",""type"":""MARKET"",""vwap"":25.2073}","{""action"":""SELL"",""order_id"":1433,""period"":1,""price"":null,""quantity"":10000.0,""quantity_filled"":10000.0,""status"":""TRANSACTED"",""tick"":207,""ticker"":""TAME"",""trader_id"":""Adderall.exe"",""type"":""MARKET"",""vwap"":25.2073}",
20260922T043702Z-2c8c3de9,20260922T043702Z-2c8c3de9-H0011,2572,20260922T043702Z-2c8c3de9-20260922T043702Z-2c8c3de9-H0011-T2572-733bd0,2,PIPELINE,2026-09-22T05:38:32.488+00:00,TAME,SELL,10000,25.1895,25.18,True,1434,1040.9820000004402,1074.9636999998984,33.93919999990612,0.0,10000,25.1895,,0.0,-0.0,TRANSACTED,"{""action"":""SELL"",""order_id"":1434,""period"":1,""price"":null,""quantity"":10000.0,""quantity_filled"":10000.0,""status"":""TRANSACTED"",""tick"":207,""ticker"":""TAME"",""trader_id"":""Adderall.exe"",""type"":""MARKET"",""vwap"":25.1895}","{""action"":""SELL"",""order_id"":1434,""period"":1,""price"":null,""quantity"":10000.0,""quantity_filled"":10000.0,""status"":""TRANSACTED"",""tick"":207,""ticker"":""TAME"",""trader_id"":""Adderall.exe"",""type"":""MARKET"",""vwap"":25.1895}",
20260922T043702Z-2c8c3de9,20260922T043702Z-2c8c3de9-H0011,2572,20260922T043702Z-2c8c3de9-20260922T043702Z-2c8c3de9-H0011-T2572-733bd0,3,PIPELINE,2026-09-22T05:38:32.528+00:00,TAME,SELL,10000,25.1669,25.15,True,1436,1075.0402000003305,1112.4946999998429,37.41920000035316,0.0,10000,25.163,,-0.003899999999998016,0.003899999999998016,TRANSACTED,"{""action"":""SELL"",""order_id"":1436,""period"":1,""price"":null,""quantity"":10000.0,""quantity_filled"":10000.0,""status"":""TRANSACTED"",""tick"":207,""ticker"":""TAME"",""trader_id"":""Adderall.exe"",""type"":""MARKET"",""vwap"":25.163}","{""action"":""SELL"",""order_id"":1436,""period"":1,""price"":null,""quantity"":10000.0,""quantity_filled"":10000.0,""status"":""TRANSACTED"",""tick"":207,""ticker"":""TAME"",""trader_id"":""Adderall.exe"",""type"":""MARKET"",""vwap"":25.163}",
20260922T043702Z-2c8c3de9,20260922T043702Z-2c8c3de9-H0011,2572,20260922T043702Z-2c8c3de9-20260922T043702Z-2c8c3de9-H0011-T2572-733bd0,4,PIPELINE,2026-09-22T05:38:32.568+00:00,TAME,SELL,10000,25.1437,25.14,True,1437,1112.5565000002098,1149.552599999879,36.953000000678,0.0,10000,25.1424,,-0.001300000000000523,0.001300000000000523,TRANSACTED,"{""action"":""SELL"",""order_id"":1437,""period"":1,""price"":null,""quantity"":10000.0,""quantity_filled"":10000.0,""status"":""TRANSACTED"",""tick"":207,""ticker"":""TAME"",""trader_id"":""Adderall.exe"",""type"":""MARKET"",""vwap"":25.1424}","{""action"":""SELL"",""order_id"":1437,""period"":1,""price"":null,""quantity"":10000.0,""quantity_filled"":10000.0,""status"":""TRANSACTED"",""tick"":207,""ticker"":""TAME"",""trader_id"":""Adderall.exe"",""type"":""MARKET"",""vwap"":25.1424}",
20260922T043702Z-2c8c3de9,20260922T043702Z-2c8c3de9-H0011,2572,20260922T043702Z-2c8c3de9-20260922T043702Z-2c8c3de9-H0011-T2572-733bd0,5,PIPELINE,2026-09-22T05:38:32.598+00:00,TAME,SELL,10000,25.1307,25.12,True,1438,1149.6391000000585,1183.5211000006893,33.84180000051856,0.0,10000,25.1281,,-0.002600000000001046,0.002600000000001046,TRANSACTED,"{""action"":""SELL"",""order_id"":1438,""period"":1,""price"":null,""quantity"":10000.0,""quantity_filled"":10000.0,""status"":""TRANSACTED"",""tick"":207,""ticker"":""TAME"",""trader_id"":""Adderall.exe"",""type"":""MARKET"",""vwap"":25.1281}","{""action"":""SELL"",""order_id"":1438,""period"":1,""price"":null,""quantity"":10000.0,""quantity_filled"":10000.0,""status"":""TRANSACTED"",""tick"":207,""ticker"":""TAME"",""trader_id"":""Adderall.exe"",""type"":""MARKET"",""vwap"":25.1281}",
20260922T043702Z-2c8c3de9,20260922T043702Z-2c8c3de9-H0011,2572,20260922T043702Z-2c8c3de9-20260922T043702Z-2c8c3de9-H0011-T2572-733bd0,6,PIPELINE,2026-09-22T05:38:32.637+00:00,TAME,SELL,10000,25.1114,25.11,True,1439,1183.597600000212,1222.123399999873,38.49549999926239,0.0,10000,25.1101,,-0.001300000000000523,0.001300000000000523,TRANSACTED,"{""action"":""SELL"",""order_id"":1439,""period"":1,""price"":null,""quantity"":10000.0,""quantity_filled"":10000.0,""status"":""TRANSACTED"",""tick"":207,""ticker"":""TAME"",""trader_id"":""Adderall.exe"",""type"":""MARKET"",""vwap"":25.1101}","{""action"":""SELL"",""order_id"":1439,""period"":1,""price"":null,""quantity"":10000.0,""quantity_filled"":10000.0,""status"":""TRANSACTED"",""tick"":207,""ticker"":""TAME"",""trader_id"":""Adderall.exe"",""type"":""MARKET"",""vwap"":25.1101}",
20260922T043702Z-2c8c3de9,20260922T043702Z-2c8c3de9-H0011,2572,20260922T043702Z-2c8c3de9-20260922T043702Z-2c8c3de9-H0011-T2572-733bd0,7,PIPELINE,2026-09-22T05:38:32.677+00:00,TAME,SELL,10000,25.11,25.11,True,1440,1222.1758000005138,1260.6665000002977,38.45189999975264,0.0,10000,25.11,,0.0,-0.0,TRANSACTED,"{""action"":""SELL"",""order_id"":1440,""period"":1,""price"":null,""quantity"":10000.0,""quantity_filled"":10000.0,""status"":""TRANSACTED"",""tick"":207,""ticker"":""TAME"",""trader_id"":""Adderall.exe"",""type"":""MARKET"",""vwap"":25.11}","{""action"":""SELL"",""order_id"":1440,""period"":1,""price"":null,""quantity"":10000.0,""quantity_filled"":10000.0,""status"":""TRANSACTED"",""tick"":207,""ticker"":""TAME"",""trader_id"":""Adderall.exe"",""type"":""MARKET"",""vwap"":25.11}",
20260922T043702Z-2c8c3de9,20260922T043702Z-2c8c3de9-H0011,2572,20260922T043702Z-2c8c3de9-20260922T043702Z-2c8c3de9-H0011-T2572-733bd0,8,PIPELINE,2026-09-22T05:38:32.708+00:00,TAME,SELL,4000,25.1035,25.1,True,1441,1260.7484000000113,1294.9285000004238,34.13109999988228,0.0,4000,25.10025,,-0.0032500000000013074,0.0032500000000013074,TRANSACTED,"{""action"":""SELL"",""order_id"":1441,""period"":1,""price"":null,""quantity"":4000.0,""quantity_filled"":4000.0,""status"":""TRANSACTED"",""tick"":207,""ticker"":""TAME"",""trader_id"":""Adderall.exe"",""type"":""MARKET"",""vwap"":25.10025}","{""action"":""SELL"",""order_id"":1441,""period"":1,""price"":null,""quantity"":4000.0,""quantity_filled"":4000.0,""status"":""TRANSACTED"",""tick"":207,""ticker"":""TAME"",""trader_id"":""Adderall.exe"",""type"":""MARKET"",""vwap"":25.10025}",
20260922T043702Z-2c8c3de9,20260922T043702Z-2c8c3de9-H0012,172,20260922T043702Z-2c8c3de9-20260922T043702Z-2c8c3de9-H0012-T172-e16456,1,PIPELINE,2026-09-22T05:41:24.594+00:00,CRZY,BUY,25000,10.09584,10.12,True,141,972.3800000001575,1006.1307999994824,33.72350000124425,0.0,25000,10.09584,,0.0,-0.0,TRANSACTED,"{""action"":""BUY"",""order_id"":141,""period"":1,""price"":null,""quantity"":25000.0,""quantity_filled"":25000.0,""status"":""TRANSACTED"",""tick"":18,""ticker"":""CRZY"",""trader_id"":""Adderall.exe"",""type"":""MARKET"",""vwap"":10.09584}","{""action"":""BUY"",""order_id"":141,""period"":1,""price"":null,""quantity"":25000.0,""quantity_filled"":25000.0,""status"":""TRANSACTED"",""tick"":18,""ticker"":""CRZY"",""trader_id"":""Adderall.exe"",""type"":""MARKET"",""vwap"":10.09584}",
20260922T043702Z-2c8c3de9,20260922T043702Z-2c8c3de9-H0012,172,20260922T043702Z-2c8c3de9-20260922T043702Z-2c8c3de9-H0012-T172-e16456,2,PIPELINE,2026-09-22T05:41:24.634+00:00,CRZY,BUY,25000,10.1322,10.15,True,143,1006.1742999996568,1040.544100000261,34.22039999999106,0.0,25000,10.1322,,0.0,-0.0,TRANSACTED,"{""action"":""BUY"",""order_id"":143,""period"":1,""price"":null,""quantity"":25000.0,""quantity_filled"":25000.0,""status"":""TRANSACTED"",""tick"":18,""ticker"":""CRZY"",""trader_id"":""Adderall.exe"",""type"":""MARKET"",""vwap"":10.1322}","{""action"":""BUY"",""order_id"":143,""period"":1,""price"":null,""quantity"":25000.0,""quantity_filled"":25000.0,""status"":""TRANSACTED"",""tick"":18,""ticker"":""CRZY"",""trader_id"":""Adderall.exe"",""type"":""MARKET"",""vwap"":10.1322}",
20260922T043702Z-2c8c3de9,20260922T043702Z-2c8c3de9-H0012,172,20260922T043702Z-2c8c3de9-20260922T043702Z-2c8c3de9-H0012-T172-e16456,3,PIPELINE,2026-09-22T05:41:24.672+00:00,CRZY,BUY,16000,10.1664375,10.19,True,144,1040.6401000000187,1076.1804000003394,35.49769999925047,0.0,16000,10.1664375,,0.0,-0.0,TRANSACTED,"{""action"":""BUY"",""order_id"":144,""period"":1,""price"":null,""quantity"":16000.0,""quantity_filled"":16000.0,""status"":""TRANSACTED"",""tick"":18,""ticker"":""CRZY"",""trader_id"":""Adderall.exe"",""type"":""MARKET"",""vwap"":10.1664375}","{""action"":""BUY"",""order_id"":144,""period"":1,""price"":null,""quantity"":16000.0,""quantity_filled"":16000.0,""status"":""TRANSACTED"",""tick"":18,""ticker"":""CRZY"",""trader_id"":""Adderall.exe"",""type"":""MARKET"",""vwap"":10.1664375}",
20260922T043702Z-2c8c3de9,20260922T043702Z-2c8c3de9-H0012,1772,20260922T043702Z-2c8c3de9-20260922T043702Z-2c8c3de9-H0012-T1772-a58714,1,PIPELINE,2026-09-22T05:43:34.272+00:00,TAME,BUY,10000,24.4747,24.51,True,1012,1003.0290999993667,1056.4164999996137,53.35510000027716,0.0,10000,24.4747,,0.0,-0.0,TRANSACTED,"{""action"":""BUY"",""order_id"":1012,""period"":1,""price"":null,""quantity"":10000.0,""quantity_filled"":10000.0,""status"":""TRANSACTED"",""tick"":147,""ticker"":""TAME"",""trader_id"":""Adderall.exe"",""type"":""MARKET"",""vwap"":24.4747}","{""action"":""BUY"",""order_id"":1012,""period"":1,""price"":null,""quantity"":10000.0,""quantity_filled"":10000.0,""status"":""TRANSACTED"",""tick"":147,""ticker"":""TAME"",""trader_id"":""Adderall.exe"",""type"":""MARKET"",""vwap"":24.4747}",
20260922T043702Z-2c8c3de9,20260922T043702Z-2c8c3de9-H0012,1772,20260922T043702Z-2c8c3de9-20260922T043702Z-2c8c3de9-H0012-T1772-a58714,2,PIPELINE,2026-09-22T05:43:34.305+00:00,TAME,BUY,10000,24.51,24.51,True,1013,1056.4772999996421,1093.0183999998917,36.50609999988228,0.0,10000,24.51,,0.0,-0.0,TRANSACTED,"{""action"":""BUY"",""order_id"":1013,""period"":1,""price"":null,""quantity"":10000.0,""quantity_filled"":10000.0,""status"":""TRANSACTED"",""tick"":147,""ticker"":""TAME"",""trader_id"":""Adderall.exe"",""type"":""MARKET"",""vwap"":24.51}","{""action"":""BUY"",""order_id"":1013,""period"":1,""price"":null,""quantity"":10000.0,""quantity_filled"":10000.0,""status"":""TRANSACTED"",""tick"":147,""ticker"":""TAME"",""trader_id"":""Adderall.exe"",""type"":""MARKET"",""vwap"":24.51}",
20260922T043702Z-2c8c3de9,20260922T043702Z-2c8c3de9-H0012,1772,20260922T043702Z-2c8c3de9-20260922T043702Z-2c8c3de9-H0012-T1772-a58714,3,PIPELINE,2026-09-22T05:43:34.342+00:00,TAME,BUY,10000,24.5297,24.57,True,1014,1093.0891999996675,1127.3539999992863,34.22790000028908,0.0,10000,24.5297,,0.0,-0.0,TRANSACTED,"{""action"":""BUY"",""order_id"":1014,""period"":1,""price"":null,""quantity"":10000.0,""quantity_filled"":10000.0,""status"":""TRANSACTED"",""tick"":147,""ticker"":""TAME"",""trader_id"":""Adderall.exe"",""type"":""MARKET"",""vwap"":24.5297}","{""action"":""BUY"",""order_id"":1014,""period"":1,""price"":null,""quantity"":10000.0,""quantity_filled"":10000.0,""status"":""TRANSACTED"",""tick"":147,""ticker"":""TAME"",""trader_id"":""Adderall.exe"",""type"":""MARKET"",""vwap"":24.5297}",
20260922T043702Z-2c8c3de9,20260922T043702Z-2c8c3de9-H0012,1772,20260922T043702Z-2c8c3de9-20260922T043702Z-2c8c3de9-H0012-T1772-a58714,4,PIPELINE,2026-09-22T05:43:34.372+00:00,TAME,BUY,10000,24.5766,24.58,True,1017,1127.4247999999716,1161.8185999996058,34.351299999281764,0.0,10000,24.5207,,0.05589999999999762,-0.05589999999999762,TRANSACTED,"{""action"":""BUY"",""order_id"":1017,""period"":1,""price"":null,""quantity"":10000.0,""quantity_filled"":10000.0,""status"":""TRANSACTED"",""tick"":147,""ticker"":""TAME"",""trader_id"":""Adderall.exe"",""type"":""MARKET"",""vwap"":24.5207}","{""action"":""BUY"",""order_id"":1017,""period"":1,""price"":null,""quantity"":10000.0,""quantity_filled"":10000.0,""status"":""TRANSACTED"",""tick"":147,""ticker"":""TAME"",""trader_id"":""Adderall.exe"",""type"":""MARKET"",""vwap"":24.5207}",
20260922T043702Z-2c8c3de9,20260922T043702Z-2c8c3de9-H0012,1772,20260922T043702Z-2c8c3de9-20260922T043702Z-2c8c3de9-H0012-T1772-a58714,5,PIPELINE,2026-09-22T05:43:34.412+00:00,TAME,BUY,10000,24.5977,24.61,True,1018,1161.9034999994255,1196.6367999993963,34.689500000327826,0.0,10000,24.5868,,0.010899999999999466,-0.010899999999999466,TRANSACTED,"{""action"":""BUY"",""order_id"":1018,""period"":1,""price"":null,""quantity"":10000.0,""quantity_filled"":10000.0,""status"":""TRANSACTED"",""tick"":147,""ticker"":""TAME"",""trader_id"":""Adderall.exe"",""type"":""MARKET"",""vwap"":24.5868}","{""action"":""BUY"",""order_id"":1018,""period"":1,""price"":null,""quantity"":10000.0,""quantity_filled"":10000.0,""status"":""TRANSACTED"",""tick"":147,""ticker"":""TAME"",""trader_id"":""Adderall.exe"",""type"":""MARKET"",""vwap"":24.5868}",
20260922T043702Z-2c8c3de9,20260922T043702Z-2c8c3de9-H0012,1772,20260922T043702Z-2c8c3de9-20260922T043702Z-2c8c3de9-H0012-T1772-a58714,6,PIPELINE,2026-09-22T05:43:34.447+00:00,TAME,BUY,10000,24.634,24.66,True,1019,1196.720699999787,1231.931700000132,35.16549999918789,0.0,10000,24.6155,,0.018499999999999517,-0.018499999999999517,TRANSACTED,"{""action"":""BUY"",""order_id"":1019,""period"":1,""price"":null,""quantity"":10000.0,""quantity_filled"":10000.0,""status"":""TRANSACTED"",""tick"":147,""ticker"":""TAME"",""trader_id"":""Adderall.exe"",""type"":""MARKET"",""vwap"":24.6155}","{""action"":""BUY"",""order_id"":1019,""period"":1,""price"":null,""quantity"":10000.0,""quantity_filled"":10000.0,""status"":""TRANSACTED"",""tick"":147,""ticker"":""TAME"",""trader_id"":""Adderall.exe"",""type"":""MARKET"",""vwap"":24.6155}",
20260922T043702Z-2c8c3de9,20260922T043702Z-2c8c3de9-H0012,1772,20260922T043702Z-2c8c3de9-20260922T043702Z-2c8c3de9-H0012-T1772-a58714,7,PIPELINE,2026-09-22T05:43:34.482+00:00,TAME,BUY,10000,24.6703,24.68,True,1020,1232.0186999995713,1268.0307999999059,35.98469999991357,0.0,10000,24.6579,,0.012399999999999523,-0.012399999999999523,TRANSACTED,"{""action"":""BUY"",""order_id"":1020,""period"":1,""price"":null,""quantity"":10000.0,""quantity_filled"":10000.0,""status"":""TRANSACTED"",""tick"":147,""ticker"":""TAME"",""trader_id"":""Adderall.exe"",""type"":""MARKET"",""vwap"":24.6579}","{""action"":""BUY"",""order_id"":1020,""period"":1,""price"":null,""quantity"":10000.0,""quantity_filled"":10000.0,""status"":""TRANSACTED"",""tick"":147,""ticker"":""TAME"",""trader_id"":""Adderall.exe"",""type"":""MARKET"",""vwap"":24.6579}",
20260922T043702Z-2c8c3de9,20260922T043702Z-2c8c3de9-H0012,1772,20260922T043702Z-2c8c3de9-20260922T043702Z-2c8c3de9-H0012-T1772-a58714,8,PIPELINE,2026-09-22T05:43:34.522+00:00,TAME,BUY,3000,24.681,24.69,True,1021,1268.0703999994876,1307.8256999997393,39.72230000048876,0.0,3000,24.676,,0.005000000000002558,-0.005000000000002558,TRANSACTED,"{""action"":""BUY"",""order_id"":1021,""period"":1,""price"":null,""quantity"":3000.0,""quantity_filled"":3000.0,""status"":""TRANSACTED"",""tick"":147,""ticker"":""TAME"",""trader_id"":""Adderall.exe"",""type"":""MARKET"",""vwap"":24.676}","{""action"":""BUY"",""order_id"":1021,""period"":1,""price"":null,""quantity"":3000.0,""quantity_filled"":3000.0,""status"":""TRANSACTED"",""tick"":147,""ticker"":""TAME"",""trader_id"":""Adderall.exe"",""type"":""MARKET"",""vwap"":24.676}",
20260922T043702Z-2c8c3de9,20260922T043702Z-2c8c3de9-H0013,1772,20260922T043702Z-2c8c3de9-20260922T043702Z-2c8c3de9-H0013-T1772-9fb91b,1,PIPELINE,2026-09-22T05:49:31.545+00:00,TAME,BUY,10000,22.2438,22.25,True,1019,1016.9679000000542,1070.927699999629,53.92980000004172,0.0,10000,22.2438,,0.0,-0.0,TRANSACTED,"{""action"":""BUY"",""order_id"":1019,""period"":1,""price"":null,""quantity"":10000.0,""quantity_filled"":10000.0,""status"":""TRANSACTED"",""tick"":142,""ticker"":""TAME"",""trader_id"":""Adderall.exe"",""type"":""MARKET"",""vwap"":22.2438}","{""action"":""BUY"",""order_id"":1019,""period"":1,""price"":null,""quantity"":10000.0,""quantity_filled"":10000.0,""status"":""TRANSACTED"",""tick"":142,""ticker"":""TAME"",""trader_id"":""Adderall.exe"",""type"":""MARKET"",""vwap"":22.2438}",
20260922T043702Z-2c8c3de9,20260922T043702Z-2c8c3de9-H0013,1772,20260922T043702Z-2c8c3de9-20260922T043702Z-2c8c3de9-H0013-T1772-9fb91b,2,PIPELINE,2026-09-22T05:49:31.580+00:00,TAME,BUY,10000,22.2661,22.28,True,1021,1070.9768999995504,1107.5734999994893,36.546100000850856,0.0,10000,22.2661,,0.0,-0.0,TRANSACTED,"{""action"":""BUY"",""order_id"":1021,""period"":1,""price"":null,""quantity"":10000.0,""quantity_filled"":10000.0,""status"":""TRANSACTED"",""tick"":142,""ticker"":""TAME"",""trader_id"":""Adderall.exe"",""type"":""MARKET"",""vwap"":22.2661}","{""action"":""BUY"",""order_id"":1021,""period"":1,""price"":null,""quantity"":10000.0,""quantity_filled"":10000.0,""status"":""TRANSACTED"",""tick"":142,""ticker"":""TAME"",""trader_id"":""Adderall.exe"",""type"":""MARKET"",""vwap"":22.2661}",
20260922T043702Z-2c8c3de9,20260922T043702Z-2c8c3de9-H0013,1772,20260922T043702Z-2c8c3de9-20260922T043702Z-2c8c3de9-H0013-T1772-9fb91b,3,PIPELINE,2026-09-22T05:49:31.615+00:00,TAME,BUY,10000,22.3045,22.33,True,1022,1107.6956999995673,1141.1434000001464,33.40539999958128,0.0,10000,22.3045,,0.0,-0.0,TRANSACTED,"{""action"":""BUY"",""order_id"":1022,""period"":1,""price"":null,""quantity"":10000.0,""quantity_filled"":10000.0,""status"":""TRANSACTED"",""tick"":142,""ticker"":""TAME"",""trader_id"":""Adderall.exe"",""type"":""MARKET"",""vwap"":22.3045}","{""action"":""BUY"",""order_id"":1022,""period"":1,""price"":null,""quantity"":10000.0,""quantity_filled"":10000.0,""status"":""TRANSACTED"",""tick"":142,""ticker"":""TAME"",""trader_id"":""Adderall.exe"",""type"":""MARKET"",""vwap"":22.3045}",
20260922T043702Z-2c8c3de9,20260922T043702Z-2c8c3de9-H0013,1772,20260922T043702Z-2c8c3de9-20260922T043702Z-2c8c3de9-H0013-T1772-9fb91b,4,PIPELINE,2026-09-22T05:49:31.645+00:00,TAME,BUY,10000,22.3901,22.4,True,1023,1141.2100999996255,1174.37770000015,33.130599999800324,0.0,10000,22.3901,,0.0,-0.0,TRANSACTED,"{""action"":""BUY"",""order_id"":1023,""period"":1,""price"":null,""quantity"":10000.0,""quantity_filled"":10000.0,""status"":""TRANSACTED"",""tick"":142,""ticker"":""TAME"",""trader_id"":""Adderall.exe"",""type"":""MARKET"",""vwap"":22.3901}","{""action"":""BUY"",""order_id"":1023,""period"":1,""price"":null,""quantity"":10000.0,""quantity_filled"":10000.0,""status"":""TRANSACTED"",""tick"":142,""ticker"":""TAME"",""trader_id"":""Adderall.exe"",""type"":""MARKET"",""vwap"":22.3901}",
20260922T043702Z-2c8c3de9,20260922T043702Z-2c8c3de9-H0013,1772,20260922T043702Z-2c8c3de9-20260922T043702Z-2c8c3de9-H0013-T1772-9fb91b,5,PIPELINE,2026-09-22T05:49:31.685+00:00,TAME,BUY,10000,22.4148,22.44,True,1024,1174.4533000000956,1210.024599999997,35.52139999996871,0.0,10000,22.4148,,0.0,-0.0,TRANSACTED,"{""action"":""BUY"",""order_id"":1024,""period"":1,""price"":null,""quantity"":10000.0,""quantity_filled"":10000.0,""status"":""TRANSACTED"",""tick"":142,""ticker"":""TAME"",""trader_id"":""Adderall.exe"",""type"":""MARKET"",""vwap"":22.4148}","{""action"":""BUY"",""order_id"":1024,""period"":1,""price"":null,""quantity"":10000.0,""quantity_filled"":10000.0,""status"":""TRANSACTED"",""tick"":142,""ticker"":""TAME"",""trader_id"":""Adderall.exe"",""type"":""MARKET"",""vwap"":22.4148}",
20260922T043702Z-2c8c3de9,20260922T043702Z-2c8c3de9-H0013,1772,20260922T043702Z-2c8c3de9-20260922T043702Z-2c8c3de9-H0013-T1772-9fb91b,6,PIPELINE,2026-09-22T05:49:31.717+00:00,TAME,BUY,10000,22.4436,22.46,True,1025,1210.1223999998183,1244.479400000273,34.3199999993667,0.0,10000,22.4436,,0.0,-0.0,TRANSACTED,"{""action"":""BUY"",""order_id"":1025,""period"":1,""price"":null,""quantity"":10000.0,""quantity_filled"":10000.0,""status"":""TRANSACTED"",""tick"":142,""ticker"":""TAME"",""trader_id"":""Adderall.exe"",""type"":""MARKET"",""vwap"":22.4436}","{""action"":""BUY"",""order_id"":1025,""period"":1,""price"":null,""quantity"":10000.0,""quantity_filled"":10000.0,""status"":""TRANSACTED"",""tick"":142,""ticker"":""TAME"",""trader_id"":""Adderall.exe"",""type"":""MARKET"",""vwap"":22.4436}",
20260922T043702Z-2c8c3de9,20260922T043702Z-2c8c3de9-H0013,1772,20260922T043702Z-2c8c3de9-20260922T043702Z-2c8c3de9-H0013-T1772-9fb91b,7,PIPELINE,2026-09-22T05:49:31.749+00:00,TAME,BUY,7000,22.465714285714284,22.47,True,1026,1244.5403000001534,1276.8927999995867,32.31770000047982,0.0,7000,22.465714285714284,,0.0,-0.0,TRANSACTED,"{""action"":""BUY"",""order_id"":1026,""period"":1,""price"":null,""quantity"":7000.0,""quantity_filled"":7000.0,""status"":""TRANSACTED"",""tick"":142,""ticker"":""TAME"",""trader_id"":""Adderall.exe"",""type"":""MARKET"",""vwap"":22.465714285714284}","{""action"":""BUY"",""order_id"":1026,""period"":1,""price"":null,""quantity"":7000.0,""quantity_filled"":7000.0,""status"":""TRANSACTED"",""tick"":142,""ticker"":""TAME"",""trader_id"":""Adderall.exe"",""type"":""MARKET"",""vwap"":22.465714285714284}",
20260922T043702Z-2c8c3de9,20260922T043702Z-2c8c3de9-H0013,2572,20260922T043702Z-2c8c3de9-20260922T043702Z-2c8c3de9-H0013-T2572-e91255,1,PIPELINE,2026-09-22T05:50:36.864+00:00,TAME,BUY,10000,22.475,22.49,True,1462,1012.4855000003663,1051.0764999999083,38.56529999990016,0.0,10000,22.475,,0.0,-0.0,TRANSACTED,"{""action"":""BUY"",""order_id"":1462,""period"":1,""price"":null,""quantity"":10000.0,""quantity_filled"":10000.0,""status"":""TRANSACTED"",""tick"":207,""ticker"":""TAME"",""trader_id"":""Adderall.exe"",""type"":""MARKET"",""vwap"":22.475}","{""action"":""BUY"",""order_id"":1462,""period"":1,""price"":null,""quantity"":10000.0,""quantity_filled"":10000.0,""status"":""TRANSACTED"",""tick"":207,""ticker"":""TAME"",""trader_id"":""Adderall.exe"",""type"":""MARKET"",""vwap"":22.475}",
20260922T043702Z-2c8c3de9,20260922T043702Z-2c8c3de9-H0013,2572,20260922T043702Z-2c8c3de9-20260922T043702Z-2c8c3de9-H0013-T2572-e91255,2,PIPELINE,2026-09-22T05:50:36.904+00:00,TAME,BUY,10000,22.4984,22.51,True,1463,1051.121399999829,1087.0389000001524,35.89099999982864,0.0,10000,22.4984,,0.0,-0.0,TRANSACTED,"{""action"":""BUY"",""order_id"":1463,""period"":1,""price"":null,""quantity"":10000.0,""quantity_filled"":10000.0,""status"":""TRANSACTED"",""tick"":207,""ticker"":""TAME"",""trader_id"":""Adderall.exe"",""type"":""MARKET"",""vwap"":22.4984}","{""action"":""BUY"",""order_id"":1463,""period"":1,""price"":null,""quantity"":10000.0,""quantity_filled"":10000.0,""status"":""TRANSACTED"",""tick"":207,""ticker"":""TAME"",""trader_id"":""Adderall.exe"",""type"":""MARKET"",""vwap"":22.4984}",
20260922T043702Z-2c8c3de9,20260922T043702Z-2c8c3de9-H0013,2572,20260922T043702Z-2c8c3de9-20260922T043702Z-2c8c3de9-H0013-T2572-e91255,3,PIPELINE,2026-09-22T05:50:36.934+00:00,TAME,BUY,10000,22.512,22.52,True,1464,1087.1014000003925,1121.0832000006121,33.943500000052154,0.0,10000,22.512,,0.0,-0.0,TRANSACTED,"{""action"":""BUY"",""order_id"":1464,""period"":1,""price"":null,""quantity"":10000.0,""quantity_filled"":10000.0,""status"":""TRANSACTED"",""tick"":207,""ticker"":""TAME"",""trader_id"":""Adderall.exe"",""type"":""MARKET"",""vwap"":22.512}","{""action"":""BUY"",""order_id"":1464,""period"":1,""price"":null,""quantity"":10000.0,""quantity_filled"":10000.0,""status"":""TRANSACTED"",""tick"":207,""ticker"":""TAME"",""trader_id"":""Adderall.exe"",""type"":""MARKET"",""vwap"":22.512}",
20260922T043702Z-2c8c3de9,20260922T043702Z-2c8c3de9-H0013,2572,20260922T043702Z-2c8c3de9-20260922T043702Z-2c8c3de9-H0013-T2572-e91255,4,PIPELINE,2026-09-22T05:50:36.964+00:00,TAME,BUY,10000,22.52,22.52,True,1465,1121.1664000002202,1154.94469999976,33.73579999990761,0.0,10000,22.52,,0.0,-0.0,TRANSACTED,"{""action"":""BUY"",""order_id"":1465,""period"":1,""price"":null,""quantity"":10000.0,""quantity_filled"":10000.0,""status"":""TRANSACTED"",""tick"":207,""ticker"":""TAME"",""trader_id"":""Adderall.exe"",""type"":""MARKET"",""vwap"":22.52}","{""action"":""BUY"",""order_id"":1465,""period"":1,""price"":null,""quantity"":10000.0,""quantity_filled"":10000.0,""status"":""TRANSACTED"",""tick"":207,""ticker"":""TAME"",""trader_id"":""Adderall.exe"",""type"":""MARKET"",""vwap"":22.52}",
20260922T043702Z-2c8c3de9,20260922T043702Z-2c8c3de9-H0013,2572,20260922T043702Z-2c8c3de9-20260922T043702Z-2c8c3de9-H0013-T2572-e91255,5,PIPELINE,2026-09-22T05:50:37.014+00:00,TAME,BUY,10000,22.52,22.52,True,1466,1155.0305000000662,1198.6243000001195,43.55619999952614,0.0,10000,22.52,,0.0,-0.0,TRANSACTED,"{""action"":""BUY"",""order_id"":1466,""period"":1,""price"":null,""quantity"":10000.0,""quantity_filled"":10000.0,""status"":""TRANSACTED"",""tick"":207,""ticker"":""TAME"",""trader_id"":""Adderall.exe"",""type"":""MARKET"",""vwap"":22.52}","{""action"":""BUY"",""order_id"":1466,""period"":1,""price"":null,""quantity"":10000.0,""quantity_filled"":10000.0,""status"":""TRANSACTED"",""tick"":207,""ticker"":""TAME"",""trader_id"":""Adderall.exe"",""type"":""MARKET"",""vwap"":22.52}",
20260922T043702Z-2c8c3de9,20260922T043702Z-2c8c3de9-H0013,2572,20260922T043702Z-2c8c3de9-20260922T043702Z-2c8c3de9-H0013-T2572-e91255,6,PIPELINE,2026-09-22T05:50:37.052+00:00,TAME,BUY,10000,22.5375,22.56,True,1468,1198.6892000004445,1236.1267000005682,37.4073999999091,0.0,10000,22.5375,,0.0,-0.0,TRANSACTED,"{""action"":""BUY"",""order_id"":1468,""period"":1,""price"":null,""quantity"":10000.0,""quantity_filled"":10000.0,""status"":""TRANSACTED"",""tick"":207,""ticker"":""TAME"",""trader_id"":""Adderall.exe"",""type"":""MARKET"",""vwap"":22.5375}","{""action"":""BUY"",""order_id"":1468,""period"":1,""price"":null,""quantity"":10000.0,""quantity_filled"":10000.0,""status"":""TRANSACTED"",""tick"":207,""ticker"":""TAME"",""trader_id"":""Adderall.exe"",""type"":""MARKET"",""vwap"":22.5375}",
20260922T043702Z-2c8c3de9,20260922T043702Z-2c8c3de9-H0013,2572,20260922T043702Z-2c8c3de9-20260922T043702Z-2c8c3de9-H0013-T2572-e91255,7,PIPELINE,2026-09-22T05:50:37.094+00:00,TAME,BUY,8000,22.5635,22.58,True,1469,1236.1824999998134,1277.0324000002802,40.79069999977946,0.0,8000,22.5635,,0.0,-0.0,TRANSACTED,"{""action"":""BUY"",""order_id"":1469,""period"":1,""price"":null,""quantity"":8000.0,""quantity_filled"":8000.0,""status"":""TRANSACTED"",""tick"":207,""ticker"":""TAME"",""trader_id"":""Adderall.exe"",""type"":""MARKET"",""vwap"":22.5635}","{""action"":""BUY"",""order_id"":1469,""period"":1,""price"":null,""quantity"":8000.0,""quantity_filled"":8000.0,""status"":""TRANSACTED"",""tick"":207,""ticker"":""TAME"",""trader_id"":""Adderall.exe"",""type"":""MARKET"",""vwap"":22.5635}",
20260922T043702Z-2c8c3de9,20260922T043702Z-2c8c3de9-H0013,3372,20260922T043702Z-2c8c3de9-20260922T043702Z-2c8c3de9-H0013-T3372-36e575,1,PIPELINE,2026-09-22T05:51:28.125+00:00,CRZY,SELL,25000,11.0788,11.06,True,1843,989.0956000008373,1047.9878000005556,58.865100000053644,0.0,25000,11.0788,,0.0,-0.0,TRANSACTED,"{""action"":""SELL"",""order_id"":1843,""period"":1,""price"":null,""quantity"":25000.0,""quantity_filled"":25000.0,""status"":""TRANSACTED"",""tick"":258,""ticker"":""CRZY"",""trader_id"":""Adderall.exe"",""type"":""MARKET"",""vwap"":11.0788}","{""action"":""SELL"",""order_id"":1843,""period"":1,""price"":null,""quantity"":25000.0,""quantity_filled"":25000.0,""status"":""TRANSACTED"",""tick"":258,""ticker"":""CRZY"",""trader_id"":""Adderall.exe"",""type"":""MARKET"",""vwap"":11.0788}",
20260922T043702Z-2c8c3de9,20260922T043702Z-2c8c3de9-H0013,3372,20260922T043702Z-2c8c3de9-20260922T043702Z-2c8c3de9-H0013-T3372-36e575,2,PIPELINE,2026-09-22T05:51:28.163+00:00,CRZY,SELL,25000,11.03884,11.02,True,1845,1048.03450000054,1082.277100000283,34.18989999871701,0.0,25000,11.03884,,0.0,-0.0,TRANSACTED,"{""action"":""SELL"",""order_id"":1845,""period"":1,""price"":null,""quantity"":25000.0,""quantity_filled"":25000.0,""status"":""TRANSACTED"",""tick"":258,""ticker"":""CRZY"",""trader_id"":""Adderall.exe"",""type"":""MARKET"",""vwap"":11.03884}","{""action"":""SELL"",""order_id"":1845,""period"":1,""price"":null,""quantity"":25000.0,""quantity_filled"":25000.0,""status"":""TRANSACTED"",""tick"":258,""ticker"":""CRZY"",""trader_id"":""Adderall.exe"",""type"":""MARKET"",""vwap"":11.03884}",
20260922T043702Z-2c8c3de9,20260922T043702Z-2c8c3de9-H0013,3372,20260922T043702Z-2c8c3de9-20260922T043702Z-2c8c3de9-H0013-T3372-36e575,3,PIPELINE,2026-09-22T05:51:28.193+00:00,CRZY,SELL,25000,10.929,10.84,True,1846,1082.3378000004595,1116.521100000682,34.146900000050664,0.0,25000,10.929,,0.0,-0.0,TRANSACTED,"{""action"":""SELL"",""order_id"":1846,""period"":1,""price"":null,""quantity"":25000.0,""quantity_filled"":25000.0,""status"":""TRANSACTED"",""tick"":258,""ticker"":""CRZY"",""trader_id"":""Adderall.exe"",""type"":""MARKET"",""vwap"":10.929}","{""action"":""SELL"",""order_id"":1846,""period"":1,""price"":null,""quantity"":25000.0,""quantity_filled"":25000.0,""status"":""TRANSACTED"",""tick"":258,""ticker"":""CRZY"",""trader_id"":""Adderall.exe"",""type"":""MARKET"",""vwap"":10.929}",
20260922T043702Z-2c8c3de9,20260922T043702Z-2c8c3de9-H0014,172,20260922T043702Z-2c8c3de9-20260922T043702Z-2c8c3de9-H0014-T172-563e12,1,PIPELINE,2026-09-22T05:53:36.041+00:00,CRZY,SELL,25000,10.00472,9.96,True,171,1000.5371000006562,1056.379300000117,55.81529999990016,0.0,25000,10.00472,,0.0,-0.0,TRANSACTED,"{""action"":""SELL"",""order_id"":171,""period"":1,""price"":null,""quantity"":25000.0,""quantity_filled"":25000.0,""status"":""TRANSACTED"",""tick"":25,""ticker"":""CRZY"",""trader_id"":""Adderall.exe"",""type"":""MARKET"",""vwap"":10.00472}","{""action"":""SELL"",""order_id"":171,""period"":1,""price"":null,""quantity"":25000.0,""quantity_filled"":25000.0,""status"":""TRANSACTED"",""tick"":25,""ticker"":""CRZY"",""trader_id"":""Adderall.exe"",""type"":""MARKET"",""vwap"":10.00472}",
20260922T043702Z-2c8c3de9,20260922T043702Z-2c8c3de9-H0014,172,20260922T043702Z-2c8c3de9-20260922T043702Z-2c8c3de9-H0014-T172-563e12,2,PIPELINE,2026-09-22T05:53:36.071+00:00,CRZY,SELL,25000,9.94648,9.91,True,172,1056.4260000001013,1090.0136999998722,33.56240000016987,0.0,25000,9.94648,,0.0,-0.0,TRANSACTED,"{""action"":""SELL"",""order_id"":172,""period"":1,""price"":null,""quantity"":25000.0,""quantity_filled"":25000.0,""status"":""TRANSACTED"",""tick"":25,""ticker"":""CRZY"",""trader_id"":""Adderall.exe"",""type"":""MARKET"",""vwap"":9.94648}","{""action"":""SELL"",""order_id"":172,""period"":1,""price"":null,""quantity"":25000.0,""quantity_filled"":25000.0,""status"":""TRANSACTED"",""tick"":25,""ticker"":""CRZY"",""trader_id"":""Adderall.exe"",""type"":""MARKET"",""vwap"":9.94648}",
20260922T043702Z-2c8c3de9,20260922T043702Z-2c8c3de9-H0014,172,20260922T043702Z-2c8c3de9-20260922T043702Z-2c8c3de9-H0014-T172-563e12,3,PIPELINE,2026-09-22T05:53:36.111+00:00,CRZY,SELL,21000,9.86295238095238,9.81,True,174,1090.0658999998996,1127.7172000000064,37.61039999965578,0.0,21000,9.86295238095238,,0.0,-0.0,TRANSACTED,"{""action"":""SELL"",""order_id"":174,""period"":1,""price"":null,""quantity"":21000.0,""quantity_filled"":21000.0,""status"":""TRANSACTED"",""tick"":25,""ticker"":""CRZY"",""trader_id"":""Adderall.exe"",""type"":""MARKET"",""vwap"":9.86295238095238}","{""action"":""SELL"",""order_id"":174,""period"":1,""price"":null,""quantity"":21000.0,""quantity_filled"":21000.0,""status"":""TRANSACTED"",""tick"":25,""ticker"":""CRZY"",""trader_id"":""Adderall.exe"",""type"":""MARKET"",""vwap"":9.86295238095238}",
20260922T043702Z-2c8c3de9,20260922T043702Z-2c8c3de9-H0014,972,20260922T043702Z-2c8c3de9-20260922T043702Z-2c8c3de9-H0014-T972-043757,1,PIPELINE,2026-09-22T05:54:35.370+00:00,TAME,BUY,10000,24.7604,24.78,True,582,1019.6697999999742,1055.668400000286,35.9624000005424,0.0,10000,24.7604,,0.0,-0.0,TRANSACTED,"{""action"":""BUY"",""order_id"":582,""period"":1,""price"":null,""quantity"":10000.0,""quantity_filled"":10000.0,""status"":""TRANSACTED"",""tick"":84,""ticker"":""TAME"",""trader_id"":""Adderall.exe"",""type"":""MARKET"",""vwap"":24.7604}","{""action"":""BUY"",""order_id"":582,""period"":1,""price"":null,""quantity"":10000.0,""quantity_filled"":10000.0,""status"":""TRANSACTED"",""tick"":84,""ticker"":""TAME"",""trader_id"":""Adderall.exe"",""type"":""MARKET"",""vwap"":24.7604}",
20260922T043702Z-2c8c3de9,20260922T043702Z-2c8c3de9-H0014,972,20260922T043702Z-2c8c3de9-20260922T043702Z-2c8c3de9-H0014-T972-043757,2,PIPELINE,2026-09-22T05:54:35.407+00:00,TAME,BUY,10000,24.78,24.78,True,583,1055.7378000003155,1093.3733000001666,37.60990000050515,0.0,10000,24.78,,0.0,-0.0,TRANSACTED,"{""action"":""BUY"",""order_id"":583,""period"":1,""price"":null,""quantity"":10000.0,""quantity_filled"":10000.0,""status"":""TRANSACTED"",""tick"":84,""ticker"":""TAME"",""trader_id"":""Adderall.exe"",""type"":""MARKET"",""vwap"":24.78}","{""action"":""BUY"",""order_id"":583,""period"":1,""price"":null,""quantity"":10000.0,""quantity_filled"":10000.0,""status"":""TRANSACTED"",""tick"":84,""ticker"":""TAME"",""trader_id"":""Adderall.exe"",""type"":""MARKET"",""vwap"":24.78}",
20260922T043702Z-2c8c3de9,20260922T043702Z-2c8c3de9-H0014,972,20260922T043702Z-2c8c3de9-20260922T043702Z-2c8c3de9-H0014-T972-043757,3,PIPELINE,2026-09-22T05:54:35.440+00:00,TAME,BUY,10000,24.7961,24.8,True,584,1093.414699999812,1126.822600000196,33.386400000192225,0.0,10000,24.7961,,0.0,-0.0,TRANSACTED,"{""action"":""BUY"",""order_id"":584,""period"":1,""price"":null,""quantity"":10000.0,""quantity_filled"":10000.0,""status"":""TRANSACTED"",""tick"":84,""ticker"":""TAME"",""trader_id"":""Adderall.exe"",""type"":""MARKET"",""vwap"":24.7961}","{""action"":""BUY"",""order_id"":584,""period"":1,""price"":null,""quantity"":10000.0,""quantity_filled"":10000.0,""status"":""TRANSACTED"",""tick"":84,""ticker"":""TAME"",""trader_id"":""Adderall.exe"",""type"":""MARKET"",""vwap"":24.7961}",
20260922T043702Z-2c8c3de9,20260922T043702Z-2c8c3de9-H0014,972,20260922T043702Z-2c8c3de9-20260922T043702Z-2c8c3de9-H0014-T972-043757,4,PIPELINE,2026-09-22T05:54:35.470+00:00,TAME,BUY,10000,24.8018,24.81,True,585,1126.8674000002648,1160.0078000001304,33.110700000077486,0.0,10000,24.8018,,0.0,-0.0,TRANSACTED,"{""action"":""BUY"",""order_id"":585,""period"":1,""price"":null,""quantity"":10000.0,""quantity_filled"":10000.0,""status"":""TRANSACTED"",""tick"":84,""ticker"":""TAME"",""trader_id"":""Adderall.exe"",""type"":""MARKET"",""vwap"":24.8018}","{""action"":""BUY"",""order_id"":585,""period"":1,""price"":null,""quantity"":10000.0,""quantity_filled"":10000.0,""status"":""TRANSACTED"",""tick"":84,""ticker"":""TAME"",""trader_id"":""Adderall.exe"",""type"":""MARKET"",""vwap"":24.8018}",
20260922T043702Z-2c8c3de9,20260922T043702Z-2c8c3de9-H0014,972,20260922T043702Z-2c8c3de9-20260922T043702Z-2c8c3de9-H0014-T972-043757,5,PIPELINE,2026-09-22T05:54:35.510+00:00,TAME,BUY,10000,24.8304,24.84,True,586,1160.0772000001598,1196.0361000001285,35.91189999971539,0.0,10000,24.8304,,0.0,-0.0,TRANSACTED,"{""action"":""BUY"",""order_id"":586,""period"":1,""price"":null,""quantity"":10000.0,""quantity_filled"":10000.0,""status"":""TRANSACTED"",""tick"":84,""ticker"":""TAME"",""trader_id"":""Adderall.exe"",""type"":""MARKET"",""vwap"":24.8304}","{""action"":""BUY"",""order_id"":586,""period"":1,""price"":null,""quantity"":10000.0,""quantity_filled"":10000.0,""status"":""TRANSACTED"",""tick"":84,""ticker"":""TAME"",""trader_id"":""Adderall.exe"",""type"":""MARKET"",""vwap"":24.8304}",
20260922T043702Z-2c8c3de9,20260922T043702Z-2c8c3de9-H0014,972,20260922T043702Z-2c8c3de9-20260922T043702Z-2c8c3de9-H0014-T972-043757,6,PIPELINE,2026-09-22T05:54:35.544+00:00,TAME,BUY,10000,24.8638,24.89,True,587,1196.134300000267,1229.7406999996383,33.57169999927282,0.0,10000,24.8638,,0.0,-0.0,TRANSACTED,"{""action"":""BUY"",""order_id"":587,""period"":1,""price"":null,""quantity"":10000.0,""quantity_filled"":10000.0,""status"":""TRANSACTED"",""tick"":84,""ticker"":""TAME"",""trader_id"":""Adderall.exe"",""type"":""MARKET"",""vwap"":24.8638}","{""action"":""BUY"",""order_id"":587,""period"":1,""price"":null,""quantity"":10000.0,""quantity_filled"":10000.0,""status"":""TRANSACTED"",""tick"":84,""ticker"":""TAME"",""trader_id"":""Adderall.exe"",""type"":""MARKET"",""vwap"":24.8638}",
20260922T043702Z-2c8c3de9,20260922T043702Z-2c8c3de9-H0014,972,20260922T043702Z-2c8c3de9-20260922T043702Z-2c8c3de9-H0014-T972-043757,7,PIPELINE,2026-09-22T05:54:35.576+00:00,TAME,BUY,10000,24.9185,24.93,True,588,1229.8369000000093,1261.7442999999184,31.878100000321865,0.0,10000,24.9185,,0.0,-0.0,TRANSACTED,"{""action"":""BUY"",""order_id"":588,""period"":1,""price"":null,""quantity"":10000.0,""quantity_filled"":10000.0,""status"":""TRANSACTED"",""tick"":84,""ticker"":""TAME"",""trader_id"":""Adderall.exe"",""type"":""MARKET"",""vwap"":24.9185}","{""action"":""BUY"",""order_id"":588,""period"":1,""price"":null,""quantity"":10000.0,""quantity_filled"":10000.0,""status"":""TRANSACTED"",""tick"":84,""ticker"":""TAME"",""trader_id"":""Adderall.exe"",""type"":""MARKET"",""vwap"":24.9185}",
20260922T043702Z-2c8c3de9,20260922T043702Z-2c8c3de9-H0014,972,20260922T043702Z-2c8c3de9-20260922T043702Z-2c8c3de9-H0014-T972-043757,8,PIPELINE,2026-09-22T05:54:35.610+00:00,TAME,BUY,5000,24.9408,24.95,True,589,1261.7976999999883,1295.8101000003808,33.9847999997437,0.0,5000,24.9408,,0.0,-0.0,TRANSACTED,"{""action"":""BUY"",""order_id"":589,""period"":1,""price"":null,""quantity"":5000.0,""quantity_filled"":5000.0,""status"":""TRANSACTED"",""tick"":84,""ticker"":""TAME"",""trader_id"":""Adderall.exe"",""type"":""MARKET"",""vwap"":24.9408}","{""action"":""BUY"",""order_id"":589,""period"":1,""price"":null,""quantity"":5000.0,""quantity_filled"":5000.0,""status"":""TRANSACTED"",""tick"":84,""ticker"":""TAME"",""trader_id"":""Adderall.exe"",""type"":""MARKET"",""vwap"":24.9408}",
20260922T043702Z-2c8c3de9,20260922T043702Z-2c8c3de9-H0014,1772,20260922T043702Z-2c8c3de9-20260922T043702Z-2c8c3de9-H0014-T1772-429d16,1,PIPELINE,2026-09-22T05:55:28.649+00:00,CRZY,SELL,25000,10.5186,10.49,True,984,978.8451000003988,1032.4090000003707,53.526700001209974,0.0,25000,10.5186,,0.0,-0.0,TRANSACTED,"{""action"":""SELL"",""order_id"":984,""period"":1,""price"":null,""quantity"":25000.0,""quantity_filled"":25000.0,""status"":""TRANSACTED"",""tick"":137,""ticker"":""CRZY"",""trader_id"":""Adderall.exe"",""type"":""MARKET"",""vwap"":10.5186}","{""action"":""SELL"",""order_id"":984,""period"":1,""price"":null,""quantity"":25000.0,""quantity_filled"":25000.0,""status"":""TRANSACTED"",""tick"":137,""ticker"":""CRZY"",""trader_id"":""Adderall.exe"",""type"":""MARKET"",""vwap"":10.5186}",
20260922T043702Z-2c8c3de9,20260922T043702Z-2c8c3de9-H0014,1772,20260922T043702Z-2c8c3de9-20260922T043702Z-2c8c3de9-H0014-T1772-429d16,2,PIPELINE,2026-09-22T05:55:28.690+00:00,CRZY,SELL,25000,10.47464,10.46,True,985,1032.4792000001253,1067.578300000605,35.058299999684095,0.0,25000,10.47464,,0.0,-0.0,TRANSACTED,"{""action"":""SELL"",""order_id"":985,""period"":1,""price"":null,""quantity"":25000.0,""quantity_filled"":25000.0,""status"":""TRANSACTED"",""tick"":137,""ticker"":""CRZY"",""trader_id"":""Adderall.exe"",""type"":""MARKET"",""vwap"":10.47464}","{""action"":""SELL"",""order_id"":985,""period"":1,""price"":null,""quantity"":25000.0,""quantity_filled"":25000.0,""status"":""TRANSACTED"",""tick"":137,""ticker"":""CRZY"",""trader_id"":""Adderall.exe"",""type"":""MARKET"",""vwap"":10.47464}",
20260922T043702Z-2c8c3de9,20260922T043702Z-2c8c3de9-H0014,1772,20260922T043702Z-2c8c3de9-20260922T043702Z-2c8c3de9-H0014-T1772-429d16,3,PIPELINE,2026-09-22T05:55:28.722+00:00,CRZY,SELL,17000,10.423764705882354,10.38,True,986,1067.6555000000008,1104.8109000003024,37.12930000014603,0.0,17000,10.423764705882354,,0.0,-0.0,TRANSACTED,"{""action"":""SELL"",""order_id"":986,""period"":1,""price"":null,""quantity"":17000.0,""quantity_filled"":17000.0,""status"":""TRANSACTED"",""tick"":137,""ticker"":""CRZY"",""trader_id"":""Adderall.exe"",""type"":""MARKET"",""vwap"":10.423764705882354}","{""action"":""SELL"",""order_id"":986,""period"":1,""price"":null,""quantity"":17000.0,""quantity_filled"":17000.0,""status"":""TRANSACTED"",""tick"":137,""ticker"":""CRZY"",""trader_id"":""Adderall.exe"",""type"":""MARKET"",""vwap"":10.423764705882354}",
20260922T043702Z-2c8c3de9,20260922T043702Z-2c8c3de9-H0014,3372,20260922T043702Z-2c8c3de9-20260922T043702Z-2c8c3de9-H0014-T3372-885c33,1,PIPELINE,2026-09-22T05:57:31.356+00:00,CRZY,SELL,25000,10.72628,10.7,True,1820,1020.3709000006711,1077.817800000048,57.40789999999106,0.0,25000,10.72628,,0.0,-0.0,TRANSACTED,"{""action"":""SELL"",""order_id"":1820,""period"":1,""price"":null,""quantity"":25000.0,""quantity_filled"":25000.0,""status"":""TRANSACTED"",""tick"":259,""ticker"":""CRZY"",""trader_id"":""Adderall.exe"",""type"":""MARKET"",""vwap"":10.72628}","{""action"":""SELL"",""order_id"":1820,""period"":1,""price"":null,""quantity"":25000.0,""quantity_filled"":25000.0,""status"":""TRANSACTED"",""tick"":259,""ticker"":""CRZY"",""trader_id"":""Adderall.exe"",""type"":""MARKET"",""vwap"":10.72628}",
20260922T043702Z-2c8c3de9,20260922T043702Z-2c8c3de9-H0014,3372,20260922T043702Z-2c8c3de9-20260922T043702Z-2c8c3de9-H0014-T3372-885c33,2,PIPELINE,2026-09-22T05:57:31.386+00:00,CRZY,SELL,25000,10.6658,10.64,True,1821,1077.8894000004584,1111.815000000206,33.89160000067204,0.0,25000,10.6658,,0.0,-0.0,TRANSACTED,"{""action"":""SELL"",""order_id"":1821,""period"":1,""price"":null,""quantity"":25000.0,""quantity_filled"":25000.0,""status"":""TRANSACTED"",""tick"":259,""ticker"":""CRZY"",""trader_id"":""Adderall.exe"",""type"":""MARKET"",""vwap"":10.6658}","{""action"":""SELL"",""order_id"":1821,""period"":1,""price"":null,""quantity"":25000.0,""quantity_filled"":25000.0,""status"":""TRANSACTED"",""tick"":259,""ticker"":""CRZY"",""trader_id"":""Adderall.exe"",""type"":""MARKET"",""vwap"":10.6658}",
20260922T043702Z-2c8c3de9,20260922T043702Z-2c8c3de9-H0014,3372,20260922T043702Z-2c8c3de9-20260922T043702Z-2c8c3de9-H0014-T3372-885c33,3,PIPELINE,2026-09-22T05:57:31.431+00:00,CRZY,SELL,21000,10.64,10.64,True,1822,1111.8771999999808,1151.1442000000898,39.22880000062287,0.0,21000,10.64,,0.0,-0.0,TRANSACTED,"{""action"":""SELL"",""order_id"":1822,""period"":1,""price"":null,""quantity"":21000.0,""quantity_filled"":21000.0,""status"":""TRANSACTED"",""tick"":259,""ticker"":""CRZY"",""trader_id"":""Adderall.exe"",""type"":""MARKET"",""vwap"":10.64}","{""action"":""SELL"",""order_id"":1822,""period"":1,""price"":null,""quantity"":21000.0,""quantity_filled"":21000.0,""status"":""TRANSACTED"",""tick"":259,""ticker"":""CRZY"",""trader_id"":""Adderall.exe"",""type"":""MARKET"",""vwap"":10.64}",
20260922T043702Z-2c8c3de9,20260922T043702Z-2c8c3de9-H0015,172,20260922T043702Z-2c8c3de9-20260922T043702Z-2c8c3de9-H0015-T172-cc7493,1,PIPELINE,2026-09-22T05:59:35.274+00:00,CRZY,BUY,25000,9.96784,10.02,True,157,976.7310000006546,1030.541500000254,53.73820000048727,0.0,25000,9.96784,,0.0,-0.0,TRANSACTED,"{""action"":""BUY"",""order_id"":157,""period"":1,""price"":null,""quantity"":25000.0,""quantity_filled"":25000.0,""status"":""TRANSACTED"",""tick"":22,""ticker"":""CRZY"",""trader_id"":""Adderall.exe"",""type"":""MARKET"",""vwap"":9.96784}","{""action"":""BUY"",""order_id"":157,""period"":1,""price"":null,""quantity"":25000.0,""quantity_filled"":25000.0,""status"":""TRANSACTED"",""tick"":22,""ticker"":""CRZY"",""trader_id"":""Adderall.exe"",""type"":""MARKET"",""vwap"":9.96784}",
20260922T043702Z-2c8c3de9,20260922T043702Z-2c8c3de9-H0015,172,20260922T043702Z-2c8c3de9-20260922T043702Z-2c8c3de9-H0015-T172-cc7493,2,PIPELINE,2026-09-22T05:59:35.304+00:00,CRZY,BUY,25000,10.07948,10.11,True,158,1030.6157000004532,1064.055300000291,33.416299999691546,0.0,25000,10.07948,,0.0,-0.0,TRANSACTED,"{""action"":""BUY"",""order_id"":158,""period"":1,""price"":null,""quantity"":25000.0,""quantity_filled"":25000.0,""status"":""TRANSACTED"",""tick"":22,""ticker"":""CRZY"",""trader_id"":""Adderall.exe"",""type"":""MARKET"",""vwap"":10.07948}","{""action"":""BUY"",""order_id"":158,""period"":1,""price"":null,""quantity"":25000.0,""quantity_filled"":25000.0,""status"":""TRANSACTED"",""tick"":22,""ticker"":""CRZY"",""trader_id"":""Adderall.exe"",""type"":""MARKET"",""vwap"":10.07948}",
20260922T043702Z-2c8c3de9,20260922T043702Z-2c8c3de9-H0015,172,20260922T043702Z-2c8c3de9-20260922T043702Z-2c8c3de9-H0015-T172-cc7493,3,PIPELINE,2026-09-22T05:59:35.344+00:00,CRZY,BUY,22000,10.130454545454546,10.17,True,159,1064.0993000006347,1098.7530000002153,34.61849999986589,0.0,22000,10.130454545454546,,0.0,-0.0,TRANSACTED,"{""action"":""BUY"",""order_id"":159,""period"":1,""price"":null,""quantity"":22000.0,""quantity_filled"":22000.0,""status"":""TRANSACTED"",""tick"":22,""ticker"":""CRZY"",""trader_id"":""Adderall.exe"",""type"":""MARKET"",""vwap"":10.130454545454546}","{""action"":""BUY"",""order_id"":159,""period"":1,""price"":null,""quantity"":22000.0,""quantity_filled"":22000.0,""status"":""TRANSACTED"",""tick"":22,""ticker"":""CRZY"",""trader_id"":""Adderall.exe"",""type"":""MARKET"",""vwap"":10.130454545454546}",
20260922T043702Z-2c8c3de9,20260922T043702Z-2c8c3de9-H0015,3372,20260922T043702Z-2c8c3de9-20260922T043702Z-2c8c3de9-H0015-T3372-f7cc29,1,PIPELINE,2026-09-22T06:03:36.499+00:00,CRZY,BUY,25000,9.92436,9.93,True,1844,1013.2943999997224,1047.95329999979,34.63189999945462,0.0,25000,9.92436,,0.0,-0.0,TRANSACTED,"{""action"":""BUY"",""order_id"":1844,""period"":1,""price"":null,""quantity"":25000.0,""quantity_filled"":25000.0,""status"":""TRANSACTED"",""tick"":262,""ticker"":""CRZY"",""trader_id"":""Adderall.exe"",""type"":""MARKET"",""vwap"":9.92436}","{""action"":""BUY"",""order_id"":1844,""period"":1,""price"":null,""quantity"":25000.0,""quantity_filled"":25000.0,""status"":""TRANSACTED"",""tick"":262,""ticker"":""CRZY"",""trader_id"":""Adderall.exe"",""type"":""MARKET"",""vwap"":9.92436}",
20260922T043702Z-2c8c3de9,20260922T043702Z-2c8c3de9-H0015,3372,20260922T043702Z-2c8c3de9-20260922T043702Z-2c8c3de9-H0015-T3372-f7cc29,2,PIPELINE,2026-09-22T06:03:36.530+00:00,CRZY,BUY,25000,9.93432,9.94,True,1845,1047.9990000003454,1082.177999999658,34.15440000034869,0.0,25000,9.93432,,0.0,-0.0,TRANSACTED,"{""action"":""BUY"",""order_id"":1845,""period"":1,""price"":null,""quantity"":25000.0,""quantity_filled"":25000.0,""status"":""TRANSACTED"",""tick"":262,""ticker"":""CRZY"",""trader_id"":""Adderall.exe"",""type"":""MARKET"",""vwap"":9.93432}","{""action"":""BUY"",""order_id"":1845,""period"":1,""price"":null,""quantity"":25000.0,""quantity_filled"":25000.0,""status"":""TRANSACTED"",""tick"":262,""ticker"":""CRZY"",""trader_id"":""Adderall.exe"",""type"":""MARKET"",""vwap"":9.93432}",
20260922T043702Z-2c8c3de9,20260922T043702Z-2c8c3de9-H0015,3372,20260922T043702Z-2c8c3de9-20260922T043702Z-2c8c3de9-H0015-T3372-f7cc29,3,PIPELINE,2026-09-22T06:03:36.560+00:00,CRZY,BUY,20000,9.94805,9.95,True,1846,1082.2256999999809,1115.9538000001703,33.695600000210106,0.0,20000,9.94805,,0.0,-0.0,TRANSACTED,"{""action"":""BUY"",""order_id"":1846,""period"":1,""price"":null,""quantity"":20000.0,""quantity_filled"":20000.0,""status"":""TRANSACTED"",""tick"":262,""ticker"":""CRZY"",""trader_id"":""Adderall.exe"",""type"":""MARKET"",""vwap"":9.94805}","{""action"":""BUY"",""order_id"":1846,""period"":1,""price"":null,""quantity"":20000.0,""quantity_filled"":20000.0,""status"":""TRANSACTED"",""tick"":262,""ticker"":""CRZY"",""trader_id"":""Adderall.exe"",""type"":""MARKET"",""vwap"":9.94805}",
20260922T043702Z-2c8c3de9,20260922T043702Z-2c8c3de9-H0016,2572,20260922T043702Z-2c8c3de9-20260922T043702Z-2c8c3de9-H0016-T2572-ef56ab,1,PIPELINE,2026-09-22T06:08:38.444+00:00,CRZY,SELL,25000,9.67648,9.66,True,1415,1003.5339000005479,1054.2908000006719,50.72070000041276,0.0,25000,9.67648,,0.0,-0.0,TRANSACTED,"{""action"":""SELL"",""order_id"":1415,""period"":1,""price"":null,""quantity"":25000.0,""quantity_filled"":25000.0,""status"":""TRANSACTED"",""tick"":202,""ticker"":""CRZY"",""trader_id"":""Adderall.exe"",""type"":""MARKET"",""vwap"":9.67648}","{""action"":""SELL"",""order_id"":1415,""period"":1,""price"":null,""quantity"":25000.0,""quantity_filled"":25000.0,""status"":""TRANSACTED"",""tick"":202,""ticker"":""CRZY"",""trader_id"":""Adderall.exe"",""type"":""MARKET"",""vwap"":9.67648}",
20260922T043702Z-2c8c3de9,20260922T043702Z-2c8c3de9-H0016,2572,20260922T043702Z-2c8c3de9-20260922T043702Z-2c8c3de9-H0016-T2572-ef56ab,2,PIPELINE,2026-09-22T06:08:38.484+00:00,CRZY,SELL,25000,9.64856,9.63,True,1416,1054.3643000000884,1089.341500000046,34.951100000180304,0.0,25000,9.64856,,0.0,-0.0,TRANSACTED,"{""action"":""SELL"",""order_id"":1416,""period"":1,""price"":null,""quantity"":25000.0,""quantity_filled"":25000.0,""status"":""TRANSACTED"",""tick"":202,""ticker"":""CRZY"",""trader_id"":""Adderall.exe"",""type"":""MARKET"",""vwap"":9.64856}","{""action"":""SELL"",""order_id"":1416,""period"":1,""price"":null,""quantity"":25000.0,""quantity_filled"":25000.0,""status"":""TRANSACTED"",""tick"":202,""ticker"":""CRZY"",""trader_id"":""Adderall.exe"",""type"":""MARKET"",""vwap"":9.64856}",
20260922T043702Z-2c8c3de9,20260922T043702Z-2c8c3de9-H0016,2572,20260922T043702Z-2c8c3de9-20260922T043702Z-2c8c3de9-H0016-T2572-ef56ab,3,PIPELINE,2026-09-22T06:08:38.520+00:00,CRZY,SELL,15000,9.6188,9.6,True,1417,1089.3855000003896,1124.246100000164,34.81010000035167,0.0,15000,9.6188,,0.0,-0.0,TRANSACTED,"{""action"":""SELL"",""order_id"":1417,""period"":1,""price"":null,""quantity"":15000.0,""quantity_filled"":15000.0,""status"":""TRANSACTED"",""tick"":202,""ticker"":""CRZY"",""trader_id"":""Adderall.exe"",""type"":""MARKET"",""vwap"":9.6188}","{""action"":""SELL"",""order_id"":1417,""period"":1,""price"":null,""quantity"":15000.0,""quantity_filled"":15000.0,""status"":""TRANSACTED"",""tick"":202,""ticker"":""CRZY"",""trader_id"":""Adderall.exe"",""type"":""MARKET"",""vwap"":9.6188}",
20260922T043702Z-2c8c3de9,20260922T043702Z-2c8c3de9-H0016,3372,20260922T043702Z-2c8c3de9-20260922T043702Z-2c8c3de9-H0016-T3372-3ff498,1,PIPELINE,2026-09-22T06:09:45.793+00:00,TAME,SELL,10000,23.2494,23.21,True,1869,1030.417399999351,1065.9735000008368,35.511100000701845,0.0,10000,23.2673,,0.017899999999997362,-0.017899999999997362,TRANSACTED,"{""action"":""SELL"",""order_id"":1869,""period"":1,""price"":null,""quantity"":10000.0,""quantity_filled"":10000.0,""status"":""TRANSACTED"",""tick"":269,""ticker"":""TAME"",""trader_id"":""Adderall.exe"",""type"":""MARKET"",""vwap"":23.2673}","{""action"":""SELL"",""order_id"":1869,""period"":1,""price"":null,""quantity"":10000.0,""quantity_filled"":10000.0,""status"":""TRANSACTED"",""tick"":269,""ticker"":""TAME"",""trader_id"":""Adderall.exe"",""type"":""MARKET"",""vwap"":23.2673}",
20260922T043702Z-2c8c3de9,20260922T043702Z-2c8c3de9-H0016,3372,20260922T043702Z-2c8c3de9-20260922T043702Z-2c8c3de9-H0016-T3372-3ff498,2,PIPELINE,2026-09-22T06:09:45.823+00:00,TAME,SELL,10000,23.2016,23.17,True,1870,1066.0740000002988,1100.3256999993027,34.1988000003621,0.0,10000,23.2173,,0.01570000000000249,-0.01570000000000249,TRANSACTED,"{""action"":""SELL"",""order_id"":1870,""period"":1,""price"":null,""quantity"":10000.0,""quantity_filled"":10000.0,""status"":""TRANSACTED"",""tick"":269,""ticker"":""TAME"",""trader_id"":""Adderall.exe"",""type"":""MARKET"",""vwap"":23.2173}","{""action"":""SELL"",""order_id"":1870,""period"":1,""price"":null,""quantity"":10000.0,""quantity_filled"":10000.0,""status"":""TRANSACTED"",""tick"":269,""ticker"":""TAME"",""trader_id"":""Adderall.exe"",""type"":""MARKET"",""vwap"":23.2173}",
20260922T043702Z-2c8c3de9,20260922T043702Z-2c8c3de9-H0016,3372,20260922T043702Z-2c8c3de9-20260922T043702Z-2c8c3de9-H0016-T3372-3ff498,3,PIPELINE,2026-09-22T06:09:45.863+00:00,TAME,SELL,10000,23.1649,23.16,True,1871,1100.4195000004984,1134.6008000000438,34.148700000718236,0.0,10000,23.1823,,0.01740000000000208,-0.01740000000000208,TRANSACTED,"{""action"":""SELL"",""order_id"":1871,""period"":1,""price"":null,""quantity"":10000.0,""quantity_filled"":10000.0,""status"":""TRANSACTED"",""tick"":269,""ticker"":""TAME"",""trader_id"":""Adderall.exe"",""type"":""MARKET"",""vwap"":23.1823}","{""action"":""SELL"",""order_id"":1871,""period"":1,""price"":null,""quantity"":10000.0,""quantity_filled"":10000.0,""status"":""TRANSACTED"",""tick"":269,""ticker"":""TAME"",""trader_id"":""Adderall.exe"",""type"":""MARKET"",""vwap"":23.1823}",
20260922T043702Z-2c8c3de9,20260922T043702Z-2c8c3de9-H0016,3372,20260922T043702Z-2c8c3de9-20260922T043702Z-2c8c3de9-H0016-T3372-3ff498,4,PIPELINE,2026-09-22T06:09:45.894+00:00,TAME,SELL,10000,23.156,23.14,True,1872,1134.6539000005578,1170.8445999993273,36.1515999995172,0.0,10000,23.16,,0.004000000000001336,-0.004000000000001336,TRANSACTED,"{""action"":""SELL"",""order_id"":1872,""period"":1,""price"":null,""quantity"":10000.0,""quantity_filled"":10000.0,""status"":""TRANSACTED"",""tick"":269,""ticker"":""TAME"",""trader_id"":""Adderall.exe"",""type"":""MARKET"",""vwap"":23.16}","{""action"":""SELL"",""order_id"":1872,""period"":1,""price"":null,""quantity"":10000.0,""quantity_filled"":10000.0,""status"":""TRANSACTED"",""tick"":269,""ticker"":""TAME"",""trader_id"":""Adderall.exe"",""type"":""MARKET"",""vwap"":23.16}",
20260922T043702Z-2c8c3de9,20260922T043702Z-2c8c3de9-H0016,3372,20260922T043702Z-2c8c3de9-20260922T043702Z-2c8c3de9-H0016-T3372-3ff498,5,PIPELINE,2026-09-22T06:09:45.934+00:00,TAME,SELL,10000,23.133,23.12,True,1873,1170.9157999994204,1206.3075999994908,35.35690000001341,0.0,10000,23.1448,,0.01180000000000092,-0.01180000000000092,TRANSACTED,"{""action"":""SELL"",""order_id"":1873,""period"":1,""price"":null,""quantity"":10000.0,""quantity_filled"":10000.0,""status"":""TRANSACTED"",""tick"":269,""ticker"":""TAME"",""trader_id"":""Adderall.exe"",""type"":""MARKET"",""vwap"":23.1448}","{""action"":""SELL"",""order_id"":1873,""period"":1,""price"":null,""quantity"":10000.0,""quantity_filled"":10000.0,""status"":""TRANSACTED"",""tick"":269,""ticker"":""TAME"",""trader_id"":""Adderall.exe"",""type"":""MARKET"",""vwap"":23.1448}",
20260922T043702Z-2c8c3de9,20260922T043702Z-2c8c3de9-H0016,3372,20260922T043702Z-2c8c3de9-20260922T043702Z-2c8c3de9-H0016-T3372-3ff498,6,PIPELINE,2026-09-22T06:09:45.973+00:00,TAME,SELL,10000,23.1004,23.04,True,1874,1206.3715999993292,1246.2114999998448,39.806099999696016,0.0,10000,23.123,,0.02260000000000062,-0.02260000000000062,TRANSACTED,"{""action"":""SELL"",""order_id"":1874,""period"":1,""price"":null,""quantity"":10000.0,""quantity_filled"":10000.0,""status"":""TRANSACTED"",""tick"":269,""ticker"":""TAME"",""trader_id"":""Adderall.exe"",""type"":""MARKET"",""vwap"":23.123}","{""action"":""SELL"",""order_id"":1874,""period"":1,""price"":null,""quantity"":10000.0,""quantity_filled"":10000.0,""status"":""TRANSACTED"",""tick"":269,""ticker"":""TAME"",""trader_id"":""Adderall.exe"",""type"":""MARKET"",""vwap"":23.123}",
20260922T043702Z-2c8c3de9,20260922T043702Z-2c8c3de9-H0016,3372,20260922T043702Z-2c8c3de9-20260922T043702Z-2c8c3de9-H0016-T3372-3ff498,7,PIPELINE,2026-09-22T06:09:46.013+00:00,TAME,SELL,6000,23.04,23.04,True,1875,1246.2768000004871,1284.4989000004716,38.196400000713766,0.0,6000,23.078,,0.038000000000000256,-0.038000000000000256,TRANSACTED,"{""action"":""SELL"",""order_id"":1875,""period"":1,""price"":null,""quantity"":6000.0,""quantity_filled"":6000.0,""status"":""TRANSACTED"",""tick"":269,""ticker"":""TAME"",""trader_id"":""Adderall.exe"",""type"":""MARKET"",""vwap"":23.078}","{""action"":""SELL"",""order_id"":1875,""period"":1,""price"":null,""quantity"":6000.0,""quantity_filled"":6000.0,""status"":""TRANSACTED"",""tick"":269,""ticker"":""TAME"",""trader_id"":""Adderall.exe"",""type"":""MARKET"",""vwap"":23.078}",
20260922T043702Z-2c8c3de9,20260922T043702Z-2c8c3de9-H0017,172,20260922T043702Z-2c8c3de9-20260922T043702Z-2c8c3de9-H0017-T172-21f2fd,1,PIPELINE,2026-09-22T06:11:42.801+00:00,CRZY,SELL,25000,9.9798,9.96,True,169,1000.5256999993435,1055.8597999988706,55.3063999991864,0.0,25000,9.9798,,0.0,-0.0,TRANSACTED,"{""action"":""SELL"",""order_id"":169,""period"":1,""price"":null,""quantity"":25000.0,""quantity_filled"":25000.0,""status"":""TRANSACTED"",""tick"":25,""ticker"":""CRZY"",""trader_id"":""Adderall.exe"",""type"":""MARKET"",""vwap"":9.9798}","{""action"":""SELL"",""order_id"":169,""period"":1,""price"":null,""quantity"":25000.0,""quantity_filled"":25000.0,""status"":""TRANSACTED"",""tick"":25,""ticker"":""CRZY"",""trader_id"":""Adderall.exe"",""type"":""MARKET"",""vwap"":9.9798}",
20260922T043702Z-2c8c3de9,20260922T043702Z-2c8c3de9-H0017,172,20260922T043702Z-2c8c3de9-20260922T043702Z-2c8c3de9-H0017-T172-21f2fd,2,PIPELINE,2026-09-22T06:11:42.841+00:00,CRZY,SELL,25000,9.94308,9.93,True,170,1055.9061999992991,1091.4952999992238,35.563699998892844,0.0,25000,9.94308,,0.0,-0.0,TRANSACTED,"{""action"":""SELL"",""order_id"":170,""period"":1,""price"":null,""quantity"":25000.0,""quantity_filled"":25000.0,""status"":""TRANSACTED"",""tick"":25,""ticker"":""CRZY"",""trader_id"":""Adderall.exe"",""type"":""MARKET"",""vwap"":9.94308}","{""action"":""SELL"",""order_id"":170,""period"":1,""price"":null,""quantity"":25000.0,""quantity_filled"":25000.0,""status"":""TRANSACTED"",""tick"":25,""ticker"":""CRZY"",""trader_id"":""Adderall.exe"",""type"":""MARKET"",""vwap"":9.94308}",
20260922T043702Z-2c8c3de9,20260922T043702Z-2c8c3de9-H0017,172,20260922T043702Z-2c8c3de9-20260922T043702Z-2c8c3de9-H0017-T172-21f2fd,3,PIPELINE,2026-09-22T06:11:42.878+00:00,CRZY,SELL,17000,9.912941176470587,9.91,True,171,1091.538099999525,1130.8047999991686,39.2370000006631,0.0,17000,9.912941176470587,,0.0,-0.0,TRANSACTED,"{""action"":""SELL"",""order_id"":171,""period"":1,""price"":null,""quantity"":17000.0,""quantity_filled"":17000.0,""status"":""TRANSACTED"",""tick"":25,""ticker"":""CRZY"",""trader_id"":""Adderall.exe"",""type"":""MARKET"",""vwap"":9.912941176470587}","{""action"":""SELL"",""order_id"":171,""period"":1,""price"":null,""quantity"":17000.0,""quantity_filled"":17000.0,""status"":""TRANSACTED"",""tick"":25,""ticker"":""CRZY"",""trader_id"":""Adderall.exe"",""type"":""MARKET"",""vwap"":9.912941176470587}",
20260922T043702Z-2c8c3de9,20260922T043702Z-2c8c3de9-H0017,972,20260922T043702Z-2c8c3de9-20260922T043702Z-2c8c3de9-H0017-T972-0901f9,1,PIPELINE,2026-09-22T06:12:36.117+00:00,TAME,BUY,10000,24.8839,24.92,True,556,971.2180000005901,1025.8713999992324,54.61639999970794,0.0,10000,24.8839,,0.0,-0.0,TRANSACTED,"{""action"":""BUY"",""order_id"":556,""period"":1,""price"":null,""quantity"":10000.0,""quantity_filled"":10000.0,""status"":""TRANSACTED"",""tick"":78,""ticker"":""TAME"",""trader_id"":""Adderall.exe"",""type"":""MARKET"",""vwap"":24.8839}","{""action"":""BUY"",""order_id"":556,""period"":1,""price"":null,""quantity"":10000.0,""quantity_filled"":10000.0,""status"":""TRANSACTED"",""tick"":78,""ticker"":""TAME"",""trader_id"":""Adderall.exe"",""type"":""MARKET"",""vwap"":24.8839}",
20260922T043702Z-2c8c3de9,20260922T043702Z-2c8c3de9-H0017,972,20260922T043702Z-2c8c3de9-20260922T043702Z-2c8c3de9-H0017-T972-0901f9,2,PIPELINE,2026-09-22T06:12:36.150+00:00,TAME,BUY,10000,24.9477,24.98,True,557,1025.9304999999586,1060.627900000327,34.65719999931753,0.0,10000,24.9477,,0.0,-0.0,TRANSACTED,"{""action"":""BUY"",""order_id"":557,""period"":1,""price"":null,""quantity"":10000.0,""quantity_filled"":10000.0,""status"":""TRANSACTED"",""tick"":78,""ticker"":""TAME"",""trader_id"":""Adderall.exe"",""type"":""MARKET"",""vwap"":24.9477}","{""action"":""BUY"",""order_id"":557,""period"":1,""price"":null,""quantity"":10000.0,""quantity_filled"":10000.0,""status"":""TRANSACTED"",""tick"":78,""ticker"":""TAME"",""trader_id"":""Adderall.exe"",""type"":""MARKET"",""vwap"":24.9477}",
20260922T043702Z-2c8c3de9,20260922T043702Z-2c8c3de9-H0017,972,20260922T043702Z-2c8c3de9-20260922T043702Z-2c8c3de9-H0017-T972-0901f9,3,PIPELINE,2026-09-22T06:12:36.181+00:00,TAME,BUY,10000,24.982,24.99,True,558,1060.7113000005484,1095.6174000002648,34.8410000000149,0.0,10000,24.982,,0.0,-0.0,TRANSACTED,"{""action"":""BUY"",""order_id"":558,""period"":1,""price"":null,""quantity"":10000.0,""quantity_filled"":10000.0,""status"":""TRANSACTED"",""tick"":78,""ticker"":""TAME"",""trader_id"":""Adderall.exe"",""type"":""MARKET"",""vwap"":24.982}","{""action"":""BUY"",""order_id"":558,""period"":1,""price"":null,""quantity"":10000.0,""quantity_filled"":10000.0,""status"":""TRANSACTED"",""tick"":78,""ticker"":""TAME"",""trader_id"":""Adderall.exe"",""type"":""MARKET"",""vwap"":24.982}",
20260922T043702Z-2c8c3de9,20260922T043702Z-2c8c3de9-H0017,972,20260922T043702Z-2c8c3de9-20260922T043702Z-2c8c3de9-H0017-T972-0901f9,4,PIPELINE,2026-09-22T06:12:36.220+00:00,TAME,BUY,10000,24.9981,25.01,True,559,1095.7287999990513,1129.724399999759,33.8999000005424,0.0,10000,24.9981,,0.0,-0.0,TRANSACTED,"{""action"":""BUY"",""order_id"":559,""period"":1,""price"":null,""quantity"":10000.0,""quantity_filled"":10000.0,""status"":""TRANSACTED"",""tick"":78,""ticker"":""TAME"",""trader_id"":""Adderall.exe"",""type"":""MARKET"",""vwap"":24.9981}","{""action"":""BUY"",""order_id"":559,""period"":1,""price"":null,""quantity"":10000.0,""quantity_filled"":10000.0,""status"":""TRANSACTED"",""tick"":78,""ticker"":""TAME"",""trader_id"":""Adderall.exe"",""type"":""MARKET"",""vwap"":24.9981}",
20260922T043702Z-2c8c3de9,20260922T043702Z-2c8c3de9-H0017,972,20260922T043702Z-2c8c3de9-20260922T043702Z-2c8c3de9-H0017-T972-0901f9,5,PIPELINE,2026-09-22T06:12:36.250+00:00,TAME,BUY,10000,25.01,25.01,True,561,1129.8349000007875,1164.236399999936,34.3636000007391,0.0,10000,24.951,,0.05900000000000105,-0.05900000000000105,TRANSACTED,"{""action"":""BUY"",""order_id"":561,""period"":1,""price"":null,""quantity"":10000.0,""quantity_filled"":10000.0,""status"":""TRANSACTED"",""tick"":78,""ticker"":""TAME"",""trader_id"":""Adderall.exe"",""type"":""MARKET"",""vwap"":24.951}","{""action"":""BUY"",""order_id"":561,""period"":1,""price"":null,""quantity"":10000.0,""quantity_filled"":10000.0,""status"":""TRANSACTED"",""tick"":78,""ticker"":""TAME"",""trader_id"":""Adderall.exe"",""type"":""MARKET"",""vwap"":24.951}",
20260922T043702Z-2c8c3de9,20260922T043702Z-2c8c3de9-H0017,972,20260922T043702Z-2c8c3de9-20260922T043702Z-2c8c3de9-H0017-T972-0901f9,6,PIPELINE,2026-09-22T06:12:36.290+00:00,TAME,BUY,10000,25.0168,25.02,True,562,1164.2933000002813,1198.0908999994426,33.75590000115335,0.0,10000,25.0109,,0.00590000000000046,-0.00590000000000046,TRANSACTED,"{""action"":""BUY"",""order_id"":562,""period"":1,""price"":null,""quantity"":10000.0,""quantity_filled"":10000.0,""status"":""TRANSACTED"",""tick"":78,""ticker"":""TAME"",""trader_id"":""Adderall.exe"",""type"":""MARKET"",""vwap"":25.0109}","{""action"":""BUY"",""order_id"":562,""period"":1,""price"":null,""quantity"":10000.0,""quantity_filled"":10000.0,""status"":""TRANSACTED"",""tick"":78,""ticker"":""TAME"",""trader_id"":""Adderall.exe"",""type"":""MARKET"",""vwap"":25.0109}",
20260922T043702Z-2c8c3de9,20260922T043702Z-2c8c3de9-H0017,972,20260922T043702Z-2c8c3de9-20260922T043702Z-2c8c3de9-H0017-T972-0901f9,7,PIPELINE,2026-09-22T06:12:36.324+00:00,TAME,BUY,10000,25.0264,25.04,True,563,1198.179999999411,1235.4488000000856,37.23039999976754,0.0,10000,25.0204,,0.006000000000000227,-0.006000000000000227,TRANSACTED,"{""action"":""BUY"",""order_id"":563,""period"":1,""price"":null,""quantity"":10000.0,""quantity_filled"":10000.0,""status"":""TRANSACTED"",""tick"":78,""ticker"":""TAME"",""trader_id"":""Adderall.exe"",""type"":""MARKET"",""vwap"":25.0204}","{""action"":""BUY"",""order_id"":563,""period"":1,""price"":null,""quantity"":10000.0,""quantity_filled"":10000.0,""status"":""TRANSACTED"",""tick"":78,""ticker"":""TAME"",""trader_id"":""Adderall.exe"",""type"":""MARKET"",""vwap"":25.0204}",
20260922T043702Z-2c8c3de9,20260922T043702Z-2c8c3de9-H0017,972,20260922T043702Z-2c8c3de9-20260922T043702Z-2c8c3de9-H0017-T972-0901f9,8,PIPELINE,2026-09-22T06:12:36.361+00:00,TAME,BUY,2000,25.04,25.04,True,564,1235.5115999998816,1270.9352999991097,35.39860000088811,0.0,2000,25.03,,0.00999999999999801,-0.00999999999999801,TRANSACTED,"{""action"":""BUY"",""order_id"":564,""period"":1,""price"":null,""quantity"":2000.0,""quantity_filled"":2000.0,""status"":""TRANSACTED"",""tick"":78,""ticker"":""TAME"",""trader_id"":""Adderall.exe"",""type"":""MARKET"",""vwap"":25.03}","{""action"":""BUY"",""order_id"":564,""period"":1,""price"":null,""quantity"":2000.0,""quantity_filled"":2000.0,""status"":""TRANSACTED"",""tick"":78,""ticker"":""TAME"",""trader_id"":""Adderall.exe"",""type"":""MARKET"",""vwap"":25.03}",
20260922T043702Z-2c8c3de9,20260922T043702Z-2c8c3de9-H0017,1772,20260922T043702Z-2c8c3de9-20260922T043702Z-2c8c3de9-H0017-T1772-313813,1,PIPELINE,2026-09-22T06:13:43.479+00:00,CRZY,SELL,25000,10.00064,9.99,True,1017,1005.7237000000896,1058.1507999995665,52.36659999936819,0.0,25000,10.00064,,0.0,-0.0,TRANSACTED,"{""action"":""SELL"",""order_id"":1017,""period"":1,""price"":null,""quantity"":25000.0,""quantity_filled"":25000.0,""status"":""TRANSACTED"",""tick"":145,""ticker"":""CRZY"",""trader_id"":""Adderall.exe"",""type"":""MARKET"",""vwap"":10.00064}","{""action"":""SELL"",""order_id"":1017,""period"":1,""price"":null,""quantity"":25000.0,""quantity_filled"":25000.0,""status"":""TRANSACTED"",""tick"":145,""ticker"":""CRZY"",""trader_id"":""Adderall.exe"",""type"":""MARKET"",""vwap"":10.00064}",
20260922T043702Z-2c8c3de9,20260922T043702Z-2c8c3de9-H0017,1772,20260922T043702Z-2c8c3de9-20260922T043702Z-2c8c3de9-H0017-T1772-313813,2,PIPELINE,2026-09-22T06:13:43.509+00:00,CRZY,SELL,25000,9.98264,9.97,True,1019,1058.2126999997854,1092.2341999994387,33.97900000028312,0.0,25000,9.98316,,0.0005199999999998539,-0.0005199999999998539,TRANSACTED,"{""action"":""SELL"",""order_id"":1019,""period"":1,""price"":null,""quantity"":25000.0,""quantity_filled"":25000.0,""status"":""TRANSACTED"",""tick"":145,""ticker"":""CRZY"",""trader_id"":""Adderall.exe"",""type"":""MARKET"",""vwap"":9.98316}","{""action"":""SELL"",""order_id"":1019,""period"":1,""price"":null,""quantity"":25000.0,""quantity_filled"":25000.0,""status"":""TRANSACTED"",""tick"":145,""ticker"":""CRZY"",""trader_id"":""Adderall.exe"",""type"":""MARKET"",""vwap"":9.98316}",
20260922T043702Z-2c8c3de9,20260922T043702Z-2c8c3de9-H0017,1772,20260922T043702Z-2c8c3de9-20260922T043702Z-2c8c3de9-H0017-T1772-313813,3,PIPELINE,2026-09-22T06:13:43.549+00:00,CRZY,SELL,20000,9.9291,9.9,True,1020,1092.3258999991958,1129.510400000072,37.151700001209974,0.0,20000,9.94765,,0.0185499999999994,-0.0185499999999994,TRANSACTED,"{""action"":""SELL"",""order_id"":1020,""period"":1,""price"":null,""quantity"":20000.0,""quantity_filled"":20000.0,""status"":""TRANSACTED"",""tick"":145,""ticker"":""CRZY"",""trader_id"":""Adderall.exe"",""type"":""MARKET"",""vwap"":9.94765}","{""action"":""SELL"",""order_id"":1020,""period"":1,""price"":null,""quantity"":20000.0,""quantity_filled"":20000.0,""status"":""TRANSACTED"",""tick"":145,""ticker"":""CRZY"",""trader_id"":""Adderall.exe"",""type"":""MARKET"",""vwap"":9.94765}",
20260922T043702Z-2c8c3de9,20260922T043702Z-2c8c3de9-H0017,3372,20260922T043702Z-2c8c3de9-20260922T043702Z-2c8c3de9-H0017-T3372-366438,1,PIPELINE,2026-09-22T06:15:42.136+00:00,CRZY,SELL,25000,10.13228,10.11,True,1838,1002.2767999998905,1035.633700001199,33.330000000074506,0.0,25000,10.13228,,0.0,-0.0,TRANSACTED,"{""action"":""SELL"",""order_id"":1838,""period"":1,""price"":null,""quantity"":25000.0,""quantity_filled"":25000.0,""status"":""TRANSACTED"",""tick"":263,""ticker"":""CRZY"",""trader_id"":""Adderall.exe"",""type"":""MARKET"",""vwap"":10.13228}","{""action"":""SELL"",""order_id"":1838,""period"":1,""price"":null,""quantity"":25000.0,""quantity_filled"":25000.0,""status"":""TRANSACTED"",""tick"":263,""ticker"":""CRZY"",""trader_id"":""Adderall.exe"",""type"":""MARKET"",""vwap"":10.13228}",
20260922T043702Z-2c8c3de9,20260922T043702Z-2c8c3de9-H0017,3372,20260922T043702Z-2c8c3de9-20260922T043702Z-2c8c3de9-H0017-T3372-366438,2,PIPELINE,2026-09-22T06:15:42.176+00:00,CRZY,SELL,25000,10.10436,10.1,True,1839,1035.6787000000622,1070.9373999998206,35.225000001490116,0.0,25000,10.10436,,0.0,-0.0,TRANSACTED,"{""action"":""SELL"",""order_id"":1839,""period"":1,""price"":null,""quantity"":25000.0,""quantity_filled"":25000.0,""status"":""TRANSACTED"",""tick"":263,""ticker"":""CRZY"",""trader_id"":""Adderall.exe"",""type"":""MARKET"",""vwap"":10.10436}","{""action"":""SELL"",""order_id"":1839,""period"":1,""price"":null,""quantity"":25000.0,""quantity_filled"":25000.0,""status"":""TRANSACTED"",""tick"":263,""ticker"":""CRZY"",""trader_id"":""Adderall.exe"",""type"":""MARKET"",""vwap"":10.10436}",
20260922T043702Z-2c8c3de9,20260922T043702Z-2c8c3de9-H0017,3372,20260922T043702Z-2c8c3de9-20260922T043702Z-2c8c3de9-H0017-T3372-366438,3,PIPELINE,2026-09-22T06:15:42.206+00:00,CRZY,SELL,19000,10.08121052631579,10.08,True,1840,1071.015700001226,1105.607900000905,34.551299998536706,0.0,19000,10.08121052631579,,0.0,-0.0,TRANSACTED,"{""action"":""SELL"",""order_id"":1840,""period"":1,""price"":null,""quantity"":19000.0,""quantity_filled"":19000.0,""status"":""TRANSACTED"",""tick"":263,""ticker"":""CRZY"",""trader_id"":""Adderall.exe"",""type"":""MARKET"",""vwap"":10.08121052631579}","{""action"":""SELL"",""order_id"":1840,""period"":1,""price"":null,""quantity"":19000.0,""quantity_filled"":19000.0,""status"":""TRANSACTED"",""tick"":263,""ticker"":""CRZY"",""trader_id"":""Adderall.exe"",""type"":""MARKET"",""vwap"":10.08121052631579}",
20260922T043702Z-2c8c3de9,20260922T043702Z-2c8c3de9-H0018,172,20260922T043702Z-2c8c3de9-20260922T043702Z-2c8c3de9-H0018-T172-8e46e9,1,PIPELINE,2026-09-22T06:17:37.054+00:00,CRZY,BUY,25000,9.89656,9.92,True,140,978.5384000006161,1033.0944000015734,54.51729999855161,0.0,25000,9.89656,,0.0,-0.0,TRANSACTED,"{""action"":""BUY"",""order_id"":140,""period"":1,""price"":null,""quantity"":25000.0,""quantity_filled"":25000.0,""status"":""TRANSACTED"",""tick"":17,""ticker"":""CRZY"",""trader_id"":""Adderall.exe"",""type"":""MARKET"",""vwap"":9.89656}","{""action"":""BUY"",""order_id"":140,""period"":1,""price"":null,""quantity"":25000.0,""quantity_filled"":25000.0,""status"":""TRANSACTED"",""tick"":17,""ticker"":""CRZY"",""trader_id"":""Adderall.exe"",""type"":""MARKET"",""vwap"":9.89656}",
20260922T043702Z-2c8c3de9,20260922T043702Z-2c8c3de9-H0018,172,20260922T043702Z-2c8c3de9-20260922T043702Z-2c8c3de9-H0018-T172-8e46e9,2,PIPELINE,2026-09-22T06:17:37.094+00:00,CRZY,BUY,25000,9.97868,10.02,True,141,1033.1750000004831,1074.9804000006407,41.76400000229478,0.0,25000,9.97868,,0.0,-0.0,TRANSACTED,"{""action"":""BUY"",""order_id"":141,""period"":1,""price"":null,""quantity"":25000.0,""quantity_filled"":25000.0,""status"":""TRANSACTED"",""tick"":17,""ticker"":""CRZY"",""trader_id"":""Adderall.exe"",""type"":""MARKET"",""vwap"":9.97868}","{""action"":""BUY"",""order_id"":141,""period"":1,""price"":null,""quantity"":25000.0,""quantity_filled"":25000.0,""status"":""TRANSACTED"",""tick"":17,""ticker"":""CRZY"",""trader_id"":""Adderall.exe"",""type"":""MARKET"",""vwap"":9.97868}",
20260922T043702Z-2c8c3de9,20260922T043702Z-2c8c3de9-H0018,172,20260922T043702Z-2c8c3de9-20260922T043702Z-2c8c3de9-H0018-T172-8e46e9,3,PIPELINE,2026-09-22T06:17:37.132+00:00,CRZY,BUY,22000,10.024772727272728,10.03,True,142,1075.1923000007082,1111.912400001529,36.67080000042915,0.0,22000,10.024772727272728,,0.0,-0.0,TRANSACTED,"{""action"":""BUY"",""order_id"":142,""period"":1,""price"":null,""quantity"":22000.0,""quantity_filled"":22000.0,""status"":""TRANSACTED"",""tick"":17,""ticker"":""CRZY"",""trader_id"":""Adderall.exe"",""type"":""MARKET"",""vwap"":10.024772727272728}","{""action"":""BUY"",""order_id"":142,""period"":1,""price"":null,""quantity"":22000.0,""quantity_filled"":22000.0,""status"":""TRANSACTED"",""tick"":17,""ticker"":""CRZY"",""trader_id"":""Adderall.exe"",""type"":""MARKET"",""vwap"":10.024772727272728}",
20260922T043702Z-2c8c3de9,20260922T043702Z-2c8c3de9-H0018,2572,20260922T043702Z-2c8c3de9-20260922T043702Z-2c8c3de9-H0018-T2572-ada8a8,1,PIPELINE,2026-09-22T06:20:41.041+00:00,CRZY,SELL,25000,9.8082,9.76,True,1409,981.4705999997386,1014.4949000004999,32.98390000127256,0.0,25000,9.8082,,0.0,-0.0,TRANSACTED,"{""action"":""SELL"",""order_id"":1409,""period"":1,""price"":null,""quantity"":25000.0,""quantity_filled"":25000.0,""status"":""TRANSACTED"",""tick"":200,""ticker"":""CRZY"",""trader_id"":""Adderall.exe"",""type"":""MARKET"",""vwap"":9.8082}","{""action"":""SELL"",""order_id"":1409,""period"":1,""price"":null,""quantity"":25000.0,""quantity_filled"":25000.0,""status"":""TRANSACTED"",""tick"":200,""ticker"":""CRZY"",""trader_id"":""Adderall.exe"",""type"":""MARKET"",""vwap"":9.8082}",
20260922T043702Z-2c8c3de9,20260922T043702Z-2c8c3de9-H0018,2572,20260922T043702Z-2c8c3de9-20260922T043702Z-2c8c3de9-H0018-T2572-ada8a8,2,PIPELINE,2026-09-22T06:20:41.101+00:00,CRZY,SELL,25000,9.76,9.76,True,1410,1014.5527000004222,1070.701000000554,56.102800000458956,0.0,25000,9.76,,0.0,-0.0,TRANSACTED,"{""action"":""SELL"",""order_id"":1410,""period"":1,""price"":null,""quantity"":25000.0,""quantity_filled"":25000.0,""status"":""TRANSACTED"",""tick"":200,""ticker"":""CRZY"",""trader_id"":""Adderall.exe"",""type"":""MARKET"",""vwap"":9.76}","{""action"":""SELL"",""order_id"":1410,""period"":1,""price"":null,""quantity"":25000.0,""quantity_filled"":25000.0,""status"":""TRANSACTED"",""tick"":200,""ticker"":""CRZY"",""trader_id"":""Adderall.exe"",""type"":""MARKET"",""vwap"":9.76}",
20260922T043702Z-2c8c3de9,20260922T043702Z-2c8c3de9-H0018,2572,20260922T043702Z-2c8c3de9-20260922T043702Z-2c8c3de9-H0018-T2572-ada8a8,3,PIPELINE,2026-09-22T06:20:41.141+00:00,CRZY,SELL,24000,9.748166666666666,9.74,True,1411,1070.795999999973,1107.2872999993706,36.4452999997884,0.0,24000,9.748166666666666,,0.0,-0.0,TRANSACTED,"{""action"":""SELL"",""order_id"":1411,""period"":1,""price"":null,""quantity"":24000.0,""quantity_filled"":24000.0,""status"":""TRANSACTED"",""tick"":200,""ticker"":""CRZY"",""trader_id"":""Adderall.exe"",""type"":""MARKET"",""vwap"":9.748166666666666}","{""action"":""SELL"",""order_id"":1411,""period"":1,""price"":null,""quantity"":24000.0,""quantity_filled"":24000.0,""status"":""TRANSACTED"",""tick"":200,""ticker"":""CRZY"",""trader_id"":""Adderall.exe"",""type"":""MARKET"",""vwap"":9.748166666666666}",
20260922T043702Z-2c8c3de9,20260922T043702Z-2c8c3de9-H0019,972,20260922T043702Z-2c8c3de9-20260922T043702Z-2c8c3de9-H0019-T972-8e8121,1,PIPELINE,2026-09-22T06:24:52.660+00:00,CRZY,SELL,25000,9.6994,9.65,True,607,1014.6783999989566,1062.2915999992983,47.58630000054836,0.0,25000,9.6994,,0.0,-0.0,TRANSACTED,"{""action"":""SELL"",""order_id"":607,""period"":1,""price"":null,""quantity"":25000.0,""quantity_filled"":25000.0,""status"":""TRANSACTED"",""tick"":90,""ticker"":""CRZY"",""trader_id"":""Adderall.exe"",""type"":""MARKET"",""vwap"":9.6994}","{""action"":""SELL"",""order_id"":607,""period"":1,""price"":null,""quantity"":25000.0,""quantity_filled"":25000.0,""status"":""TRANSACTED"",""tick"":90,""ticker"":""CRZY"",""trader_id"":""Adderall.exe"",""type"":""MARKET"",""vwap"":9.6994}",
20260922T043702Z-2c8c3de9,20260922T043702Z-2c8c3de9-H0019,972,20260922T043702Z-2c8c3de9-20260922T043702Z-2c8c3de9-H0019-T972-8e8121,2,PIPELINE,2026-09-22T06:24:52.696+00:00,CRZY,SELL,25000,9.60956,9.55,True,608,1062.3394999984157,1097.7932999994664,35.417500000447035,0.0,25000,9.60956,,0.0,-0.0,TRANSACTED,"{""action"":""SELL"",""order_id"":608,""period"":1,""price"":null,""quantity"":25000.0,""quantity_filled"":25000.0,""status"":""TRANSACTED"",""tick"":90,""ticker"":""CRZY"",""trader_id"":""Adderall.exe"",""type"":""MARKET"",""vwap"":9.60956}","{""action"":""SELL"",""order_id"":608,""period"":1,""price"":null,""quantity"":25000.0,""quantity_filled"":25000.0,""status"":""TRANSACTED"",""tick"":90,""ticker"":""CRZY"",""trader_id"":""Adderall.exe"",""type"":""MARKET"",""vwap"":9.60956}",
20260922T043702Z-2c8c3de9,20260922T043702Z-2c8c3de9-H0019,972,20260922T043702Z-2c8c3de9-20260922T043702Z-2c8c3de9-H0019-T972-8e8121,3,PIPELINE,2026-09-22T06:24:52.726+00:00,CRZY,SELL,19000,9.473473684210527,9.45,True,609,1097.8770000001532,1132.6186999995116,34.71209999918938,0.0,19000,9.473473684210527,,0.0,-0.0,TRANSACTED,"{""action"":""SELL"",""order_id"":609,""period"":1,""price"":null,""quantity"":19000.0,""quantity_filled"":19000.0,""status"":""TRANSACTED"",""tick"":90,""ticker"":""CRZY"",""trader_id"":""Adderall.exe"",""type"":""MARKET"",""vwap"":9.473473684210527}","{""action"":""SELL"",""order_id"":609,""period"":1,""price"":null,""quantity"":19000.0,""quantity_filled"":19000.0,""status"":""TRANSACTED"",""tick"":90,""ticker"":""CRZY"",""trader_id"":""Adderall.exe"",""type"":""MARKET"",""vwap"":9.473473684210527}",
20260922T043702Z-2c8c3de9,20260922T043702Z-2c8c3de9-H0019,2572,20260922T043702Z-2c8c3de9-20260922T043702Z-2c8c3de9-H0019-T2572-44d9c3,1,PIPELINE,2026-09-22T06:26:53.456+00:00,TAME,BUY,10000,26.1488,26.17,True,1450,999.7741999995924,1054.251399998975,54.44929999858141,0.0,10000,26.1488,,0.0,-0.0,TRANSACTED,"{""action"":""BUY"",""order_id"":1450,""period"":1,""price"":null,""quantity"":10000.0,""quantity_filled"":10000.0,""status"":""TRANSACTED"",""tick"":210,""ticker"":""TAME"",""trader_id"":""Adderall.exe"",""type"":""MARKET"",""vwap"":26.1488}","{""action"":""BUY"",""order_id"":1450,""period"":1,""price"":null,""quantity"":10000.0,""quantity_filled"":10000.0,""status"":""TRANSACTED"",""tick"":210,""ticker"":""TAME"",""trader_id"":""Adderall.exe"",""type"":""MARKET"",""vwap"":26.1488}",
20260922T043702Z-2c8c3de9,20260922T043702Z-2c8c3de9-H0019,2572,20260922T043702Z-2c8c3de9-20260922T043702Z-2c8c3de9-H0019-T2572-44d9c3,2,PIPELINE,2026-09-22T06:26:53.494+00:00,TAME,BUY,10000,26.17,26.17,True,1451,1054.2996999993193,1088.667500000156,34.34140000119805,0.0,10000,26.17,,0.0,-0.0,TRANSACTED,"{""action"":""BUY"",""order_id"":1451,""period"":1,""price"":null,""quantity"":10000.0,""quantity_filled"":10000.0,""status"":""TRANSACTED"",""tick"":210,""ticker"":""TAME"",""trader_id"":""Adderall.exe"",""type"":""MARKET"",""vwap"":26.17}","{""action"":""BUY"",""order_id"":1451,""period"":1,""price"":null,""quantity"":10000.0,""quantity_filled"":10000.0,""status"":""TRANSACTED"",""tick"":210,""ticker"":""TAME"",""trader_id"":""Adderall.exe"",""type"":""MARKET"",""vwap"":26.17}",
20260922T043702Z-2c8c3de9,20260922T043702Z-2c8c3de9-H0019,2572,20260922T043702Z-2c8c3de9-20260922T043702Z-2c8c3de9-H0019-T2572-44d9c3,3,PIPELINE,2026-09-22T06:26:53.524+00:00,TAME,BUY,10000,26.1768,26.18,True,1452,1088.7213999994856,1122.6215999995475,33.87099999934435,0.0,10000,26.1768,,0.0,-0.0,TRANSACTED,"{""action"":""BUY"",""order_id"":1452,""period"":1,""price"":null,""quantity"":10000.0,""quantity_filled"":10000.0,""status"":""TRANSACTED"",""tick"":210,""ticker"":""TAME"",""trader_id"":""Adderall.exe"",""type"":""MARKET"",""vwap"":26.1768}","{""action"":""BUY"",""order_id"":1452,""period"":1,""price"":null,""quantity"":10000.0,""quantity_filled"":10000.0,""status"":""TRANSACTED"",""tick"":210,""ticker"":""TAME"",""trader_id"":""Adderall.exe"",""type"":""MARKET"",""vwap"":26.1768}",
20260922T043702Z-2c8c3de9,20260922T043702Z-2c8c3de9-H0019,2572,20260922T043702Z-2c8c3de9-20260922T043702Z-2c8c3de9-H0019-T2572-44d9c3,4,PIPELINE,2026-09-22T06:26:53.554+00:00,TAME,BUY,10000,26.182,26.19,True,1453,1122.6767000007385,1155.744699999559,33.034399999305606,0.0,10000,26.182,,0.0,-0.0,TRANSACTED,"{""action"":""BUY"",""order_id"":1453,""period"":1,""price"":null,""quantity"":10000.0,""quantity_filled"":10000.0,""status"":""TRANSACTED"",""tick"":210,""ticker"":""TAME"",""trader_id"":""Adderall.exe"",""type"":""MARKET"",""vwap"":26.182}","{""action"":""BUY"",""order_id"":1453,""period"":1,""price"":null,""quantity"":10000.0,""quantity_filled"":10000.0,""status"":""TRANSACTED"",""tick"":210,""ticker"":""TAME"",""trader_id"":""Adderall.exe"",""type"":""MARKET"",""vwap"":26.182}",
20260922T043702Z-2c8c3de9,20260922T043702Z-2c8c3de9-H0019,2572,20260922T043702Z-2c8c3de9-20260922T043702Z-2c8c3de9-H0019-T2572-44d9c3,5,PIPELINE,2026-09-22T06:26:53.594+00:00,TAME,BUY,10000,26.1994,26.21,True,1454,1155.8160000004136,1189.206999999442,33.35730000026524,0.0,10000,26.1994,,0.0,-0.0,TRANSACTED,"{""action"":""BUY"",""order_id"":1454,""period"":1,""price"":null,""quantity"":10000.0,""quantity_filled"":10000.0,""status"":""TRANSACTED"",""tick"":210,""ticker"":""TAME"",""trader_id"":""Adderall.exe"",""type"":""MARKET"",""vwap"":26.1994}","{""action"":""BUY"",""order_id"":1454,""period"":1,""price"":null,""quantity"":10000.0,""quantity_filled"":10000.0,""status"":""TRANSACTED"",""tick"":210,""ticker"":""TAME"",""trader_id"":""Adderall.exe"",""type"":""MARKET"",""vwap"":26.1994}",
20260922T043702Z-2c8c3de9,20260922T043702Z-2c8c3de9-H0019,2572,20260922T043702Z-2c8c3de9-20260922T043702Z-2c8c3de9-H0019-T2572-44d9c3,6,PIPELINE,2026-09-22T06:26:53.631+00:00,TAME,BUY,10000,26.2224,26.23,True,1456,1189.2678000003798,1225.1474000004237,35.84729999862611,0.0,10000,26.2224,,0.0,-0.0,TRANSACTED,"{""action"":""BUY"",""order_id"":1456,""period"":1,""price"":null,""quantity"":10000.0,""quantity_filled"":10000.0,""status"":""TRANSACTED"",""tick"":210,""ticker"":""TAME"",""trader_id"":""Adderall.exe"",""type"":""MARKET"",""vwap"":26.2224}","{""action"":""BUY"",""order_id"":1456,""period"":1,""price"":null,""quantity"":10000.0,""quantity_filled"":10000.0,""status"":""TRANSACTED"",""tick"":210,""ticker"":""TAME"",""trader_id"":""Adderall.exe"",""type"":""MARKET"",""vwap"":26.2224}",
20260922T043702Z-2c8c3de9,20260922T043702Z-2c8c3de9-H0019,2572,20260922T043702Z-2c8c3de9-20260922T043702Z-2c8c3de9-H0019-T2572-44d9c3,7,PIPELINE,2026-09-22T06:26:53.662+00:00,TAME,BUY,8000,26.248625,26.28,True,1457,1225.2086999997118,1257.8976000004332,32.656300000846386,0.0,8000,26.248625,,0.0,-0.0,TRANSACTED,"{""action"":""BUY"",""order_id"":1457,""period"":1,""price"":null,""quantity"":8000.0,""quantity_filled"":8000.0,""status"":""TRANSACTED"",""tick"":210,""ticker"":""TAME"",""trader_id"":""Adderall.exe"",""type"":""MARKET"",""vwap"":26.248625}","{""action"":""BUY"",""order_id"":1457,""period"":1,""price"":null,""quantity"":8000.0,""quantity_filled"":8000.0,""status"":""TRANSACTED"",""tick"":210,""ticker"":""TAME"",""trader_id"":""Adderall.exe"",""type"":""MARKET"",""vwap"":26.248625}",
20260922T043702Z-2c8c3de9,20260922T043702Z-2c8c3de9-H0020,972,20260922T043702Z-2c8c3de9-20260922T043702Z-2c8c3de9-H0020-T972-d00a00,1,PIPELINE,2026-09-22T06:30:45.990+00:00,CRZY,BUY,25000,10.06736,10.08,True,564,1010.3041000002122,1046.298499999466,35.96340000256896,0.0,25000,10.06736,,0.0,-0.0,TRANSACTED,"{""action"":""BUY"",""order_id"":564,""period"":1,""price"":null,""quantity"":25000.0,""quantity_filled"":25000.0,""status"":""TRANSACTED"",""tick"":81,""ticker"":""CRZY"",""trader_id"":""Adderall.exe"",""type"":""MARKET"",""vwap"":10.06736}","{""action"":""BUY"",""order_id"":564,""period"":1,""price"":null,""quantity"":25000.0,""quantity_filled"":25000.0,""status"":""TRANSACTED"",""tick"":81,""ticker"":""CRZY"",""trader_id"":""Adderall.exe"",""type"":""MARKET"",""vwap"":10.06736}",
20260922T043702Z-2c8c3de9,20260922T043702Z-2c8c3de9-H0020,972,20260922T043702Z-2c8c3de9-20260922T043702Z-2c8c3de9-H0020-T972-d00a00,2,PIPELINE,2026-09-22T06:30:46.030+00:00,CRZY,BUY,25000,10.0852,10.09,True,565,1046.3573999986693,1087.9125999999815,41.51600000075996,0.0,25000,10.0852,,0.0,-0.0,TRANSACTED,"{""action"":""BUY"",""order_id"":565,""period"":1,""price"":null,""quantity"":25000.0,""quantity_filled"":25000.0,""status"":""TRANSACTED"",""tick"":81,""ticker"":""CRZY"",""trader_id"":""Adderall.exe"",""type"":""MARKET"",""vwap"":10.0852}","{""action"":""BUY"",""order_id"":565,""period"":1,""price"":null,""quantity"":25000.0,""quantity_filled"":25000.0,""status"":""TRANSACTED"",""tick"":81,""ticker"":""CRZY"",""trader_id"":""Adderall.exe"",""type"":""MARKET"",""vwap"":10.0852}",
20260922T043702Z-2c8c3de9,20260922T043702Z-2c8c3de9-H0020,972,20260922T043702Z-2c8c3de9-20260922T043702Z-2c8c3de9-H0020-T972-d00a00,3,PIPELINE,2026-09-22T06:30:46.085+00:00,CRZY,BUY,21000,10.096285714285715,10.1,True,566,1087.9864999988058,1135.915799999566,47.89289999939501,0.0,21000,10.096285714285715,,0.0,-0.0,TRANSACTED,"{""action"":""BUY"",""order_id"":566,""period"":1,""price"":null,""quantity"":21000.0,""quantity_filled"":21000.0,""status"":""TRANSACTED"",""tick"":81,""ticker"":""CRZY"",""trader_id"":""Adderall.exe"",""type"":""MARKET"",""vwap"":10.096285714285715}","{""action"":""BUY"",""order_id"":566,""period"":1,""price"":null,""quantity"":21000.0,""quantity_filled"":21000.0,""status"":""TRANSACTED"",""tick"":81,""ticker"":""CRZY"",""trader_id"":""Adderall.exe"",""type"":""MARKET"",""vwap"":10.096285714285715}",
20260922T043702Z-2c8c3de9,20260922T043702Z-2c8c3de9-H0020,1772,20260922T043702Z-2c8c3de9-20260922T043702Z-2c8c3de9-H0020-T1772-201e0b,1,PIPELINE,2026-09-22T06:31:56.328+00:00,CRZY,BUY,25000,9.91644,9.95,True,1015,995.6218999996054,1030.7537999997294,35.10659999959171,0.0,25000,9.91644,,0.0,-0.0,TRANSACTED,"{""action"":""BUY"",""order_id"":1015,""period"":1,""price"":null,""quantity"":25000.0,""quantity_filled"":25000.0,""status"":""TRANSACTED"",""tick"":151,""ticker"":""CRZY"",""trader_id"":""Adderall.exe"",""type"":""MARKET"",""vwap"":9.91644}","{""action"":""BUY"",""order_id"":1015,""period"":1,""price"":null,""quantity"":25000.0,""quantity_filled"":25000.0,""status"":""TRANSACTED"",""tick"":151,""ticker"":""CRZY"",""trader_id"":""Adderall.exe"",""type"":""MARKET"",""vwap"":9.91644}",
20260922T043702Z-2c8c3de9,20260922T043702Z-2c8c3de9-H0020,1772,20260922T043702Z-2c8c3de9-20260922T043702Z-2c8c3de9-H0020-T1772-201e0b,2,PIPELINE,2026-09-22T06:31:56.358+00:00,CRZY,BUY,25000,9.9542,9.98,True,1017,1030.8006999985082,1065.067599998656,34.238199999555945,0.0,25000,9.9542,,0.0,-0.0,TRANSACTED,"{""action"":""BUY"",""order_id"":1017,""period"":1,""price"":null,""quantity"":25000.0,""quantity_filled"":25000.0,""status"":""TRANSACTED"",""tick"":151,""ticker"":""CRZY"",""trader_id"":""Adderall.exe"",""type"":""MARKET"",""vwap"":9.9542}","{""action"":""BUY"",""order_id"":1017,""period"":1,""price"":null,""quantity"":25000.0,""quantity_filled"":25000.0,""status"":""TRANSACTED"",""tick"":151,""ticker"":""CRZY"",""trader_id"":""Adderall.exe"",""type"":""MARKET"",""vwap"":9.9542}",
20260922T043702Z-2c8c3de9,20260922T043702Z-2c8c3de9-H0020,1772,20260922T043702Z-2c8c3de9-20260922T043702Z-2c8c3de9-H0020-T1772-201e0b,3,PIPELINE,2026-09-22T06:31:56.399+00:00,CRZY,BUY,19000,9.98,9.98,True,1018,1065.130599999975,1100.7276000000275,35.55409999936819,0.0,19000,9.98,,0.0,-0.0,TRANSACTED,"{""action"":""BUY"",""order_id"":1018,""period"":1,""price"":null,""quantity"":19000.0,""quantity_filled"":19000.0,""status"":""TRANSACTED"",""tick"":151,""ticker"":""CRZY"",""trader_id"":""Adderall.exe"",""type"":""MARKET"",""vwap"":9.98}","{""action"":""BUY"",""order_id"":1018,""period"":1,""price"":null,""quantity"":19000.0,""quantity_filled"":19000.0,""status"":""TRANSACTED"",""tick"":151,""ticker"":""CRZY"",""trader_id"":""Adderall.exe"",""type"":""MARKET"",""vwap"":9.98}",
20260922T043702Z-2c8c3de9,20260922T043702Z-2c8c3de9-H0022,2572,20260922T043702Z-2c8c3de9-20260922T043702Z-2c8c3de9-H0022-T2572-938deb,1,PIPELINE,2026-09-22T06:44:53.097+00:00,CRZY,SELL,25000,9.5404,9.53,True,1425,1004.6234999990702,1057.4336999998195,52.77719999849796,0.0,25000,9.5404,,0.0,-0.0,TRANSACTED,"{""action"":""SELL"",""order_id"":1425,""period"":1,""price"":null,""quantity"":25000.0,""quantity_filled"":25000.0,""status"":""TRANSACTED"",""tick"":203,""ticker"":""CRZY"",""trader_id"":""Adderall.exe"",""type"":""MARKET"",""vwap"":9.5404}","{""action"":""SELL"",""order_id"":1425,""period"":1,""price"":null,""quantity"":25000.0,""quantity_filled"":25000.0,""status"":""TRANSACTED"",""tick"":203,""ticker"":""CRZY"",""trader_id"":""Adderall.exe"",""type"":""MARKET"",""vwap"":9.5404}",
20260922T043702Z-2c8c3de9,20260922T043702Z-2c8c3de9-H0022,2572,20260922T043702Z-2c8c3de9-20260922T043702Z-2c8c3de9-H0022-T2572-938deb,2,PIPELINE,2026-09-22T06:44:53.129+00:00,CRZY,SELL,25000,9.489,9.46,True,1426,1057.4973999991926,1090.6842000003962,33.15379999950528,0.0,25000,9.489,,0.0,-0.0,TRANSACTED,"{""action"":""SELL"",""order_id"":1426,""period"":1,""price"":null,""quantity"":25000.0,""quantity_filled"":25000.0,""status"":""TRANSACTED"",""tick"":203,""ticker"":""CRZY"",""trader_id"":""Adderall.exe"",""type"":""MARKET"",""vwap"":9.489}","{""action"":""SELL"",""order_id"":1426,""period"":1,""price"":null,""quantity"":25000.0,""quantity_filled"":25000.0,""status"":""TRANSACTED"",""tick"":203,""ticker"":""CRZY"",""trader_id"":""Adderall.exe"",""type"":""MARKET"",""vwap"":9.489}",
20260922T043702Z-2c8c3de9,20260922T043702Z-2c8c3de9-H0022,2572,20260922T043702Z-2c8c3de9-20260922T043702Z-2c8c3de9-H0022-T2572-938deb,3,PIPELINE,2026-09-22T06:44:53.164+00:00,CRZY,SELL,25000,9.44812,9.44,True,1428,1090.748299999177,1125.0170999992406,34.23659999854863,0.0,25000,9.44812,,0.0,-0.0,TRANSACTED,"{""action"":""SELL"",""order_id"":1428,""period"":1,""price"":null,""quantity"":25000.0,""quantity_filled"":25000.0,""status"":""TRANSACTED"",""tick"":203,""ticker"":""CRZY"",""trader_id"":""Adderall.exe"",""type"":""MARKET"",""vwap"":9.44812}","{""action"":""SELL"",""order_id"":1428,""period"":1,""price"":null,""quantity"":25000.0,""quantity_filled"":25000.0,""status"":""TRANSACTED"",""tick"":203,""ticker"":""CRZY"",""trader_id"":""Adderall.exe"",""type"":""MARKET"",""vwap"":9.44812}",
20260922T043702Z-2c8c3de9,20260922T043702Z-2c8c3de9-H0023,1772,20260922T043702Z-2c8c3de9-20260922T043702Z-2c8c3de9-H0023-T1772-245716,1,PIPELINE,2026-09-22T06:49:59.042+00:00,CRZY,SELL,25000,9.94912,9.88,True,1015,991.4251999998669,1045.9319000001415,54.47539999894798,0.0,25000,9.94912,,0.0,-0.0,TRANSACTED,"{""action"":""SELL"",""order_id"":1015,""period"":1,""price"":null,""quantity"":25000.0,""quantity_filled"":25000.0,""status"":""TRANSACTED"",""tick"":147,""ticker"":""CRZY"",""trader_id"":""Adderall.exe"",""type"":""MARKET"",""vwap"":9.94912}","{""action"":""SELL"",""order_id"":1015,""period"":1,""price"":null,""quantity"":25000.0,""quantity_filled"":25000.0,""status"":""TRANSACTED"",""tick"":147,""ticker"":""CRZY"",""trader_id"":""Adderall.exe"",""type"":""MARKET"",""vwap"":9.94912}",
20260922T043702Z-2c8c3de9,20260922T043702Z-2c8c3de9-H0023,1772,20260922T043702Z-2c8c3de9-20260922T043702Z-2c8c3de9-H0023-T1772-245716,2,PIPELINE,2026-09-22T06:49:59.079+00:00,CRZY,SELL,25000,9.86368,9.84,True,1016,1045.985799999471,1080.267700001059,34.25249999947846,0.0,25000,9.86368,,0.0,-0.0,TRANSACTED,"{""action"":""SELL"",""order_id"":1016,""period"":1,""price"":null,""quantity"":25000.0,""quantity_filled"":25000.0,""status"":""TRANSACTED"",""tick"":147,""ticker"":""CRZY"",""trader_id"":""Adderall.exe"",""type"":""MARKET"",""vwap"":9.86368}","{""action"":""SELL"",""order_id"":1016,""period"":1,""price"":null,""quantity"":25000.0,""quantity_filled"":25000.0,""status"":""TRANSACTED"",""tick"":147,""ticker"":""CRZY"",""trader_id"":""Adderall.exe"",""type"":""MARKET"",""vwap"":9.86368}",
20260922T043702Z-2c8c3de9,20260922T043702Z-2c8c3de9-H0023,1772,20260922T043702Z-2c8c3de9-20260922T043702Z-2c8c3de9-H0023-T1772-245716,3,PIPELINE,2026-09-22T06:49:59.108+00:00,CRZY,SELL,18000,9.832777777777778,9.83,True,1017,1080.3278000003047,1115.0037000006705,34.637099999934435,0.0,18000,9.832777777777778,,0.0,-0.0,TRANSACTED,"{""action"":""SELL"",""order_id"":1017,""period"":1,""price"":null,""quantity"":18000.0,""quantity_filled"":18000.0,""status"":""TRANSACTED"",""tick"":147,""ticker"":""CRZY"",""trader_id"":""Adderall.exe"",""type"":""MARKET"",""vwap"":9.832777777777778}","{""action"":""SELL"",""order_id"":1017,""period"":1,""price"":null,""quantity"":18000.0,""quantity_filled"":18000.0,""status"":""TRANSACTED"",""tick"":147,""ticker"":""CRZY"",""trader_id"":""Adderall.exe"",""type"":""MARKET"",""vwap"":9.832777777777778}",
20260922T043702Z-2c8c3de9,20260922T043702Z-2c8c3de9-H0023,3372,20260922T043702Z-2c8c3de9-20260922T043702Z-2c8c3de9-H0023-T3372-e513b5,1,PIPELINE,2026-09-22T06:51:59.716+00:00,CRZY,BUY,25000,9.7994,9.81,True,1852,1002.0258000004105,1056.590899999719,54.52859999984503,0.0,25000,9.7994,,0.0,-0.0,TRANSACTED,"{""action"":""BUY"",""order_id"":1852,""period"":1,""price"":null,""quantity"":25000.0,""quantity_filled"":25000.0,""status"":""TRANSACTED"",""tick"":267,""ticker"":""CRZY"",""trader_id"":""Adderall.exe"",""type"":""MARKET"",""vwap"":9.7994}","{""action"":""BUY"",""order_id"":1852,""period"":1,""price"":null,""quantity"":25000.0,""quantity_filled"":25000.0,""status"":""TRANSACTED"",""tick"":267,""ticker"":""CRZY"",""trader_id"":""Adderall.exe"",""type"":""MARKET"",""vwap"":9.7994}",
20260922T043702Z-2c8c3de9,20260922T043702Z-2c8c3de9-H0023,3372,20260922T043702Z-2c8c3de9-20260922T043702Z-2c8c3de9-H0023-T3372-e513b5,2,PIPELINE,2026-09-22T06:51:59.762+00:00,CRZY,BUY,25000,9.83048,9.84,True,1853,1056.66249999922,1092.9405999995652,36.24589999951422,0.0,25000,9.83048,,0.0,-0.0,TRANSACTED,"{""action"":""BUY"",""order_id"":1853,""period"":1,""price"":null,""quantity"":25000.0,""quantity_filled"":25000.0,""status"":""TRANSACTED"",""tick"":267,""ticker"":""CRZY"",""trader_id"":""Adderall.exe"",""type"":""MARKET"",""vwap"":9.83048}","{""action"":""BUY"",""order_id"":1853,""period"":1,""price"":null,""quantity"":25000.0,""quantity_filled"":25000.0,""status"":""TRANSACTED"",""tick"":267,""ticker"":""CRZY"",""trader_id"":""Adderall.exe"",""type"":""MARKET"",""vwap"":9.83048}",
20260922T043702Z-2c8c3de9,20260922T043702Z-2c8c3de9-H0023,3372,20260922T043702Z-2c8c3de9-20260922T043702Z-2c8c3de9-H0023-T3372-e513b5,3,PIPELINE,2026-09-22T06:51:59.796+00:00,CRZY,BUY,23000,9.845260869565218,9.85,True,1854,1093.001600000207,1129.7037999993336,36.6651000007987,0.0,23000,9.845260869565218,,0.0,-0.0,TRANSACTED,"{""action"":""BUY"",""order_id"":1854,""period"":1,""price"":null,""quantity"":23000.0,""quantity_filled"":23000.0,""status"":""TRANSACTED"",""tick"":267,""ticker"":""CRZY"",""trader_id"":""Adderall.exe"",""type"":""MARKET"",""vwap"":9.845260869565218}","{""action"":""BUY"",""order_id"":1854,""period"":1,""price"":null,""quantity"":23000.0,""quantity_filled"":23000.0,""status"":""TRANSACTED"",""tick"":267,""ticker"":""CRZY"",""trader_id"":""Adderall.exe"",""type"":""MARKET"",""vwap"":9.845260869565218}",
20260922T043702Z-2c8c3de9,20260922T043702Z-2c8c3de9-H0024,1772,20260922T043702Z-2c8c3de9-20260922T043702Z-2c8c3de9-H0024-T1772-306e4f,1,PIPELINE,2026-09-22T06:56:05.463+00:00,TAME,BUY,10000,26.5841,26.66,True,1054,1008.7230000008276,1063.5571999991953,54.80049999989569,0.0,10000,26.5841,,0.0,-0.0,TRANSACTED,"{""action"":""BUY"",""order_id"":1054,""period"":1,""price"":null,""quantity"":10000.0,""quantity_filled"":10000.0,""status"":""TRANSACTED"",""tick"":151,""ticker"":""TAME"",""trader_id"":""Adderall.exe"",""type"":""MARKET"",""vwap"":26.5841}","{""action"":""BUY"",""order_id"":1054,""period"":1,""price"":null,""quantity"":10000.0,""quantity_filled"":10000.0,""status"":""TRANSACTED"",""tick"":151,""ticker"":""TAME"",""trader_id"":""Adderall.exe"",""type"":""MARKET"",""vwap"":26.5841}",
20260922T043702Z-2c8c3de9,20260922T043702Z-2c8c3de9-H0024,1772,20260922T043702Z-2c8c3de9-20260922T043702Z-2c8c3de9-H0024-T1772-306e4f,2,PIPELINE,2026-09-22T06:56:05.495+00:00,TAME,BUY,10000,26.66,26.66,True,1055,1063.617499999964,1098.7421999998332,35.09279999881983,0.0,10000,26.66,,0.0,-0.0,TRANSACTED,"{""action"":""BUY"",""order_id"":1055,""period"":1,""price"":null,""quantity"":10000.0,""quantity_filled"":10000.0,""status"":""TRANSACTED"",""tick"":151,""ticker"":""TAME"",""trader_id"":""Adderall.exe"",""type"":""MARKET"",""vwap"":26.66}","{""action"":""BUY"",""order_id"":1055,""period"":1,""price"":null,""quantity"":10000.0,""quantity_filled"":10000.0,""status"":""TRANSACTED"",""tick"":151,""ticker"":""TAME"",""trader_id"":""Adderall.exe"",""type"":""MARKET"",""vwap"":26.66}",
20260922T043702Z-2c8c3de9,20260922T043702Z-2c8c3de9-H0024,1772,20260922T043702Z-2c8c3de9-20260922T043702Z-2c8c3de9-H0024-T1772-306e4f,3,PIPELINE,2026-09-22T06:56:05.532+00:00,TAME,BUY,10000,26.6723,26.68,True,1057,1098.806500000137,1136.4594000006036,37.59609999880195,0.0,10000,26.6723,,0.0,-0.0,TRANSACTED,"{""action"":""BUY"",""order_id"":1057,""period"":1,""price"":null,""quantity"":10000.0,""quantity_filled"":10000.0,""status"":""TRANSACTED"",""tick"":151,""ticker"":""TAME"",""trader_id"":""Adderall.exe"",""type"":""MARKET"",""vwap"":26.6723}","{""action"":""BUY"",""order_id"":1057,""period"":1,""price"":null,""quantity"":10000.0,""quantity_filled"":10000.0,""status"":""TRANSACTED"",""tick"":151,""ticker"":""TAME"",""trader_id"":""Adderall.exe"",""type"":""MARKET"",""vwap"":26.6723}",
20260922T043702Z-2c8c3de9,20260922T043702Z-2c8c3de9-H0024,1772,20260922T043702Z-2c8c3de9-20260922T043702Z-2c8c3de9-H0024-T1772-306e4f,4,PIPELINE,2026-09-22T06:56:05.562+00:00,TAME,BUY,10000,26.7096,26.72,True,1058,1136.5045999991708,1169.1862999996374,32.64430000074208,0.0,10000,26.7096,,0.0,-0.0,TRANSACTED,"{""action"":""BUY"",""order_id"":1058,""period"":1,""price"":null,""quantity"":10000.0,""quantity_filled"":10000.0,""status"":""TRANSACTED"",""tick"":151,""ticker"":""TAME"",""trader_id"":""Adderall.exe"",""type"":""MARKET"",""vwap"":26.7096}","{""action"":""BUY"",""order_id"":1058,""period"":1,""price"":null,""quantity"":10000.0,""quantity_filled"":10000.0,""status"":""TRANSACTED"",""tick"":151,""ticker"":""TAME"",""trader_id"":""Adderall.exe"",""type"":""MARKET"",""vwap"":26.7096}",
20260922T043702Z-2c8c3de9,20260922T043702Z-2c8c3de9-H0024,1772,20260922T043702Z-2c8c3de9-20260922T043702Z-2c8c3de9-H0024-T1772-306e4f,5,PIPELINE,2026-09-22T06:56:05.602+00:00,TAME,BUY,10000,26.7212,26.73,True,1059,1169.2712999993091,1203.7612999993144,34.453900000080466,0.0,10000,26.7212,,0.0,-0.0,TRANSACTED,"{""action"":""BUY"",""order_id"":1059,""period"":1,""price"":null,""quantity"":10000.0,""quantity_filled"":10000.0,""status"":""TRANSACTED"",""tick"":151,""ticker"":""TAME"",""trader_id"":""Adderall.exe"",""type"":""MARKET"",""vwap"":26.7212}","{""action"":""BUY"",""order_id"":1059,""period"":1,""price"":null,""quantity"":10000.0,""quantity_filled"":10000.0,""status"":""TRANSACTED"",""tick"":151,""ticker"":""TAME"",""trader_id"":""Adderall.exe"",""type"":""MARKET"",""vwap"":26.7212}",
20260922T043702Z-2c8c3de9,20260922T043702Z-2c8c3de9-H0024,1772,20260922T043702Z-2c8c3de9-20260922T043702Z-2c8c3de9-H0024-T1772-306e4f,6,PIPELINE,2026-09-22T06:56:05.638+00:00,TAME,BUY,10000,26.7434,26.75,True,1060,1203.8259000000835,1238.4433000006538,34.578499998897314,0.0,10000,26.7434,,0.0,-0.0,TRANSACTED,"{""action"":""BUY"",""order_id"":1060,""period"":1,""price"":null,""quantity"":10000.0,""quantity_filled"":10000.0,""status"":""TRANSACTED"",""tick"":151,""ticker"":""TAME"",""trader_id"":""Adderall.exe"",""type"":""MARKET"",""vwap"":26.7434}","{""action"":""BUY"",""order_id"":1060,""period"":1,""price"":null,""quantity"":10000.0,""quantity_filled"":10000.0,""status"":""TRANSACTED"",""tick"":151,""ticker"":""TAME"",""trader_id"":""Adderall.exe"",""type"":""MARKET"",""vwap"":26.7434}",
20260922T043702Z-2c8c3de9,20260922T043702Z-2c8c3de9-H0024,1772,20260922T043702Z-2c8c3de9-20260922T043702Z-2c8c3de9-H0024-T1772-306e4f,7,PIPELINE,2026-09-22T06:56:05.672+00:00,TAME,BUY,10000,26.7831,26.79,True,1061,1238.5211000000709,1273.5651999992115,35.00350000150502,0.0,10000,26.7831,,0.0,-0.0,TRANSACTED,"{""action"":""BUY"",""order_id"":1061,""period"":1,""price"":null,""quantity"":10000.0,""quantity_filled"":10000.0,""status"":""TRANSACTED"",""tick"":151,""ticker"":""TAME"",""trader_id"":""Adderall.exe"",""type"":""MARKET"",""vwap"":26.7831}","{""action"":""BUY"",""order_id"":1061,""period"":1,""price"":null,""quantity"":10000.0,""quantity_filled"":10000.0,""status"":""TRANSACTED"",""tick"":151,""ticker"":""TAME"",""trader_id"":""Adderall.exe"",""type"":""MARKET"",""vwap"":26.7831}",
20260922T043702Z-2c8c3de9,20260922T043702Z-2c8c3de9-H0024,2572,20260922T043702Z-2c8c3de9-20260922T043702Z-2c8c3de9-H0024-T2572-12e041,1,PIPELINE,2026-09-22T06:56:59.781+00:00,CRZY,SELL,25000,10.13844,10.1,True,1452,989.6762000007584,1045.2181000000564,55.50150000117719,0.0,25000,10.13844,,0.0,-0.0,TRANSACTED,"{""action"":""SELL"",""order_id"":1452,""period"":1,""price"":null,""quantity"":25000.0,""quantity_filled"":25000.0,""status"":""TRANSACTED"",""tick"":205,""ticker"":""CRZY"",""trader_id"":""Adderall.exe"",""type"":""MARKET"",""vwap"":10.13844}","{""action"":""SELL"",""order_id"":1452,""period"":1,""price"":null,""quantity"":25000.0,""quantity_filled"":25000.0,""status"":""TRANSACTED"",""tick"":205,""ticker"":""CRZY"",""trader_id"":""Adderall.exe"",""type"":""MARKET"",""vwap"":10.13844}",
20260922T043702Z-2c8c3de9,20260922T043702Z-2c8c3de9-H0024,2572,20260922T043702Z-2c8c3de9-20260922T043702Z-2c8c3de9-H0024-T2572-12e041,2,PIPELINE,2026-09-22T06:56:59.811+00:00,CRZY,SELL,25000,10.08784,10.08,True,1454,1045.288299999811,1081.5693999993528,36.2497999984771,0.0,25000,10.08784,,0.0,-0.0,TRANSACTED,"{""action"":""SELL"",""order_id"":1454,""period"":1,""price"":null,""quantity"":25000.0,""quantity_filled"":25000.0,""status"":""TRANSACTED"",""tick"":205,""ticker"":""CRZY"",""trader_id"":""Adderall.exe"",""type"":""MARKET"",""vwap"":10.08784}","{""action"":""SELL"",""order_id"":1454,""period"":1,""price"":null,""quantity"":25000.0,""quantity_filled"":25000.0,""status"":""TRANSACTED"",""tick"":205,""ticker"":""CRZY"",""trader_id"":""Adderall.exe"",""type"":""MARKET"",""vwap"":10.08784}",
20260922T043702Z-2c8c3de9,20260922T043702Z-2c8c3de9-H0024,2572,20260922T043702Z-2c8c3de9-20260922T043702Z-2c8c3de9-H0024-T2572-12e041,3,PIPELINE,2026-09-22T06:56:59.854+00:00,CRZY,SELL,24000,10.062458333333334,10.05,True,1455,1081.6273000000365,1120.3724000006332,38.70339999906719,0.0,24000,10.062458333333334,,0.0,-0.0,TRANSACTED,"{""action"":""SELL"",""order_id"":1455,""period"":1,""price"":null,""quantity"":24000.0,""quantity_filled"":24000.0,""status"":""TRANSACTED"",""tick"":205,""ticker"":""CRZY"",""trader_id"":""Adderall.exe"",""type"":""MARKET"",""vwap"":10.062458333333334}","{""action"":""SELL"",""order_id"":1455,""period"":1,""price"":null,""quantity"":24000.0,""quantity_filled"":24000.0,""status"":""TRANSACTED"",""tick"":205,""ticker"":""CRZY"",""trader_id"":""Adderall.exe"",""type"":""MARKET"",""vwap"":10.062458333333334}",
20260922T043702Z-2c8c3de9,20260922T043702Z-2c8c3de9-H0025,172,20260922T043702Z-2c8c3de9-20260922T043702Z-2c8c3de9-H0025-T172-3c6d93,1,PIPELINE,2026-09-22T07:00:04.097+00:00,TAME,BUY,10000,25.03,25.03,True,183,974.4746999986091,1025.430799998503,50.919999999925494,0.0,10000,25.03,,0.0,-0.0,TRANSACTED,"{""action"":""BUY"",""order_id"":183,""period"":1,""price"":null,""quantity"":10000.0,""quantity_filled"":10000.0,""status"":""TRANSACTED"",""tick"":28,""ticker"":""TAME"",""trader_id"":""Adderall.exe"",""type"":""MARKET"",""vwap"":25.03}","{""action"":""BUY"",""order_id"":183,""period"":1,""price"":null,""quantity"":10000.0,""quantity_filled"":10000.0,""status"":""TRANSACTED"",""tick"":28,""ticker"":""TAME"",""trader_id"":""Adderall.exe"",""type"":""MARKET"",""vwap"":25.03}",
20260922T043702Z-2c8c3de9,20260922T043702Z-2c8c3de9-H0025,172,20260922T043702Z-2c8c3de9-20260922T043702Z-2c8c3de9-H0025-T172-3c6d93,2,PIPELINE,2026-09-22T07:00:04.138+00:00,TAME,BUY,10000,25.03,25.03,True,184,1025.5032999994,1059.749299998657,34.213199999183416,0.0,10000,25.03,,0.0,-0.0,TRANSACTED,"{""action"":""BUY"",""order_id"":184,""period"":1,""price"":null,""quantity"":10000.0,""quantity_filled"":10000.0,""status"":""TRANSACTED"",""tick"":28,""ticker"":""TAME"",""trader_id"":""Adderall.exe"",""type"":""MARKET"",""vwap"":25.03}","{""action"":""BUY"",""order_id"":184,""period"":1,""price"":null,""quantity"":10000.0,""quantity_filled"":10000.0,""status"":""TRANSACTED"",""tick"":28,""ticker"":""TAME"",""trader_id"":""Adderall.exe"",""type"":""MARKET"",""vwap"":25.03}",
20260922T043702Z-2c8c3de9,20260922T043702Z-2c8c3de9-H0025,172,20260922T043702Z-2c8c3de9-20260922T043702Z-2c8c3de9-H0025-T172-3c6d93,3,PIPELINE,2026-09-22T07:00:04.173+00:00,TAME,BUY,10000,25.03,25.03,True,185,1059.8083999993833,1093.9496999999392,34.110700000077486,0.0,10000,25.03,,0.0,-0.0,TRANSACTED,"{""action"":""BUY"",""order_id"":185,""period"":1,""price"":null,""quantity"":10000.0,""quantity_filled"":10000.0,""status"":""TRANSACTED"",""tick"":28,""ticker"":""TAME"",""trader_id"":""Adderall.exe"",""type"":""MARKET"",""vwap"":25.03}","{""action"":""BUY"",""order_id"":185,""period"":1,""price"":null,""quantity"":10000.0,""quantity_filled"":10000.0,""status"":""TRANSACTED"",""tick"":28,""ticker"":""TAME"",""trader_id"":""Adderall.exe"",""type"":""MARKET"",""vwap"":25.03}",
20260922T043702Z-2c8c3de9,20260922T043702Z-2c8c3de9-H0025,172,20260922T043702Z-2c8c3de9-20260922T043702Z-2c8c3de9-H0025-T172-3c6d93,4,PIPELINE,2026-09-22T07:00:04.201+00:00,TAME,BUY,10000,25.0384,25.04,True,186,1094.004099999438,1127.2370999995474,33.16410000063479,0.0,10000,25.0384,,0.0,-0.0,TRANSACTED,"{""action"":""BUY"",""order_id"":186,""period"":1,""price"":null,""quantity"":10000.0,""quantity_filled"":10000.0,""status"":""TRANSACTED"",""tick"":28,""ticker"":""TAME"",""trader_id"":""Adderall.exe"",""type"":""MARKET"",""vwap"":25.0384}","{""action"":""BUY"",""order_id"":186,""period"":1,""price"":null,""quantity"":10000.0,""quantity_filled"":10000.0,""status"":""TRANSACTED"",""tick"":28,""ticker"":""TAME"",""trader_id"":""Adderall.exe"",""type"":""MARKET"",""vwap"":25.0384}",
20260922T043702Z-2c8c3de9,20260922T043702Z-2c8c3de9-H0025,172,20260922T043702Z-2c8c3de9-20260922T043702Z-2c8c3de9-H0025-T172-3c6d93,5,PIPELINE,2026-09-22T07:00:04.237+00:00,TAME,BUY,10000,25.04,25.04,True,187,1127.4299999986397,1163.6044999995647,36.110899997875094,0.0,10000,25.04,,0.0,-0.0,TRANSACTED,"{""action"":""BUY"",""order_id"":187,""period"":1,""price"":null,""quantity"":10000.0,""quantity_filled"":10000.0,""status"":""TRANSACTED"",""tick"":28,""ticker"":""TAME"",""trader_id"":""Adderall.exe"",""type"":""MARKET"",""vwap"":25.04}","{""action"":""BUY"",""order_id"":187,""period"":1,""price"":null,""quantity"":10000.0,""quantity_filled"":10000.0,""status"":""TRANSACTED"",""tick"":28,""ticker"":""TAME"",""trader_id"":""Adderall.exe"",""type"":""MARKET"",""vwap"":25.04}",
20260922T043702Z-2c8c3de9,20260922T043702Z-2c8c3de9-H0025,172,20260922T043702Z-2c8c3de9-20260922T043702Z-2c8c3de9-H0025-T172-3c6d93,6,PIPELINE,2026-09-22T07:00:04.280+00:00,TAME,BUY,10000,25.0617,25.07,True,188,1163.7031999998726,1201.1189999993803,37.369699999690056,0.0,10000,25.0617,,0.0,-0.0,TRANSACTED,"{""action"":""BUY"",""order_id"":188,""period"":1,""price"":null,""quantity"":10000.0,""quantity_filled"":10000.0,""status"":""TRANSACTED"",""tick"":28,""ticker"":""TAME"",""trader_id"":""Adderall.exe"",""type"":""MARKET"",""vwap"":25.0617}","{""action"":""BUY"",""order_id"":188,""period"":1,""price"":null,""quantity"":10000.0,""quantity_filled"":10000.0,""status"":""TRANSACTED"",""tick"":28,""ticker"":""TAME"",""trader_id"":""Adderall.exe"",""type"":""MARKET"",""vwap"":25.0617}",
20260922T043702Z-2c8c3de9,20260922T043702Z-2c8c3de9-H0025,172,20260922T043702Z-2c8c3de9-20260922T043702Z-2c8c3de9-H0025-T172-3c6d93,7,PIPELINE,2026-09-22T07:00:04.312+00:00,TAME,BUY,10000,25.0875,25.1,True,189,1201.2004999996861,1235.8310999989044,34.587600000202656,0.0,10000,25.0875,,0.0,-0.0,TRANSACTED,"{""action"":""BUY"",""order_id"":189,""period"":1,""price"":null,""quantity"":10000.0,""quantity_filled"":10000.0,""status"":""TRANSACTED"",""tick"":28,""ticker"":""TAME"",""trader_id"":""Adderall.exe"",""type"":""MARKET"",""vwap"":25.0875}","{""action"":""BUY"",""order_id"":189,""period"":1,""price"":null,""quantity"":10000.0,""quantity_filled"":10000.0,""status"":""TRANSACTED"",""tick"":28,""ticker"":""TAME"",""trader_id"":""Adderall.exe"",""type"":""MARKET"",""vwap"":25.0875}",
20260922T043702Z-2c8c3de9,20260922T043702Z-2c8c3de9-H0025,172,20260922T043702Z-2c8c3de9-20260922T043702Z-2c8c3de9-H0025-T172-3c6d93,8,PIPELINE,2026-09-22T07:00:04.347+00:00,TAME,BUY,3000,25.117333333333335,25.14,True,190,1235.9157999999297,1271.9096000000718,35.958899999037385,0.0,3000,25.117333333333335,,0.0,-0.0,TRANSACTED,"{""action"":""BUY"",""order_id"":190,""period"":1,""price"":null,""quantity"":3000.0,""quantity_filled"":3000.0,""status"":""TRANSACTED"",""tick"":28,""ticker"":""TAME"",""trader_id"":""Adderall.exe"",""type"":""MARKET"",""vwap"":25.117333333333335}","{""action"":""BUY"",""order_id"":190,""period"":1,""price"":null,""quantity"":3000.0,""quantity_filled"":3000.0,""status"":""TRANSACTED"",""tick"":28,""ticker"":""TAME"",""trader_id"":""Adderall.exe"",""type"":""MARKET"",""vwap"":25.117333333333335}",
20260922T043702Z-2c8c3de9,20260922T043702Z-2c8c3de9-H0025,2572,20260922T043702Z-2c8c3de9-20260922T043702Z-2c8c3de9-H0025-T2572-5251e2,1,PIPELINE,2026-09-22T07:03:07.124+00:00,CRZY,BUY,25000,8.55124,8.56,True,1470,998.6950000002253,1043.4325000005629,44.66730000078678,0.0,25000,8.55124,,0.0,-0.0,TRANSACTED,"{""action"":""BUY"",""order_id"":1470,""period"":1,""price"":null,""quantity"":25000.0,""quantity_filled"":25000.0,""status"":""TRANSACTED"",""tick"":210,""ticker"":""CRZY"",""trader_id"":""Adderall.exe"",""type"":""MARKET"",""vwap"":8.55124}","{""action"":""BUY"",""order_id"":1470,""period"":1,""price"":null,""quantity"":25000.0,""quantity_filled"":25000.0,""status"":""TRANSACTED"",""tick"":210,""ticker"":""CRZY"",""trader_id"":""Adderall.exe"",""type"":""MARKET"",""vwap"":8.55124}",
20260922T043702Z-2c8c3de9,20260922T043702Z-2c8c3de9-H0025,2572,20260922T043702Z-2c8c3de9-20260922T043702Z-2c8c3de9-H0025-T2572-5251e2,2,PIPELINE,2026-09-22T07:03:07.215+00:00,CRZY,BUY,25000,8.6242,8.69,True,1472,1043.5309999993478,1136.7700999999215,93.17980000004172,0.0,25000,8.64864,,-0.02444000000000024,0.02444000000000024,TRANSACTED,"{""action"":""BUY"",""order_id"":1472,""period"":1,""price"":null,""quantity"":25000.0,""quantity_filled"":25000.0,""status"":""TRANSACTED"",""tick"":210,""ticker"":""CRZY"",""trader_id"":""Adderall.exe"",""type"":""MARKET"",""vwap"":8.64864}","{""action"":""BUY"",""order_id"":1472,""period"":1,""price"":null,""quantity"":25000.0,""quantity_filled"":25000.0,""status"":""TRANSACTED"",""tick"":210,""ticker"":""CRZY"",""trader_id"":""Adderall.exe"",""type"":""MARKET"",""vwap"":8.64864}",
20260922T043702Z-2c8c3de9,20260922T043702Z-2c8c3de9-H0025,2572,20260922T043702Z-2c8c3de9-20260922T043702Z-2c8c3de9-H0025-T2572-5251e2,3,PIPELINE,2026-09-22T07:03:07.264+00:00,CRZY,BUY,20000,8.7071,8.72,True,1473,1136.8578000001435,1183.5236999995686,46.62719999998808,0.0,20000,8.71415,,-0.007049999999999557,0.007049999999999557,TRANSACTED,"{""action"":""BUY"",""order_id"":1473,""period"":1,""price"":null,""quantity"":20000.0,""quantity_filled"":20000.0,""status"":""TRANSACTED"",""tick"":210,""ticker"":""CRZY"",""trader_id"":""Adderall.exe"",""type"":""MARKET"",""vwap"":8.71415}","{""action"":""BUY"",""order_id"":1473,""period"":1,""price"":null,""quantity"":20000.0,""quantity_filled"":20000.0,""status"":""TRANSACTED"",""tick"":210,""ticker"":""CRZY"",""trader_id"":""Adderall.exe"",""type"":""MARKET"",""vwap"":8.71415}",
20260922T043702Z-2c8c3de9,20260922T043702Z-2c8c3de9-H0025,3372,20260922T043702Z-2c8c3de9-20260922T043702Z-2c8c3de9-H0025-T3372-6ab328,1,PIPELINE,2026-09-22T07:03:55.353+00:00,TAME,SELL,10000,27.0604,27.04,True,1839,1007.0329000009224,1060.10520000018,53.03889999911189,0.0,10000,27.0604,,0.0,-0.0,TRANSACTED,"{""action"":""SELL"",""order_id"":1839,""period"":1,""price"":null,""quantity"":10000.0,""quantity_filled"":10000.0,""status"":""TRANSACTED"",""tick"":258,""ticker"":""TAME"",""trader_id"":""Adderall.exe"",""type"":""MARKET"",""vwap"":27.0604}","{""action"":""SELL"",""order_id"":1839,""period"":1,""price"":null,""quantity"":10000.0,""quantity_filled"":10000.0,""status"":""TRANSACTED"",""tick"":258,""ticker"":""TAME"",""trader_id"":""Adderall.exe"",""type"":""MARKET"",""vwap"":27.0604}",
20260922T043702Z-2c8c3de9,20260922T043702Z-2c8c3de9-H0025,3372,20260922T043702Z-2c8c3de9-20260922T043702Z-2c8c3de9-H0025-T3372-6ab328,2,PIPELINE,2026-09-22T07:03:55.393+00:00,TAME,SELL,10000,26.9553,26.85,True,1840,1060.170200000357,1094.544900000983,34.32930000126362,0.0,10000,26.9553,,0.0,-0.0,TRANSACTED,"{""action"":""SELL"",""order_id"":1840,""period"":1,""price"":null,""quantity"":10000.0,""quantity_filled"":10000.0,""status"":""TRANSACTED"",""tick"":258,""ticker"":""TAME"",""trader_id"":""Adderall.exe"",""type"":""MARKET"",""vwap"":26.9553}","{""action"":""SELL"",""order_id"":1840,""period"":1,""price"":null,""quantity"":10000.0,""quantity_filled"":10000.0,""status"":""TRANSACTED"",""tick"":258,""ticker"":""TAME"",""trader_id"":""Adderall.exe"",""type"":""MARKET"",""vwap"":26.9553}",
20260922T043702Z-2c8c3de9,20260922T043702Z-2c8c3de9-H0025,3372,20260922T043702Z-2c8c3de9-20260922T043702Z-2c8c3de9-H0025-T3372-6ab328,3,PIPELINE,2026-09-22T07:03:55.425+00:00,TAME,SELL,10000,26.8231,26.81,True,1841,1094.6486000011646,1128.155300000799,33.451500000432134,0.0,10000,26.8231,,0.0,-0.0,TRANSACTED,"{""action"":""SELL"",""order_id"":1841,""period"":1,""price"":null,""quantity"":10000.0,""quantity_filled"":10000.0,""status"":""TRANSACTED"",""tick"":258,""ticker"":""TAME"",""trader_id"":""Adderall.exe"",""type"":""MARKET"",""vwap"":26.8231}","{""action"":""SELL"",""order_id"":1841,""period"":1,""price"":null,""quantity"":10000.0,""quantity_filled"":10000.0,""status"":""TRANSACTED"",""tick"":258,""ticker"":""TAME"",""trader_id"":""Adderall.exe"",""type"":""MARKET"",""vwap"":26.8231}",
20260922T043702Z-2c8c3de9,20260922T043702Z-2c8c3de9-H0025,3372,20260922T043702Z-2c8c3de9-20260922T043702Z-2c8c3de9-H0025-T3372-6ab328,4,PIPELINE,2026-09-22T07:03:55.456+00:00,TAME,SELL,10000,26.7865,26.78,True,1842,1128.2581000014034,1161.2065999997867,32.907400000840425,0.0,10000,26.7865,,0.0,-0.0,TRANSACTED,"{""action"":""SELL"",""order_id"":1842,""period"":1,""price"":null,""quantity"":10000.0,""quantity_filled"":10000.0,""status"":""TRANSACTED"",""tick"":258,""ticker"":""TAME"",""trader_id"":""Adderall.exe"",""type"":""MARKET"",""vwap"":26.7865}","{""action"":""SELL"",""order_id"":1842,""period"":1,""price"":null,""quantity"":10000.0,""quantity_filled"":10000.0,""status"":""TRANSACTED"",""tick"":258,""ticker"":""TAME"",""trader_id"":""Adderall.exe"",""type"":""MARKET"",""vwap"":26.7865}",
20260922T043702Z-2c8c3de9,20260922T043702Z-2c8c3de9-H0025,3372,20260922T043702Z-2c8c3de9-20260922T043702Z-2c8c3de9-H0025-T3372-6ab328,5,PIPELINE,2026-09-22T07:03:55.493+00:00,TAME,SELL,10000,26.7008,26.68,True,1843,1161.2787000012759,1195.138600000064,33.823499999940395,0.0,10000,26.7008,,0.0,-0.0,TRANSACTED,"{""action"":""SELL"",""order_id"":1843,""period"":1,""price"":null,""quantity"":10000.0,""quantity_filled"":10000.0,""status"":""TRANSACTED"",""tick"":258,""ticker"":""TAME"",""trader_id"":""Adderall.exe"",""type"":""MARKET"",""vwap"":26.7008}","{""action"":""SELL"",""order_id"":1843,""period"":1,""price"":null,""quantity"":10000.0,""quantity_filled"":10000.0,""status"":""TRANSACTED"",""tick"":258,""ticker"":""TAME"",""trader_id"":""Adderall.exe"",""type"":""MARKET"",""vwap"":26.7008}",
20260922T043702Z-2c8c3de9,20260922T043702Z-2c8c3de9-H0025,3372,20260922T043702Z-2c8c3de9-20260922T043702Z-2c8c3de9-H0025-T3372-6ab328,6,PIPELINE,2026-09-22T07:03:55.523+00:00,TAME,SELL,10000,26.6794,26.67,True,1845,1195.2084000004106,1229.1264000014053,33.884499998763204,0.0,10000,26.7497,,0.07029999999999959,-0.07029999999999959,TRANSACTED,"{""action"":""SELL"",""order_id"":1845,""period"":1,""price"":null,""quantity"":10000.0,""quantity_filled"":10000.0,""status"":""TRANSACTED"",""tick"":258,""ticker"":""TAME"",""trader_id"":""Adderall.exe"",""type"":""MARKET"",""vwap"":26.7497}","{""action"":""SELL"",""order_id"":1845,""period"":1,""price"":null,""quantity"":10000.0,""quantity_filled"":10000.0,""status"":""TRANSACTED"",""tick"":258,""ticker"":""TAME"",""trader_id"":""Adderall.exe"",""type"":""MARKET"",""vwap"":26.7497}",
20260922T043702Z-2c8c3de9,20260922T043702Z-2c8c3de9-H0025,3372,20260922T043702Z-2c8c3de9-20260922T043702Z-2c8c3de9-H0025-T3372-6ab328,7,PIPELINE,2026-09-22T07:03:55.553+00:00,TAME,SELL,10000,26.6649,26.66,True,1846,1229.1861000012432,1263.1713000009768,33.94840000011027,0.0,10000,26.6725,,0.007600000000000051,-0.007600000000000051,TRANSACTED,"{""action"":""SELL"",""order_id"":1846,""period"":1,""price"":null,""quantity"":10000.0,""quantity_filled"":10000.0,""status"":""TRANSACTED"",""tick"":258,""ticker"":""TAME"",""trader_id"":""Adderall.exe"",""type"":""MARKET"",""vwap"":26.6725}","{""action"":""SELL"",""order_id"":1846,""period"":1,""price"":null,""quantity"":10000.0,""quantity_filled"":10000.0,""status"":""TRANSACTED"",""tick"":258,""ticker"":""TAME"",""trader_id"":""Adderall.exe"",""type"":""MARKET"",""vwap"":26.6725}",
20260922T043702Z-2c8c3de9,20260922T043702Z-2c8c3de9-H0026,172,20260922T043702Z-2c8c3de9-20260922T043702Z-2c8c3de9-H0026-T172-20cf20,1,PIPELINE,2026-09-22T07:05:59.394+00:00,TAME,SELL,10000,25.0516,25.02,True,155,959.1953999988618,1020.8062999990943,61.58049999922514,0.0,10000,25.0616,,0.00999999999999801,-0.00999999999999801,TRANSACTED,"{""action"":""SELL"",""order_id"":155,""period"":1,""price"":null,""quantity"":10000.0,""quantity_filled"":10000.0,""status"":""TRANSACTED"",""tick"":21,""ticker"":""TAME"",""trader_id"":""Adderall.exe"",""type"":""MARKET"",""vwap"":25.0616}","{""action"":""SELL"",""order_id"":155,""period"":1,""price"":null,""quantity"":10000.0,""quantity_filled"":10000.0,""status"":""TRANSACTED"",""tick"":21,""ticker"":""TAME"",""trader_id"":""Adderall.exe"",""type"":""MARKET"",""vwap"":25.0616}",
20260922T043702Z-2c8c3de9,20260922T043702Z-2c8c3de9-H0026,172,20260922T043702Z-2c8c3de9-20260922T043702Z-2c8c3de9-H0026-T172-20cf20,2,PIPELINE,2026-09-22T07:05:59.441+00:00,TAME,SELL,10000,25.0133,25.01,True,156,1020.8810000003723,1062.741300000198,41.82689999975264,0.0,10000,25.0209,,0.007600000000000051,-0.007600000000000051,TRANSACTED,"{""action"":""SELL"",""order_id"":156,""period"":1,""price"":null,""quantity"":10000.0,""quantity_filled"":10000.0,""status"":""TRANSACTED"",""tick"":21,""ticker"":""TAME"",""trader_id"":""Adderall.exe"",""type"":""MARKET"",""vwap"":25.0209}","{""action"":""SELL"",""order_id"":156,""period"":1,""price"":null,""quantity"":10000.0,""quantity_filled"":10000.0,""status"":""TRANSACTED"",""tick"":21,""ticker"":""TAME"",""trader_id"":""Adderall.exe"",""type"":""MARKET"",""vwap"":25.0209}",
20260922T043702Z-2c8c3de9,20260922T043702Z-2c8c3de9-H0026,172,20260922T043702Z-2c8c3de9-20260922T043702Z-2c8c3de9-H0026-T172-20cf20,3,PIPELINE,2026-09-22T07:05:59.502+00:00,TAME,SELL,10000,24.9964,24.99,True,157,1062.812699999995,1128.6425999987841,65.7983999978751,0.0,10000,25.0052,,0.008799999999997254,-0.008799999999997254,TRANSACTED,"{""action"":""SELL"",""order_id"":157,""period"":1,""price"":null,""quantity"":10000.0,""quantity_filled"":10000.0,""status"":""TRANSACTED"",""tick"":21,""ticker"":""TAME"",""trader_id"":""Adderall.exe"",""type"":""MARKET"",""vwap"":25.0052}","{""action"":""SELL"",""order_id"":157,""period"":1,""price"":null,""quantity"":10000.0,""quantity_filled"":10000.0,""status"":""TRANSACTED"",""tick"":21,""ticker"":""TAME"",""trader_id"":""Adderall.exe"",""type"":""MARKET"",""vwap"":25.0052}",
20260922T043702Z-2c8c3de9,20260922T043702Z-2c8c3de9-H0026,172,20260922T043702Z-2c8c3de9-20260922T043702Z-2c8c3de9-H0026-T172-20cf20,4,PIPELINE,2026-09-22T07:05:59.613+00:00,TAME,SELL,10000,24.9838,24.98,True,158,1128.7018000002718,1236.4892999994481,107.75819999910891,0.0,10000,24.9882,,0.004400000000000404,-0.004400000000000404,TRANSACTED,"{""action"":""SELL"",""order_id"":158,""period"":1,""price"":null,""quantity"":10000.0,""quantity_filled"":10000.0,""status"":""TRANSACTED"",""tick"":21,""ticker"":""TAME"",""trader_id"":""Adderall.exe"",""type"":""MARKET"",""vwap"":24.9882}","{""action"":""SELL"",""order_id"":158,""period"":1,""price"":null,""quantity"":10000.0,""quantity_filled"":10000.0,""status"":""TRANSACTED"",""tick"":21,""ticker"":""TAME"",""trader_id"":""Adderall.exe"",""type"":""MARKET"",""vwap"":24.9882}",
20260922T043702Z-2c8c3de9,20260922T043702Z-2c8c3de9-H0026,172,20260922T043702Z-2c8c3de9-20260922T043702Z-2c8c3de9-H0026-T172-20cf20,5,PIPELINE,2026-09-22T07:05:59.651+00:00,TAME,SELL,10000,24.9702,24.96,True,160,1236.543699998947,1275.470900000073,38.902599999681115,0.0,10000,24.979,,0.008800000000000807,-0.008800000000000807,TRANSACTED,"{""action"":""SELL"",""order_id"":160,""period"":1,""price"":null,""quantity"":10000.0,""quantity_filled"":10000.0,""status"":""TRANSACTED"",""tick"":21,""ticker"":""TAME"",""trader_id"":""Adderall.exe"",""type"":""MARKET"",""vwap"":24.979}","{""action"":""SELL"",""order_id"":160,""period"":1,""price"":null,""quantity"":10000.0,""quantity_filled"":10000.0,""status"":""TRANSACTED"",""tick"":21,""ticker"":""TAME"",""trader_id"":""Adderall.exe"",""type"":""MARKET"",""vwap"":24.979}",
20260922T043702Z-2c8c3de9,20260922T043702Z-2c8c3de9-H0026,172,20260922T043702Z-2c8c3de9-20260922T043702Z-2c8c3de9-H0026-T172-20cf20,6,PIPELINE,2026-09-22T07:05:59.681+00:00,TAME,SELL,10000,24.9599,24.95,True,161,1275.5149999993591,1308.757799999512,33.21380000188947,0.0,10000,24.96,,9.999999999976694e-05,-9.999999999976694e-05,TRANSACTED,"{""action"":""SELL"",""order_id"":161,""period"":1,""price"":null,""quantity"":10000.0,""quantity_filled"":10000.0,""status"":""TRANSACTED"",""tick"":21,""ticker"":""TAME"",""trader_id"":""Adderall.exe"",""type"":""MARKET"",""vwap"":24.96}","{""action"":""SELL"",""order_id"":161,""period"":1,""price"":null,""quantity"":10000.0,""quantity_filled"":10000.0,""status"":""TRANSACTED"",""tick"":21,""ticker"":""TAME"",""trader_id"":""Adderall.exe"",""type"":""MARKET"",""vwap"":24.96}",
20260922T043702Z-2c8c3de9,20260922T043702Z-2c8c3de9-H0026,172,20260922T043702Z-2c8c3de9-20260922T043702Z-2c8c3de9-H0026-T172-20cf20,7,PIPELINE,2026-09-22T07:05:59.721+00:00,TAME,SELL,10000,24.95,24.95,True,162,1308.8207000000693,1343.1643999992957,34.29069999977946,0.0,10000,24.9543,,0.004300000000000637,-0.004300000000000637,TRANSACTED,"{""action"":""SELL"",""order_id"":162,""period"":1,""price"":null,""quantity"":10000.0,""quantity_filled"":10000.0,""status"":""TRANSACTED"",""tick"":21,""ticker"":""TAME"",""trader_id"":""Adderall.exe"",""type"":""MARKET"",""vwap"":24.9543}","{""action"":""SELL"",""order_id"":162,""period"":1,""price"":null,""quantity"":10000.0,""quantity_filled"":10000.0,""status"":""TRANSACTED"",""tick"":21,""ticker"":""TAME"",""trader_id"":""Adderall.exe"",""type"":""MARKET"",""vwap"":24.9543}",
20260922T043702Z-2c8c3de9,20260922T043702Z-2c8c3de9-H0026,172,20260922T043702Z-2c8c3de9-20260922T043702Z-2c8c3de9-H0026-T172-20cf20,8,PIPELINE,2026-09-22T07:05:59.751+00:00,TAME,SELL,3000,24.941666666666666,24.94,True,163,1343.2195999994292,1374.924199999441,31.676799999549985,0.0,3000,24.95,,0.00833333333333286,-0.00833333333333286,TRANSACTED,"{""action"":""SELL"",""order_id"":163,""period"":1,""price"":null,""quantity"":3000.0,""quantity_filled"":3000.0,""status"":""TRANSACTED"",""tick"":21,""ticker"":""TAME"",""trader_id"":""Adderall.exe"",""type"":""MARKET"",""vwap"":24.95}","{""action"":""SELL"",""order_id"":163,""period"":1,""price"":null,""quantity"":3000.0,""quantity_filled"":3000.0,""status"":""TRANSACTED"",""tick"":21,""ticker"":""TAME"",""trader_id"":""Adderall.exe"",""type"":""MARKET"",""vwap"":24.95}",
20260922T043702Z-2c8c3de9,20260922T043702Z-2c8c3de9-H0026,3372,20260922T043702Z-2c8c3de9-20260922T043702Z-2c8c3de9-H0026-T3372-75f499,1,PIPELINE,2026-09-22T07:10:01.637+00:00,TAME,SELL,10000,24.558,24.55,True,1804,1001.7130000014731,1036.0332000000199,34.28969999961555,0.0,10000,24.558,,0.0,-0.0,TRANSACTED,"{""action"":""SELL"",""order_id"":1804,""period"":1,""price"":null,""quantity"":10000.0,""quantity_filled"":10000.0,""status"":""TRANSACTED"",""tick"":262,""ticker"":""TAME"",""trader_id"":""Adderall.exe"",""type"":""MARKET"",""vwap"":24.558}","{""action"":""SELL"",""order_id"":1804,""period"":1,""price"":null,""quantity"":10000.0,""quantity_filled"":10000.0,""status"":""TRANSACTED"",""tick"":262,""ticker"":""TAME"",""trader_id"":""Adderall.exe"",""type"":""MARKET"",""vwap"":24.558}",
20260922T043702Z-2c8c3de9,20260922T043702Z-2c8c3de9-H0026,3372,20260922T043702Z-2c8c3de9-20260922T043702Z-2c8c3de9-H0026-T3372-75f499,2,PIPELINE,2026-09-22T07:10:01.680+00:00,TAME,SELL,10000,24.5444,24.54,True,1805,1036.0985000006622,1072.5538000006054,36.42920000106096,0.0,10000,24.5444,,0.0,-0.0,TRANSACTED,"{""action"":""SELL"",""order_id"":1805,""period"":1,""price"":null,""quantity"":10000.0,""quantity_filled"":10000.0,""status"":""TRANSACTED"",""tick"":262,""ticker"":""TAME"",""trader_id"":""Adderall.exe"",""type"":""MARKET"",""vwap"":24.5444}","{""action"":""SELL"",""order_id"":1805,""period"":1,""price"":null,""quantity"":10000.0,""quantity_filled"":10000.0,""status"":""TRANSACTED"",""tick"":262,""ticker"":""TAME"",""trader_id"":""Adderall.exe"",""type"":""MARKET"",""vwap"":24.5444}",
20260922T043702Z-2c8c3de9,20260922T043702Z-2c8c3de9-H0026,3372,20260922T043702Z-2c8c3de9-20260922T043702Z-2c8c3de9-H0026-T3372-75f499,3,PIPELINE,2026-09-22T07:10:01.716+00:00,TAME,SELL,10000,24.5232,24.5,True,1806,1072.6050000012037,1109.8599000015383,37.219900000840425,0.0,10000,24.5232,,0.0,-0.0,TRANSACTED,"{""action"":""SELL"",""order_id"":1806,""period"":1,""price"":null,""quantity"":10000.0,""quantity_filled"":10000.0,""status"":""TRANSACTED"",""tick"":262,""ticker"":""TAME"",""trader_id"":""Adderall.exe"",""type"":""MARKET"",""vwap"":24.5232}","{""action"":""SELL"",""order_id"":1806,""period"":1,""price"":null,""quantity"":10000.0,""quantity_filled"":10000.0,""status"":""TRANSACTED"",""tick"":262,""ticker"":""TAME"",""trader_id"":""Adderall.exe"",""type"":""MARKET"",""vwap"":24.5232}",
20260922T043702Z-2c8c3de9,20260922T043702Z-2c8c3de9-H0026,3372,20260922T043702Z-2c8c3de9-20260922T043702Z-2c8c3de9-H0026-T3372-75f499,4,PIPELINE,2026-09-22T07:10:01.746+00:00,TAME,SELL,10000,24.4894,24.48,True,1807,1109.9365999998554,1142.8579000003083,32.877500001341105,0.0,10000,24.4894,,0.0,-0.0,TRANSACTED,"{""action"":""SELL"",""order_id"":1807,""period"":1,""price"":null,""quantity"":10000.0,""quantity_filled"":10000.0,""status"":""TRANSACTED"",""tick"":262,""ticker"":""TAME"",""trader_id"":""Adderall.exe"",""type"":""MARKET"",""vwap"":24.4894}","{""action"":""SELL"",""order_id"":1807,""period"":1,""price"":null,""quantity"":10000.0,""quantity_filled"":10000.0,""status"":""TRANSACTED"",""tick"":262,""ticker"":""TAME"",""trader_id"":""Adderall.exe"",""type"":""MARKET"",""vwap"":24.4894}",
20260922T043702Z-2c8c3de9,20260922T043702Z-2c8c3de9-H0026,3372,20260922T043702Z-2c8c3de9-20260922T043702Z-2c8c3de9-H0026-T3372-75f499,5,PIPELINE,2026-09-22T07:10:01.792+00:00,TAME,SELL,10000,24.4743,24.47,True,1808,1142.9488000012498,1182.5877999999648,39.60029999911785,0.0,10000,24.4743,,0.0,-0.0,TRANSACTED,"{""action"":""SELL"",""order_id"":1808,""period"":1,""price"":null,""quantity"":10000.0,""quantity_filled"":10000.0,""status"":""TRANSACTED"",""tick"":262,""ticker"":""TAME"",""trader_id"":""Adderall.exe"",""type"":""MARKET"",""vwap"":24.4743}","{""action"":""SELL"",""order_id"":1808,""period"":1,""price"":null,""quantity"":10000.0,""quantity_filled"":10000.0,""status"":""TRANSACTED"",""tick"":262,""ticker"":""TAME"",""trader_id"":""Adderall.exe"",""type"":""MARKET"",""vwap"":24.4743}",
20260922T043702Z-2c8c3de9,20260922T043702Z-2c8c3de9-H0026,3372,20260922T043702Z-2c8c3de9-20260922T043702Z-2c8c3de9-H0026-T3372-75f499,6,PIPELINE,2026-09-22T07:10:01.821+00:00,TAME,SELL,10000,24.4561,24.42,True,1809,1182.6584999998886,1216.304499999751,33.61079999804497,0.0,10000,24.4561,,0.0,-0.0,TRANSACTED,"{""action"":""SELL"",""order_id"":1809,""period"":1,""price"":null,""quantity"":10000.0,""quantity_filled"":10000.0,""status"":""TRANSACTED"",""tick"":262,""ticker"":""TAME"",""trader_id"":""Adderall.exe"",""type"":""MARKET"",""vwap"":24.4561}","{""action"":""SELL"",""order_id"":1809,""period"":1,""price"":null,""quantity"":10000.0,""quantity_filled"":10000.0,""status"":""TRANSACTED"",""tick"":262,""ticker"":""TAME"",""trader_id"":""Adderall.exe"",""type"":""MARKET"",""vwap"":24.4561}",
20260922T043702Z-2c8c3de9,20260922T043702Z-2c8c3de9-H0026,3372,20260922T043702Z-2c8c3de9-20260922T043702Z-2c8c3de9-H0026-T3372-75f499,7,PIPELINE,2026-09-22T07:10:01.856+00:00,TAME,SELL,10000,24.4046,24.37,True,1810,1216.374999999971,1249.2142999999487,32.80130000039935,0.0,10000,24.4046,,0.0,-0.0,TRANSACTED,"{""action"":""SELL"",""order_id"":1810,""period"":1,""price"":null,""quantity"":10000.0,""quantity_filled"":10000.0,""status"":""TRANSACTED"",""tick"":262,""ticker"":""TAME"",""trader_id"":""Adderall.exe"",""type"":""MARKET"",""vwap"":24.4046}","{""action"":""SELL"",""order_id"":1810,""period"":1,""price"":null,""quantity"":10000.0,""quantity_filled"":10000.0,""status"":""TRANSACTED"",""tick"":262,""ticker"":""TAME"",""trader_id"":""Adderall.exe"",""type"":""MARKET"",""vwap"":24.4046}",
20260922T043702Z-2c8c3de9,20260922T043702Z-2c8c3de9-H0026,3372,20260922T043702Z-2c8c3de9-20260922T043702Z-2c8c3de9-H0026-T3372-75f499,8,PIPELINE,2026-09-22T07:10:01.886+00:00,TAME,SELL,1000,24.37,24.37,True,1811,1249.2916000010155,1284.452500000043,35.12360000051558,0.0,1000,24.37,,0.0,-0.0,TRANSACTED,"{""action"":""SELL"",""order_id"":1811,""period"":1,""price"":null,""quantity"":1000.0,""quantity_filled"":1000.0,""status"":""TRANSACTED"",""tick"":262,""ticker"":""TAME"",""trader_id"":""Adderall.exe"",""type"":""MARKET"",""vwap"":24.37}","{""action"":""SELL"",""order_id"":1811,""period"":1,""price"":null,""quantity"":1000.0,""quantity_filled"":1000.0,""status"":""TRANSACTED"",""tick"":262,""ticker"":""TAME"",""trader_id"":""Adderall.exe"",""type"":""MARKET"",""vwap"":24.37}",
20260922T043702Z-2c8c3de9,20260922T043702Z-2c8c3de9-H0027,972,20260922T043702Z-2c8c3de9-20260922T043702Z-2c8c3de9-H0027-T972-c452eb,1,PIPELINE,2026-09-22T07:13:07.963+00:00,CRZY,BUY,25000,9.64832,9.67,True,596,1036.7427000001044,1070.9183999988454,34.13370000012219,0.0,25000,9.64832,,0.0,-0.0,TRANSACTED,"{""action"":""BUY"",""order_id"":596,""period"":1,""price"":null,""quantity"":25000.0,""quantity_filled"":25000.0,""status"":""TRANSACTED"",""tick"":87,""ticker"":""CRZY"",""trader_id"":""Adderall.exe"",""type"":""MARKET"",""vwap"":9.64832}","{""action"":""BUY"",""order_id"":596,""period"":1,""price"":null,""quantity"":25000.0,""quantity_filled"":25000.0,""status"":""TRANSACTED"",""tick"":87,""ticker"":""CRZY"",""trader_id"":""Adderall.exe"",""type"":""MARKET"",""vwap"":9.64832}",
20260922T043702Z-2c8c3de9,20260922T043702Z-2c8c3de9-H0027,972,20260922T043702Z-2c8c3de9-20260922T043702Z-2c8c3de9-H0027-T972-c452eb,2,PIPELINE,2026-09-22T07:13:07.993+00:00,CRZY,BUY,25000,9.68804,9.73,True,597,1070.9933999987697,1106.480399999782,35.43879999965429,0.0,25000,9.68804,,0.0,-0.0,TRANSACTED,"{""action"":""BUY"",""order_id"":597,""period"":1,""price"":null,""quantity"":25000.0,""quantity_filled"":25000.0,""status"":""TRANSACTED"",""tick"":87,""ticker"":""CRZY"",""trader_id"":""Adderall.exe"",""type"":""MARKET"",""vwap"":9.68804}","{""action"":""BUY"",""order_id"":597,""period"":1,""price"":null,""quantity"":25000.0,""quantity_filled"":25000.0,""status"":""TRANSACTED"",""tick"":87,""ticker"":""CRZY"",""trader_id"":""Adderall.exe"",""type"":""MARKET"",""vwap"":9.68804}",
20260922T043702Z-2c8c3de9,20260922T043702Z-2c8c3de9-H0027,972,20260922T043702Z-2c8c3de9-20260922T043702Z-2c8c3de9-H0027-T972-c452eb,3,PIPELINE,2026-09-22T07:13:08.036+00:00,CRZY,BUY,18000,9.772611111111111,9.84,True,599,1106.6059000004316,1141.6730000000825,34.99459999985993,0.0,18000,9.772611111111111,,0.0,-0.0,TRANSACTED,"{""action"":""BUY"",""order_id"":599,""period"":1,""price"":null,""quantity"":18000.0,""quantity_filled"":18000.0,""status"":""TRANSACTED"",""tick"":87,""ticker"":""CRZY"",""trader_id"":""Adderall.exe"",""type"":""MARKET"",""vwap"":9.772611111111111}","{""action"":""BUY"",""order_id"":599,""period"":1,""price"":null,""quantity"":18000.0,""quantity_filled"":18000.0,""status"":""TRANSACTED"",""tick"":87,""ticker"":""CRZY"",""trader_id"":""Adderall.exe"",""type"":""MARKET"",""vwap"":9.772611111111111}",
20260922T043702Z-2c8c3de9,20260922T043702Z-2c8c3de9-H0027,2572,20260922T043702Z-2c8c3de9-20260922T043702Z-2c8c3de9-H0027-T2572-eeb4f0,1,PIPELINE,2026-09-22T07:14:58.461+00:00,CRZY,BUY,25000,9.32544,9.34,True,1388,978.3225000010134,1029.568300000392,51.211999997496605,0.0,25000,9.32544,,0.0,-0.0,TRANSACTED,"{""action"":""BUY"",""order_id"":1388,""period"":1,""price"":null,""quantity"":25000.0,""quantity_filled"":25000.0,""status"":""TRANSACTED"",""tick"":197,""ticker"":""CRZY"",""trader_id"":""Adderall.exe"",""type"":""MARKET"",""vwap"":9.32544}","{""action"":""BUY"",""order_id"":1388,""period"":1,""price"":null,""quantity"":25000.0,""quantity_filled"":25000.0,""status"":""TRANSACTED"",""tick"":197,""ticker"":""CRZY"",""trader_id"":""Adderall.exe"",""type"":""MARKET"",""vwap"":9.32544}",
20260922T043702Z-2c8c3de9,20260922T043702Z-2c8c3de9-H0027,2572,20260922T043702Z-2c8c3de9-20260922T043702Z-2c8c3de9-H0027-T2572-eeb4f0,2,PIPELINE,2026-09-22T07:14:58.501+00:00,CRZY,BUY,25000,9.3804,9.42,True,1391,1029.632900001161,1064.4150000007357,34.74379999935627,0.0,25000,9.37092,,0.009479999999999933,-0.009479999999999933,TRANSACTED,"{""action"":""BUY"",""order_id"":1391,""period"":1,""price"":null,""quantity"":25000.0,""quantity_filled"":25000.0,""status"":""TRANSACTED"",""tick"":197,""ticker"":""CRZY"",""trader_id"":""Adderall.exe"",""type"":""MARKET"",""vwap"":9.37092}","{""action"":""BUY"",""order_id"":1391,""period"":1,""price"":null,""quantity"":25000.0,""quantity_filled"":25000.0,""status"":""TRANSACTED"",""tick"":197,""ticker"":""CRZY"",""trader_id"":""Adderall.exe"",""type"":""MARKET"",""vwap"":9.37092}",
20260922T043702Z-2c8c3de9,20260922T043702Z-2c8c3de9-H0027,2572,20260922T043702Z-2c8c3de9-20260922T043702Z-2c8c3de9-H0027-T2572-eeb4f0,3,PIPELINE,2026-09-22T07:14:58.533+00:00,CRZY,BUY,17000,9.423058823529411,9.43,True,1392,1064.4893999997294,1098.7918000009813,34.26620000042021,0.0,17000,9.418058823529412,,0.004999999999999005,-0.004999999999999005,TRANSACTED,"{""action"":""BUY"",""order_id"":1392,""period"":1,""price"":null,""quantity"":17000.0,""quantity_filled"":17000.0,""status"":""TRANSACTED"",""tick"":197,""ticker"":""CRZY"",""trader_id"":""Adderall.exe"",""type"":""MARKET"",""vwap"":9.418058823529412}","{""action"":""BUY"",""order_id"":1392,""period"":1,""price"":null,""quantity"":17000.0,""quantity_filled"":17000.0,""status"":""TRANSACTED"",""tick"":197,""ticker"":""CRZY"",""trader_id"":""Adderall.exe"",""type"":""MARKET"",""vwap"":9.418058823529412}",
20260922T043702Z-2c8c3de9,20260922T043702Z-2c8c3de9-H0028,972,20260922T043702Z-2c8c3de9-20260922T043702Z-2c8c3de9-H0028-T972-8947e0,1,PIPELINE,2026-09-22T07:19:09.106+00:00,TAME,SELL,10000,24.61,24.61,True,601,1001.4592999996239,1055.737599999702,54.247100001201034,0.0,10000,24.61,,0.0,-0.0,TRANSACTED,"{""action"":""SELL"",""order_id"":601,""period"":1,""price"":null,""quantity"":10000.0,""quantity_filled"":10000.0,""status"":""TRANSACTED"",""tick"":86,""ticker"":""TAME"",""trader_id"":""Adderall.exe"",""type"":""MARKET"",""vwap"":24.61}","{""action"":""SELL"",""order_id"":601,""period"":1,""price"":null,""quantity"":10000.0,""quantity_filled"":10000.0,""status"":""TRANSACTED"",""tick"":86,""ticker"":""TAME"",""trader_id"":""Adderall.exe"",""type"":""MARKET"",""vwap"":24.61}",
20260922T043702Z-2c8c3de9,20260922T043702Z-2c8c3de9-H0028,972,20260922T043702Z-2c8c3de9-20260922T043702Z-2c8c3de9-H0028-T972-8947e0,2,PIPELINE,2026-09-22T07:19:09.148+00:00,TAME,SELL,10000,24.6048,24.6,True,602,1055.7989999997517,1090.7962000001135,34.9651999976486,0.0,10000,24.6048,,0.0,-0.0,TRANSACTED,"{""action"":""SELL"",""order_id"":602,""period"":1,""price"":null,""quantity"":10000.0,""quantity_filled"":10000.0,""status"":""TRANSACTED"",""tick"":86,""ticker"":""TAME"",""trader_id"":""Adderall.exe"",""type"":""MARKET"",""vwap"":24.6048}","{""action"":""SELL"",""order_id"":602,""period"":1,""price"":null,""quantity"":10000.0,""quantity_filled"":10000.0,""status"":""TRANSACTED"",""tick"":86,""ticker"":""TAME"",""trader_id"":""Adderall.exe"",""type"":""MARKET"",""vwap"":24.6048}",
20260922T043702Z-2c8c3de9,20260922T043702Z-2c8c3de9-H0028,972,20260922T043702Z-2c8c3de9-20260922T043702Z-2c8c3de9-H0028-T972-8947e0,3,PIPELINE,2026-09-22T07:19:09.180+00:00,TAME,SELL,10000,24.5851,24.58,True,603,1090.864399999191,1124.8034000000189,33.91509999893606,0.0,10000,24.5851,,0.0,-0.0,TRANSACTED,"{""action"":""SELL"",""order_id"":603,""period"":1,""price"":null,""quantity"":10000.0,""quantity_filled"":10000.0,""status"":""TRANSACTED"",""tick"":86,""ticker"":""TAME"",""trader_id"":""Adderall.exe"",""type"":""MARKET"",""vwap"":24.5851}","{""action"":""SELL"",""order_id"":603,""period"":1,""price"":null,""quantity"":10000.0,""quantity_filled"":10000.0,""status"":""TRANSACTED"",""tick"":86,""ticker"":""TAME"",""trader_id"":""Adderall.exe"",""type"":""MARKET"",""vwap"":24.5851}",
20260922T043702Z-2c8c3de9,20260922T043702Z-2c8c3de9-H0028,972,20260922T043702Z-2c8c3de9-20260922T043702Z-2c8c3de9-H0028-T972-8947e0,4,PIPELINE,2026-09-22T07:19:09.216+00:00,TAME,SELL,10000,24.58,24.58,True,604,1124.8450000002777,1158.62080000079,33.74590000137687,0.0,10000,24.58,,0.0,-0.0,TRANSACTED,"{""action"":""SELL"",""order_id"":604,""period"":1,""price"":null,""quantity"":10000.0,""quantity_filled"":10000.0,""status"":""TRANSACTED"",""tick"":86,""ticker"":""TAME"",""trader_id"":""Adderall.exe"",""type"":""MARKET"",""vwap"":24.58}","{""action"":""SELL"",""order_id"":604,""period"":1,""price"":null,""quantity"":10000.0,""quantity_filled"":10000.0,""status"":""TRANSACTED"",""tick"":86,""ticker"":""TAME"",""trader_id"":""Adderall.exe"",""type"":""MARKET"",""vwap"":24.58}",
20260922T043702Z-2c8c3de9,20260922T043702Z-2c8c3de9-H0028,972,20260922T043702Z-2c8c3de9-20260922T043702Z-2c8c3de9-H0028-T972-8947e0,5,PIPELINE,2026-09-22T07:19:09.246+00:00,TAME,SELL,10000,24.5703,24.57,True,605,1158.684899999571,1194.620300000679,35.90029999986291,0.0,10000,24.5703,,0.0,-0.0,TRANSACTED,"{""action"":""SELL"",""order_id"":605,""period"":1,""price"":null,""quantity"":10000.0,""quantity_filled"":10000.0,""status"":""TRANSACTED"",""tick"":86,""ticker"":""TAME"",""trader_id"":""Adderall.exe"",""type"":""MARKET"",""vwap"":24.5703}","{""action"":""SELL"",""order_id"":605,""period"":1,""price"":null,""quantity"":10000.0,""quantity_filled"":10000.0,""status"":""TRANSACTED"",""tick"":86,""ticker"":""TAME"",""trader_id"":""Adderall.exe"",""type"":""MARKET"",""vwap"":24.5703}",
20260922T043702Z-2c8c3de9,20260922T043702Z-2c8c3de9-H0028,972,20260922T043702Z-2c8c3de9-20260922T043702Z-2c8c3de9-H0028-T972-8947e0,6,PIPELINE,2026-09-22T07:19:09.286+00:00,TAME,SELL,10000,24.5072,24.43,True,606,1194.689500000095,1231.3594999995985,36.62569999881089,0.0,10000,24.5072,,0.0,-0.0,TRANSACTED,"{""action"":""SELL"",""order_id"":606,""period"":1,""price"":null,""quantity"":10000.0,""quantity_filled"":10000.0,""status"":""TRANSACTED"",""tick"":86,""ticker"":""TAME"",""trader_id"":""Adderall.exe"",""type"":""MARKET"",""vwap"":24.5072}","{""action"":""SELL"",""order_id"":606,""period"":1,""price"":null,""quantity"":10000.0,""quantity_filled"":10000.0,""status"":""TRANSACTED"",""tick"":86,""ticker"":""TAME"",""trader_id"":""Adderall.exe"",""type"":""MARKET"",""vwap"":24.5072}",
20260922T043702Z-2c8c3de9,20260922T043702Z-2c8c3de9-H0028,972,20260922T043702Z-2c8c3de9-20260922T043702Z-2c8c3de9-H0028-T972-8947e0,7,PIPELINE,2026-09-22T07:19:09.326+00:00,TAME,SELL,10000,24.3725,24.26,True,607,1231.4475999992283,1270.8684999997786,39.38220000080764,0.0,10000,24.3725,,0.0,-0.0,TRANSACTED,"{""action"":""SELL"",""order_id"":607,""period"":1,""price"":null,""quantity"":10000.0,""quantity_filled"":10000.0,""status"":""TRANSACTED"",""tick"":86,""ticker"":""TAME"",""trader_id"":""Adderall.exe"",""type"":""MARKET"",""vwap"":24.3725}","{""action"":""SELL"",""order_id"":607,""period"":1,""price"":null,""quantity"":10000.0,""quantity_filled"":10000.0,""status"":""TRANSACTED"",""tick"":86,""ticker"":""TAME"",""trader_id"":""Adderall.exe"",""type"":""MARKET"",""vwap"":24.3725}",
20260922T043702Z-2c8c3de9,20260922T043702Z-2c8c3de9-H0028,972,20260922T043702Z-2c8c3de9-20260922T043702Z-2c8c3de9-H0028-T972-8947e0,8,PIPELINE,2026-09-22T07:19:09.357+00:00,TAME,SELL,3000,24.26,24.26,True,608,1270.9386999995331,1303.9035000001604,32.92200000025332,0.0,3000,24.26,,0.0,-0.0,TRANSACTED,"{""action"":""SELL"",""order_id"":608,""period"":1,""price"":null,""quantity"":3000.0,""quantity_filled"":3000.0,""status"":""TRANSACTED"",""tick"":86,""ticker"":""TAME"",""trader_id"":""Adderall.exe"",""type"":""MARKET"",""vwap"":24.26}","{""action"":""SELL"",""order_id"":608,""period"":1,""price"":null,""quantity"":3000.0,""quantity_filled"":3000.0,""status"":""TRANSACTED"",""tick"":86,""ticker"":""TAME"",""trader_id"":""Adderall.exe"",""type"":""MARKET"",""vwap"":24.26}",
20260922T043702Z-2c8c3de9,20260922T043702Z-2c8c3de9-H0028,1772,20260922T043702Z-2c8c3de9-20260922T043702Z-2c8c3de9-H0028-T1772-6fbea3,1,PIPELINE,2026-09-22T07:20:09.437+00:00,CRZY,SELL,25000,10.128,10.11,True,1021,1014.6843000002264,1066.769999999451,52.05819999985397,0.0,25000,10.128,,0.0,-0.0,TRANSACTED,"{""action"":""SELL"",""order_id"":1021,""period"":1,""price"":null,""quantity"":25000.0,""quantity_filled"":25000.0,""status"":""TRANSACTED"",""tick"":146,""ticker"":""CRZY"",""trader_id"":""Adderall.exe"",""type"":""MARKET"",""vwap"":10.128}","{""action"":""SELL"",""order_id"":1021,""period"":1,""price"":null,""quantity"":25000.0,""quantity_filled"":25000.0,""status"":""TRANSACTED"",""tick"":146,""ticker"":""CRZY"",""trader_id"":""Adderall.exe"",""type"":""MARKET"",""vwap"":10.128}",
20260922T043702Z-2c8c3de9,20260922T043702Z-2c8c3de9-H0028,1772,20260922T043702Z-2c8c3de9-20260922T043702Z-2c8c3de9-H0028-T1772-6fbea3,2,PIPELINE,2026-09-22T07:20:09.468+00:00,CRZY,SELL,25000,10.08808,10.07,True,1022,1066.815800000768,1100.4728000007162,33.59950000047684,0.0,25000,10.08808,,0.0,-0.0,TRANSACTED,"{""action"":""SELL"",""order_id"":1022,""period"":1,""price"":null,""quantity"":25000.0,""quantity_filled"":25000.0,""status"":""TRANSACTED"",""tick"":146,""ticker"":""CRZY"",""trader_id"":""Adderall.exe"",""type"":""MARKET"",""vwap"":10.08808}","{""action"":""SELL"",""order_id"":1022,""period"":1,""price"":null,""quantity"":25000.0,""quantity_filled"":25000.0,""status"":""TRANSACTED"",""tick"":146,""ticker"":""CRZY"",""trader_id"":""Adderall.exe"",""type"":""MARKET"",""vwap"":10.08808}",
20260922T043702Z-2c8c3de9,20260922T043702Z-2c8c3de9-H0028,1772,20260922T043702Z-2c8c3de9-20260922T043702Z-2c8c3de9-H0028-T1772-6fbea3,3,PIPELINE,2026-09-22T07:20:09.505+00:00,CRZY,SELL,17000,10.061529411764706,10.04,True,1023,1100.5652000003465,1139.8824999996577,39.281600000336766,0.0,17000,10.061529411764706,,0.0,-0.0,TRANSACTED,"{""action"":""SELL"",""order_id"":1023,""period"":1,""price"":null,""quantity"":17000.0,""quantity_filled"":17000.0,""status"":""TRANSACTED"",""tick"":146,""ticker"":""CRZY"",""trader_id"":""Adderall.exe"",""type"":""MARKET"",""vwap"":10.061529411764706}","{""action"":""SELL"",""order_id"":1023,""period"":1,""price"":null,""quantity"":17000.0,""quantity_filled"":17000.0,""status"":""TRANSACTED"",""tick"":146,""ticker"":""CRZY"",""trader_id"":""Adderall.exe"",""type"":""MARKET"",""vwap"":10.061529411764706}",
20260922T043702Z-2c8c3de9,20260922T043702Z-2c8c3de9-H0028,2572,20260922T043702Z-2c8c3de9-20260922T043702Z-2c8c3de9-H0028-T2572-773950,1,PIPELINE,2026-09-22T07:21:08.764+00:00,CRZY,SELL,25000,9.99688,9.99,True,1432,1003.5855999994965,1053.7619999995513,50.144999999552965,0.0,25000,9.99688,,0.0,-0.0,TRANSACTED,"{""action"":""SELL"",""order_id"":1432,""period"":1,""price"":null,""quantity"":25000.0,""quantity_filled"":25000.0,""status"":""TRANSACTED"",""tick"":205,""ticker"":""CRZY"",""trader_id"":""Adderall.exe"",""type"":""MARKET"",""vwap"":9.99688}","{""action"":""SELL"",""order_id"":1432,""period"":1,""price"":null,""quantity"":25000.0,""quantity_filled"":25000.0,""status"":""TRANSACTED"",""tick"":205,""ticker"":""CRZY"",""trader_id"":""Adderall.exe"",""type"":""MARKET"",""vwap"":9.99688}",
20260922T043702Z-2c8c3de9,20260922T043702Z-2c8c3de9-H0028,2572,20260922T043702Z-2c8c3de9-20260922T043702Z-2c8c3de9-H0028-T2572-773950,2,PIPELINE,2026-09-22T07:21:08.808+00:00,CRZY,SELL,25000,9.97756,9.97,True,1433,1053.8202000007004,1089.2493999999715,35.38800000026822,0.0,25000,9.97756,,0.0,-0.0,TRANSACTED,"{""action"":""SELL"",""order_id"":1433,""period"":1,""price"":null,""quantity"":25000.0,""quantity_filled"":25000.0,""status"":""TRANSACTED"",""tick"":205,""ticker"":""CRZY"",""trader_id"":""Adderall.exe"",""type"":""MARKET"",""vwap"":9.97756}","{""action"":""SELL"",""order_id"":1433,""period"":1,""price"":null,""quantity"":25000.0,""quantity_filled"":25000.0,""status"":""TRANSACTED"",""tick"":205,""ticker"":""CRZY"",""trader_id"":""Adderall.exe"",""type"":""MARKET"",""vwap"":9.97756}",
20260922T043702Z-2c8c3de9,20260922T043702Z-2c8c3de9-H0028,2572,20260922T043702Z-2c8c3de9-20260922T043702Z-2c8c3de9-H0028-T2572-773950,3,PIPELINE,2026-09-22T07:21:08.839+00:00,CRZY,SELL,22000,9.957,9.95,True,1434,1089.3228000004456,1123.2538999993267,33.87989999912679,0.0,22000,9.957,,0.0,-0.0,TRANSACTED,"{""action"":""SELL"",""order_id"":1434,""period"":1,""price"":null,""quantity"":22000.0,""quantity_filled"":22000.0,""status"":""TRANSACTED"",""tick"":205,""ticker"":""CRZY"",""trader_id"":""Adderall.exe"",""type"":""MARKET"",""vwap"":9.957}","{""action"":""SELL"",""order_id"":1434,""period"":1,""price"":null,""quantity"":22000.0,""quantity_filled"":22000.0,""status"":""TRANSACTED"",""tick"":205,""ticker"":""CRZY"",""trader_id"":""Adderall.exe"",""type"":""MARKET"",""vwap"":9.957}",
20260922T043702Z-2c8c3de9,20260922T043702Z-2c8c3de9-H0028,3372,20260922T043702Z-2c8c3de9-20260922T043702Z-2c8c3de9-H0028-T3372-f99c89,1,PIPELINE,2026-09-22T07:22:07.062+00:00,TAME,BUY,10000,23.862,23.88,True,1840,1011.333200000081,1045.157200000176,33.793099999427795,0.0,10000,23.862,,0.0,-0.0,TRANSACTED,"{""action"":""BUY"",""order_id"":1840,""period"":1,""price"":null,""quantity"":10000.0,""quantity_filled"":10000.0,""status"":""TRANSACTED"",""tick"":263,""ticker"":""TAME"",""trader_id"":""Adderall.exe"",""type"":""MARKET"",""vwap"":23.862}","{""action"":""BUY"",""order_id"":1840,""period"":1,""price"":null,""quantity"":10000.0,""quantity_filled"":10000.0,""status"":""TRANSACTED"",""tick"":263,""ticker"":""TAME"",""trader_id"":""Adderall.exe"",""type"":""MARKET"",""vwap"":23.862}",
20260922T043702Z-2c8c3de9,20260922T043702Z-2c8c3de9-H0028,3372,20260922T043702Z-2c8c3de9-20260922T043702Z-2c8c3de9-H0028-T3372-f99c89,2,PIPELINE,2026-09-22T07:22:07.093+00:00,TAME,BUY,10000,23.9148,23.93,True,1841,1045.2165999995486,1079.8152999996091,34.574399998411536,0.0,10000,23.9148,,0.0,-0.0,TRANSACTED,"{""action"":""BUY"",""order_id"":1841,""period"":1,""price"":null,""quantity"":10000.0,""quantity_filled"":10000.0,""status"":""TRANSACTED"",""tick"":263,""ticker"":""TAME"",""trader_id"":""Adderall.exe"",""type"":""MARKET"",""vwap"":23.9148}","{""action"":""BUY"",""order_id"":1841,""period"":1,""price"":null,""quantity"":10000.0,""quantity_filled"":10000.0,""status"":""TRANSACTED"",""tick"":263,""ticker"":""TAME"",""trader_id"":""Adderall.exe"",""type"":""MARKET"",""vwap"":23.9148}",
20260922T043702Z-2c8c3de9,20260922T043702Z-2c8c3de9-H0028,3372,20260922T043702Z-2c8c3de9-20260922T043702Z-2c8c3de9-H0028-T3372-f99c89,3,PIPELINE,2026-09-22T07:22:07.125+00:00,TAME,BUY,10000,23.9366,23.96,True,1842,1079.8601999995299,1115.21250000078,35.32179999910295,0.0,10000,23.9366,,0.0,-0.0,TRANSACTED,"{""action"":""BUY"",""order_id"":1842,""period"":1,""price"":null,""quantity"":10000.0,""quantity_filled"":10000.0,""status"":""TRANSACTED"",""tick"":263,""ticker"":""TAME"",""trader_id"":""Adderall.exe"",""type"":""MARKET"",""vwap"":23.9366}","{""action"":""BUY"",""order_id"":1842,""period"":1,""price"":null,""quantity"":10000.0,""quantity_filled"":10000.0,""status"":""TRANSACTED"",""tick"":263,""ticker"":""TAME"",""trader_id"":""Adderall.exe"",""type"":""MARKET"",""vwap"":23.9366}",
20260922T043702Z-2c8c3de9,20260922T043702Z-2c8c3de9-H0028,3372,20260922T043702Z-2c8c3de9-20260922T043702Z-2c8c3de9-H0028-T3372-f99c89,4,PIPELINE,2026-09-22T07:22:07.173+00:00,TAME,BUY,10000,23.96,23.96,True,1843,1115.2801999996882,1158.8888999995106,43.57880000025034,0.0,10000,23.96,,0.0,-0.0,TRANSACTED,"{""action"":""BUY"",""order_id"":1843,""period"":1,""price"":null,""quantity"":10000.0,""quantity_filled"":10000.0,""status"":""TRANSACTED"",""tick"":263,""ticker"":""TAME"",""trader_id"":""Adderall.exe"",""type"":""MARKET"",""vwap"":23.96}","{""action"":""BUY"",""order_id"":1843,""period"":1,""price"":null,""quantity"":10000.0,""quantity_filled"":10000.0,""status"":""TRANSACTED"",""tick"":263,""ticker"":""TAME"",""trader_id"":""Adderall.exe"",""type"":""MARKET"",""vwap"":23.96}",
20260922T043702Z-2c8c3de9,20260922T043702Z-2c8c3de9-H0028,3372,20260922T043702Z-2c8c3de9-20260922T043702Z-2c8c3de9-H0028-T3372-f99c89,5,PIPELINE,2026-09-22T07:22:07.205+00:00,TAME,BUY,10000,23.96,23.96,True,1844,1158.9461000003212,1195.4858000008244,36.51219999976456,0.0,10000,23.96,,0.0,-0.0,TRANSACTED,"{""action"":""BUY"",""order_id"":1844,""period"":1,""price"":null,""quantity"":10000.0,""quantity_filled"":10000.0,""status"":""TRANSACTED"",""tick"":263,""ticker"":""TAME"",""trader_id"":""Adderall.exe"",""type"":""MARKET"",""vwap"":23.96}","{""action"":""BUY"",""order_id"":1844,""period"":1,""price"":null,""quantity"":10000.0,""quantity_filled"":10000.0,""status"":""TRANSACTED"",""tick"":263,""ticker"":""TAME"",""trader_id"":""Adderall.exe"",""type"":""MARKET"",""vwap"":23.96}",
20260922T043702Z-2c8c3de9,20260922T043702Z-2c8c3de9-H0028,3372,20260922T043702Z-2c8c3de9-20260922T043702Z-2c8c3de9-H0028-T3372-f99c89,6,PIPELINE,2026-09-22T07:22:07.243+00:00,TAME,BUY,10000,23.9698,23.97,True,1845,1195.5354000001535,1228.2599000009213,32.69759999960661,0.0,10000,23.9698,,0.0,-0.0,TRANSACTED,"{""action"":""BUY"",""order_id"":1845,""period"":1,""price"":null,""quantity"":10000.0,""quantity_filled"":10000.0,""status"":""TRANSACTED"",""tick"":263,""ticker"":""TAME"",""trader_id"":""Adderall.exe"",""type"":""MARKET"",""vwap"":23.9698}","{""action"":""BUY"",""order_id"":1845,""period"":1,""price"":null,""quantity"":10000.0,""quantity_filled"":10000.0,""status"":""TRANSACTED"",""tick"":263,""ticker"":""TAME"",""trader_id"":""Adderall.exe"",""type"":""MARKET"",""vwap"":23.9698}",
20260922T043702Z-2c8c3de9,20260922T043702Z-2c8c3de9-H0028,3372,20260922T043702Z-2c8c3de9-20260922T043702Z-2c8c3de9-H0028-T3372-f99c89,7,PIPELINE,2026-09-22T07:22:07.283+00:00,TAME,BUY,10000,23.9829,23.99,True,1846,1228.31270000097,1266.2116000010428,37.87509999796748,0.0,10000,23.9829,,0.0,-0.0,TRANSACTED,"{""action"":""BUY"",""order_id"":1846,""period"":1,""price"":null,""quantity"":10000.0,""quantity_filled"":10000.0,""status"":""TRANSACTED"",""tick"":263,""ticker"":""TAME"",""trader_id"":""Adderall.exe"",""type"":""MARKET"",""vwap"":23.9829}","{""action"":""BUY"",""order_id"":1846,""period"":1,""price"":null,""quantity"":10000.0,""quantity_filled"":10000.0,""status"":""TRANSACTED"",""tick"":263,""ticker"":""TAME"",""trader_id"":""Adderall.exe"",""type"":""MARKET"",""vwap"":23.9829}",
20260922T043702Z-2c8c3de9,20260922T043702Z-2c8c3de9-H0028,3372,20260922T043702Z-2c8c3de9-20260922T043702Z-2c8c3de9-H0028-T3372-f99c89,8,PIPELINE,2026-09-22T07:22:07.316+00:00,TAME,BUY,1000,23.99,23.99,True,1847,1266.2541999998211,1301.5830000003916,35.30359999835491,0.0,1000,23.99,,0.0,-0.0,TRANSACTED,"{""action"":""BUY"",""order_id"":1847,""period"":1,""price"":null,""quantity"":1000.0,""quantity_filled"":1000.0,""status"":""TRANSACTED"",""tick"":263,""ticker"":""TAME"",""trader_id"":""Adderall.exe"",""type"":""MARKET"",""vwap"":23.99}","{""action"":""BUY"",""order_id"":1847,""period"":1,""price"":null,""quantity"":1000.0,""quantity_filled"":1000.0,""status"":""TRANSACTED"",""tick"":263,""ticker"":""TAME"",""trader_id"":""Adderall.exe"",""type"":""MARKET"",""vwap"":23.99}",
20260922T043702Z-2c8c3de9,20260922T043702Z-2c8c3de9-H0029,172,20260922T043702Z-2c8c3de9-20260922T043702Z-2c8c3de9-H0029-T172-5991e3,1,PIPELINE,2026-09-22T07:24:14.010+00:00,TAME,BUY,10000,25.2247,25.26,True,186,1006.0127999986435,1063.3894999991753,57.33919999934733,0.0,10000,25.2247,,0.0,-0.0,TRANSACTED,"{""action"":""BUY"",""order_id"":186,""period"":1,""price"":null,""quantity"":10000.0,""quantity_filled"":10000.0,""status"":""TRANSACTED"",""tick"":29,""ticker"":""TAME"",""trader_id"":""Adderall.exe"",""type"":""MARKET"",""vwap"":25.2247}","{""action"":""BUY"",""order_id"":186,""period"":1,""price"":null,""quantity"":10000.0,""quantity_filled"":10000.0,""status"":""TRANSACTED"",""tick"":29,""ticker"":""TAME"",""trader_id"":""Adderall.exe"",""type"":""MARKET"",""vwap"":25.2247}",
20260922T043702Z-2c8c3de9,20260922T043702Z-2c8c3de9-H0029,172,20260922T043702Z-2c8c3de9-20260922T043702Z-2c8c3de9-H0029-T172-5991e3,2,PIPELINE,2026-09-22T07:24:14.051+00:00,TAME,BUY,10000,25.267,25.28,True,187,1063.4450999987166,1097.3813000000519,33.898900002241135,0.0,10000,25.267,,0.0,-0.0,TRANSACTED,"{""action"":""BUY"",""order_id"":187,""period"":1,""price"":null,""quantity"":10000.0,""quantity_filled"":10000.0,""status"":""TRANSACTED"",""tick"":29,""ticker"":""TAME"",""trader_id"":""Adderall.exe"",""type"":""MARKET"",""vwap"":25.267}","{""action"":""BUY"",""order_id"":187,""period"":1,""price"":null,""quantity"":10000.0,""quantity_filled"":10000.0,""status"":""TRANSACTED"",""tick"":29,""ticker"":""TAME"",""trader_id"":""Adderall.exe"",""type"":""MARKET"",""vwap"":25.267}",
20260922T043702Z-2c8c3de9,20260922T043702Z-2c8c3de9-H0029,172,20260922T043702Z-2c8c3de9-20260922T043702Z-2c8c3de9-H0029-T172-5991e3,3,PIPELINE,2026-09-22T07:24:14.086+00:00,TAME,BUY,10000,25.2868,25.3,True,188,1097.4626999995962,1132.7829999991081,35.28070000000298,0.0,10000,25.2868,,0.0,-0.0,TRANSACTED,"{""action"":""BUY"",""order_id"":188,""period"":1,""price"":null,""quantity"":10000.0,""quantity_filled"":10000.0,""status"":""TRANSACTED"",""tick"":29,""ticker"":""TAME"",""trader_id"":""Adderall.exe"",""type"":""MARKET"",""vwap"":25.2868}","{""action"":""BUY"",""order_id"":188,""period"":1,""price"":null,""quantity"":10000.0,""quantity_filled"":10000.0,""status"":""TRANSACTED"",""tick"":29,""ticker"":""TAME"",""trader_id"":""Adderall.exe"",""type"":""MARKET"",""vwap"":25.2868}",
20260922T043702Z-2c8c3de9,20260922T043702Z-2c8c3de9-H0029,172,20260922T043702Z-2c8c3de9-20260922T043702Z-2c8c3de9-H0029-T172-5991e3,4,PIPELINE,2026-09-22T07:24:14.121+00:00,TAME,BUY,10000,25.3052,25.32,True,189,1132.8535999982705,1170.6967999998596,37.8072000015527,0.0,10000,25.3052,,0.0,-0.0,TRANSACTED,"{""action"":""BUY"",""order_id"":189,""period"":1,""price"":null,""quantity"":10000.0,""quantity_filled"":10000.0,""status"":""TRANSACTED"",""tick"":29,""ticker"":""TAME"",""trader_id"":""Adderall.exe"",""type"":""MARKET"",""vwap"":25.3052}","{""action"":""BUY"",""order_id"":189,""period"":1,""price"":null,""quantity"":10000.0,""quantity_filled"":10000.0,""status"":""TRANSACTED"",""tick"":29,""ticker"":""TAME"",""trader_id"":""Adderall.exe"",""type"":""MARKET"",""vwap"":25.3052}",
20260922T043702Z-2c8c3de9,20260922T043702Z-2c8c3de9-H0029,172,20260922T043702Z-2c8c3de9-20260922T043702Z-2c8c3de9-H0029-T172-5991e3,5,PIPELINE,2026-09-22T07:24:14.151+00:00,TAME,BUY,10000,25.3437,25.35,True,190,1170.7635999991908,1203.4955999988597,32.6991000007838,0.0,10000,25.3437,,0.0,-0.0,TRANSACTED,"{""action"":""BUY"",""order_id"":190,""period"":1,""price"":null,""quantity"":10000.0,""quantity_filled"":10000.0,""status"":""TRANSACTED"",""tick"":29,""ticker"":""TAME"",""trader_id"":""Adderall.exe"",""type"":""MARKET"",""vwap"":25.3437}","{""action"":""BUY"",""order_id"":190,""period"":1,""price"":null,""quantity"":10000.0,""quantity_filled"":10000.0,""status"":""TRANSACTED"",""tick"":29,""ticker"":""TAME"",""trader_id"":""Adderall.exe"",""type"":""MARKET"",""vwap"":25.3437}",
20260922T043702Z-2c8c3de9,20260922T043702Z-2c8c3de9-H0029,172,20260922T043702Z-2c8c3de9-20260922T043702Z-2c8c3de9-H0029-T172-5991e3,6,PIPELINE,2026-09-22T07:24:14.191+00:00,TAME,BUY,10000,25.3543,25.36,True,191,1203.5585999983596,1241.8810999988636,38.2839999999851,0.0,10000,25.3543,,0.0,-0.0,TRANSACTED,"{""action"":""BUY"",""order_id"":191,""period"":1,""price"":null,""quantity"":10000.0,""quantity_filled"":10000.0,""status"":""TRANSACTED"",""tick"":29,""ticker"":""TAME"",""trader_id"":""Adderall.exe"",""type"":""MARKET"",""vwap"":25.3543}","{""action"":""BUY"",""order_id"":191,""period"":1,""price"":null,""quantity"":10000.0,""quantity_filled"":10000.0,""status"":""TRANSACTED"",""tick"":29,""ticker"":""TAME"",""trader_id"":""Adderall.exe"",""type"":""MARKET"",""vwap"":25.3543}",
20260922T043702Z-2c8c3de9,20260922T043702Z-2c8c3de9-H0029,172,20260922T043702Z-2c8c3de9-20260922T043702Z-2c8c3de9-H0029-T172-5991e3,7,PIPELINE,2026-09-22T07:24:14.230+00:00,TAME,BUY,10000,25.3718,25.38,True,192,1241.9617999985348,1276.1991999996098,34.19880000129342,0.0,10000,25.3718,,0.0,-0.0,TRANSACTED,"{""action"":""BUY"",""order_id"":192,""period"":1,""price"":null,""quantity"":10000.0,""quantity_filled"":10000.0,""status"":""TRANSACTED"",""tick"":29,""ticker"":""TAME"",""trader_id"":""Adderall.exe"",""type"":""MARKET"",""vwap"":25.3718}","{""action"":""BUY"",""order_id"":192,""period"":1,""price"":null,""quantity"":10000.0,""quantity_filled"":10000.0,""status"":""TRANSACTED"",""tick"":29,""ticker"":""TAME"",""trader_id"":""Adderall.exe"",""type"":""MARKET"",""vwap"":25.3718}",
20260922T043702Z-2c8c3de9,20260922T043702Z-2c8c3de9-H0029,972,20260922T043702Z-2c8c3de9-20260922T043702Z-2c8c3de9-H0029-T972-32cda0,1,PIPELINE,2026-09-22T07:25:08.345+00:00,CRZY,BUY,25000,9.97544,9.98,True,590,987.0847000001959,1039.4225000000006,52.30819999985397,0.0,25000,9.97544,,0.0,-0.0,TRANSACTED,"{""action"":""BUY"",""order_id"":590,""period"":1,""price"":null,""quantity"":25000.0,""quantity_filled"":25000.0,""status"":""TRANSACTED"",""tick"":83,""ticker"":""CRZY"",""trader_id"":""Adderall.exe"",""type"":""MARKET"",""vwap"":9.97544}","{""action"":""BUY"",""order_id"":590,""period"":1,""price"":null,""quantity"":25000.0,""quantity_filled"":25000.0,""status"":""TRANSACTED"",""tick"":83,""ticker"":""CRZY"",""trader_id"":""Adderall.exe"",""type"":""MARKET"",""vwap"":9.97544}",
20260922T043702Z-2c8c3de9,20260922T043702Z-2c8c3de9-H0029,972,20260922T043702Z-2c8c3de9-20260922T043702Z-2c8c3de9-H0029-T972-32cda0,2,PIPELINE,2026-09-22T07:25:08.384+00:00,CRZY,BUY,25000,9.99028,10.0,True,591,1039.4751999992877,1076.0661999993317,36.5663000009954,0.0,25000,9.99028,,0.0,-0.0,TRANSACTED,"{""action"":""BUY"",""order_id"":591,""period"":1,""price"":null,""quantity"":25000.0,""quantity_filled"":25000.0,""status"":""TRANSACTED"",""tick"":83,""ticker"":""CRZY"",""trader_id"":""Adderall.exe"",""type"":""MARKET"",""vwap"":9.99028}","{""action"":""BUY"",""order_id"":591,""period"":1,""price"":null,""quantity"":25000.0,""quantity_filled"":25000.0,""status"":""TRANSACTED"",""tick"":83,""ticker"":""CRZY"",""trader_id"":""Adderall.exe"",""type"":""MARKET"",""vwap"":9.99028}",
20260922T043702Z-2c8c3de9,20260922T043702Z-2c8c3de9-H0029,972,20260922T043702Z-2c8c3de9-20260922T043702Z-2c8c3de9-H0029-T972-32cda0,3,PIPELINE,2026-09-22T07:25:08.410+00:00,CRZY,BUY,24000,10.0,10.0,True,592,1076.111200000014,1109.580399999686,33.44530000165105,0.0,24000,10.0,,0.0,-0.0,TRANSACTED,"{""action"":""BUY"",""order_id"":592,""period"":1,""price"":null,""quantity"":24000.0,""quantity_filled"":24000.0,""status"":""TRANSACTED"",""tick"":83,""ticker"":""CRZY"",""trader_id"":""Adderall.exe"",""type"":""MARKET"",""vwap"":10.0}","{""action"":""BUY"",""order_id"":592,""period"":1,""price"":null,""quantity"":24000.0,""quantity_filled"":24000.0,""status"":""TRANSACTED"",""tick"":83,""ticker"":""CRZY"",""trader_id"":""Adderall.exe"",""type"":""MARKET"",""vwap"":10.0}",
20260922T043702Z-2c8c3de9,20260922T043702Z-2c8c3de9-H0029,1772,20260922T043702Z-2c8c3de9-20260922T043702Z-2c8c3de9-H0029-T1772-cbbdf6,1,PIPELINE,2026-09-22T07:26:07.689+00:00,TAME,BUY,10000,25.63,25.63,True,1002,982.6599999996688,1034.4064999990223,51.7105000000447,0.0,10000,25.63,,0.0,-0.0,TRANSACTED,"{""action"":""BUY"",""order_id"":1002,""period"":1,""price"":null,""quantity"":10000.0,""quantity_filled"":10000.0,""status"":""TRANSACTED"",""tick"":142,""ticker"":""TAME"",""trader_id"":""Adderall.exe"",""type"":""MARKET"",""vwap"":25.63}","{""action"":""BUY"",""order_id"":1002,""period"":1,""price"":null,""quantity"":10000.0,""quantity_filled"":10000.0,""status"":""TRANSACTED"",""tick"":142,""ticker"":""TAME"",""trader_id"":""Adderall.exe"",""type"":""MARKET"",""vwap"":25.63}",
20260922T043702Z-2c8c3de9,20260922T043702Z-2c8c3de9-H0029,1772,20260922T043702Z-2c8c3de9-20260922T043702Z-2c8c3de9-H0029-T1772-cbbdf6,2,PIPELINE,2026-09-22T07:26:07.729+00:00,TAME,BUY,10000,25.63,25.63,True,1003,1034.496799999033,1069.955499999196,35.41789999976754,0.0,10000,25.63,,0.0,-0.0,TRANSACTED,"{""action"":""BUY"",""order_id"":1003,""period"":1,""price"":null,""quantity"":10000.0,""quantity_filled"":10000.0,""status"":""TRANSACTED"",""tick"":142,""ticker"":""TAME"",""trader_id"":""Adderall.exe"",""type"":""MARKET"",""vwap"":25.63}","{""action"":""BUY"",""order_id"":1003,""period"":1,""price"":null,""quantity"":10000.0,""quantity_filled"":10000.0,""status"":""TRANSACTED"",""tick"":142,""ticker"":""TAME"",""trader_id"":""Adderall.exe"",""type"":""MARKET"",""vwap"":25.63}",
20260922T043702Z-2c8c3de9,20260922T043702Z-2c8c3de9-H0029,1772,20260922T043702Z-2c8c3de9-20260922T043702Z-2c8c3de9-H0029-T1772-cbbdf6,3,PIPELINE,2026-09-22T07:26:07.764+00:00,TAME,BUY,10000,25.6357,25.64,True,1004,1070.0424999995448,1104.274199999054,34.18310000002384,0.0,10000,25.6357,,0.0,-0.0,TRANSACTED,"{""action"":""BUY"",""order_id"":1004,""period"":1,""price"":null,""quantity"":10000.0,""quantity_filled"":10000.0,""status"":""TRANSACTED"",""tick"":142,""ticker"":""TAME"",""trader_id"":""Adderall.exe"",""type"":""MARKET"",""vwap"":25.6357}","{""action"":""BUY"",""order_id"":1004,""period"":1,""price"":null,""quantity"":10000.0,""quantity_filled"":10000.0,""status"":""TRANSACTED"",""tick"":142,""ticker"":""TAME"",""trader_id"":""Adderall.exe"",""type"":""MARKET"",""vwap"":25.6357}",
20260922T043702Z-2c8c3de9,20260922T043702Z-2c8c3de9-H0029,1772,20260922T043702Z-2c8c3de9-20260922T043702Z-2c8c3de9-H0029-T1772-cbbdf6,4,PIPELINE,2026-09-22T07:26:07.798+00:00,TAME,BUY,10000,25.648,25.66,True,1005,1104.370299999573,1137.1854999997595,32.77369999885559,0.0,10000,25.648,,0.0,-0.0,TRANSACTED,"{""action"":""BUY"",""order_id"":1005,""period"":1,""price"":null,""quantity"":10000.0,""quantity_filled"":10000.0,""status"":""TRANSACTED"",""tick"":142,""ticker"":""TAME"",""trader_id"":""Adderall.exe"",""type"":""MARKET"",""vwap"":25.648}","{""action"":""BUY"",""order_id"":1005,""period"":1,""price"":null,""quantity"":10000.0,""quantity_filled"":10000.0,""status"":""TRANSACTED"",""tick"":142,""ticker"":""TAME"",""trader_id"":""Adderall.exe"",""type"":""MARKET"",""vwap"":25.648}",
20260922T043702Z-2c8c3de9,20260922T043702Z-2c8c3de9-H0029,1772,20260922T043702Z-2c8c3de9-20260922T043702Z-2c8c3de9-H0029-T1772-cbbdf6,5,PIPELINE,2026-09-22T07:26:07.829+00:00,TAME,BUY,10000,25.662,25.67,True,1007,1137.2582999993028,1174.8425999994652,37.546800000593066,0.0,10000,25.662,,0.0,-0.0,TRANSACTED,"{""action"":""BUY"",""order_id"":1007,""period"":1,""price"":null,""quantity"":10000.0,""quantity_filled"":10000.0,""status"":""TRANSACTED"",""tick"":142,""ticker"":""TAME"",""trader_id"":""Adderall.exe"",""type"":""MARKET"",""vwap"":25.662}","{""action"":""BUY"",""order_id"":1007,""period"":1,""price"":null,""quantity"":10000.0,""quantity_filled"":10000.0,""status"":""TRANSACTED"",""tick"":142,""ticker"":""TAME"",""trader_id"":""Adderall.exe"",""type"":""MARKET"",""vwap"":25.662}",
20260922T043702Z-2c8c3de9,20260922T043702Z-2c8c3de9-H0029,1772,20260922T043702Z-2c8c3de9-20260922T043702Z-2c8c3de9-H0029-T1772-cbbdf6,6,PIPELINE,2026-09-22T07:26:07.868+00:00,TAME,BUY,10000,25.67,25.67,True,1008,1174.9010999992606,1207.2833000001992,32.357899999246,0.0,10000,25.67,,0.0,-0.0,TRANSACTED,"{""action"":""BUY"",""order_id"":1008,""period"":1,""price"":null,""quantity"":10000.0,""quantity_filled"":10000.0,""status"":""TRANSACTED"",""tick"":142,""ticker"":""TAME"",""trader_id"":""Adderall.exe"",""type"":""MARKET"",""vwap"":25.67}","{""action"":""BUY"",""order_id"":1008,""period"":1,""price"":null,""quantity"":10000.0,""quantity_filled"":10000.0,""status"":""TRANSACTED"",""tick"":142,""ticker"":""TAME"",""trader_id"":""Adderall.exe"",""type"":""MARKET"",""vwap"":25.67}",
20260922T043702Z-2c8c3de9,20260922T043702Z-2c8c3de9-H0029,1772,20260922T043702Z-2c8c3de9-20260922T043702Z-2c8c3de9-H0029-T1772-cbbdf6,7,PIPELINE,2026-09-22T07:26:07.908+00:00,TAME,BUY,9000,25.69611111111111,25.72,True,1009,1207.326899999316,1246.7276000006677,39.366200000047684,0.0,9000,25.69611111111111,,0.0,-0.0,TRANSACTED,"{""action"":""BUY"",""order_id"":1009,""period"":1,""price"":null,""quantity"":9000.0,""quantity_filled"":9000.0,""status"":""TRANSACTED"",""tick"":142,""ticker"":""TAME"",""trader_id"":""Adderall.exe"",""type"":""MARKET"",""vwap"":25.69611111111111}","{""action"":""BUY"",""order_id"":1009,""period"":1,""price"":null,""quantity"":9000.0,""quantity_filled"":9000.0,""status"":""TRANSACTED"",""tick"":142,""ticker"":""TAME"",""trader_id"":""Adderall.exe"",""type"":""MARKET"",""vwap"":25.69611111111111}",
20260922T043702Z-2c8c3de9,20260922T043702Z-2c8c3de9-H0030,172,20260922T043702Z-2c8c3de9-20260922T043702Z-2c8c3de9-H0030-T172-e43783,1,PIPELINE,2026-09-22T07:30:12.474+00:00,CRZY,SELL,25000,10.00572,9.99,True,173,980.029000000286,1034.0304000001197,53.96339999884367,0.0,25000,10.00572,,0.0,-0.0,TRANSACTED,"{""action"":""SELL"",""order_id"":173,""period"":1,""price"":null,""quantity"":25000.0,""quantity_filled"":25000.0,""status"":""TRANSACTED"",""tick"":25,""ticker"":""CRZY"",""trader_id"":""Adderall.exe"",""type"":""MARKET"",""vwap"":10.00572}","{""action"":""SELL"",""order_id"":173,""period"":1,""price"":null,""quantity"":25000.0,""quantity_filled"":25000.0,""status"":""TRANSACTED"",""tick"":25,""ticker"":""CRZY"",""trader_id"":""Adderall.exe"",""type"":""MARKET"",""vwap"":10.00572}",
20260922T043702Z-2c8c3de9,20260922T043702Z-2c8c3de9-H0030,172,20260922T043702Z-2c8c3de9-20260922T043702Z-2c8c3de9-H0030-T172-e43783,2,PIPELINE,2026-09-22T07:30:12.514+00:00,CRZY,SELL,25000,9.98068,9.97,True,174,1034.1093000006367,1069.3298999995022,35.17810000106692,0.0,25000,9.98068,,0.0,-0.0,TRANSACTED,"{""action"":""SELL"",""order_id"":174,""period"":1,""price"":null,""quantity"":25000.0,""quantity_filled"":25000.0,""status"":""TRANSACTED"",""tick"":25,""ticker"":""CRZY"",""trader_id"":""Adderall.exe"",""type"":""MARKET"",""vwap"":9.98068}","{""action"":""SELL"",""order_id"":174,""period"":1,""price"":null,""quantity"":25000.0,""quantity_filled"":25000.0,""status"":""TRANSACTED"",""tick"":25,""ticker"":""CRZY"",""trader_id"":""Adderall.exe"",""type"":""MARKET"",""vwap"":9.98068}",
20260922T043702Z-2c8c3de9,20260922T043702Z-2c8c3de9-H0030,172,20260922T043702Z-2c8c3de9-20260922T043702Z-2c8c3de9-H0030-T172-e43783,3,PIPELINE,2026-09-22T07:30:12.554+00:00,CRZY,SELL,16000,9.9669375,9.96,True,175,1069.4124000001466,1110.482599999159,41.03959999978542,0.0,16000,9.9669375,,0.0,-0.0,TRANSACTED,"{""action"":""SELL"",""order_id"":175,""period"":1,""price"":null,""quantity"":16000.0,""quantity_filled"":16000.0,""status"":""TRANSACTED"",""tick"":25,""ticker"":""CRZY"",""trader_id"":""Adderall.exe"",""type"":""MARKET"",""vwap"":9.9669375}","{""action"":""SELL"",""order_id"":175,""period"":1,""price"":null,""quantity"":16000.0,""quantity_filled"":16000.0,""status"":""TRANSACTED"",""tick"":25,""ticker"":""CRZY"",""trader_id"":""Adderall.exe"",""type"":""MARKET"",""vwap"":9.9669375}",
20260922T043702Z-2c8c3de9,20260922T043702Z-2c8c3de9-H0030,972,20260922T043702Z-2c8c3de9-20260922T043702Z-2c8c3de9-H0030-T972-7d9b22,1,PIPELINE,2026-09-22T07:31:17.823+00:00,TAME,BUY,10000,24.751,24.76,True,606,1018.399299999146,1074.251500000173,55.80629999935627,0.0,10000,24.751,,0.0,-0.0,TRANSACTED,"{""action"":""BUY"",""order_id"":606,""period"":1,""price"":null,""quantity"":10000.0,""quantity_filled"":10000.0,""status"":""TRANSACTED"",""tick"":90,""ticker"":""TAME"",""trader_id"":""Adderall.exe"",""type"":""MARKET"",""vwap"":24.751}","{""action"":""BUY"",""order_id"":606,""period"":1,""price"":null,""quantity"":10000.0,""quantity_filled"":10000.0,""status"":""TRANSACTED"",""tick"":90,""ticker"":""TAME"",""trader_id"":""Adderall.exe"",""type"":""MARKET"",""vwap"":24.751}",
20260922T043702Z-2c8c3de9,20260922T043702Z-2c8c3de9-H0030,972,20260922T043702Z-2c8c3de9-20260922T043702Z-2c8c3de9-H0030-T972-7d9b22,2,PIPELINE,2026-09-22T07:31:17.863+00:00,TAME,BUY,10000,24.7651,24.77,True,608,1074.3507999995927,1109.718800000337,35.318099999800324,0.0,10000,24.7651,,0.0,-0.0,TRANSACTED,"{""action"":""BUY"",""order_id"":608,""period"":1,""price"":null,""quantity"":10000.0,""quantity_filled"":10000.0,""status"":""TRANSACTED"",""tick"":90,""ticker"":""TAME"",""trader_id"":""Adderall.exe"",""type"":""MARKET"",""vwap"":24.7651}","{""action"":""BUY"",""order_id"":608,""period"":1,""price"":null,""quantity"":10000.0,""quantity_filled"":10000.0,""status"":""TRANSACTED"",""tick"":90,""ticker"":""TAME"",""trader_id"":""Adderall.exe"",""type"":""MARKET"",""vwap"":24.7651}",
20260922T043702Z-2c8c3de9,20260922T043702Z-2c8c3de9-H0030,972,20260922T043702Z-2c8c3de9-20260922T043702Z-2c8c3de9-H0030-T972-7d9b22,3,PIPELINE,2026-09-22T07:31:17.895+00:00,TAME,BUY,10000,24.8588,24.88,True,609,1109.8157999986142,1145.0709000000643,35.21460000053048,0.0,10000,24.8588,,0.0,-0.0,TRANSACTED,"{""action"":""BUY"",""order_id"":609,""period"":1,""price"":null,""quantity"":10000.0,""quantity_filled"":10000.0,""status"":""TRANSACTED"",""tick"":90,""ticker"":""TAME"",""trader_id"":""Adderall.exe"",""type"":""MARKET"",""vwap"":24.8588}","{""action"":""BUY"",""order_id"":609,""period"":1,""price"":null,""quantity"":10000.0,""quantity_filled"":10000.0,""status"":""TRANSACTED"",""tick"":90,""ticker"":""TAME"",""trader_id"":""Adderall.exe"",""type"":""MARKET"",""vwap"":24.8588}",
20260922T043702Z-2c8c3de9,20260922T043702Z-2c8c3de9-H0030,972,20260922T043702Z-2c8c3de9-20260922T043702Z-2c8c3de9-H0030-T972-7d9b22,4,PIPELINE,2026-09-22T07:31:17.933+00:00,TAME,BUY,10000,24.8864,24.9,True,611,1145.1421000001574,1179.405199998655,34.227699998766184,0.0,10000,24.8805,,0.005899999999996908,-0.005899999999996908,TRANSACTED,"{""action"":""BUY"",""order_id"":611,""period"":1,""price"":null,""quantity"":10000.0,""quantity_filled"":10000.0,""status"":""TRANSACTED"",""tick"":90,""ticker"":""TAME"",""trader_id"":""Adderall.exe"",""type"":""MARKET"",""vwap"":24.8805}","{""action"":""BUY"",""order_id"":611,""period"":1,""price"":null,""quantity"":10000.0,""quantity_filled"":10000.0,""status"":""TRANSACTED"",""tick"":90,""ticker"":""TAME"",""trader_id"":""Adderall.exe"",""type"":""MARKET"",""vwap"":24.8805}",
20260922T043702Z-2c8c3de9,20260922T043702Z-2c8c3de9-H0030,972,20260922T043702Z-2c8c3de9-20260922T043702Z-2c8c3de9-H0030-T972-7d9b22,5,PIPELINE,2026-09-22T07:31:17.963+00:00,TAME,BUY,10000,24.9,24.9,True,612,1179.469999999128,1212.6943999992363,33.18640000000596,0.0,10000,24.8953,,0.004699999999999704,-0.004699999999999704,TRANSACTED,"{""action"":""BUY"",""order_id"":612,""period"":1,""price"":null,""quantity"":10000.0,""quantity_filled"":10000.0,""status"":""TRANSACTED"",""tick"":90,""ticker"":""TAME"",""trader_id"":""Adderall.exe"",""type"":""MARKET"",""vwap"":24.8953}","{""action"":""BUY"",""order_id"":612,""period"":1,""price"":null,""quantity"":10000.0,""quantity_filled"":10000.0,""status"":""TRANSACTED"",""tick"":90,""ticker"":""TAME"",""trader_id"":""Adderall.exe"",""type"":""MARKET"",""vwap"":24.8953}",
20260922T043702Z-2c8c3de9,20260922T043702Z-2c8c3de9-H0030,972,20260922T043702Z-2c8c3de9-20260922T043702Z-2c8c3de9-H0030-T972-7d9b22,6,PIPELINE,2026-09-22T07:31:18.003+00:00,TAME,BUY,10000,24.9285,24.93,True,613,1212.7719999989495,1247.6055999995879,34.804299999028444,0.0,10000,24.9126,,0.01589999999999847,-0.01589999999999847,TRANSACTED,"{""action"":""BUY"",""order_id"":613,""period"":1,""price"":null,""quantity"":10000.0,""quantity_filled"":10000.0,""status"":""TRANSACTED"",""tick"":90,""ticker"":""TAME"",""trader_id"":""Adderall.exe"",""type"":""MARKET"",""vwap"":24.9126}","{""action"":""BUY"",""order_id"":613,""period"":1,""price"":null,""quantity"":10000.0,""quantity_filled"":10000.0,""status"":""TRANSACTED"",""tick"":90,""ticker"":""TAME"",""trader_id"":""Adderall.exe"",""type"":""MARKET"",""vwap"":24.9126}",
20260922T043702Z-2c8c3de9,20260922T043702Z-2c8c3de9-H0030,972,20260922T043702Z-2c8c3de9-20260922T043702Z-2c8c3de9-H0030-T972-7d9b22,7,PIPELINE,2026-09-22T07:31:18.038+00:00,TAME,BUY,5000,24.9364,24.94,True,614,1247.652799998832,1286.3015999992058,38.617400001734495,0.0,5000,24.93,,0.006399999999999295,-0.006399999999999295,TRANSACTED,"{""action"":""BUY"",""order_id"":614,""period"":1,""price"":null,""quantity"":5000.0,""quantity_filled"":5000.0,""status"":""TRANSACTED"",""tick"":90,""ticker"":""TAME"",""trader_id"":""Adderall.exe"",""type"":""MARKET"",""vwap"":24.93}","{""action"":""BUY"",""order_id"":614,""period"":1,""price"":null,""quantity"":5000.0,""quantity_filled"":5000.0,""status"":""TRANSACTED"",""tick"":90,""ticker"":""TAME"",""trader_id"":""Adderall.exe"",""type"":""MARKET"",""vwap"":24.93}",
20260922T043702Z-2c8c3de9,20260922T043702Z-2c8c3de9-H0030,2572,20260922T043702Z-2c8c3de9-20260922T043702Z-2c8c3de9-H0030-T2572-053adf,1,PIPELINE,2026-09-22T07:33:13.421+00:00,CRZY,BUY,25000,9.48468,9.49,True,1425,1046.6873999994277,1139.1382000001613,92.40880000032485,0.0,25000,9.48468,,0.0,-0.0,TRANSACTED,"{""action"":""BUY"",""order_id"":1425,""period"":1,""price"":null,""quantity"":25000.0,""quantity_filled"":25000.0,""status"":""TRANSACTED"",""tick"":205,""ticker"":""CRZY"",""trader_id"":""Adderall.exe"",""type"":""MARKET"",""vwap"":9.48468}","{""action"":""BUY"",""order_id"":1425,""period"":1,""price"":null,""quantity"":25000.0,""quantity_filled"":25000.0,""status"":""TRANSACTED"",""tick"":205,""ticker"":""CRZY"",""trader_id"":""Adderall.exe"",""type"":""MARKET"",""vwap"":9.48468}",
20260922T043702Z-2c8c3de9,20260922T043702Z-2c8c3de9-H0030,2572,20260922T043702Z-2c8c3de9-20260922T043702Z-2c8c3de9-H0030-T2572-053adf,2,PIPELINE,2026-09-22T07:33:13.471+00:00,CRZY,BUY,25000,9.49664,9.5,True,1426,1139.2224000010174,1183.518699999695,44.25830000080168,0.0,25000,9.49664,,0.0,-0.0,TRANSACTED,"{""action"":""BUY"",""order_id"":1426,""period"":1,""price"":null,""quantity"":25000.0,""quantity_filled"":25000.0,""status"":""TRANSACTED"",""tick"":205,""ticker"":""CRZY"",""trader_id"":""Adderall.exe"",""type"":""MARKET"",""vwap"":9.49664}","{""action"":""BUY"",""order_id"":1426,""period"":1,""price"":null,""quantity"":25000.0,""quantity_filled"":25000.0,""status"":""TRANSACTED"",""tick"":205,""ticker"":""CRZY"",""trader_id"":""Adderall.exe"",""type"":""MARKET"",""vwap"":9.49664}",
20260922T043702Z-2c8c3de9,20260922T043702Z-2c8c3de9-H0030,2572,20260922T043702Z-2c8c3de9-20260922T043702Z-2c8c3de9-H0030-T2572-053adf,3,PIPELINE,2026-09-22T07:33:13.561+00:00,CRZY,BUY,23000,9.508086956521739,9.52,True,1427,1183.5909000001266,1273.160700000517,89.51920000091195,0.0,23000,9.508086956521739,,0.0,-0.0,TRANSACTED,"{""action"":""BUY"",""order_id"":1427,""period"":1,""price"":null,""quantity"":23000.0,""quantity_filled"":23000.0,""status"":""TRANSACTED"",""tick"":205,""ticker"":""CRZY"",""trader_id"":""Adderall.exe"",""type"":""MARKET"",""vwap"":9.508086956521739}","{""action"":""BUY"",""order_id"":1427,""period"":1,""price"":null,""quantity"":23000.0,""quantity_filled"":23000.0,""status"":""TRANSACTED"",""tick"":205,""ticker"":""CRZY"",""trader_id"":""Adderall.exe"",""type"":""MARKET"",""vwap"":9.508086956521739}",
20260922T043702Z-2c8c3de9,20260922T043702Z-2c8c3de9-H0030,3372,20260922T043702Z-2c8c3de9-20260922T043702Z-2c8c3de9-H0030-T3372-c68490,1,PIPELINE,2026-09-22T07:34:12.689+00:00,TAME,BUY,10000,25.4744,25.48,True,1832,1024.1553000014392,1056.944600000861,32.757299998775125,0.0,10000,25.4744,,0.0,-0.0,TRANSACTED,"{""action"":""BUY"",""order_id"":1832,""period"":1,""price"":null,""quantity"":10000.0,""quantity_filled"":10000.0,""status"":""TRANSACTED"",""tick"":264,""ticker"":""TAME"",""trader_id"":""Adderall.exe"",""type"":""MARKET"",""vwap"":25.4744}","{""action"":""BUY"",""order_id"":1832,""period"":1,""price"":null,""quantity"":10000.0,""quantity_filled"":10000.0,""status"":""TRANSACTED"",""tick"":264,""ticker"":""TAME"",""trader_id"":""Adderall.exe"",""type"":""MARKET"",""vwap"":25.4744}",
20260922T043702Z-2c8c3de9,20260922T043702Z-2c8c3de9-H0030,3372,20260922T043702Z-2c8c3de9-20260922T043702Z-2c8c3de9-H0030-T3372-c68490,2,PIPELINE,2026-09-22T07:34:12.740+00:00,TAME,BUY,10000,25.4891,25.5,True,1834,1057.0050000005722,1112.4359000004915,55.39429999887943,0.0,10000,25.4891,,0.0,-0.0,TRANSACTED,"{""action"":""BUY"",""order_id"":1834,""period"":1,""price"":null,""quantity"":10000.0,""quantity_filled"":10000.0,""status"":""TRANSACTED"",""tick"":264,""ticker"":""TAME"",""trader_id"":""Adderall.exe"",""type"":""MARKET"",""vwap"":25.4891}","{""action"":""BUY"",""order_id"":1834,""period"":1,""price"":null,""quantity"":10000.0,""quantity_filled"":10000.0,""status"":""TRANSACTED"",""tick"":264,""ticker"":""TAME"",""trader_id"":""Adderall.exe"",""type"":""MARKET"",""vwap"":25.4891}",
20260922T043702Z-2c8c3de9,20260922T043702Z-2c8c3de9-H0030,3372,20260922T043702Z-2c8c3de9-20260922T043702Z-2c8c3de9-H0030-T3372-c68490,3,PIPELINE,2026-09-22T07:34:12.780+00:00,TAME,BUY,10000,25.5,25.5,True,1835,1112.5110000011773,1148.3528000007936,35.810200000181794,0.0,10000,25.5,,0.0,-0.0,TRANSACTED,"{""action"":""BUY"",""order_id"":1835,""period"":1,""price"":null,""quantity"":10000.0,""quantity_filled"":10000.0,""status"":""TRANSACTED"",""tick"":264,""ticker"":""TAME"",""trader_id"":""Adderall.exe"",""type"":""MARKET"",""vwap"":25.5}","{""action"":""BUY"",""order_id"":1835,""period"":1,""price"":null,""quantity"":10000.0,""quantity_filled"":10000.0,""status"":""TRANSACTED"",""tick"":264,""ticker"":""TAME"",""trader_id"":""Adderall.exe"",""type"":""MARKET"",""vwap"":25.5}",
20260922T043702Z-2c8c3de9,20260922T043702Z-2c8c3de9-H0030,3372,20260922T043702Z-2c8c3de9-20260922T043702Z-2c8c3de9-H0030-T3372-c68490,4,PIPELINE,2026-09-22T07:34:12.810+00:00,TAME,BUY,10000,25.5,25.5,True,1836,1148.4086000000389,1180.31289999999,31.873700000345707,0.0,10000,25.5,,0.0,-0.0,TRANSACTED,"{""action"":""BUY"",""order_id"":1836,""period"":1,""price"":null,""quantity"":10000.0,""quantity_filled"":10000.0,""status"":""TRANSACTED"",""tick"":264,""ticker"":""TAME"",""trader_id"":""Adderall.exe"",""type"":""MARKET"",""vwap"":25.5}","{""action"":""BUY"",""order_id"":1836,""period"":1,""price"":null,""quantity"":10000.0,""quantity_filled"":10000.0,""status"":""TRANSACTED"",""tick"":264,""ticker"":""TAME"",""trader_id"":""Adderall.exe"",""type"":""MARKET"",""vwap"":25.5}",
20260922T043702Z-2c8c3de9,20260922T043702Z-2c8c3de9-H0030,3372,20260922T043702Z-2c8c3de9-20260922T043702Z-2c8c3de9-H0030-T3372-c68490,5,PIPELINE,2026-09-22T07:34:12.850+00:00,TAME,BUY,10000,25.5017,25.51,True,1837,1180.3685000013502,1219.418200000291,39.01589999906719,0.0,10000,25.5017,,0.0,-0.0,TRANSACTED,"{""action"":""BUY"",""order_id"":1837,""period"":1,""price"":null,""quantity"":10000.0,""quantity_filled"":10000.0,""status"":""TRANSACTED"",""tick"":264,""ticker"":""TAME"",""trader_id"":""Adderall.exe"",""type"":""MARKET"",""vwap"":25.5017}","{""action"":""BUY"",""order_id"":1837,""period"":1,""price"":null,""quantity"":10000.0,""quantity_filled"":10000.0,""status"":""TRANSACTED"",""tick"":264,""ticker"":""TAME"",""trader_id"":""Adderall.exe"",""type"":""MARKET"",""vwap"":25.5017}",
20260922T043702Z-2c8c3de9,20260922T043702Z-2c8c3de9-H0030,3372,20260922T043702Z-2c8c3de9-20260922T043702Z-2c8c3de9-H0030-T3372-c68490,6,PIPELINE,2026-09-22T07:34:12.882+00:00,TAME,BUY,10000,25.51,25.51,True,1838,1219.5064000006823,1252.4326000002475,32.888499999418855,0.0,10000,25.51,,0.0,-0.0,TRANSACTED,"{""action"":""BUY"",""order_id"":1838,""period"":1,""price"":null,""quantity"":10000.0,""quantity_filled"":10000.0,""status"":""TRANSACTED"",""tick"":264,""ticker"":""TAME"",""trader_id"":""Adderall.exe"",""type"":""MARKET"",""vwap"":25.51}","{""action"":""BUY"",""order_id"":1838,""period"":1,""price"":null,""quantity"":10000.0,""quantity_filled"":10000.0,""status"":""TRANSACTED"",""tick"":264,""ticker"":""TAME"",""trader_id"":""Adderall.exe"",""type"":""MARKET"",""vwap"":25.51}",
20260922T043702Z-2c8c3de9,20260922T043702Z-2c8c3de9-H0030,3372,20260922T043702Z-2c8c3de9-20260922T043702Z-2c8c3de9-H0030-T3372-c68490,7,PIPELINE,2026-09-22T07:34:12.920+00:00,TAME,BUY,10000,25.51,25.51,True,1839,1252.5088000002143,1287.1778000007907,34.636299999430776,0.0,10000,25.51,,0.0,-0.0,TRANSACTED,"{""action"":""BUY"",""order_id"":1839,""period"":1,""price"":null,""quantity"":10000.0,""quantity_filled"":10000.0,""status"":""TRANSACTED"",""tick"":264,""ticker"":""TAME"",""trader_id"":""Adderall.exe"",""type"":""MARKET"",""vwap"":25.51}","{""action"":""BUY"",""order_id"":1839,""period"":1,""price"":null,""quantity"":10000.0,""quantity_filled"":10000.0,""status"":""TRANSACTED"",""tick"":264,""ticker"":""TAME"",""trader_id"":""Adderall.exe"",""type"":""MARKET"",""vwap"":25.51}",
20260922T043702Z-2c8c3de9,20260922T043702Z-2c8c3de9-H0030,3372,20260922T043702Z-2c8c3de9-20260922T043702Z-2c8c3de9-H0030-T3372-c68490,8,PIPELINE,2026-09-22T07:34:12.950+00:00,TAME,BUY,4000,25.51925,25.52,True,1840,1287.2344000006706,1321.2926000014704,34.03390000015497,0.0,4000,25.51925,,0.0,-0.0,TRANSACTED,"{""action"":""BUY"",""order_id"":1840,""period"":1,""price"":null,""quantity"":4000.0,""quantity_filled"":4000.0,""status"":""TRANSACTED"",""tick"":264,""ticker"":""TAME"",""trader_id"":""Adderall.exe"",""type"":""MARKET"",""vwap"":25.51925}","{""action"":""BUY"",""order_id"":1840,""period"":1,""price"":null,""quantity"":4000.0,""quantity_filled"":4000.0,""status"":""TRANSACTED"",""tick"":264,""ticker"":""TAME"",""trader_id"":""Adderall.exe"",""type"":""MARKET"",""vwap"":25.51925}",
20260922T043702Z-2c8c3de9,20260922T043702Z-2c8c3de9-H0031,172,20260922T043702Z-2c8c3de9-20260922T043702Z-2c8c3de9-H0031-T172-2958ae,1,PIPELINE,2026-09-22T07:36:14.668+00:00,TAME,BUY,10000,25.0566,25.08,True,169,977.663499999835,1015.6588999998348,37.95710000023246,0.0,10000,25.0566,,0.0,-0.0,TRANSACTED,"{""action"":""BUY"",""order_id"":169,""period"":1,""price"":null,""quantity"":10000.0,""quantity_filled"":10000.0,""status"":""TRANSACTED"",""tick"":25,""ticker"":""TAME"",""trader_id"":""Adderall.exe"",""type"":""MARKET"",""vwap"":25.0566}","{""action"":""BUY"",""order_id"":169,""period"":1,""price"":null,""quantity"":10000.0,""quantity_filled"":10000.0,""status"":""TRANSACTED"",""tick"":25,""ticker"":""TAME"",""trader_id"":""Adderall.exe"",""type"":""MARKET"",""vwap"":25.0566}",
20260922T043702Z-2c8c3de9,20260922T043702Z-2c8c3de9-H0031,172,20260922T043702Z-2c8c3de9-20260922T043702Z-2c8c3de9-H0031-T172-2958ae,2,PIPELINE,2026-09-22T07:36:14.727+00:00,TAME,BUY,10000,25.084,25.1,True,170,1015.7312999999704,1068.059600000197,52.28139999881387,0.0,10000,25.084,,0.0,-0.0,TRANSACTED,"{""action"":""BUY"",""order_id"":170,""period"":1,""price"":null,""quantity"":10000.0,""quantity_filled"":10000.0,""status"":""TRANSACTED"",""tick"":25,""ticker"":""TAME"",""trader_id"":""Adderall.exe"",""type"":""MARKET"",""vwap"":25.084}","{""action"":""BUY"",""order_id"":170,""period"":1,""price"":null,""quantity"":10000.0,""quantity_filled"":10000.0,""status"":""TRANSACTED"",""tick"":25,""ticker"":""TAME"",""trader_id"":""Adderall.exe"",""type"":""MARKET"",""vwap"":25.084}",
20260922T043702Z-2c8c3de9,20260922T043702Z-2c8c3de9-H0031,172,20260922T043702Z-2c8c3de9-20260922T043702Z-2c8c3de9-H0031-T172-2958ae,3,PIPELINE,2026-09-22T07:36:14.762+00:00,TAME,BUY,10000,25.1079,25.11,True,172,1068.163199999617,1104.2010000001028,35.985600002110004,0.0,10000,25.1079,,0.0,-0.0,TRANSACTED,"{""action"":""BUY"",""order_id"":172,""period"":1,""price"":null,""quantity"":10000.0,""quantity_filled"":10000.0,""status"":""TRANSACTED"",""tick"":25,""ticker"":""TAME"",""trader_id"":""Adderall.exe"",""type"":""MARKET"",""vwap"":25.1079}","{""action"":""BUY"",""order_id"":172,""period"":1,""price"":null,""quantity"":10000.0,""quantity_filled"":10000.0,""status"":""TRANSACTED"",""tick"":25,""ticker"":""TAME"",""trader_id"":""Adderall.exe"",""type"":""MARKET"",""vwap"":25.1079}",
20260922T043702Z-2c8c3de9,20260922T043702Z-2c8c3de9-H0031,172,20260922T043702Z-2c8c3de9-20260922T043702Z-2c8c3de9-H0031-T172-2958ae,4,PIPELINE,2026-09-22T07:36:14.800+00:00,TAME,BUY,10000,25.117,25.12,True,173,1104.2959000005794,1138.7075999991794,34.37199999950826,0.0,10000,25.117,,0.0,-0.0,TRANSACTED,"{""action"":""BUY"",""order_id"":173,""period"":1,""price"":null,""quantity"":10000.0,""quantity_filled"":10000.0,""status"":""TRANSACTED"",""tick"":25,""ticker"":""TAME"",""trader_id"":""Adderall.exe"",""type"":""MARKET"",""vwap"":25.117}","{""action"":""BUY"",""order_id"":173,""period"":1,""price"":null,""quantity"":10000.0,""quantity_filled"":10000.0,""status"":""TRANSACTED"",""tick"":25,""ticker"":""TAME"",""trader_id"":""Adderall.exe"",""type"":""MARKET"",""vwap"":25.117}",
20260922T043702Z-2c8c3de9,20260922T043702Z-2c8c3de9-H0031,172,20260922T043702Z-2c8c3de9-20260922T043702Z-2c8c3de9-H0031-T172-2958ae,5,PIPELINE,2026-09-22T07:36:14.828+00:00,TAME,BUY,10000,25.134,25.15,True,174,1138.7617000000319,1171.2781000005634,32.46279999986291,0.0,10000,25.134,,0.0,-0.0,TRANSACTED,"{""action"":""BUY"",""order_id"":174,""period"":1,""price"":null,""quantity"":10000.0,""quantity_filled"":10000.0,""status"":""TRANSACTED"",""tick"":25,""ticker"":""TAME"",""trader_id"":""Adderall.exe"",""type"":""MARKET"",""vwap"":25.134}","{""action"":""BUY"",""order_id"":174,""period"":1,""price"":null,""quantity"":10000.0,""quantity_filled"":10000.0,""status"":""TRANSACTED"",""tick"":25,""ticker"":""TAME"",""trader_id"":""Adderall.exe"",""type"":""MARKET"",""vwap"":25.134}",
20260922T043702Z-2c8c3de9,20260922T043702Z-2c8c3de9-H0031,172,20260922T043702Z-2c8c3de9-20260922T043702Z-2c8c3de9-H0031-T172-2958ae,6,PIPELINE,2026-09-22T07:36:14.867+00:00,TAME,BUY,10000,25.1935,25.24,True,175,1171.3364999995974,1206.3347000002977,34.959400000050664,0.0,10000,25.1935,,0.0,-0.0,TRANSACTED,"{""action"":""BUY"",""order_id"":175,""period"":1,""price"":null,""quantity"":10000.0,""quantity_filled"":10000.0,""status"":""TRANSACTED"",""tick"":25,""ticker"":""TAME"",""trader_id"":""Adderall.exe"",""type"":""MARKET"",""vwap"":25.1935}","{""action"":""BUY"",""order_id"":175,""period"":1,""price"":null,""quantity"":10000.0,""quantity_filled"":10000.0,""status"":""TRANSACTED"",""tick"":25,""ticker"":""TAME"",""trader_id"":""Adderall.exe"",""type"":""MARKET"",""vwap"":25.1935}",
20260922T043702Z-2c8c3de9,20260922T043702Z-2c8c3de9-H0031,172,20260922T043702Z-2c8c3de9-20260922T043702Z-2c8c3de9-H0031-T172-2958ae,7,PIPELINE,2026-09-22T07:36:14.905+00:00,TAME,BUY,6000,25.243,25.26,True,176,1206.4203000009002,1245.420400000512,38.963700000196695,0.0,6000,25.243,,0.0,-0.0,TRANSACTED,"{""action"":""BUY"",""order_id"":176,""period"":1,""price"":null,""quantity"":6000.0,""quantity_filled"":6000.0,""status"":""TRANSACTED"",""tick"":25,""ticker"":""TAME"",""trader_id"":""Adderall.exe"",""type"":""MARKET"",""vwap"":25.243}","{""action"":""BUY"",""order_id"":176,""period"":1,""price"":null,""quantity"":6000.0,""quantity_filled"":6000.0,""status"":""TRANSACTED"",""tick"":25,""ticker"":""TAME"",""trader_id"":""Adderall.exe"",""type"":""MARKET"",""vwap"":25.243}",
20260922T043702Z-2c8c3de9,20260922T043702Z-2c8c3de9-H0031,2572,20260922T043702Z-2c8c3de9-20260922T043702Z-2c8c3de9-H0031-T2572-27d169,1,PIPELINE,2026-09-22T07:39:07.614+00:00,CRZY,SELL,25000,9.41552,9.41,True,1398,984.8357000009855,1025.7971999999427,40.93400000035763,0.0,25000,9.41552,,0.0,-0.0,TRANSACTED,"{""action"":""SELL"",""order_id"":1398,""period"":1,""price"":null,""quantity"":25000.0,""quantity_filled"":25000.0,""status"":""TRANSACTED"",""tick"":197,""ticker"":""CRZY"",""trader_id"":""Adderall.exe"",""type"":""MARKET"",""vwap"":9.41552}","{""action"":""SELL"",""order_id"":1398,""period"":1,""price"":null,""quantity"":25000.0,""quantity_filled"":25000.0,""status"":""TRANSACTED"",""tick"":197,""ticker"":""CRZY"",""trader_id"":""Adderall.exe"",""type"":""MARKET"",""vwap"":9.41552}",
20260922T043702Z-2c8c3de9,20260922T043702Z-2c8c3de9-H0031,2572,20260922T043702Z-2c8c3de9-20260922T043702Z-2c8c3de9-H0031-T2572-27d169,2,PIPELINE,2026-09-22T07:39:07.644+00:00,CRZY,SELL,25000,9.39276,9.37,True,1399,1025.8441000005405,1063.118600000962,37.23750000074506,0.0,25000,9.39276,,0.0,-0.0,TRANSACTED,"{""action"":""SELL"",""order_id"":1399,""period"":1,""price"":null,""quantity"":25000.0,""quantity_filled"":25000.0,""status"":""TRANSACTED"",""tick"":197,""ticker"":""CRZY"",""trader_id"":""Adderall.exe"",""type"":""MARKET"",""vwap"":9.39276}","{""action"":""SELL"",""order_id"":1399,""period"":1,""price"":null,""quantity"":25000.0,""quantity_filled"":25000.0,""status"":""TRANSACTED"",""tick"":197,""ticker"":""CRZY"",""trader_id"":""Adderall.exe"",""type"":""MARKET"",""vwap"":9.39276}",
20260922T043702Z-2c8c3de9,20260922T043702Z-2c8c3de9-H0031,2572,20260922T043702Z-2c8c3de9-20260922T043702Z-2c8c3de9-H0031-T2572-27d169,3,PIPELINE,2026-09-22T07:39:07.688+00:00,CRZY,SELL,18000,9.364722222222222,9.34,True,1400,1063.2058000010147,1099.5041000005585,36.263199999928474,0.0,18000,9.364722222222222,,0.0,-0.0,TRANSACTED,"{""action"":""SELL"",""order_id"":1400,""period"":1,""price"":null,""quantity"":18000.0,""quantity_filled"":18000.0,""status"":""TRANSACTED"",""tick"":197,""ticker"":""CRZY"",""trader_id"":""Adderall.exe"",""type"":""MARKET"",""vwap"":9.364722222222222}","{""action"":""SELL"",""order_id"":1400,""period"":1,""price"":null,""quantity"":18000.0,""quantity_filled"":18000.0,""status"":""TRANSACTED"",""tick"":197,""ticker"":""CRZY"",""trader_id"":""Adderall.exe"",""type"":""MARKET"",""vwap"":9.364722222222222}",
20260922T043702Z-2c8c3de9,20260922T043702Z-2c8c3de9-H0032,1772,20260922T043702Z-2c8c3de9-20260922T043702Z-2c8c3de9-H0032-T1772-508430,1,PIPELINE,2026-09-22T07:44:21.548+00:00,CRZY,SELL,25000,10.11708,10.11,True,1016,1005.552999999054,1038.4721999998874,32.87329999729991,0.0,25000,10.11708,,0.0,-0.0,TRANSACTED,"{""action"":""SELL"",""order_id"":1016,""period"":1,""price"":null,""quantity"":25000.0,""quantity_filled"":25000.0,""status"":""TRANSACTED"",""tick"":149,""ticker"":""CRZY"",""trader_id"":""Adderall.exe"",""type"":""MARKET"",""vwap"":10.11708}","{""action"":""SELL"",""order_id"":1016,""period"":1,""price"":null,""quantity"":25000.0,""quantity_filled"":25000.0,""status"":""TRANSACTED"",""tick"":149,""ticker"":""CRZY"",""trader_id"":""Adderall.exe"",""type"":""MARKET"",""vwap"":10.11708}",
20260922T043702Z-2c8c3de9,20260922T043702Z-2c8c3de9-H0032,1772,20260922T043702Z-2c8c3de9-20260922T043702Z-2c8c3de9-H0032-T1772-508430,2,PIPELINE,2026-09-22T07:44:21.580+00:00,CRZY,SELL,25000,10.10236,10.1,True,1017,1038.6063999994803,1073.580199999924,34.93690000101924,0.0,25000,10.10236,,0.0,-0.0,TRANSACTED,"{""action"":""SELL"",""order_id"":1017,""period"":1,""price"":null,""quantity"":25000.0,""quantity_filled"":25000.0,""status"":""TRANSACTED"",""tick"":149,""ticker"":""CRZY"",""trader_id"":""Adderall.exe"",""type"":""MARKET"",""vwap"":10.10236}","{""action"":""SELL"",""order_id"":1017,""period"":1,""price"":null,""quantity"":25000.0,""quantity_filled"":25000.0,""status"":""TRANSACTED"",""tick"":149,""ticker"":""CRZY"",""trader_id"":""Adderall.exe"",""type"":""MARKET"",""vwap"":10.10236}",
20260922T043702Z-2c8c3de9,20260922T043702Z-2c8c3de9-H0032,1772,20260922T043702Z-2c8c3de9-20260922T043702Z-2c8c3de9-H0032-T1772-508430,3,PIPELINE,2026-09-22T07:44:21.611+00:00,CRZY,SELL,18000,10.096277777777777,10.08,True,1018,1073.6490999988746,1108.395199998995,34.696000000461936,0.0,18000,10.096277777777777,,0.0,-0.0,TRANSACTED,"{""action"":""SELL"",""order_id"":1018,""period"":1,""price"":null,""quantity"":18000.0,""quantity_filled"":18000.0,""status"":""TRANSACTED"",""tick"":149,""ticker"":""CRZY"",""trader_id"":""Adderall.exe"",""type"":""MARKET"",""vwap"":10.096277777777777}","{""action"":""SELL"",""order_id"":1018,""period"":1,""price"":null,""quantity"":18000.0,""quantity_filled"":18000.0,""status"":""TRANSACTED"",""tick"":149,""ticker"":""CRZY"",""trader_id"":""Adderall.exe"",""type"":""MARKET"",""vwap"":10.096277777777777}",
20260922T043702Z-2c8c3de9,20260922T043702Z-2c8c3de9-H0032,2572,20260922T043702Z-2c8c3de9-20260922T043702Z-2c8c3de9-H0032-T2572-8fc3ee,1,PIPELINE,2026-09-22T07:45:19.853+00:00,TAME,SELL,10000,25.4192,25.4,True,1420,977.274300001227,1034.0939000016078,56.76630000025034,0.0,10000,25.4192,,0.0,-0.0,TRANSACTED,"{""action"":""SELL"",""order_id"":1420,""period"":1,""price"":null,""quantity"":10000.0,""quantity_filled"":10000.0,""status"":""TRANSACTED"",""tick"":207,""ticker"":""TAME"",""trader_id"":""Adderall.exe"",""type"":""MARKET"",""vwap"":25.4192}","{""action"":""SELL"",""order_id"":1420,""period"":1,""price"":null,""quantity"":10000.0,""quantity_filled"":10000.0,""status"":""TRANSACTED"",""tick"":207,""ticker"":""TAME"",""trader_id"":""Adderall.exe"",""type"":""MARKET"",""vwap"":25.4192}",
20260922T043702Z-2c8c3de9,20260922T043702Z-2c8c3de9-H0032,2572,20260922T043702Z-2c8c3de9-20260922T043702Z-2c8c3de9-H0032-T2572-8fc3ee,2,PIPELINE,2026-09-22T07:45:19.887+00:00,TAME,SELL,10000,25.3938,25.39,True,1422,1034.217800000988,1068.3825000014622,34.11500000022352,0.0,10000,25.3938,,0.0,-0.0,TRANSACTED,"{""action"":""SELL"",""order_id"":1422,""period"":1,""price"":null,""quantity"":10000.0,""quantity_filled"":10000.0,""status"":""TRANSACTED"",""tick"":207,""ticker"":""TAME"",""trader_id"":""Adderall.exe"",""type"":""MARKET"",""vwap"":25.3938}","{""action"":""SELL"",""order_id"":1422,""period"":1,""price"":null,""quantity"":10000.0,""quantity_filled"":10000.0,""status"":""TRANSACTED"",""tick"":207,""ticker"":""TAME"",""trader_id"":""Adderall.exe"",""type"":""MARKET"",""vwap"":25.3938}",
20260922T043702Z-2c8c3de9,20260922T043702Z-2c8c3de9-H0032,2572,20260922T043702Z-2c8c3de9-20260922T043702Z-2c8c3de9-H0032-T2572-8fc3ee,3,PIPELINE,2026-09-22T07:45:19.917+00:00,TAME,SELL,10000,25.3822,25.37,True,1423,1068.4492000000319,1102.985700001227,34.50419999845326,0.0,10000,25.3822,,0.0,-0.0,TRANSACTED,"{""action"":""SELL"",""order_id"":1423,""period"":1,""price"":null,""quantity"":10000.0,""quantity_filled"":10000.0,""status"":""TRANSACTED"",""tick"":207,""ticker"":""TAME"",""trader_id"":""Adderall.exe"",""type"":""MARKET"",""vwap"":25.3822}","{""action"":""SELL"",""order_id"":1423,""period"":1,""price"":null,""quantity"":10000.0,""quantity_filled"":10000.0,""status"":""TRANSACTED"",""tick"":207,""ticker"":""TAME"",""trader_id"":""Adderall.exe"",""type"":""MARKET"",""vwap"":25.3822}",
20260922T043702Z-2c8c3de9,20260922T043702Z-2c8c3de9-H0032,2572,20260922T043702Z-2c8c3de9-20260922T043702Z-2c8c3de9-H0032-T2572-8fc3ee,4,PIPELINE,2026-09-22T07:45:19.948+00:00,TAME,SELL,10000,25.3532,25.34,True,1424,1103.048500001023,1135.6459000016912,32.56140000000596,0.0,10000,25.3532,,0.0,-0.0,TRANSACTED,"{""action"":""SELL"",""order_id"":1424,""period"":1,""price"":null,""quantity"":10000.0,""quantity_filled"":10000.0,""status"":""TRANSACTED"",""tick"":207,""ticker"":""TAME"",""trader_id"":""Adderall.exe"",""type"":""MARKET"",""vwap"":25.3532}","{""action"":""SELL"",""order_id"":1424,""period"":1,""price"":null,""quantity"":10000.0,""quantity_filled"":10000.0,""status"":""TRANSACTED"",""tick"":207,""ticker"":""TAME"",""trader_id"":""Adderall.exe"",""type"":""MARKET"",""vwap"":25.3532}",
20260922T043702Z-2c8c3de9,20260922T043702Z-2c8c3de9-H0032,2572,20260922T043702Z-2c8c3de9-20260922T043702Z-2c8c3de9-H0032-T2572-8fc3ee,5,PIPELINE,2026-09-22T07:45:19.987+00:00,TAME,SELL,10000,25.3284,25.32,True,1425,1135.7206000011502,1168.6339000007138,32.88120000064373,0.0,10000,25.3284,,0.0,-0.0,TRANSACTED,"{""action"":""SELL"",""order_id"":1425,""period"":1,""price"":null,""quantity"":10000.0,""quantity_filled"":10000.0,""status"":""TRANSACTED"",""tick"":207,""ticker"":""TAME"",""trader_id"":""Adderall.exe"",""type"":""MARKET"",""vwap"":25.3284}","{""action"":""SELL"",""order_id"":1425,""period"":1,""price"":null,""quantity"":10000.0,""quantity_filled"":10000.0,""status"":""TRANSACTED"",""tick"":207,""ticker"":""TAME"",""trader_id"":""Adderall.exe"",""type"":""MARKET"",""vwap"":25.3284}",
20260922T043702Z-2c8c3de9,20260922T043702Z-2c8c3de9-H0032,2572,20260922T043702Z-2c8c3de9-20260922T043702Z-2c8c3de9-H0032-T2572-8fc3ee,6,PIPELINE,2026-09-22T07:45:20.017+00:00,TAME,SELL,10000,25.3136,25.31,True,1426,1168.8088999999309,1205.3245000006427,36.483400002121925,0.0,10000,25.3136,,0.0,-0.0,TRANSACTED,"{""action"":""SELL"",""order_id"":1426,""period"":1,""price"":null,""quantity"":10000.0,""quantity_filled"":10000.0,""status"":""TRANSACTED"",""tick"":207,""ticker"":""TAME"",""trader_id"":""Adderall.exe"",""type"":""MARKET"",""vwap"":25.3136}","{""action"":""SELL"",""order_id"":1426,""period"":1,""price"":null,""quantity"":10000.0,""quantity_filled"":10000.0,""status"":""TRANSACTED"",""tick"":207,""ticker"":""TAME"",""trader_id"":""Adderall.exe"",""type"":""MARKET"",""vwap"":25.3136}",
20260922T043702Z-2c8c3de9,20260922T043702Z-2c8c3de9-H0032,2572,20260922T043702Z-2c8c3de9-20260922T043702Z-2c8c3de9-H0032-T2572-8fc3ee,7,PIPELINE,2026-09-22T07:45:20.060+00:00,TAME,SELL,10000,25.3045,25.3,True,1427,1205.3912999999739,1243.2283000016469,37.803999999538064,0.0,10000,25.3045,,0.0,-0.0,TRANSACTED,"{""action"":""SELL"",""order_id"":1427,""period"":1,""price"":null,""quantity"":10000.0,""quantity_filled"":10000.0,""status"":""TRANSACTED"",""tick"":207,""ticker"":""TAME"",""trader_id"":""Adderall.exe"",""type"":""MARKET"",""vwap"":25.3045}","{""action"":""SELL"",""order_id"":1427,""period"":1,""price"":null,""quantity"":10000.0,""quantity_filled"":10000.0,""status"":""TRANSACTED"",""tick"":207,""ticker"":""TAME"",""trader_id"":""Adderall.exe"",""type"":""MARKET"",""vwap"":25.3045}",
20260922T043702Z-2c8c3de9,20260922T043702Z-2c8c3de9-H0032,2572,20260922T043702Z-2c8c3de9-20260922T043702Z-2c8c3de9-H0032-T2572-8fc3ee,8,PIPELINE,2026-09-22T07:45:20.097+00:00,TAME,SELL,1000,25.3,25.3,True,1428,1243.2795000004262,1283.6595000007947,40.35070000216365,0.0,1000,25.3,,0.0,-0.0,TRANSACTED,"{""action"":""SELL"",""order_id"":1428,""period"":1,""price"":null,""quantity"":1000.0,""quantity_filled"":1000.0,""status"":""TRANSACTED"",""tick"":207,""ticker"":""TAME"",""trader_id"":""Adderall.exe"",""type"":""MARKET"",""vwap"":25.3}","{""action"":""SELL"",""order_id"":1428,""period"":1,""price"":null,""quantity"":1000.0,""quantity_filled"":1000.0,""status"":""TRANSACTED"",""tick"":207,""ticker"":""TAME"",""trader_id"":""Adderall.exe"",""type"":""MARKET"",""vwap"":25.3}",
20260922T043702Z-2c8c3de9,20260922T043702Z-2c8c3de9-H0032,3372,20260922T043702Z-2c8c3de9-20260922T043702Z-2c8c3de9-H0032-T3372-3fb327,1,PIPELINE,2026-09-22T07:46:13.106+00:00,CRZY,BUY,25000,10.20448,10.21,True,1815,1005.7856000003085,1040.3631000008318,34.54329999908805,0.0,25000,10.20448,,0.0,-0.0,TRANSACTED,"{""action"":""BUY"",""order_id"":1815,""period"":1,""price"":null,""quantity"":25000.0,""quantity_filled"":25000.0,""status"":""TRANSACTED"",""tick"":260,""ticker"":""CRZY"",""trader_id"":""Adderall.exe"",""type"":""MARKET"",""vwap"":10.20448}","{""action"":""BUY"",""order_id"":1815,""period"":1,""price"":null,""quantity"":25000.0,""quantity_filled"":25000.0,""status"":""TRANSACTED"",""tick"":260,""ticker"":""CRZY"",""trader_id"":""Adderall.exe"",""type"":""MARKET"",""vwap"":10.20448}",
20260922T043702Z-2c8c3de9,20260922T043702Z-2c8c3de9-H0032,3372,20260922T043702Z-2c8c3de9-20260922T043702Z-2c8c3de9-H0032-T3372-3fb327,2,PIPELINE,2026-09-22T07:46:13.136+00:00,CRZY,BUY,25000,10.22944,10.24,True,1816,1040.414700000838,1076.5955000006215,36.1440000012517,0.0,25000,10.22944,,0.0,-0.0,TRANSACTED,"{""action"":""BUY"",""order_id"":1816,""period"":1,""price"":null,""quantity"":25000.0,""quantity_filled"":25000.0,""status"":""TRANSACTED"",""tick"":260,""ticker"":""CRZY"",""trader_id"":""Adderall.exe"",""type"":""MARKET"",""vwap"":10.22944}","{""action"":""BUY"",""order_id"":1816,""period"":1,""price"":null,""quantity"":25000.0,""quantity_filled"":25000.0,""status"":""TRANSACTED"",""tick"":260,""ticker"":""CRZY"",""trader_id"":""Adderall.exe"",""type"":""MARKET"",""vwap"":10.22944}",
20260922T043702Z-2c8c3de9,20260922T043702Z-2c8c3de9-H0032,3372,20260922T043702Z-2c8c3de9-20260922T043702Z-2c8c3de9-H0032-T3372-3fb327,3,PIPELINE,2026-09-22T07:46:13.176+00:00,CRZY,BUY,21000,10.282571428571428,10.3,True,1817,1076.6719000002922,1110.5590999995911,33.83910000137985,0.0,21000,10.282571428571428,,0.0,-0.0,TRANSACTED,"{""action"":""BUY"",""order_id"":1817,""period"":1,""price"":null,""quantity"":21000.0,""quantity_filled"":21000.0,""status"":""TRANSACTED"",""tick"":260,""ticker"":""CRZY"",""trader_id"":""Adderall.exe"",""type"":""MARKET"",""vwap"":10.282571428571428}","{""action"":""BUY"",""order_id"":1817,""period"":1,""price"":null,""quantity"":21000.0,""quantity_filled"":21000.0,""status"":""TRANSACTED"",""tick"":260,""ticker"":""CRZY"",""trader_id"":""Adderall.exe"",""type"":""MARKET"",""vwap"":10.282571428571428}",
20260922T043702Z-2c8c3de9,20260922T043702Z-2c8c3de9-H0033,1772,20260922T043702Z-2c8c3de9-20260922T043702Z-2c8c3de9-H0033-T1772-1363ca,1,PIPELINE,2026-09-22T07:50:24.762+00:00,TAME,BUY,10000,23.74,23.74,True,1028,989.5532999998977,1043.5441999998147,53.954100001603365,0.0,10000,23.74,,0.0,-0.0,TRANSACTED,"{""action"":""BUY"",""order_id"":1028,""period"":1,""price"":null,""quantity"":10000.0,""quantity_filled"":10000.0,""status"":""TRANSACTED"",""tick"":150,""ticker"":""TAME"",""trader_id"":""Adderall.exe"",""type"":""MARKET"",""vwap"":23.74}","{""action"":""BUY"",""order_id"":1028,""period"":1,""price"":null,""quantity"":10000.0,""quantity_filled"":10000.0,""status"":""TRANSACTED"",""tick"":150,""ticker"":""TAME"",""trader_id"":""Adderall.exe"",""type"":""MARKET"",""vwap"":23.74}",
20260922T043702Z-2c8c3de9,20260922T043702Z-2c8c3de9-H0033,1772,20260922T043702Z-2c8c3de9-20260922T043702Z-2c8c3de9-H0033-T1772-1363ca,2,PIPELINE,2026-09-22T07:50:24.797+00:00,TAME,BUY,10000,23.7599,23.77,True,1029,1043.6123999988922,1078.7344000000303,35.07359999977052,0.0,10000,23.7599,,0.0,-0.0,TRANSACTED,"{""action"":""BUY"",""order_id"":1029,""period"":1,""price"":null,""quantity"":10000.0,""quantity_filled"":10000.0,""status"":""TRANSACTED"",""tick"":150,""ticker"":""TAME"",""trader_id"":""Adderall.exe"",""type"":""MARKET"",""vwap"":23.7599}","{""action"":""BUY"",""order_id"":1029,""period"":1,""price"":null,""quantity"":10000.0,""quantity_filled"":10000.0,""status"":""TRANSACTED"",""tick"":150,""ticker"":""TAME"",""trader_id"":""Adderall.exe"",""type"":""MARKET"",""vwap"":23.7599}",
20260922T043702Z-2c8c3de9,20260922T043702Z-2c8c3de9-H0033,1772,20260922T043702Z-2c8c3de9-20260922T043702Z-2c8c3de9-H0033-T1772-1363ca,3,PIPELINE,2026-09-22T07:50:24.832+00:00,TAME,BUY,10000,23.7742,23.79,True,1031,1078.809699998601,1114.000199999282,35.163799999281764,0.0,10000,23.7742,,0.0,-0.0,TRANSACTED,"{""action"":""BUY"",""order_id"":1031,""period"":1,""price"":null,""quantity"":10000.0,""quantity_filled"":10000.0,""status"":""TRANSACTED"",""tick"":150,""ticker"":""TAME"",""trader_id"":""Adderall.exe"",""type"":""MARKET"",""vwap"":23.7742}","{""action"":""BUY"",""order_id"":1031,""period"":1,""price"":null,""quantity"":10000.0,""quantity_filled"":10000.0,""status"":""TRANSACTED"",""tick"":150,""ticker"":""TAME"",""trader_id"":""Adderall.exe"",""type"":""MARKET"",""vwap"":23.7742}",
20260922T043702Z-2c8c3de9,20260922T043702Z-2c8c3de9-H0033,1772,20260922T043702Z-2c8c3de9-20260922T043702Z-2c8c3de9-H0033-T1772-1363ca,4,PIPELINE,2026-09-22T07:50:24.862+00:00,TAME,BUY,10000,23.7936,23.82,True,1032,1114.046499998949,1146.842000000106,32.75650000013411,0.0,10000,23.7936,,0.0,-0.0,TRANSACTED,"{""action"":""BUY"",""order_id"":1032,""period"":1,""price"":null,""quantity"":10000.0,""quantity_filled"":10000.0,""status"":""TRANSACTED"",""tick"":150,""ticker"":""TAME"",""trader_id"":""Adderall.exe"",""type"":""MARKET"",""vwap"":23.7936}","{""action"":""BUY"",""order_id"":1032,""period"":1,""price"":null,""quantity"":10000.0,""quantity_filled"":10000.0,""status"":""TRANSACTED"",""tick"":150,""ticker"":""TAME"",""trader_id"":""Adderall.exe"",""type"":""MARKET"",""vwap"":23.7936}",
20260922T043702Z-2c8c3de9,20260922T043702Z-2c8c3de9-H0033,1772,20260922T043702Z-2c8c3de9-20260922T043702Z-2c8c3de9-H0033-T1772-1363ca,5,PIPELINE,2026-09-22T07:50:24.902+00:00,TAME,BUY,10000,23.8308,23.86,True,1034,1146.9502999989345,1184.240900000077,37.25639999844134,0.0,10000,23.7465,,0.08429999999999893,-0.08429999999999893,TRANSACTED,"{""action"":""BUY"",""order_id"":1034,""period"":1,""price"":null,""quantity"":10000.0,""quantity_filled"":10000.0,""status"":""TRANSACTED"",""tick"":150,""ticker"":""TAME"",""trader_id"":""Adderall.exe"",""type"":""MARKET"",""vwap"":23.7465}","{""action"":""BUY"",""order_id"":1034,""period"":1,""price"":null,""quantity"":10000.0,""quantity_filled"":10000.0,""status"":""TRANSACTED"",""tick"":150,""ticker"":""TAME"",""trader_id"":""Adderall.exe"",""type"":""MARKET"",""vwap"":23.7465}",
20260922T043702Z-2c8c3de9,20260922T043702Z-2c8c3de9-H0033,1772,20260922T043702Z-2c8c3de9-20260922T043702Z-2c8c3de9-H0033-T1772-1363ca,6,PIPELINE,2026-09-22T07:50:24.932+00:00,TAME,BUY,10000,23.8782,23.96,True,1035,1184.3017999999574,1218.5097000001406,34.18129999935627,0.0,10000,23.8519,,0.026299999999999102,-0.026299999999999102,TRANSACTED,"{""action"":""BUY"",""order_id"":1035,""period"":1,""price"":null,""quantity"":10000.0,""quantity_filled"":10000.0,""status"":""TRANSACTED"",""tick"":150,""ticker"":""TAME"",""trader_id"":""Adderall.exe"",""type"":""MARKET"",""vwap"":23.8519}","{""action"":""BUY"",""order_id"":1035,""period"":1,""price"":null,""quantity"":10000.0,""quantity_filled"":10000.0,""status"":""TRANSACTED"",""tick"":150,""ticker"":""TAME"",""trader_id"":""Adderall.exe"",""type"":""MARKET"",""vwap"":23.8519}",
20260922T043702Z-2c8c3de9,20260922T043702Z-2c8c3de9-H0033,1772,20260922T043702Z-2c8c3de9-20260922T043702Z-2c8c3de9-H0033-T1772-1363ca,7,PIPELINE,2026-09-22T07:50:24.962+00:00,TAME,BUY,10000,23.9606,23.98,True,1036,1218.5570999990887,1250.4828999990423,31.892200000584126,0.0,10000,23.9285,,0.032099999999999795,-0.032099999999999795,TRANSACTED,"{""action"":""BUY"",""order_id"":1036,""period"":1,""price"":null,""quantity"":10000.0,""quantity_filled"":10000.0,""status"":""TRANSACTED"",""tick"":150,""ticker"":""TAME"",""trader_id"":""Adderall.exe"",""type"":""MARKET"",""vwap"":23.9285}","{""action"":""BUY"",""order_id"":1036,""period"":1,""price"":null,""quantity"":10000.0,""quantity_filled"":10000.0,""status"":""TRANSACTED"",""tick"":150,""ticker"":""TAME"",""trader_id"":""Adderall.exe"",""type"":""MARKET"",""vwap"":23.9285}",
20260922T043702Z-2c8c3de9,20260922T043702Z-2c8c3de9-H0033,1772,20260922T043702Z-2c8c3de9-20260922T043702Z-2c8c3de9-H0033-T1772-1363ca,8,PIPELINE,2026-09-22T07:50:25.002+00:00,TAME,BUY,1000,23.98,23.98,True,1037,1250.5583999991359,1283.3182999984274,32.729199999943376,0.0,1000,23.96,,0.019999999999999574,-0.019999999999999574,TRANSACTED,"{""action"":""BUY"",""order_id"":1037,""period"":1,""price"":null,""quantity"":1000.0,""quantity_filled"":1000.0,""status"":""TRANSACTED"",""tick"":150,""ticker"":""TAME"",""trader_id"":""Adderall.exe"",""type"":""MARKET"",""vwap"":23.96}","{""action"":""BUY"",""order_id"":1037,""period"":1,""price"":null,""quantity"":1000.0,""quantity_filled"":1000.0,""status"":""TRANSACTED"",""tick"":150,""ticker"":""TAME"",""trader_id"":""Adderall.exe"",""type"":""MARKET"",""vwap"":23.96}",
